insert into Hospital.Shift(shift_name,begin_time,end_time) values ('morning','06:00:00','12:00:00');
insert into Hospital.Shift(shift_name,begin_time,end_time) values ('afternoon','12:00:00','18:00:00');
insert into Hospital.Shift(shift_name,begin_time,end_time) values ('evening','18:00:00','00:00:00');
insert into Hospital.Shift(shift_name,begin_time,end_time) values ('night','00:00:00','06:00:00');
insert into Hospital.Pharmaceutical_product(product_id,cost,manufacturer) values(0,565.8330002009291,'hffwb');
insert into Hospital.Employees (employee_number, name, location, ssn, home_address,phone_number,designation) values ( 0,'abjwy','oyawpprqppdjrop',950847766,'aqelv',83966430,'Radiology');
insert into Hospital.Visitation(patient_registration_no,date_of_visit,diagnosis) values (0,'2013-02-19','evkuf');
insert into Hospital.Visitation(patient_registration_no,date_of_visit,diagnosis) values (0,'2013-05-14','zktmt');
insert into Hospital.Visitation(patient_registration_no,date_of_visit,diagnosis) values (0,'2013-05-11','ekdht');
insert into Hospital.Visitation(patient_registration_no,date_of_visit,diagnosis) values (0,'2013-04-26','bmlzg');
insert into Hospital.Visitation(patient_registration_no,date_of_visit,diagnosis) values (0,'2013-03-02','erwrs');
insert into Hospital.Patient (patient_registration_no, name, ssn, address,contact_no,emergency_contact_no) values ( 0,'sszuz',94131286,'jbjbe',67891355,53192667);
insert into Hospital.Department(department_id,department_name,head_of_department) values (4,'Diagnosis Services',0);
insert into Hospital.Belongs_to(employee_number,department_id) values (0,4);
insert into Hospital.Takes (employee_number,shift_name ) values ( 0,'night');
insert into Hospital.Belongs_to(employee_number,department_id) values (0,3);
insert into Hospital.Department(department_id,department_name,head_of_department) values (3,'Supporting Services',0);
insert into Hospital.Pharmaceutical_product(product_id,cost,manufacturer) values(1,672.7037297843951,'okwkt');
insert into Hospital.Medicine(product_id,medicine_name,dosage) values (1,'akwdg','wcdrb');
insert into Hospital.Employees (employee_number, name, location, ssn, home_address,phone_number,designation) values ( 1,'yfush','ulldjbpukmpofan',399890997,'okhei',17191200,'Doctor');
insert into Hospital.Visitation(patient_registration_no,date_of_visit,diagnosis) values (1,'2013-07-24','kzfzn');
insert into Hospital.Treated_by(patient_registration_no,date_of_visit,employee_number,treatment) values(1,2013-07-24,0);
insert into Hospital.Prescribed(product_id,patient_registration_no,date_of_visit) values (1,1,'2013-07-24');
insert into Hospital.Visitation(patient_registration_no,date_of_visit,diagnosis) values (1,'2013-05-09','huwxv');
insert into Hospital.Treated_by(patient_registration_no,date_of_visit,employee_number,treatment) values(1,2013-05-09,0);
insert into Hospital.Prescribed(product_id,patient_registration_no,date_of_visit) values (1,1,'2013-05-09');
insert into Hospital.Visitation(patient_registration_no,date_of_visit,diagnosis) values (1,'2013-08-14','nxuzf');
insert into Hospital.Treated_by(patient_registration_no,date_of_visit,employee_number,treatment) values(1,2013-08-14,0);
insert into Hospital.Prescribed(product_id,patient_registration_no,date_of_visit) values (1,1,'2013-08-14');
insert into Hospital.Visitation(patient_registration_no,date_of_visit,diagnosis) values (1,'2013-04-23','akiza');
insert into Hospital.Treated_by(patient_registration_no,date_of_visit,employee_number,treatment) values(1,2013-04-23,0);
insert into Hospital.Prescribed(product_id,patient_registration_no,date_of_visit) values (1,1,'2013-04-23');
insert into Hospital.Visitation(patient_registration_no,date_of_visit,diagnosis) values (1,'2013-02-20','mypjq');
insert into Hospital.Treated_by(patient_registration_no,date_of_visit,employee_number,treatment) values(1,2013-02-20,0);
insert into Hospital.Prescribed(product_id,patient_registration_no,date_of_visit) values (1,1,'2013-02-20');
insert into Hospital.Patient (patient_registration_no, name, ssn, address,contact_no,emergency_contact_no) values ( 1,'pzcqn',578413142,'vkjuv',20257577,17990617);
insert into Hospital.Department(department_id,department_name,head_of_department) values (1,'Theraputic Services',1);
insert into Hospital.Physician (employee_number, certification_no,specialization) values ( 1,1112233,'Dermatology');
insert into Hospital.Belongs_to(employee_number,department_id) values (1,1);
insert into Hospital.Pharmaceutical_product(product_id,cost,manufacturer) values(2,835.20663856933,'liaxp');
insert into Hospital.Medicine(product_id,medicine_name,dosage) values (2,'qlwdf','ktrmj');
insert into Hospital.Employees (employee_number, name, location, ssn, home_address,phone_number,designation) values ( 2,'yyawr','doavjckjysejfdq',323595574,'rqbyd',74236172,'Doctor');
insert into Hospital.Visitation(patient_registration_no,date_of_visit,diagnosis) values (2,'2013-04-13','kxupw');
insert into Hospital.Consulted(employee_number,certification_no,patient_registration_no,date_of_visit) values(1,1112233,2,'2013-04-13');
insert into Hospital.Treated_by(patient_registration_no,date_of_visit,employee_number,treatment) values(2,2013-04-13,0);
insert into Hospital.Prescribed(product_id,patient_registration_no,date_of_visit) values (1,2,'2013-04-13');
insert into Hospital.Visitation(patient_registration_no,date_of_visit,diagnosis) values (2,'2013-04-01','uycyn');
insert into Hospital.Consulted(employee_number,certification_no,patient_registration_no,date_of_visit) values(1,1112233,2,'2013-04-01');
insert into Hospital.Treated_by(patient_registration_no,date_of_visit,employee_number,treatment) values(2,2013-04-01,0);
insert into Hospital.Prescribed(product_id,patient_registration_no,date_of_visit) values (1,2,'2013-04-01');
insert into Hospital.Visitation(patient_registration_no,date_of_visit,diagnosis) values (2,'2013-05-06','frcii');
insert into Hospital.Consulted(employee_number,certification_no,patient_registration_no,date_of_visit) values(1,1112233,2,'2013-05-06');
insert into Hospital.Treated_by(patient_registration_no,date_of_visit,employee_number,treatment) values(2,2013-05-06,0);
insert into Hospital.Prescribed(product_id,patient_registration_no,date_of_visit) values (1,2,'2013-05-06');
insert into Hospital.Visitation(patient_registration_no,date_of_visit,diagnosis) values (2,'2013-02-23','ssjsu');
insert into Hospital.Consulted(employee_number,certification_no,patient_registration_no,date_of_visit) values(1,1112233,2,'2013-02-23');
insert into Hospital.Treated_by(patient_registration_no,date_of_visit,employee_number,treatment) values(2,2013-02-23,0);
insert into Hospital.Prescribed(product_id,patient_registration_no,date_of_visit) values (2,2,'2013-02-23');
insert into Hospital.Visitation(patient_registration_no,date_of_visit,diagnosis) values (2,'2013-09-08','bowzu');
insert into Hospital.Consulted(employee_number,certification_no,patient_registration_no,date_of_visit) values(1,1112233,2,'2013-09-08');
insert into Hospital.Treated_by(patient_registration_no,date_of_visit,employee_number,treatment) values(2,2013-09-08,0);
insert into Hospital.Prescribed(product_id,patient_registration_no,date_of_visit) values (2,2,'2013-09-08');
insert into Hospital.Patient (patient_registration_no, name, ssn, address,contact_no,emergency_contact_no) values ( 2,'bpgte',174646272,'civup',95734662,49598783);
insert into Hospital.Physician (employee_number, certification_no,specialization) values ( 2,2112233,'Anesthesiology');
insert into Hospital.Belongs_to(employee_number,department_id) values (2,1);
insert into Hospital.Pharmaceutical_product(product_id,cost,manufacturer) values(3,504.3058436606181,'nnwre');
insert into Hospital.Medicine(product_id,medicine_name,dosage) values (3,'kdgyl','msbtf');
insert into Hospital.Employees (employee_number, name, location, ssn, home_address,phone_number,designation) values ( 3,'iakjq','wtmdqbpdwjsseaq',620309965,'eeibz',58846615,'Nurse');
insert into Hospital.Visitation(patient_registration_no,date_of_visit,diagnosis) values (3,'2013-10-12','dkaoz');
insert into Hospital.Consulted(employee_number,certification_no,patient_registration_no,date_of_visit) values(2,2112233,3,'2013-10-12');
insert into Hospital.Treated_by(patient_registration_no,date_of_visit,employee_number,treatment) values(3,2013-10-12,0);
insert into Hospital.Prescribed(product_id,patient_registration_no,date_of_visit) values (1,3,'2013-10-12');
insert into Hospital.Visitation(patient_registration_no,date_of_visit,diagnosis) values (3,'2013-07-06','gdnyt');
insert into Hospital.Consulted(employee_number,certification_no,patient_registration_no,date_of_visit) values(1,1112233,3,'2013-07-06');
insert into Hospital.Treated_by(patient_registration_no,date_of_visit,employee_number,treatment) values(3,2013-07-06,0);
insert into Hospital.Prescribed(product_id,patient_registration_no,date_of_visit) values (3,3,'2013-07-06');
insert into Hospital.Visitation(patient_registration_no,date_of_visit,diagnosis) values (3,'2013-10-23','rqjmd');
insert into Hospital.Consulted(employee_number,certification_no,patient_registration_no,date_of_visit) values(2,2112233,3,'2013-10-23');
insert into Hospital.Treated_by(patient_registration_no,date_of_visit,employee_number,treatment) values(3,2013-10-23,0);
insert into Hospital.Prescribed(product_id,patient_registration_no,date_of_visit) values (2,3,'2013-10-23');
insert into Hospital.Visitation(patient_registration_no,date_of_visit,diagnosis) values (3,'2013-10-15','ecsjr');
insert into Hospital.Consulted(employee_number,certification_no,patient_registration_no,date_of_visit) values(1,1112233,3,'2013-10-15');
insert into Hospital.Treated_by(patient_registration_no,date_of_visit,employee_number,treatment) values(3,2013-10-15,0);
insert into Hospital.Prescribed(product_id,patient_registration_no,date_of_visit) values (2,3,'2013-10-15');
insert into Hospital.Visitation(patient_registration_no,date_of_visit,diagnosis) values (3,'2013-06-04','jgrzb');
insert into Hospital.Consulted(employee_number,certification_no,patient_registration_no,date_of_visit) values(1,1112233,3,'2013-06-04');
insert into Hospital.Treated_by(patient_registration_no,date_of_visit,employee_number,treatment) values(3,2013-06-04,0);
insert into Hospital.Prescribed(product_id,patient_registration_no,date_of_visit) values (3,3,'2013-06-04');
insert into Hospital.Patient (patient_registration_no, name, ssn, address,contact_no,emergency_contact_no) values ( 3,'ypuwe',738641786,'qqreo',53956709,70991774);
insert into Hospital.Takes (employee_number,shift_name ) values ( 3,'night');
insert into Hospital.Belongs_to(employee_number,department_id) values (3,3);
insert into Hospital.Pharmaceutical_product(product_id,cost,manufacturer) values(4,981.4037188416844,'avbtm');
insert into Hospital.Batch(batch_id,manufacture_date,expiry_date) values (4,'2013-01-24','2013-09-15');
insert into Hospital.Production(product_id,batch_id) values (4,4);
insert into Hospital.Batch(batch_id,manufacture_date,expiry_date) values (5,'2013-01-24','2013-09-15');
insert into Hospital.Production(product_id,batch_id) values (4,5);
insert into Hospital.Batch(batch_id,manufacture_date,expiry_date) values (6,'2013-01-24','2013-09-15');
insert into Hospital.Production(product_id,batch_id) values (4,6);
insert into Hospital.Batch(batch_id,manufacture_date,expiry_date) values (7,'2013-01-24','2013-09-15');
insert into Hospital.Production(product_id,batch_id) values (4,7);
insert into Hospital.Batch(batch_id,manufacture_date,expiry_date) values (8,'2013-01-24','2013-09-15');
insert into Hospital.Production(product_id,batch_id) values (4,8);
insert into Hospital.Employees (employee_number, name, location, ssn, home_address,phone_number,designation) values ( 4,'gxjcu','pcqnumxcolgmbvm',359265396,'dgcbj',50614170,'Nurse');
insert into Hospital.Visitation(patient_registration_no,date_of_visit,diagnosis) values (4,'2013-02-05','nuxef');
insert into Hospital.Consulted(employee_number,certification_no,patient_registration_no,date_of_visit) values(1,1112233,4,'2013-02-05');
insert into Hospital.Treated_by(patient_registration_no,date_of_visit,employee_number,treatment) values(4,2013-02-05,0);
insert into Hospital.Prescribed(product_id,patient_registration_no,date_of_visit) values (1,4,'2013-02-05');
insert into Hospital.Visitation(patient_registration_no,date_of_visit,diagnosis) values (4,'2013-06-04','uldab');
insert into Hospital.Consulted(employee_number,certification_no,patient_registration_no,date_of_visit) values(2,2112233,4,'2013-06-04');
insert into Hospital.Treated_by(patient_registration_no,date_of_visit,employee_number,treatment) values(4,2013-06-04,0);
insert into Hospital.Prescribed(product_id,patient_registration_no,date_of_visit) values (3,4,'2013-06-04');
insert into Hospital.Visitation(patient_registration_no,date_of_visit,diagnosis) values (4,'2013-04-25','zansj');
insert into Hospital.Consulted(employee_number,certification_no,patient_registration_no,date_of_visit) values(2,2112233,4,'2013-04-25');
insert into Hospital.Treated_by(patient_registration_no,date_of_visit,employee_number,treatment) values(4,2013-04-25,0);
insert into Hospital.Prescribed(product_id,patient_registration_no,date_of_visit) values (3,4,'2013-04-25');
insert into Hospital.Visitation(patient_registration_no,date_of_visit,diagnosis) values (4,'2013-08-21','zweyy');
insert into Hospital.Consulted(employee_number,certification_no,patient_registration_no,date_of_visit) values(1,1112233,4,'2013-08-21');
insert into Hospital.Treated_by(patient_registration_no,date_of_visit,employee_number,treatment) values(4,2013-08-21,0);
insert into Hospital.Prescribed(product_id,patient_registration_no,date_of_visit) values (2,4,'2013-08-21');
insert into Hospital.Visitation(patient_registration_no,date_of_visit,diagnosis) values (4,'2013-05-14','ozszq');
insert into Hospital.Consulted(employee_number,certification_no,patient_registration_no,date_of_visit) values(2,2112233,4,'2013-05-14');
insert into Hospital.Treated_by(patient_registration_no,date_of_visit,employee_number,treatment) values(4,2013-05-14,0);
insert into Hospital.Prescribed(product_id,patient_registration_no,date_of_visit) values (1,4,'2013-05-14');
insert into Hospital.Patient (patient_registration_no, name, ssn, address,contact_no,emergency_contact_no) values ( 4,'eybci',236809188,'gfvyv',50971938,40969369);
insert into Hospital.Takes (employee_number,shift_name ) values ( 4,'night');
insert into Hospital.Belongs_to(employee_number,department_id) values (4,3);
insert into Hospital.Pharmaceutical_product(product_id,cost,manufacturer) values(5,300.0833052181366,'xiijl');
insert into Hospital.Medicine(product_id,medicine_name,dosage) values (5,'qwtug','hvajw');
insert into Hospital.Employees (employee_number, name, location, ssn, home_address,phone_number,designation) values ( 5,'lzmgs','roogkkkacrlonmv',897241537,'eqrvz',51238480,'Nurse');
insert into Hospital.Visitation(patient_registration_no,date_of_visit,diagnosis) values (5,'2013-05-16','yghap');
insert into Hospital.Consulted(employee_number,certification_no,patient_registration_no,date_of_visit) values(2,2112233,5,'2013-05-16');
insert into Hospital.Treated_by(patient_registration_no,date_of_visit,employee_number,treatment) values(5,2013-05-16,0);
insert into Hospital.Prescribed(product_id,patient_registration_no,date_of_visit) values (1,5,'2013-05-16');
insert into Hospital.Visitation(patient_registration_no,date_of_visit,diagnosis) values (5,'2013-01-07','gtjkg');
insert into Hospital.Consulted(employee_number,certification_no,patient_registration_no,date_of_visit) values(1,1112233,5,'2013-01-07');
insert into Hospital.Treated_by(patient_registration_no,date_of_visit,employee_number,treatment) values(5,2013-01-07,0);
insert into Hospital.Prescribed(product_id,patient_registration_no,date_of_visit) values (2,5,'2013-01-07');
insert into Hospital.Visitation(patient_registration_no,date_of_visit,diagnosis) values (5,'2013-06-14','xqqkn');
insert into Hospital.Consulted(employee_number,certification_no,patient_registration_no,date_of_visit) values(2,2112233,5,'2013-06-14');
insert into Hospital.Treated_by(patient_registration_no,date_of_visit,employee_number,treatment) values(5,2013-06-14,0);
insert into Hospital.Prescribed(product_id,patient_registration_no,date_of_visit) values (2,5,'2013-06-14');
insert into Hospital.Visitation(patient_registration_no,date_of_visit,diagnosis) values (5,'2013-10-24','xhtie');
insert into Hospital.Consulted(employee_number,certification_no,patient_registration_no,date_of_visit) values(2,2112233,5,'2013-10-24');
insert into Hospital.Treated_by(patient_registration_no,date_of_visit,employee_number,treatment) values(5,2013-10-24,0);
insert into Hospital.Prescribed(product_id,patient_registration_no,date_of_visit) values (2,5,'2013-10-24');
insert into Hospital.Visitation(patient_registration_no,date_of_visit,diagnosis) values (5,'2013-03-14','ojawx');
insert into Hospital.Consulted(employee_number,certification_no,patient_registration_no,date_of_visit) values(1,1112233,5,'2013-03-14');
insert into Hospital.Treated_by(patient_registration_no,date_of_visit,employee_number,treatment) values(5,2013-03-14,0);
insert into Hospital.Prescribed(product_id,patient_registration_no,date_of_visit) values (2,5,'2013-03-14');
insert into Hospital.Patient (patient_registration_no, name, ssn, address,contact_no,emergency_contact_no) values ( 5,'mqobv',355915999,'ickqn',21313213,35888214);
insert into Hospital.Takes (employee_number,shift_name ) values ( 5,'morning');
insert into Hospital.Belongs_to(employee_number,department_id) values (5,3);
insert into Hospital.Pharmaceutical_product(product_id,cost,manufacturer) values(6,551.0568850657904,'rtqfs');
insert into Hospital.Batch(batch_id,manufacture_date,expiry_date) values (6,'2013-05-16','2013-08-04');
insert into Hospital.Production(product_id,batch_id) values (6,6);
insert into Hospital.Batch(batch_id,manufacture_date,expiry_date) values (7,'2013-05-16','2013-08-04');
insert into Hospital.Production(product_id,batch_id) values (6,7);
insert into Hospital.Batch(batch_id,manufacture_date,expiry_date) values (8,'2013-05-16','2013-08-04');
insert into Hospital.Production(product_id,batch_id) values (6,8);
insert into Hospital.Batch(batch_id,manufacture_date,expiry_date) values (9,'2013-05-16','2013-08-04');
insert into Hospital.Production(product_id,batch_id) values (6,9);
insert into Hospital.Batch(batch_id,manufacture_date,expiry_date) values (10,'2013-05-16','2013-08-04');
insert into Hospital.Production(product_id,batch_id) values (6,10);
insert into Hospital.Medicine(product_id,medicine_name,dosage) values (6,'evpbd','gikii');
insert into Hospital.Employees (employee_number, name, location, ssn, home_address,phone_number,designation) values ( 6,'cvbty','uqgoobtmopyadwt',394088751,'xfpzo',42559398,'Doctor');
insert into Hospital.Visitation(patient_registration_no,date_of_visit,diagnosis) values (6,'2013-03-08','zxqgd');
insert into Hospital.Consulted(employee_number,certification_no,patient_registration_no,date_of_visit) values(1,1112233,6,'2013-03-08');
insert into Hospital.Treated_by(patient_registration_no,date_of_visit,employee_number,treatment) values(6,2013-03-08,0);
insert into Hospital.Prescribed(product_id,patient_registration_no,date_of_visit) values (3,6,'2013-03-08');
insert into Hospital.Visitation(patient_registration_no,date_of_visit,diagnosis) values (6,'2013-09-04','ctued');
insert into Hospital.Consulted(employee_number,certification_no,patient_registration_no,date_of_visit) values(1,1112233,6,'2013-09-04');
insert into Hospital.Treated_by(patient_registration_no,date_of_visit,employee_number,treatment) values(6,2013-09-04,0);
insert into Hospital.Prescribed(product_id,patient_registration_no,date_of_visit) values (2,6,'2013-09-04');
insert into Hospital.Visitation(patient_registration_no,date_of_visit,diagnosis) values (6,'2013-10-25','socuo');
insert into Hospital.Consulted(employee_number,certification_no,patient_registration_no,date_of_visit) values(1,1112233,6,'2013-10-25');
insert into Hospital.Treated_by(patient_registration_no,date_of_visit,employee_number,treatment) values(6,2013-10-25,0);
insert into Hospital.Prescribed(product_id,patient_registration_no,date_of_visit) values (2,6,'2013-10-25');
insert into Hospital.Visitation(patient_registration_no,date_of_visit,diagnosis) values (6,'2013-09-13','nbnyx');
insert into Hospital.Consulted(employee_number,certification_no,patient_registration_no,date_of_visit) values(2,2112233,6,'2013-09-13');
insert into Hospital.Treated_by(patient_registration_no,date_of_visit,employee_number,treatment) values(6,2013-09-13,0);
insert into Hospital.Prescribed(product_id,patient_registration_no,date_of_visit) values (6,6,'2013-09-13');
insert into Hospital.Visitation(patient_registration_no,date_of_visit,diagnosis) values (6,'2013-06-17','ezhxp');
insert into Hospital.Consulted(employee_number,certification_no,patient_registration_no,date_of_visit) values(1,1112233,6,'2013-06-17');
insert into Hospital.Treated_by(patient_registration_no,date_of_visit,employee_number,treatment) values(6,2013-06-17,0);
insert into Hospital.Prescribed(product_id,patient_registration_no,date_of_visit) values (5,6,'2013-06-17');
insert into Hospital.Patient (patient_registration_no, name, ssn, address,contact_no,emergency_contact_no) values ( 6,'evysc',392666024,'bharz',82529737,35279373);
insert into Hospital.Physician (employee_number, certification_no,specialization) values ( 6,6112233,'Cardiology');
insert into Hospital.Belongs_to(employee_number,department_id) values (6,1);
insert into Hospital.Pharmaceutical_product(product_id,cost,manufacturer) values(7,946.5348265000697,'srrrj');
insert into Hospital.Batch(batch_id,manufacture_date,expiry_date) values (7,'2013-01-07','2013-01-31');
insert into Hospital.Production(product_id,batch_id) values (7,7);
insert into Hospital.Batch(batch_id,manufacture_date,expiry_date) values (8,'2013-01-07','2013-01-31');
insert into Hospital.Production(product_id,batch_id) values (7,8);
insert into Hospital.Batch(batch_id,manufacture_date,expiry_date) values (9,'2013-01-07','2013-01-31');
insert into Hospital.Production(product_id,batch_id) values (7,9);
insert into Hospital.Batch(batch_id,manufacture_date,expiry_date) values (10,'2013-01-07','2013-01-31');
insert into Hospital.Production(product_id,batch_id) values (7,10);
insert into Hospital.Batch(batch_id,manufacture_date,expiry_date) values (11,'2013-01-07','2013-01-31');
insert into Hospital.Production(product_id,batch_id) values (7,11);
insert into Hospital.Medicine(product_id,medicine_name,dosage) values (7,'pmism','dcatr');
insert into Hospital.Employees (employee_number, name, location, ssn, home_address,phone_number,designation) values ( 7,'ephxg','tztthkubraljkef',95888780,'defvi',89130281,'Administration');
insert into Hospital.Visitation(patient_registration_no,date_of_visit,diagnosis) values (7,'2013-05-04','wgyhs');
insert into Hospital.Consulted(employee_number,certification_no,patient_registration_no,date_of_visit) values(2,2112233,7,'2013-05-04');
insert into Hospital.Treated_by(patient_registration_no,date_of_visit,employee_number,treatment) values(7,2013-05-04,0);
insert into Hospital.Prescribed(product_id,patient_registration_no,date_of_visit) values (2,7,'2013-05-04');
insert into Hospital.Visitation(patient_registration_no,date_of_visit,diagnosis) values (7,'2013-06-21','wwcla');
insert into Hospital.Consulted(employee_number,certification_no,patient_registration_no,date_of_visit) values(6,6112233,7,'2013-06-21');
insert into Hospital.Treated_by(patient_registration_no,date_of_visit,employee_number,treatment) values(7,2013-06-21,0);
insert into Hospital.Prescribed(product_id,patient_registration_no,date_of_visit) values (3,7,'2013-06-21');
insert into Hospital.Visitation(patient_registration_no,date_of_visit,diagnosis) values (7,'2013-07-13','frczo');
insert into Hospital.Consulted(employee_number,certification_no,patient_registration_no,date_of_visit) values(1,1112233,7,'2013-07-13');
insert into Hospital.Treated_by(patient_registration_no,date_of_visit,employee_number,treatment) values(7,2013-07-13,0);
insert into Hospital.Prescribed(product_id,patient_registration_no,date_of_visit) values (2,7,'2013-07-13');
insert into Hospital.Visitation(patient_registration_no,date_of_visit,diagnosis) values (7,'2013-09-19','iymgt');
insert into Hospital.Consulted(employee_number,certification_no,patient_registration_no,date_of_visit) values(6,6112233,7,'2013-09-19');
insert into Hospital.Treated_by(patient_registration_no,date_of_visit,employee_number,treatment) values(7,2013-09-19,0);
insert into Hospital.Prescribed(product_id,patient_registration_no,date_of_visit) values (5,7,'2013-09-19');
insert into Hospital.Visitation(patient_registration_no,date_of_visit,diagnosis) values (7,'2013-06-10','jpczw');
insert into Hospital.Consulted(employee_number,certification_no,patient_registration_no,date_of_visit) values(1,1112233,7,'2013-06-10');
insert into Hospital.Treated_by(patient_registration_no,date_of_visit,employee_number,treatment) values(7,2013-06-10,0);
insert into Hospital.Prescribed(product_id,patient_registration_no,date_of_visit) values (2,7,'2013-06-10');
insert into Hospital.Patient (patient_registration_no, name, ssn, address,contact_no,emergency_contact_no) values ( 7,'mzhau',524970684,'towyr',76583757,55367561);
insert into Hospital.Department(department_id,department_name,head_of_department) values (2,'Administrative Services',7);
insert into Hospital.Belongs_to(employee_number,department_id) values (7,2);
insert into Hospital.Pharmaceutical_product(product_id,cost,manufacturer) values(8,56.37398506900027,'yvmkn');
insert into Hospital.Medicine(product_id,medicine_name,dosage) values (8,'rqksw','gxovn');
insert into Hospital.Employees (employee_number, name, location, ssn, home_address,phone_number,designation) values ( 8,'rnfsb','pecvffaqfouxtmv',502272060,'wjhtf',64681577,'Doctor');
insert into Hospital.Visitation(patient_registration_no,date_of_visit,diagnosis) values (8,'2013-07-18','dpohb');
insert into Hospital.Consulted(employee_number,certification_no,patient_registration_no,date_of_visit) values(1,1112233,8,'2013-07-18');
insert into Hospital.Treated_by(patient_registration_no,date_of_visit,employee_number,treatment) values(8,2013-07-18,0);
insert into Hospital.Prescribed(product_id,patient_registration_no,date_of_visit) values (5,8,'2013-07-18');
insert into Hospital.Visitation(patient_registration_no,date_of_visit,diagnosis) values (8,'2013-09-29','mrukk');
insert into Hospital.Consulted(employee_number,certification_no,patient_registration_no,date_of_visit) values(1,1112233,8,'2013-09-29');
insert into Hospital.Treated_by(patient_registration_no,date_of_visit,employee_number,treatment) values(8,2013-09-29,0);
insert into Hospital.Prescribed(product_id,patient_registration_no,date_of_visit) values (2,8,'2013-09-29');
insert into Hospital.Visitation(patient_registration_no,date_of_visit,diagnosis) values (8,'2013-05-28','fsbzh');
insert into Hospital.Consulted(employee_number,certification_no,patient_registration_no,date_of_visit) values(2,2112233,8,'2013-05-28');
insert into Hospital.Treated_by(patient_registration_no,date_of_visit,employee_number,treatment) values(8,2013-05-28,0);
insert into Hospital.Prescribed(product_id,patient_registration_no,date_of_visit) values (3,8,'2013-05-28');
insert into Hospital.Visitation(patient_registration_no,date_of_visit,diagnosis) values (8,'2013-03-20','fwukr');
insert into Hospital.Consulted(employee_number,certification_no,patient_registration_no,date_of_visit) values(6,6112233,8,'2013-03-20');
insert into Hospital.Treated_by(patient_registration_no,date_of_visit,employee_number,treatment) values(8,2013-03-20,0);
insert into Hospital.Prescribed(product_id,patient_registration_no,date_of_visit) values (8,8,'2013-03-20');
insert into Hospital.Visitation(patient_registration_no,date_of_visit,diagnosis) values (8,'2013-02-13','vpjts');
insert into Hospital.Consulted(employee_number,certification_no,patient_registration_no,date_of_visit) values(2,2112233,8,'2013-02-13');
insert into Hospital.Treated_by(patient_registration_no,date_of_visit,employee_number,treatment) values(8,2013-02-13,0);
insert into Hospital.Prescribed(product_id,patient_registration_no,date_of_visit) values (3,8,'2013-02-13');
insert into Hospital.Patient (patient_registration_no, name, ssn, address,contact_no,emergency_contact_no) values ( 8,'zutvm',119253149,'uzcmq',64225337,73976952);
insert into Hospital.Physician (employee_number, certification_no,specialization) values ( 8,8112233,'Anesthesiology');
insert into Hospital.Belongs_to(employee_number,department_id) values (8,1);
insert into Hospital.Pharmaceutical_product(product_id,cost,manufacturer) values(9,14.186023279094059,'xrhrk');
insert into Hospital.Medicine(product_id,medicine_name,dosage) values (9,'mfget','wwjhz');
insert into Hospital.Employees (employee_number, name, location, ssn, home_address,phone_number,designation) values ( 9,'jiidd','wdvthlrhynecsst',837697304,'byvnj',30979965,'Doctor');
insert into Hospital.Visitation(patient_registration_no,date_of_visit,diagnosis) values (9,'2013-09-09','bpzro');
insert into Hospital.Consulted(employee_number,certification_no,patient_registration_no,date_of_visit) values(8,8112233,9,'2013-09-09');
insert into Hospital.Treated_by(patient_registration_no,date_of_visit,employee_number,treatment) values(9,2013-09-09,0);
insert into Hospital.Prescribed(product_id,patient_registration_no,date_of_visit) values (8,9,'2013-09-09');
insert into Hospital.Visitation(patient_registration_no,date_of_visit,diagnosis) values (9,'2013-09-22','xxffi');
insert into Hospital.Consulted(employee_number,certification_no,patient_registration_no,date_of_visit) values(1,1112233,9,'2013-09-22');
insert into Hospital.Treated_by(patient_registration_no,date_of_visit,employee_number,treatment) values(9,2013-09-22,0);
insert into Hospital.Prescribed(product_id,patient_registration_no,date_of_visit) values (9,9,'2013-09-22');
insert into Hospital.Visitation(patient_registration_no,date_of_visit,diagnosis) values (9,'2013-03-22','eywgw');
insert into Hospital.Consulted(employee_number,certification_no,patient_registration_no,date_of_visit) values(8,8112233,9,'2013-03-22');
insert into Hospital.Treated_by(patient_registration_no,date_of_visit,employee_number,treatment) values(9,2013-03-22,0);
insert into Hospital.Prescribed(product_id,patient_registration_no,date_of_visit) values (6,9,'2013-03-22');
insert into Hospital.Visitation(patient_registration_no,date_of_visit,diagnosis) values (9,'2013-08-16','jturz');
insert into Hospital.Consulted(employee_number,certification_no,patient_registration_no,date_of_visit) values(8,8112233,9,'2013-08-16');
insert into Hospital.Treated_by(patient_registration_no,date_of_visit,employee_number,treatment) values(9,2013-08-16,0);
insert into Hospital.Prescribed(product_id,patient_registration_no,date_of_visit) values (2,9,'2013-08-16');
insert into Hospital.Visitation(patient_registration_no,date_of_visit,diagnosis) values (9,'2013-01-03','qvtva');
insert into Hospital.Consulted(employee_number,certification_no,patient_registration_no,date_of_visit) values(1,1112233,9,'2013-01-03');
insert into Hospital.Treated_by(patient_registration_no,date_of_visit,employee_number,treatment) values(9,2013-01-03,0);
insert into Hospital.Prescribed(product_id,patient_registration_no,date_of_visit) values (2,9,'2013-01-03');
insert into Hospital.Patient (patient_registration_no, name, ssn, address,contact_no,emergency_contact_no) values ( 9,'krssc',932294522,'dveau',51011951,62912633);
insert into Hospital.Physician (employee_number, certification_no,specialization) values ( 9,9112233,'Pediatrics');
insert into Hospital.Belongs_to(employee_number,department_id) values (9,1);
insert into Hospital.Pharmaceutical_product(product_id,cost,manufacturer) values(10,885.2536769825305,'mvnop');
insert into Hospital.Batch(batch_id,manufacture_date,expiry_date) values (10,'2013-01-22','2013-04-24');
insert into Hospital.Production(product_id,batch_id) values (10,10);
insert into Hospital.Batch(batch_id,manufacture_date,expiry_date) values (11,'2013-01-22','2013-04-24');
insert into Hospital.Production(product_id,batch_id) values (10,11);
insert into Hospital.Batch(batch_id,manufacture_date,expiry_date) values (12,'2013-01-22','2013-04-24');
insert into Hospital.Production(product_id,batch_id) values (10,12);
insert into Hospital.Batch(batch_id,manufacture_date,expiry_date) values (13,'2013-01-22','2013-04-24');
insert into Hospital.Production(product_id,batch_id) values (10,13);
insert into Hospital.Batch(batch_id,manufacture_date,expiry_date) values (14,'2013-01-22','2013-04-24');
insert into Hospital.Production(product_id,batch_id) values (10,14);
insert into Hospital.Medicine(product_id,medicine_name,dosage) values (10,'xmuvi','fdlxh');
insert into Hospital.Employees (employee_number, name, location, ssn, home_address,phone_number,designation) values ( 10,'gywyr','gaqcsruvxappkfu',372398002,'cxeqq',83250912,'Radiology');
insert into Hospital.Visitation(patient_registration_no,date_of_visit,diagnosis) values (10,'2013-03-16','qopdz');
insert into Hospital.Consulted(employee_number,certification_no,patient_registration_no,date_of_visit) values(2,2112233,10,'2013-03-16');
insert into Hospital.Treated_by(patient_registration_no,date_of_visit,employee_number,treatment) values(10,2013-03-16,0);
insert into Hospital.Prescribed(product_id,patient_registration_no,date_of_visit) values (5,10,'2013-03-16');
insert into Hospital.Visitation(patient_registration_no,date_of_visit,diagnosis) values (10,'2013-08-09','xvenz');
insert into Hospital.Consulted(employee_number,certification_no,patient_registration_no,date_of_visit) values(8,8112233,10,'2013-08-09');
insert into Hospital.Treated_by(patient_registration_no,date_of_visit,employee_number,treatment) values(10,2013-08-09,0);
insert into Hospital.Prescribed(product_id,patient_registration_no,date_of_visit) values (9,10,'2013-08-09');
insert into Hospital.Visitation(patient_registration_no,date_of_visit,diagnosis) values (10,'2013-03-22','nmchk');
insert into Hospital.Consulted(employee_number,certification_no,patient_registration_no,date_of_visit) values(8,8112233,10,'2013-03-22');
insert into Hospital.Treated_by(patient_registration_no,date_of_visit,employee_number,treatment) values(10,2013-03-22,0);
insert into Hospital.Prescribed(product_id,patient_registration_no,date_of_visit) values (2,10,'2013-03-22');
insert into Hospital.Visitation(patient_registration_no,date_of_visit,diagnosis) values (10,'2013-03-29','svplc');
insert into Hospital.Consulted(employee_number,certification_no,patient_registration_no,date_of_visit) values(6,6112233,10,'2013-03-29');
insert into Hospital.Treated_by(patient_registration_no,date_of_visit,employee_number,treatment) values(10,2013-03-29,0);
insert into Hospital.Prescribed(product_id,patient_registration_no,date_of_visit) values (7,10,'2013-03-29');
insert into Hospital.Visitation(patient_registration_no,date_of_visit,diagnosis) values (10,'2013-06-14','nlzyu');
insert into Hospital.Consulted(employee_number,certification_no,patient_registration_no,date_of_visit) values(9,9112233,10,'2013-06-14');
insert into Hospital.Treated_by(patient_registration_no,date_of_visit,employee_number,treatment) values(10,2013-06-14,0);
insert into Hospital.Prescribed(product_id,patient_registration_no,date_of_visit) values (6,10,'2013-06-14');
insert into Hospital.Patient (patient_registration_no, name, ssn, address,contact_no,emergency_contact_no) values ( 10,'vfioa',890746351,'ifeep',83951133,78929489);
insert into Hospital.Takes (employee_number,shift_name ) values ( 10,'morning');
insert into Hospital.Belongs_to(employee_number,department_id) values (10,3);
insert into Hospital.Pharmaceutical_product(product_id,cost,manufacturer) values(11,542.998860825524,'vvgiv');
insert into Hospital.Medicine(product_id,medicine_name,dosage) values (11,'cqpgv','hmorw');
insert into Hospital.Employees (employee_number, name, location, ssn, home_address,phone_number,designation) values ( 11,'lomoq','jyhgmosoxaxjvzs',120270679,'sgkar',22292569,'Administration');
insert into Hospital.Visitation(patient_registration_no,date_of_visit,diagnosis) values (11,'2013-03-26','ywhlj');
insert into Hospital.Consulted(employee_number,certification_no,patient_registration_no,date_of_visit) values(1,1112233,11,'2013-03-26');
insert into Hospital.Treated_by(patient_registration_no,date_of_visit,employee_number,treatment) values(11,2013-03-26,10);
insert into Hospital.Prescribed(product_id,patient_registration_no,date_of_visit) values (5,11,'2013-03-26');
insert into Hospital.Visitation(patient_registration_no,date_of_visit,diagnosis) values (11,'2013-05-21','ranqz');
insert into Hospital.Consulted(employee_number,certification_no,patient_registration_no,date_of_visit) values(1,1112233,11,'2013-05-21');
insert into Hospital.Treated_by(patient_registration_no,date_of_visit,employee_number,treatment) values(11,2013-05-21,10);
insert into Hospital.Prescribed(product_id,patient_registration_no,date_of_visit) values (10,11,'2013-05-21');
insert into Hospital.Visitation(patient_registration_no,date_of_visit,diagnosis) values (11,'2013-08-23','glqpn');
insert into Hospital.Consulted(employee_number,certification_no,patient_registration_no,date_of_visit) values(1,1112233,11,'2013-08-23');
insert into Hospital.Treated_by(patient_registration_no,date_of_visit,employee_number,treatment) values(11,2013-08-23,10);
insert into Hospital.Prescribed(product_id,patient_registration_no,date_of_visit) values (9,11,'2013-08-23');
insert into Hospital.Visitation(patient_registration_no,date_of_visit,diagnosis) values (11,'2013-09-30','oclaa');
insert into Hospital.Consulted(employee_number,certification_no,patient_registration_no,date_of_visit) values(6,6112233,11,'2013-09-30');
insert into Hospital.Treated_by(patient_registration_no,date_of_visit,employee_number,treatment) values(11,2013-09-30,0);
insert into Hospital.Prescribed(product_id,patient_registration_no,date_of_visit) values (11,11,'2013-09-30');
insert into Hospital.Visitation(patient_registration_no,date_of_visit,diagnosis) values (11,'2013-01-01','yczvp');
insert into Hospital.Consulted(employee_number,certification_no,patient_registration_no,date_of_visit) values(1,1112233,11,'2013-01-01');
insert into Hospital.Treated_by(patient_registration_no,date_of_visit,employee_number,treatment) values(11,2013-01-01,0);
insert into Hospital.Prescribed(product_id,patient_registration_no,date_of_visit) values (1,11,'2013-01-01');
insert into Hospital.Patient (patient_registration_no, name, ssn, address,contact_no,emergency_contact_no) values ( 11,'nuowk',60893147,'ivjoa',93960104,90410272);
insert into Hospital.Belongs_to(employee_number,department_id) values (11,2);
insert into Hospital.Pharmaceutical_product(product_id,cost,manufacturer) values(12,419.46418568614774,'vgmrg');
insert into Hospital.Medicine(product_id,medicine_name,dosage) values (12,'gjpmd','edhks');
insert into Hospital.Employees (employee_number, name, location, ssn, home_address,phone_number,designation) values ( 12,'zltam','ndipxnpvrtxvfnt',833727893,'uktoy',31817537,'Doctor');
insert into Hospital.Visitation(patient_registration_no,date_of_visit,diagnosis) values (12,'2013-03-31','adglc');
insert into Hospital.Consulted(employee_number,certification_no,patient_registration_no,date_of_visit) values(2,2112233,12,'2013-03-31');
insert into Hospital.Treated_by(patient_registration_no,date_of_visit,employee_number,treatment) values(12,2013-03-31,10);
insert into Hospital.Prescribed(product_id,patient_registration_no,date_of_visit) values (11,12,'2013-03-31');
insert into Hospital.Visitation(patient_registration_no,date_of_visit,diagnosis) values (12,'2013-02-08','jwzde');
insert into Hospital.Consulted(employee_number,certification_no,patient_registration_no,date_of_visit) values(2,2112233,12,'2013-02-08');
insert into Hospital.Treated_by(patient_registration_no,date_of_visit,employee_number,treatment) values(12,2013-02-08,10);
insert into Hospital.Prescribed(product_id,patient_registration_no,date_of_visit) values (8,12,'2013-02-08');
insert into Hospital.Visitation(patient_registration_no,date_of_visit,diagnosis) values (12,'2013-02-03','mzgeo');
insert into Hospital.Consulted(employee_number,certification_no,patient_registration_no,date_of_visit) values(8,8112233,12,'2013-02-03');
insert into Hospital.Treated_by(patient_registration_no,date_of_visit,employee_number,treatment) values(12,2013-02-03,10);
insert into Hospital.Prescribed(product_id,patient_registration_no,date_of_visit) values (12,12,'2013-02-03');
insert into Hospital.Visitation(patient_registration_no,date_of_visit,diagnosis) values (12,'2013-07-01','tvufw');
insert into Hospital.Consulted(employee_number,certification_no,patient_registration_no,date_of_visit) values(2,2112233,12,'2013-07-01');
insert into Hospital.Treated_by(patient_registration_no,date_of_visit,employee_number,treatment) values(12,2013-07-01,0);
insert into Hospital.Prescribed(product_id,patient_registration_no,date_of_visit) values (10,12,'2013-07-01');
insert into Hospital.Visitation(patient_registration_no,date_of_visit,diagnosis) values (12,'2013-05-02','vqpuf');
insert into Hospital.Consulted(employee_number,certification_no,patient_registration_no,date_of_visit) values(1,1112233,12,'2013-05-02');
insert into Hospital.Treated_by(patient_registration_no,date_of_visit,employee_number,treatment) values(12,2013-05-02,10);
insert into Hospital.Prescribed(product_id,patient_registration_no,date_of_visit) values (7,12,'2013-05-02');
insert into Hospital.Patient (patient_registration_no, name, ssn, address,contact_no,emergency_contact_no) values ( 12,'ebbbe',411989215,'sbwhp',86903534,88442154);
insert into Hospital.Physician (employee_number, certification_no,specialization) values ( 12,12112233,'Dermatology');
insert into Hospital.Belongs_to(employee_number,department_id) values (12,1);
insert into Hospital.Pharmaceutical_product(product_id,cost,manufacturer) values(13,177.79760312552548,'zdmjf');
insert into Hospital.Employees (employee_number, name, location, ssn, home_address,phone_number,designation) values ( 13,'vcucw','hebknijoojekfba',382356159,'ybner',97755007,'Doctor');
insert into Hospital.Visitation(patient_registration_no,date_of_visit,diagnosis) values (13,'2013-05-14','iffpj');
insert into Hospital.Consulted(employee_number,certification_no,patient_registration_no,date_of_visit) values(1,1112233,13,'2013-05-14');
insert into Hospital.Treated_by(patient_registration_no,date_of_visit,employee_number,treatment) values(13,2013-05-14,0);
insert into Hospital.Prescribed(product_id,patient_registration_no,date_of_visit) values (2,13,'2013-05-14');
insert into Hospital.Visitation(patient_registration_no,date_of_visit,diagnosis) values (13,'2013-05-18','tmndr');
insert into Hospital.Consulted(employee_number,certification_no,patient_registration_no,date_of_visit) values(8,8112233,13,'2013-05-18');
insert into Hospital.Treated_by(patient_registration_no,date_of_visit,employee_number,treatment) values(13,2013-05-18,0);
insert into Hospital.Prescribed(product_id,patient_registration_no,date_of_visit) values (3,13,'2013-05-18');
insert into Hospital.Visitation(patient_registration_no,date_of_visit,diagnosis) values (13,'2013-09-10','qaiyp');
insert into Hospital.Consulted(employee_number,certification_no,patient_registration_no,date_of_visit) values(1,1112233,13,'2013-09-10');
insert into Hospital.Treated_by(patient_registration_no,date_of_visit,employee_number,treatment) values(13,2013-09-10,10);
insert into Hospital.Prescribed(product_id,patient_registration_no,date_of_visit) values (2,13,'2013-09-10');
insert into Hospital.Visitation(patient_registration_no,date_of_visit,diagnosis) values (13,'2013-01-03','rhqen');
insert into Hospital.Consulted(employee_number,certification_no,patient_registration_no,date_of_visit) values(2,2112233,13,'2013-01-03');
insert into Hospital.Treated_by(patient_registration_no,date_of_visit,employee_number,treatment) values(13,2013-01-03,0);
insert into Hospital.Prescribed(product_id,patient_registration_no,date_of_visit) values (11,13,'2013-01-03');
insert into Hospital.Visitation(patient_registration_no,date_of_visit,diagnosis) values (13,'2013-05-17','hnyvb');
insert into Hospital.Consulted(employee_number,certification_no,patient_registration_no,date_of_visit) values(12,12112233,13,'2013-05-17');
insert into Hospital.Treated_by(patient_registration_no,date_of_visit,employee_number,treatment) values(13,2013-05-17,0);
insert into Hospital.Prescribed(product_id,patient_registration_no,date_of_visit) values (5,13,'2013-05-17');
insert into Hospital.Patient (patient_registration_no, name, ssn, address,contact_no,emergency_contact_no) values ( 13,'bknmv',488514954,'dvsiu',64618986,85393553);
insert into Hospital.Physician (employee_number, certification_no,specialization) values ( 13,13112233,'Dermatology');
insert into Hospital.Belongs_to(employee_number,department_id) values (13,1);
insert into Hospital.Pharmaceutical_product(product_id,cost,manufacturer) values(14,643.4876061197195,'houos');
insert into Hospital.Batch(batch_id,manufacture_date,expiry_date) values (14,'2013-01-02','2013-09-13');
insert into Hospital.Production(product_id,batch_id) values (14,14);
insert into Hospital.Batch(batch_id,manufacture_date,expiry_date) values (15,'2013-01-02','2013-09-13');
insert into Hospital.Production(product_id,batch_id) values (14,15);
insert into Hospital.Batch(batch_id,manufacture_date,expiry_date) values (16,'2013-01-02','2013-09-13');
insert into Hospital.Production(product_id,batch_id) values (14,16);
insert into Hospital.Batch(batch_id,manufacture_date,expiry_date) values (17,'2013-01-02','2013-09-13');
insert into Hospital.Production(product_id,batch_id) values (14,17);
insert into Hospital.Batch(batch_id,manufacture_date,expiry_date) values (18,'2013-01-02','2013-09-13');
insert into Hospital.Production(product_id,batch_id) values (14,18);
insert into Hospital.Medicine(product_id,medicine_name,dosage) values (14,'rwtud','iepkn');
insert into Hospital.Employees (employee_number, name, location, ssn, home_address,phone_number,designation) values ( 14,'rlaov','xvyotcaszpggzbl',889331647,'gsvls',66205911,'Nurse');
insert into Hospital.Visitation(patient_registration_no,date_of_visit,diagnosis) values (14,'2013-04-01','bulsx');
insert into Hospital.Consulted(employee_number,certification_no,patient_registration_no,date_of_visit) values(12,12112233,14,'2013-04-01');
insert into Hospital.Treated_by(patient_registration_no,date_of_visit,employee_number,treatment) values(14,2013-04-01,10);
insert into Hospital.Prescribed(product_id,patient_registration_no,date_of_visit) values (14,14,'2013-04-01');
insert into Hospital.Visitation(patient_registration_no,date_of_visit,diagnosis) values (14,'2013-09-24','gqcup');
insert into Hospital.Consulted(employee_number,certification_no,patient_registration_no,date_of_visit) values(13,13112233,14,'2013-09-24');
insert into Hospital.Treated_by(patient_registration_no,date_of_visit,employee_number,treatment) values(14,2013-09-24,10);
insert into Hospital.Prescribed(product_id,patient_registration_no,date_of_visit) values (1,14,'2013-09-24');
insert into Hospital.Visitation(patient_registration_no,date_of_visit,diagnosis) values (14,'2013-04-13','jznzz');
insert into Hospital.Consulted(employee_number,certification_no,patient_registration_no,date_of_visit) values(6,6112233,14,'2013-04-13');
insert into Hospital.Treated_by(patient_registration_no,date_of_visit,employee_number,treatment) values(14,2013-04-13,10);
insert into Hospital.Prescribed(product_id,patient_registration_no,date_of_visit) values (9,14,'2013-04-13');
insert into Hospital.Visitation(patient_registration_no,date_of_visit,diagnosis) values (14,'2013-10-23','ffchz');
insert into Hospital.Consulted(employee_number,certification_no,patient_registration_no,date_of_visit) values(1,1112233,14,'2013-10-23');
insert into Hospital.Treated_by(patient_registration_no,date_of_visit,employee_number,treatment) values(14,2013-10-23,10);
insert into Hospital.Prescribed(product_id,patient_registration_no,date_of_visit) values (14,14,'2013-10-23');
insert into Hospital.Visitation(patient_registration_no,date_of_visit,diagnosis) values (14,'2013-08-24','egdwx');
insert into Hospital.Consulted(employee_number,certification_no,patient_registration_no,date_of_visit) values(1,1112233,14,'2013-08-24');
insert into Hospital.Treated_by(patient_registration_no,date_of_visit,employee_number,treatment) values(14,2013-08-24,10);
insert into Hospital.Prescribed(product_id,patient_registration_no,date_of_visit) values (10,14,'2013-08-24');
insert into Hospital.Patient (patient_registration_no, name, ssn, address,contact_no,emergency_contact_no) values ( 14,'rdcjw',443271623,'nuvjm',90390362,24639083);
insert into Hospital.Takes (employee_number,shift_name ) values ( 14,'evening');
insert into Hospital.Belongs_to(employee_number,department_id) values (14,3);
insert into Hospital.Pharmaceutical_product(product_id,cost,manufacturer) values(15,830.6658145475877,'huntv');
insert into Hospital.Medicine(product_id,medicine_name,dosage) values (15,'ixosr','hkngg');
insert into Hospital.Employees (employee_number, name, location, ssn, home_address,phone_number,designation) values ( 15,'sjfpp','cxdatobpamrnbtu',240718698,'saydt',84743921,'Nurse');
insert into Hospital.Visitation(patient_registration_no,date_of_visit,diagnosis) values (15,'2013-04-03','fdvxp');
insert into Hospital.Consulted(employee_number,certification_no,patient_registration_no,date_of_visit) values(2,2112233,15,'2013-04-03');
insert into Hospital.Treated_by(patient_registration_no,date_of_visit,employee_number,treatment) values(15,2013-04-03,10);
insert into Hospital.Prescribed(product_id,patient_registration_no,date_of_visit) values (9,15,'2013-04-03');
insert into Hospital.Visitation(patient_registration_no,date_of_visit,diagnosis) values (15,'2013-06-19','brkue');
insert into Hospital.Consulted(employee_number,certification_no,patient_registration_no,date_of_visit) values(2,2112233,15,'2013-06-19');
insert into Hospital.Treated_by(patient_registration_no,date_of_visit,employee_number,treatment) values(15,2013-06-19,10);
insert into Hospital.Prescribed(product_id,patient_registration_no,date_of_visit) values (6,15,'2013-06-19');
insert into Hospital.Visitation(patient_registration_no,date_of_visit,diagnosis) values (15,'2013-07-16','pvmbt');
insert into Hospital.Consulted(employee_number,certification_no,patient_registration_no,date_of_visit) values(9,9112233,15,'2013-07-16');
insert into Hospital.Treated_by(patient_registration_no,date_of_visit,employee_number,treatment) values(15,2013-07-16,10);
insert into Hospital.Prescribed(product_id,patient_registration_no,date_of_visit) values (8,15,'2013-07-16');
insert into Hospital.Visitation(patient_registration_no,date_of_visit,diagnosis) values (15,'2013-08-01','tbftb');
insert into Hospital.Consulted(employee_number,certification_no,patient_registration_no,date_of_visit) values(12,12112233,15,'2013-08-01');
insert into Hospital.Treated_by(patient_registration_no,date_of_visit,employee_number,treatment) values(15,2013-08-01,10);
insert into Hospital.Prescribed(product_id,patient_registration_no,date_of_visit) values (12,15,'2013-08-01');
insert into Hospital.Visitation(patient_registration_no,date_of_visit,diagnosis) values (15,'2013-08-31','bkscp');
insert into Hospital.Consulted(employee_number,certification_no,patient_registration_no,date_of_visit) values(6,6112233,15,'2013-08-31');
insert into Hospital.Treated_by(patient_registration_no,date_of_visit,employee_number,treatment) values(15,2013-08-31,10);
insert into Hospital.Prescribed(product_id,patient_registration_no,date_of_visit) values (5,15,'2013-08-31');
insert into Hospital.Patient (patient_registration_no, name, ssn, address,contact_no,emergency_contact_no) values ( 15,'fecfd',836143886,'jcjrp',90306823,76486390);
insert into Hospital.Takes (employee_number,shift_name ) values ( 15,'morning');
insert into Hospital.Belongs_to(employee_number,department_id) values (15,3);
insert into Hospital.Pharmaceutical_product(product_id,cost,manufacturer) values(16,321.17410669827274,'amysj');
insert into Hospital.Batch(batch_id,manufacture_date,expiry_date) values (16,'2013-01-14','2013-09-01');
insert into Hospital.Production(product_id,batch_id) values (16,16);
insert into Hospital.Batch(batch_id,manufacture_date,expiry_date) values (17,'2013-01-14','2013-09-01');
insert into Hospital.Production(product_id,batch_id) values (16,17);
insert into Hospital.Batch(batch_id,manufacture_date,expiry_date) values (18,'2013-01-14','2013-09-01');
insert into Hospital.Production(product_id,batch_id) values (16,18);
insert into Hospital.Batch(batch_id,manufacture_date,expiry_date) values (19,'2013-01-14','2013-09-01');
insert into Hospital.Production(product_id,batch_id) values (16,19);
insert into Hospital.Batch(batch_id,manufacture_date,expiry_date) values (20,'2013-01-14','2013-09-01');
insert into Hospital.Production(product_id,batch_id) values (16,20);
insert into Hospital.Employees (employee_number, name, location, ssn, home_address,phone_number,designation) values ( 16,'ekazb','clatdvhnvsqtomi',278055768,'mdqop',70029376,'Nurse');
insert into Hospital.Visitation(patient_registration_no,date_of_visit,diagnosis) values (16,'2013-06-16','acqgx');
insert into Hospital.Consulted(employee_number,certification_no,patient_registration_no,date_of_visit) values(2,2112233,16,'2013-06-16');
insert into Hospital.Treated_by(patient_registration_no,date_of_visit,employee_number,treatment) values(16,2013-06-16,0);
insert into Hospital.Prescribed(product_id,patient_registration_no,date_of_visit) values (9,16,'2013-06-16');
insert into Hospital.Visitation(patient_registration_no,date_of_visit,diagnosis) values (16,'2013-07-31','mqxgw');
insert into Hospital.Consulted(employee_number,certification_no,patient_registration_no,date_of_visit) values(2,2112233,16,'2013-07-31');
insert into Hospital.Treated_by(patient_registration_no,date_of_visit,employee_number,treatment) values(16,2013-07-31,0);
insert into Hospital.Prescribed(product_id,patient_registration_no,date_of_visit) values (6,16,'2013-07-31');
insert into Hospital.Visitation(patient_registration_no,date_of_visit,diagnosis) values (16,'2013-02-18','jedbf');
insert into Hospital.Consulted(employee_number,certification_no,patient_registration_no,date_of_visit) values(9,9112233,16,'2013-02-18');
insert into Hospital.Treated_by(patient_registration_no,date_of_visit,employee_number,treatment) values(16,2013-02-18,0);
insert into Hospital.Prescribed(product_id,patient_registration_no,date_of_visit) values (15,16,'2013-02-18');
insert into Hospital.Visitation(patient_registration_no,date_of_visit,diagnosis) values (16,'2013-03-14','tuhxl');
insert into Hospital.Consulted(employee_number,certification_no,patient_registration_no,date_of_visit) values(6,6112233,16,'2013-03-14');
insert into Hospital.Treated_by(patient_registration_no,date_of_visit,employee_number,treatment) values(16,2013-03-14,0);
insert into Hospital.Prescribed(product_id,patient_registration_no,date_of_visit) values (8,16,'2013-03-14');
insert into Hospital.Visitation(patient_registration_no,date_of_visit,diagnosis) values (16,'2013-10-19','ywllj');
insert into Hospital.Consulted(employee_number,certification_no,patient_registration_no,date_of_visit) values(12,12112233,16,'2013-10-19');
insert into Hospital.Treated_by(patient_registration_no,date_of_visit,employee_number,treatment) values(16,2013-10-19,10);
insert into Hospital.Prescribed(product_id,patient_registration_no,date_of_visit) values (9,16,'2013-10-19');
insert into Hospital.Patient (patient_registration_no, name, ssn, address,contact_no,emergency_contact_no) values ( 16,'megyy',536888523,'qmetg',87210454,83764121);
insert into Hospital.Takes (employee_number,shift_name ) values ( 16,'evening');
insert into Hospital.Belongs_to(employee_number,department_id) values (16,3);
insert into Hospital.Pharmaceutical_product(product_id,cost,manufacturer) values(17,552.6156365134988,'lhpic');
insert into Hospital.Employees (employee_number, name, location, ssn, home_address,phone_number,designation) values ( 17,'xhtju','oahwsowkqfowups',854488030,'thikc',25877384,'Administration');
insert into Hospital.Visitation(patient_registration_no,date_of_visit,diagnosis) values (17,'2013-03-01','mdxhl');
insert into Hospital.Consulted(employee_number,certification_no,patient_registration_no,date_of_visit) values(12,12112233,17,'2013-03-01');
insert into Hospital.Treated_by(patient_registration_no,date_of_visit,employee_number,treatment) values(17,2013-03-01,10);
insert into Hospital.Prescribed(product_id,patient_registration_no,date_of_visit) values (7,17,'2013-03-01');
insert into Hospital.Visitation(patient_registration_no,date_of_visit,diagnosis) values (17,'2013-01-05','luqpg');
insert into Hospital.Consulted(employee_number,certification_no,patient_registration_no,date_of_visit) values(6,6112233,17,'2013-01-05');
insert into Hospital.Treated_by(patient_registration_no,date_of_visit,employee_number,treatment) values(17,2013-01-05,10);
insert into Hospital.Prescribed(product_id,patient_registration_no,date_of_visit) values (9,17,'2013-01-05');
insert into Hospital.Visitation(patient_registration_no,date_of_visit,diagnosis) values (17,'2013-07-16','adexs');
insert into Hospital.Consulted(employee_number,certification_no,patient_registration_no,date_of_visit) values(2,2112233,17,'2013-07-16');
insert into Hospital.Treated_by(patient_registration_no,date_of_visit,employee_number,treatment) values(17,2013-07-16,0);
insert into Hospital.Prescribed(product_id,patient_registration_no,date_of_visit) values (5,17,'2013-07-16');
insert into Hospital.Visitation(patient_registration_no,date_of_visit,diagnosis) values (17,'2013-02-20','fhsve');
insert into Hospital.Consulted(employee_number,certification_no,patient_registration_no,date_of_visit) values(9,9112233,17,'2013-02-20');
insert into Hospital.Treated_by(patient_registration_no,date_of_visit,employee_number,treatment) values(17,2013-02-20,0);
insert into Hospital.Prescribed(product_id,patient_registration_no,date_of_visit) values (10,17,'2013-02-20');
insert into Hospital.Visitation(patient_registration_no,date_of_visit,diagnosis) values (17,'2013-05-27','lnwhx');
insert into Hospital.Consulted(employee_number,certification_no,patient_registration_no,date_of_visit) values(1,1112233,17,'2013-05-27');
insert into Hospital.Treated_by(patient_registration_no,date_of_visit,employee_number,treatment) values(17,2013-05-27,10);
insert into Hospital.Prescribed(product_id,patient_registration_no,date_of_visit) values (12,17,'2013-05-27');
insert into Hospital.Patient (patient_registration_no, name, ssn, address,contact_no,emergency_contact_no) values ( 17,'gclbr',829340874,'zohii',73462381,22056419);
insert into Hospital.Belongs_to(employee_number,department_id) values (17,2);
insert into Hospital.Pharmaceutical_product(product_id,cost,manufacturer) values(18,430.8452337026208,'nvmye');
insert into Hospital.Medicine(product_id,medicine_name,dosage) values (18,'irehl','mdacu');
insert into Hospital.Employees (employee_number, name, location, ssn, home_address,phone_number,designation) values ( 18,'xxpfi','snpysyymuddmeip',52998187,'qohbh',42607251,'Radiology');
insert into Hospital.Visitation(patient_registration_no,date_of_visit,diagnosis) values (18,'2013-04-06','qwgeb');
insert into Hospital.Consulted(employee_number,certification_no,patient_registration_no,date_of_visit) values(12,12112233,18,'2013-04-06');
insert into Hospital.Treated_by(patient_registration_no,date_of_visit,employee_number,treatment) values(18,2013-04-06,10);
insert into Hospital.Prescribed(product_id,patient_registration_no,date_of_visit) values (14,18,'2013-04-06');
insert into Hospital.Visitation(patient_registration_no,date_of_visit,diagnosis) values (18,'2013-05-11','jiaqd');
insert into Hospital.Consulted(employee_number,certification_no,patient_registration_no,date_of_visit) values(8,8112233,18,'2013-05-11');
insert into Hospital.Treated_by(patient_registration_no,date_of_visit,employee_number,treatment) values(18,2013-05-11,10);
insert into Hospital.Prescribed(product_id,patient_registration_no,date_of_visit) values (11,18,'2013-05-11');
insert into Hospital.Visitation(patient_registration_no,date_of_visit,diagnosis) values (18,'2013-09-27','hulkg');
insert into Hospital.Consulted(employee_number,certification_no,patient_registration_no,date_of_visit) values(9,9112233,18,'2013-09-27');
insert into Hospital.Treated_by(patient_registration_no,date_of_visit,employee_number,treatment) values(18,2013-09-27,0);
insert into Hospital.Prescribed(product_id,patient_registration_no,date_of_visit) values (5,18,'2013-09-27');
insert into Hospital.Visitation(patient_registration_no,date_of_visit,diagnosis) values (18,'2013-09-07','dojjn');
insert into Hospital.Consulted(employee_number,certification_no,patient_registration_no,date_of_visit) values(2,2112233,18,'2013-09-07');
insert into Hospital.Treated_by(patient_registration_no,date_of_visit,employee_number,treatment) values(18,2013-09-07,10);
insert into Hospital.Prescribed(product_id,patient_registration_no,date_of_visit) values (10,18,'2013-09-07');
insert into Hospital.Visitation(patient_registration_no,date_of_visit,diagnosis) values (18,'2013-01-14','ciohu');
insert into Hospital.Consulted(employee_number,certification_no,patient_registration_no,date_of_visit) values(8,8112233,18,'2013-01-14');
insert into Hospital.Treated_by(patient_registration_no,date_of_visit,employee_number,treatment) values(18,2013-01-14,10);
insert into Hospital.Prescribed(product_id,patient_registration_no,date_of_visit) values (5,18,'2013-01-14');
insert into Hospital.Patient (patient_registration_no, name, ssn, address,contact_no,emergency_contact_no) values ( 18,'fejvm',807580717,'ocavb',75467546,29403543);
insert into Hospital.Takes (employee_number,shift_name ) values ( 18,'morning');
insert into Hospital.Belongs_to(employee_number,department_id) values (18,3);
insert into Hospital.Pharmaceutical_product(product_id,cost,manufacturer) values(19,60.92325447244364,'jgecr');
insert into Hospital.Medicine(product_id,medicine_name,dosage) values (19,'lwsum','jtjoq');
insert into Hospital.Employees (employee_number, name, location, ssn, home_address,phone_number,designation) values ( 19,'dtmwb','tivgqakadptlahm',934200874,'yhhar',56057712,'Radiology');
insert into Hospital.Visitation(patient_registration_no,date_of_visit,diagnosis) values (19,'2013-03-18','tibbz');
insert into Hospital.Consulted(employee_number,certification_no,patient_registration_no,date_of_visit) values(1,1112233,19,'2013-03-18');
insert into Hospital.Treated_by(patient_registration_no,date_of_visit,employee_number,treatment) values(19,2013-03-18,0);
insert into Hospital.Prescribed(product_id,patient_registration_no,date_of_visit) values (3,19,'2013-03-18');
insert into Hospital.Visitation(patient_registration_no,date_of_visit,diagnosis) values (19,'2013-10-12','bjpvm');
insert into Hospital.Consulted(employee_number,certification_no,patient_registration_no,date_of_visit) values(8,8112233,19,'2013-10-12');
insert into Hospital.Treated_by(patient_registration_no,date_of_visit,employee_number,treatment) values(19,2013-10-12,10);
insert into Hospital.Prescribed(product_id,patient_registration_no,date_of_visit) values (11,19,'2013-10-12');
insert into Hospital.Visitation(patient_registration_no,date_of_visit,diagnosis) values (19,'2013-02-01','xxauf');
insert into Hospital.Consulted(employee_number,certification_no,patient_registration_no,date_of_visit) values(13,13112233,19,'2013-02-01');
insert into Hospital.Treated_by(patient_registration_no,date_of_visit,employee_number,treatment) values(19,2013-02-01,10);
insert into Hospital.Prescribed(product_id,patient_registration_no,date_of_visit) values (10,19,'2013-02-01');
insert into Hospital.Visitation(patient_registration_no,date_of_visit,diagnosis) values (19,'2013-09-19','lxfqm');
insert into Hospital.Consulted(employee_number,certification_no,patient_registration_no,date_of_visit) values(2,2112233,19,'2013-09-19');
insert into Hospital.Treated_by(patient_registration_no,date_of_visit,employee_number,treatment) values(19,2013-09-19,18);
insert into Hospital.Prescribed(product_id,patient_registration_no,date_of_visit) values (12,19,'2013-09-19');
insert into Hospital.Visitation(patient_registration_no,date_of_visit,diagnosis) values (19,'2013-09-02','aumda');
insert into Hospital.Consulted(employee_number,certification_no,patient_registration_no,date_of_visit) values(8,8112233,19,'2013-09-02');
insert into Hospital.Treated_by(patient_registration_no,date_of_visit,employee_number,treatment) values(19,2013-09-02,18);
insert into Hospital.Prescribed(product_id,patient_registration_no,date_of_visit) values (14,19,'2013-09-02');
insert into Hospital.Patient (patient_registration_no, name, ssn, address,contact_no,emergency_contact_no) values ( 19,'jfhlp',26115866,'qarlj',54680811,68844395);
insert into Hospital.Takes (employee_number,shift_name ) values ( 19,'morning');
insert into Hospital.Belongs_to(employee_number,department_id) values (19,3);
insert into Hospital.Pharmaceutical_product(product_id,cost,manufacturer) values(20,512.1052675677223,'irowo');
insert into Hospital.Batch(batch_id,manufacture_date,expiry_date) values (20,'2013-05-15','2013-07-02');
insert into Hospital.Production(product_id,batch_id) values (20,20);
insert into Hospital.Batch(batch_id,manufacture_date,expiry_date) values (21,'2013-05-15','2013-07-02');
insert into Hospital.Production(product_id,batch_id) values (20,21);
insert into Hospital.Batch(batch_id,manufacture_date,expiry_date) values (22,'2013-05-15','2013-07-02');
insert into Hospital.Production(product_id,batch_id) values (20,22);
insert into Hospital.Batch(batch_id,manufacture_date,expiry_date) values (23,'2013-05-15','2013-07-02');
insert into Hospital.Production(product_id,batch_id) values (20,23);
insert into Hospital.Batch(batch_id,manufacture_date,expiry_date) values (24,'2013-05-15','2013-07-02');
insert into Hospital.Production(product_id,batch_id) values (20,24);
insert into Hospital.Medicine(product_id,medicine_name,dosage) values (20,'hvmmh','qdbxd');
insert into Hospital.Employees (employee_number, name, location, ssn, home_address,phone_number,designation) values ( 20,'lplru','ywfajgdomrddgae',225868675,'bgrte',93147753,'Nurse');
insert into Hospital.Visitation(patient_registration_no,date_of_visit,diagnosis) values (20,'2013-09-22','ibvuy');
insert into Hospital.Consulted(employee_number,certification_no,patient_registration_no,date_of_visit) values(12,12112233,20,'2013-09-22');
insert into Hospital.Treated_by(patient_registration_no,date_of_visit,employee_number,treatment) values(20,2013-09-22,18);
insert into Hospital.Prescribed(product_id,patient_registration_no,date_of_visit) values (20,20,'2013-09-22');
insert into Hospital.Visitation(patient_registration_no,date_of_visit,diagnosis) values (20,'2013-03-02','cnzam');
insert into Hospital.Consulted(employee_number,certification_no,patient_registration_no,date_of_visit) values(9,9112233,20,'2013-03-02');
insert into Hospital.Treated_by(patient_registration_no,date_of_visit,employee_number,treatment) values(20,2013-03-02,18);
insert into Hospital.Prescribed(product_id,patient_registration_no,date_of_visit) values (7,20,'2013-03-02');
insert into Hospital.Visitation(patient_registration_no,date_of_visit,diagnosis) values (20,'2013-10-02','odqxg');
insert into Hospital.Consulted(employee_number,certification_no,patient_registration_no,date_of_visit) values(8,8112233,20,'2013-10-02');
insert into Hospital.Treated_by(patient_registration_no,date_of_visit,employee_number,treatment) values(20,2013-10-02,18);
insert into Hospital.Prescribed(product_id,patient_registration_no,date_of_visit) values (2,20,'2013-10-02');
insert into Hospital.Visitation(patient_registration_no,date_of_visit,diagnosis) values (20,'2013-10-10','kuqwh');
insert into Hospital.Consulted(employee_number,certification_no,patient_registration_no,date_of_visit) values(6,6112233,20,'2013-10-10');
insert into Hospital.Treated_by(patient_registration_no,date_of_visit,employee_number,treatment) values(20,2013-10-10,0);
insert into Hospital.Prescribed(product_id,patient_registration_no,date_of_visit) values (19,20,'2013-10-10');
insert into Hospital.Visitation(patient_registration_no,date_of_visit,diagnosis) values (20,'2013-09-13','tpmut');
insert into Hospital.Consulted(employee_number,certification_no,patient_registration_no,date_of_visit) values(6,6112233,20,'2013-09-13');
insert into Hospital.Treated_by(patient_registration_no,date_of_visit,employee_number,treatment) values(20,2013-09-13,0);
insert into Hospital.Prescribed(product_id,patient_registration_no,date_of_visit) values (6,20,'2013-09-13');
insert into Hospital.Patient (patient_registration_no, name, ssn, address,contact_no,emergency_contact_no) values ( 20,'akilo',75878698,'mkpaj',20294032,14600548);
insert into Hospital.Takes (employee_number,shift_name ) values ( 20,'morning');
insert into Hospital.Belongs_to(employee_number,department_id) values (20,3);
insert into Hospital.Pharmaceutical_product(product_id,cost,manufacturer) values(21,657.0820053219788,'jbmrx');
insert into Hospital.Medicine(product_id,medicine_name,dosage) values (21,'kvobk','jhtve');
insert into Hospital.Employees (employee_number, name, location, ssn, home_address,phone_number,designation) values ( 21,'hmxnw','qhhqwyftucpgxzt',389849893,'ptuvj',62565739,'Doctor');
insert into Hospital.Visitation(patient_registration_no,date_of_visit,diagnosis) values (21,'2013-03-06','xppkp');
insert into Hospital.Consulted(employee_number,certification_no,patient_registration_no,date_of_visit) values(13,13112233,21,'2013-03-06');
insert into Hospital.Treated_by(patient_registration_no,date_of_visit,employee_number,treatment) values(21,2013-03-06,0);
insert into Hospital.Prescribed(product_id,patient_registration_no,date_of_visit) values (11,21,'2013-03-06');
insert into Hospital.Visitation(patient_registration_no,date_of_visit,diagnosis) values (21,'2013-10-03','tmwgs');
insert into Hospital.Consulted(employee_number,certification_no,patient_registration_no,date_of_visit) values(9,9112233,21,'2013-10-03');
insert into Hospital.Treated_by(patient_registration_no,date_of_visit,employee_number,treatment) values(21,2013-10-03,19);
insert into Hospital.Prescribed(product_id,patient_registration_no,date_of_visit) values (15,21,'2013-10-03');
insert into Hospital.Visitation(patient_registration_no,date_of_visit,diagnosis) values (21,'2013-02-01','ualqn');
insert into Hospital.Consulted(employee_number,certification_no,patient_registration_no,date_of_visit) values(12,12112233,21,'2013-02-01');
insert into Hospital.Treated_by(patient_registration_no,date_of_visit,employee_number,treatment) values(21,2013-02-01,19);
insert into Hospital.Prescribed(product_id,patient_registration_no,date_of_visit) values (20,21,'2013-02-01');
insert into Hospital.Visitation(patient_registration_no,date_of_visit,diagnosis) values (21,'2013-04-10','xtrhl');
insert into Hospital.Consulted(employee_number,certification_no,patient_registration_no,date_of_visit) values(2,2112233,21,'2013-04-10');
insert into Hospital.Treated_by(patient_registration_no,date_of_visit,employee_number,treatment) values(21,2013-04-10,19);
insert into Hospital.Prescribed(product_id,patient_registration_no,date_of_visit) values (21,21,'2013-04-10');
insert into Hospital.Visitation(patient_registration_no,date_of_visit,diagnosis) values (21,'2013-04-28','tatoa');
insert into Hospital.Consulted(employee_number,certification_no,patient_registration_no,date_of_visit) values(6,6112233,21,'2013-04-28');
insert into Hospital.Treated_by(patient_registration_no,date_of_visit,employee_number,treatment) values(21,2013-04-28,10);
insert into Hospital.Prescribed(product_id,patient_registration_no,date_of_visit) values (6,21,'2013-04-28');
insert into Hospital.Patient (patient_registration_no, name, ssn, address,contact_no,emergency_contact_no) values ( 21,'ztwtp',365872853,'hciau',23790455,11657903);
insert into Hospital.Physician (employee_number, certification_no,specialization) values ( 21,21112233,'Dermatology');
insert into Hospital.Belongs_to(employee_number,department_id) values (21,1);
insert into Hospital.Pharmaceutical_product(product_id,cost,manufacturer) values(22,642.5521426052502,'kdmws');
insert into Hospital.Batch(batch_id,manufacture_date,expiry_date) values (22,'2013-03-04','2013-08-15');
insert into Hospital.Production(product_id,batch_id) values (22,22);
insert into Hospital.Batch(batch_id,manufacture_date,expiry_date) values (23,'2013-03-04','2013-08-15');
insert into Hospital.Production(product_id,batch_id) values (22,23);
insert into Hospital.Batch(batch_id,manufacture_date,expiry_date) values (24,'2013-03-04','2013-08-15');
insert into Hospital.Production(product_id,batch_id) values (22,24);
insert into Hospital.Batch(batch_id,manufacture_date,expiry_date) values (25,'2013-03-04','2013-08-15');
insert into Hospital.Production(product_id,batch_id) values (22,25);
insert into Hospital.Batch(batch_id,manufacture_date,expiry_date) values (26,'2013-03-04','2013-08-15');
insert into Hospital.Production(product_id,batch_id) values (22,26);
insert into Hospital.Employees (employee_number, name, location, ssn, home_address,phone_number,designation) values ( 22,'ndbij','bzwptfcejiofjdf',623663366,'grqgz',87565817,'Nurse');
insert into Hospital.Visitation(patient_registration_no,date_of_visit,diagnosis) values (22,'2013-07-09','frjqj');
insert into Hospital.Consulted(employee_number,certification_no,patient_registration_no,date_of_visit) values(1,1112233,22,'2013-07-09');
insert into Hospital.Treated_by(patient_registration_no,date_of_visit,employee_number,treatment) values(22,2013-07-09,18);
insert into Hospital.Prescribed(product_id,patient_registration_no,date_of_visit) values (12,22,'2013-07-09');
insert into Hospital.Visitation(patient_registration_no,date_of_visit,diagnosis) values (22,'2013-06-15','tkwqz');
insert into Hospital.Consulted(employee_number,certification_no,patient_registration_no,date_of_visit) values(9,9112233,22,'2013-06-15');
insert into Hospital.Treated_by(patient_registration_no,date_of_visit,employee_number,treatment) values(22,2013-06-15,19);
insert into Hospital.Prescribed(product_id,patient_registration_no,date_of_visit) values (2,22,'2013-06-15');
insert into Hospital.Visitation(patient_registration_no,date_of_visit,diagnosis) values (22,'2013-08-20','eicuo');
insert into Hospital.Consulted(employee_number,certification_no,patient_registration_no,date_of_visit) values(9,9112233,22,'2013-08-20');
insert into Hospital.Treated_by(patient_registration_no,date_of_visit,employee_number,treatment) values(22,2013-08-20,19);
insert into Hospital.Prescribed(product_id,patient_registration_no,date_of_visit) values (18,22,'2013-08-20');
insert into Hospital.Visitation(patient_registration_no,date_of_visit,diagnosis) values (22,'2013-02-06','wkfyq');
insert into Hospital.Consulted(employee_number,certification_no,patient_registration_no,date_of_visit) values(1,1112233,22,'2013-02-06');
insert into Hospital.Treated_by(patient_registration_no,date_of_visit,employee_number,treatment) values(22,2013-02-06,10);
insert into Hospital.Prescribed(product_id,patient_registration_no,date_of_visit) values (2,22,'2013-02-06');
insert into Hospital.Visitation(patient_registration_no,date_of_visit,diagnosis) values (22,'2013-03-26','fvibh');
insert into Hospital.Consulted(employee_number,certification_no,patient_registration_no,date_of_visit) values(6,6112233,22,'2013-03-26');
insert into Hospital.Treated_by(patient_registration_no,date_of_visit,employee_number,treatment) values(22,2013-03-26,19);
insert into Hospital.Prescribed(product_id,patient_registration_no,date_of_visit) values (19,22,'2013-03-26');
insert into Hospital.Patient (patient_registration_no, name, ssn, address,contact_no,emergency_contact_no) values ( 22,'frsnb',741567698,'fstro',95994247,20952528);
insert into Hospital.Takes (employee_number,shift_name ) values ( 22,'night');
insert into Hospital.Belongs_to(employee_number,department_id) values (22,3);
insert into Hospital.Pharmaceutical_product(product_id,cost,manufacturer) values(23,231.83895235492477,'dqjcn');
insert into Hospital.Batch(batch_id,manufacture_date,expiry_date) values (23,'2013-04-08','2013-10-24');
insert into Hospital.Production(product_id,batch_id) values (23,23);
insert into Hospital.Batch(batch_id,manufacture_date,expiry_date) values (24,'2013-04-08','2013-10-24');
insert into Hospital.Production(product_id,batch_id) values (23,24);
insert into Hospital.Batch(batch_id,manufacture_date,expiry_date) values (25,'2013-04-08','2013-10-24');
insert into Hospital.Production(product_id,batch_id) values (23,25);
insert into Hospital.Batch(batch_id,manufacture_date,expiry_date) values (26,'2013-04-08','2013-10-24');
insert into Hospital.Production(product_id,batch_id) values (23,26);
insert into Hospital.Batch(batch_id,manufacture_date,expiry_date) values (27,'2013-04-08','2013-10-24');
insert into Hospital.Production(product_id,batch_id) values (23,27);
insert into Hospital.Medicine(product_id,medicine_name,dosage) values (23,'jqqdd','yfhsk');
insert into Hospital.Employees (employee_number, name, location, ssn, home_address,phone_number,designation) values ( 23,'cnxam','ypculpmxntjxusq',697968759,'nzshv',33011456,'Doctor');
insert into Hospital.Visitation(patient_registration_no,date_of_visit,diagnosis) values (23,'2013-07-20','bcqjz');
insert into Hospital.Consulted(employee_number,certification_no,patient_registration_no,date_of_visit) values(8,8112233,23,'2013-07-20');
insert into Hospital.Treated_by(patient_registration_no,date_of_visit,employee_number,treatment) values(23,2013-07-20,10);
insert into Hospital.Prescribed(product_id,patient_registration_no,date_of_visit) values (18,23,'2013-07-20');
insert into Hospital.Visitation(patient_registration_no,date_of_visit,diagnosis) values (23,'2013-06-10','xjvdk');
insert into Hospital.Consulted(employee_number,certification_no,patient_registration_no,date_of_visit) values(21,21112233,23,'2013-06-10');
insert into Hospital.Treated_by(patient_registration_no,date_of_visit,employee_number,treatment) values(23,2013-06-10,18);
insert into Hospital.Prescribed(product_id,patient_registration_no,date_of_visit) values (10,23,'2013-06-10');
insert into Hospital.Visitation(patient_registration_no,date_of_visit,diagnosis) values (23,'2013-03-24','ocsmt');
insert into Hospital.Consulted(employee_number,certification_no,patient_registration_no,date_of_visit) values(8,8112233,23,'2013-03-24');
insert into Hospital.Treated_by(patient_registration_no,date_of_visit,employee_number,treatment) values(23,2013-03-24,18);
insert into Hospital.Prescribed(product_id,patient_registration_no,date_of_visit) values (1,23,'2013-03-24');
insert into Hospital.Visitation(patient_registration_no,date_of_visit,diagnosis) values (23,'2013-06-28','hlzwa');
insert into Hospital.Consulted(employee_number,certification_no,patient_registration_no,date_of_visit) values(1,1112233,23,'2013-06-28');
insert into Hospital.Treated_by(patient_registration_no,date_of_visit,employee_number,treatment) values(23,2013-06-28,10);
insert into Hospital.Prescribed(product_id,patient_registration_no,date_of_visit) values (18,23,'2013-06-28');
insert into Hospital.Visitation(patient_registration_no,date_of_visit,diagnosis) values (23,'2013-05-25','teuew');
insert into Hospital.Consulted(employee_number,certification_no,patient_registration_no,date_of_visit) values(12,12112233,23,'2013-05-25');
insert into Hospital.Treated_by(patient_registration_no,date_of_visit,employee_number,treatment) values(23,2013-05-25,18);
insert into Hospital.Prescribed(product_id,patient_registration_no,date_of_visit) values (5,23,'2013-05-25');
insert into Hospital.Patient (patient_registration_no, name, ssn, address,contact_no,emergency_contact_no) values ( 23,'azjyt',961464173,'qvimu',71296648,70090777);
insert into Hospital.Physician (employee_number, certification_no,specialization) values ( 23,23112233,'Cardiology');
insert into Hospital.Belongs_to(employee_number,department_id) values (23,1);
insert into Hospital.Pharmaceutical_product(product_id,cost,manufacturer) values(24,304.61236908662516,'fpgsm');
insert into Hospital.Batch(batch_id,manufacture_date,expiry_date) values (24,'2013-03-04','2013-09-24');
insert into Hospital.Production(product_id,batch_id) values (24,24);
insert into Hospital.Batch(batch_id,manufacture_date,expiry_date) values (25,'2013-03-04','2013-09-24');
insert into Hospital.Production(product_id,batch_id) values (24,25);
insert into Hospital.Batch(batch_id,manufacture_date,expiry_date) values (26,'2013-03-04','2013-09-24');
insert into Hospital.Production(product_id,batch_id) values (24,26);
insert into Hospital.Batch(batch_id,manufacture_date,expiry_date) values (27,'2013-03-04','2013-09-24');
insert into Hospital.Production(product_id,batch_id) values (24,27);
insert into Hospital.Batch(batch_id,manufacture_date,expiry_date) values (28,'2013-03-04','2013-09-24');
insert into Hospital.Production(product_id,batch_id) values (24,28);
insert into Hospital.Medicine(product_id,medicine_name,dosage) values (24,'xnjkd','nnqxc');
insert into Hospital.Employees (employee_number, name, location, ssn, home_address,phone_number,designation) values ( 24,'tgfjt','iyejyspytjcoemh',148511010,'yyzec',45877470,'Administration');
insert into Hospital.Visitation(patient_registration_no,date_of_visit,diagnosis) values (24,'2013-07-01','nroun');
insert into Hospital.Consulted(employee_number,certification_no,patient_registration_no,date_of_visit) values(23,23112233,24,'2013-07-01');
insert into Hospital.Treated_by(patient_registration_no,date_of_visit,employee_number,treatment) values(24,2013-07-01,0);
insert into Hospital.Prescribed(product_id,patient_registration_no,date_of_visit) values (18,24,'2013-07-01');
insert into Hospital.Visitation(patient_registration_no,date_of_visit,diagnosis) values (24,'2013-08-18','bvyod');
insert into Hospital.Consulted(employee_number,certification_no,patient_registration_no,date_of_visit) values(9,9112233,24,'2013-08-18');
insert into Hospital.Treated_by(patient_registration_no,date_of_visit,employee_number,treatment) values(24,2013-08-18,0);
insert into Hospital.Prescribed(product_id,patient_registration_no,date_of_visit) values (20,24,'2013-08-18');
insert into Hospital.Visitation(patient_registration_no,date_of_visit,diagnosis) values (24,'2013-06-21','gowad');
insert into Hospital.Consulted(employee_number,certification_no,patient_registration_no,date_of_visit) values(9,9112233,24,'2013-06-21');
insert into Hospital.Treated_by(patient_registration_no,date_of_visit,employee_number,treatment) values(24,2013-06-21,19);
insert into Hospital.Prescribed(product_id,patient_registration_no,date_of_visit) values (20,24,'2013-06-21');
insert into Hospital.Visitation(patient_registration_no,date_of_visit,diagnosis) values (24,'2013-06-03','ncmzj');
insert into Hospital.Consulted(employee_number,certification_no,patient_registration_no,date_of_visit) values(21,21112233,24,'2013-06-03');
insert into Hospital.Treated_by(patient_registration_no,date_of_visit,employee_number,treatment) values(24,2013-06-03,19);
insert into Hospital.Prescribed(product_id,patient_registration_no,date_of_visit) values (10,24,'2013-06-03');
insert into Hospital.Visitation(patient_registration_no,date_of_visit,diagnosis) values (24,'2013-08-09','hvznb');
insert into Hospital.Consulted(employee_number,certification_no,patient_registration_no,date_of_visit) values(8,8112233,24,'2013-08-09');
insert into Hospital.Treated_by(patient_registration_no,date_of_visit,employee_number,treatment) values(24,2013-08-09,10);
insert into Hospital.Prescribed(product_id,patient_registration_no,date_of_visit) values (18,24,'2013-08-09');
insert into Hospital.Patient (patient_registration_no, name, ssn, address,contact_no,emergency_contact_no) values ( 24,'vxmts',345850889,'tbqdo',47527361,72490821);
insert into Hospital.Belongs_to(employee_number,department_id) values (24,2);
insert into Hospital.Pharmaceutical_product(product_id,cost,manufacturer) values(25,51.57268426893823,'aeyiw');
insert into Hospital.Batch(batch_id,manufacture_date,expiry_date) values (25,'2013-03-30','2013-10-09');
insert into Hospital.Production(product_id,batch_id) values (25,25);
insert into Hospital.Batch(batch_id,manufacture_date,expiry_date) values (26,'2013-03-30','2013-10-09');
insert into Hospital.Production(product_id,batch_id) values (25,26);
insert into Hospital.Batch(batch_id,manufacture_date,expiry_date) values (27,'2013-03-30','2013-10-09');
insert into Hospital.Production(product_id,batch_id) values (25,27);
insert into Hospital.Batch(batch_id,manufacture_date,expiry_date) values (28,'2013-03-30','2013-10-09');
insert into Hospital.Production(product_id,batch_id) values (25,28);
insert into Hospital.Batch(batch_id,manufacture_date,expiry_date) values (29,'2013-03-30','2013-10-09');
insert into Hospital.Production(product_id,batch_id) values (25,29);
insert into Hospital.Employees (employee_number, name, location, ssn, home_address,phone_number,designation) values ( 25,'ideod','bmdaoahzajsgwsk',383036855,'hvhsg',80812157,'Administration');
insert into Hospital.Visitation(patient_registration_no,date_of_visit,diagnosis) values (25,'2013-05-10','vixfe');
insert into Hospital.Consulted(employee_number,certification_no,patient_registration_no,date_of_visit) values(13,13112233,25,'2013-05-10');
insert into Hospital.Treated_by(patient_registration_no,date_of_visit,employee_number,treatment) values(25,2013-05-10,10);
insert into Hospital.Prescribed(product_id,patient_registration_no,date_of_visit) values (19,25,'2013-05-10');
insert into Hospital.Visitation(patient_registration_no,date_of_visit,diagnosis) values (25,'2013-07-09','kdcdu');
insert into Hospital.Consulted(employee_number,certification_no,patient_registration_no,date_of_visit) values(12,12112233,25,'2013-07-09');
insert into Hospital.Treated_by(patient_registration_no,date_of_visit,employee_number,treatment) values(25,2013-07-09,19);
insert into Hospital.Prescribed(product_id,patient_registration_no,date_of_visit) values (14,25,'2013-07-09');
insert into Hospital.Visitation(patient_registration_no,date_of_visit,diagnosis) values (25,'2013-03-14','qayhi');
insert into Hospital.Consulted(employee_number,certification_no,patient_registration_no,date_of_visit) values(8,8112233,25,'2013-03-14');
insert into Hospital.Treated_by(patient_registration_no,date_of_visit,employee_number,treatment) values(25,2013-03-14,10);
insert into Hospital.Prescribed(product_id,patient_registration_no,date_of_visit) values (24,25,'2013-03-14');
insert into Hospital.Visitation(patient_registration_no,date_of_visit,diagnosis) values (25,'2013-03-03','kbmsc');
insert into Hospital.Consulted(employee_number,certification_no,patient_registration_no,date_of_visit) values(13,13112233,25,'2013-03-03');
insert into Hospital.Treated_by(patient_registration_no,date_of_visit,employee_number,treatment) values(25,2013-03-03,0);
insert into Hospital.Prescribed(product_id,patient_registration_no,date_of_visit) values (11,25,'2013-03-03');
insert into Hospital.Visitation(patient_registration_no,date_of_visit,diagnosis) values (25,'2013-09-27','foveo');
insert into Hospital.Consulted(employee_number,certification_no,patient_registration_no,date_of_visit) values(21,21112233,25,'2013-09-27');
insert into Hospital.Treated_by(patient_registration_no,date_of_visit,employee_number,treatment) values(25,2013-09-27,0);
insert into Hospital.Prescribed(product_id,patient_registration_no,date_of_visit) values (23,25,'2013-09-27');
insert into Hospital.Patient (patient_registration_no, name, ssn, address,contact_no,emergency_contact_no) values ( 25,'vkzom',881434505,'cwmao',83350794,39218835);
insert into Hospital.Belongs_to(employee_number,department_id) values (25,2);
insert into Hospital.Pharmaceutical_product(product_id,cost,manufacturer) values(26,62.16723914355985,'xyndo');
insert into Hospital.Batch(batch_id,manufacture_date,expiry_date) values (26,'2013-07-06','2013-07-18');
insert into Hospital.Production(product_id,batch_id) values (26,26);
insert into Hospital.Batch(batch_id,manufacture_date,expiry_date) values (27,'2013-07-06','2013-07-18');
insert into Hospital.Production(product_id,batch_id) values (26,27);
insert into Hospital.Batch(batch_id,manufacture_date,expiry_date) values (28,'2013-07-06','2013-07-18');
insert into Hospital.Production(product_id,batch_id) values (26,28);
insert into Hospital.Batch(batch_id,manufacture_date,expiry_date) values (29,'2013-07-06','2013-07-18');
insert into Hospital.Production(product_id,batch_id) values (26,29);
insert into Hospital.Batch(batch_id,manufacture_date,expiry_date) values (30,'2013-07-06','2013-07-18');
insert into Hospital.Production(product_id,batch_id) values (26,30);
insert into Hospital.Medicine(product_id,medicine_name,dosage) values (26,'ffahg','uwohb');
insert into Hospital.Employees (employee_number, name, location, ssn, home_address,phone_number,designation) values ( 26,'mtulc','cemcwfhdwfdwypt',363871317,'dnper',12171167,'Radiology');
insert into Hospital.Visitation(patient_registration_no,date_of_visit,diagnosis) values (26,'2013-04-22','gtqrb');
insert into Hospital.Consulted(employee_number,certification_no,patient_registration_no,date_of_visit) values(23,23112233,26,'2013-04-22');
insert into Hospital.Treated_by(patient_registration_no,date_of_visit,employee_number,treatment) values(26,2013-04-22,0);
insert into Hospital.Prescribed(product_id,patient_registration_no,date_of_visit) values (12,26,'2013-04-22');
insert into Hospital.Visitation(patient_registration_no,date_of_visit,diagnosis) values (26,'2013-02-20','maryy');
insert into Hospital.Consulted(employee_number,certification_no,patient_registration_no,date_of_visit) values(12,12112233,26,'2013-02-20');
insert into Hospital.Treated_by(patient_registration_no,date_of_visit,employee_number,treatment) values(26,2013-02-20,0);
insert into Hospital.Prescribed(product_id,patient_registration_no,date_of_visit) values (23,26,'2013-02-20');
insert into Hospital.Visitation(patient_registration_no,date_of_visit,diagnosis) values (26,'2013-05-03','hdddv');
insert into Hospital.Consulted(employee_number,certification_no,patient_registration_no,date_of_visit) values(12,12112233,26,'2013-05-03');
insert into Hospital.Treated_by(patient_registration_no,date_of_visit,employee_number,treatment) values(26,2013-05-03,0);
insert into Hospital.Prescribed(product_id,patient_registration_no,date_of_visit) values (24,26,'2013-05-03');
insert into Hospital.Visitation(patient_registration_no,date_of_visit,diagnosis) values (26,'2013-08-08','itjgb');
insert into Hospital.Consulted(employee_number,certification_no,patient_registration_no,date_of_visit) values(21,21112233,26,'2013-08-08');
insert into Hospital.Treated_by(patient_registration_no,date_of_visit,employee_number,treatment) values(26,2013-08-08,19);
insert into Hospital.Prescribed(product_id,patient_registration_no,date_of_visit) values (15,26,'2013-08-08');
insert into Hospital.Visitation(patient_registration_no,date_of_visit,diagnosis) values (26,'2013-05-20','ftiwb');
insert into Hospital.Consulted(employee_number,certification_no,patient_registration_no,date_of_visit) values(8,8112233,26,'2013-05-20');
insert into Hospital.Treated_by(patient_registration_no,date_of_visit,employee_number,treatment) values(26,2013-05-20,10);
insert into Hospital.Prescribed(product_id,patient_registration_no,date_of_visit) values (18,26,'2013-05-20');
insert into Hospital.Patient (patient_registration_no, name, ssn, address,contact_no,emergency_contact_no) values ( 26,'omkfh',471085828,'pvlys',72919864,50041491);
insert into Hospital.Takes (employee_number,shift_name ) values ( 26,'evening');
insert into Hospital.Belongs_to(employee_number,department_id) values (26,3);
insert into Hospital.Pharmaceutical_product(product_id,cost,manufacturer) values(27,70.6765966686579,'rnarj');
insert into Hospital.Batch(batch_id,manufacture_date,expiry_date) values (27,'2013-04-15','2013-10-02');
insert into Hospital.Production(product_id,batch_id) values (27,27);
insert into Hospital.Batch(batch_id,manufacture_date,expiry_date) values (28,'2013-04-15','2013-10-02');
insert into Hospital.Production(product_id,batch_id) values (27,28);
insert into Hospital.Batch(batch_id,manufacture_date,expiry_date) values (29,'2013-04-15','2013-10-02');
insert into Hospital.Production(product_id,batch_id) values (27,29);
insert into Hospital.Batch(batch_id,manufacture_date,expiry_date) values (30,'2013-04-15','2013-10-02');
insert into Hospital.Production(product_id,batch_id) values (27,30);
insert into Hospital.Batch(batch_id,manufacture_date,expiry_date) values (31,'2013-04-15','2013-10-02');
insert into Hospital.Production(product_id,batch_id) values (27,31);
insert into Hospital.Medicine(product_id,medicine_name,dosage) values (27,'xwkfr','earfg');
insert into Hospital.Employees (employee_number, name, location, ssn, home_address,phone_number,designation) values ( 27,'adctk','kkcebznijhwvumt',183125489,'syvzd',71258633,'Administration');
insert into Hospital.Visitation(patient_registration_no,date_of_visit,diagnosis) values (27,'2013-04-21','gyhmc');
insert into Hospital.Consulted(employee_number,certification_no,patient_registration_no,date_of_visit) values(12,12112233,27,'2013-04-21');
insert into Hospital.Treated_by(patient_registration_no,date_of_visit,employee_number,treatment) values(27,2013-04-21,18);
insert into Hospital.Prescribed(product_id,patient_registration_no,date_of_visit) values (21,27,'2013-04-21');
insert into Hospital.Visitation(patient_registration_no,date_of_visit,diagnosis) values (27,'2013-04-04','fcpil');
insert into Hospital.Consulted(employee_number,certification_no,patient_registration_no,date_of_visit) values(12,12112233,27,'2013-04-04');
insert into Hospital.Treated_by(patient_registration_no,date_of_visit,employee_number,treatment) values(27,2013-04-04,10);
insert into Hospital.Prescribed(product_id,patient_registration_no,date_of_visit) values (1,27,'2013-04-04');
insert into Hospital.Visitation(patient_registration_no,date_of_visit,diagnosis) values (27,'2013-05-30','xnybp');
insert into Hospital.Consulted(employee_number,certification_no,patient_registration_no,date_of_visit) values(1,1112233,27,'2013-05-30');
insert into Hospital.Treated_by(patient_registration_no,date_of_visit,employee_number,treatment) values(27,2013-05-30,19);
insert into Hospital.Prescribed(product_id,patient_registration_no,date_of_visit) values (8,27,'2013-05-30');
insert into Hospital.Visitation(patient_registration_no,date_of_visit,diagnosis) values (27,'2013-06-03','gtare');
insert into Hospital.Consulted(employee_number,certification_no,patient_registration_no,date_of_visit) values(2,2112233,27,'2013-06-03');
insert into Hospital.Treated_by(patient_registration_no,date_of_visit,employee_number,treatment) values(27,2013-06-03,19);
insert into Hospital.Prescribed(product_id,patient_registration_no,date_of_visit) values (26,27,'2013-06-03');
insert into Hospital.Visitation(patient_registration_no,date_of_visit,diagnosis) values (27,'2013-05-28','igyvz');
insert into Hospital.Consulted(employee_number,certification_no,patient_registration_no,date_of_visit) values(12,12112233,27,'2013-05-28');
insert into Hospital.Treated_by(patient_registration_no,date_of_visit,employee_number,treatment) values(27,2013-05-28,19);
insert into Hospital.Prescribed(product_id,patient_registration_no,date_of_visit) values (19,27,'2013-05-28');
insert into Hospital.Patient (patient_registration_no, name, ssn, address,contact_no,emergency_contact_no) values ( 27,'hgxqm',286875111,'jdahv',31763816,13772994);
insert into Hospital.Belongs_to(employee_number,department_id) values (27,2);
insert into Hospital.Pharmaceutical_product(product_id,cost,manufacturer) values(28,908.9225937952781,'xanym');
insert into Hospital.Batch(batch_id,manufacture_date,expiry_date) values (28,'2013-02-22','2013-08-16');
insert into Hospital.Production(product_id,batch_id) values (28,28);
insert into Hospital.Batch(batch_id,manufacture_date,expiry_date) values (29,'2013-02-22','2013-08-16');
insert into Hospital.Production(product_id,batch_id) values (28,29);
insert into Hospital.Batch(batch_id,manufacture_date,expiry_date) values (30,'2013-02-22','2013-08-16');
insert into Hospital.Production(product_id,batch_id) values (28,30);
insert into Hospital.Batch(batch_id,manufacture_date,expiry_date) values (31,'2013-02-22','2013-08-16');
insert into Hospital.Production(product_id,batch_id) values (28,31);
insert into Hospital.Batch(batch_id,manufacture_date,expiry_date) values (32,'2013-02-22','2013-08-16');
insert into Hospital.Production(product_id,batch_id) values (28,32);
insert into Hospital.Medicine(product_id,medicine_name,dosage) values (28,'fvqyi','ignsg');
insert into Hospital.Employees (employee_number, name, location, ssn, home_address,phone_number,designation) values ( 28,'jsdol','dkzebveqdrlpadm',340257639,'azdtj',35274023,'Radiology');
insert into Hospital.Visitation(patient_registration_no,date_of_visit,diagnosis) values (28,'2013-03-16','tcuvz');
insert into Hospital.Consulted(employee_number,certification_no,patient_registration_no,date_of_visit) values(2,2112233,28,'2013-03-16');
insert into Hospital.Treated_by(patient_registration_no,date_of_visit,employee_number,treatment) values(28,2013-03-16,19);
insert into Hospital.Prescribed(product_id,patient_registration_no,date_of_visit) values (6,28,'2013-03-16');
insert into Hospital.Visitation(patient_registration_no,date_of_visit,diagnosis) values (28,'2013-06-30','wwuhq');
insert into Hospital.Consulted(employee_number,certification_no,patient_registration_no,date_of_visit) values(1,1112233,28,'2013-06-30');
insert into Hospital.Treated_by(patient_registration_no,date_of_visit,employee_number,treatment) values(28,2013-06-30,26);
insert into Hospital.Prescribed(product_id,patient_registration_no,date_of_visit) values (19,28,'2013-06-30');
insert into Hospital.Visitation(patient_registration_no,date_of_visit,diagnosis) values (28,'2013-06-02','lqoza');
insert into Hospital.Consulted(employee_number,certification_no,patient_registration_no,date_of_visit) values(12,12112233,28,'2013-06-02');
insert into Hospital.Treated_by(patient_registration_no,date_of_visit,employee_number,treatment) values(28,2013-06-02,0);
insert into Hospital.Prescribed(product_id,patient_registration_no,date_of_visit) values (23,28,'2013-06-02');
insert into Hospital.Visitation(patient_registration_no,date_of_visit,diagnosis) values (28,'2013-10-17','owcmb');
insert into Hospital.Consulted(employee_number,certification_no,patient_registration_no,date_of_visit) values(23,23112233,28,'2013-10-17');
insert into Hospital.Treated_by(patient_registration_no,date_of_visit,employee_number,treatment) values(28,2013-10-17,0);
insert into Hospital.Prescribed(product_id,patient_registration_no,date_of_visit) values (28,28,'2013-10-17');
insert into Hospital.Visitation(patient_registration_no,date_of_visit,diagnosis) values (28,'2013-09-23','tfglz');
insert into Hospital.Consulted(employee_number,certification_no,patient_registration_no,date_of_visit) values(21,21112233,28,'2013-09-23');
insert into Hospital.Treated_by(patient_registration_no,date_of_visit,employee_number,treatment) values(28,2013-09-23,0);
insert into Hospital.Prescribed(product_id,patient_registration_no,date_of_visit) values (1,28,'2013-09-23');
insert into Hospital.Patient (patient_registration_no, name, ssn, address,contact_no,emergency_contact_no) values ( 28,'trcta',655400550,'pvcsz',51763377,82242342);
insert into Hospital.Takes (employee_number,shift_name ) values ( 28,'evening');
insert into Hospital.Belongs_to(employee_number,department_id) values (28,3);
insert into Hospital.Pharmaceutical_product(product_id,cost,manufacturer) values(29,736.5618185765514,'mlace');
insert into Hospital.Batch(batch_id,manufacture_date,expiry_date) values (29,'2013-03-31','2013-05-02');
insert into Hospital.Production(product_id,batch_id) values (29,29);
insert into Hospital.Batch(batch_id,manufacture_date,expiry_date) values (30,'2013-03-31','2013-05-02');
insert into Hospital.Production(product_id,batch_id) values (29,30);
insert into Hospital.Batch(batch_id,manufacture_date,expiry_date) values (31,'2013-03-31','2013-05-02');
insert into Hospital.Production(product_id,batch_id) values (29,31);
insert into Hospital.Batch(batch_id,manufacture_date,expiry_date) values (32,'2013-03-31','2013-05-02');
insert into Hospital.Production(product_id,batch_id) values (29,32);
insert into Hospital.Batch(batch_id,manufacture_date,expiry_date) values (33,'2013-03-31','2013-05-02');
insert into Hospital.Production(product_id,batch_id) values (29,33);
insert into Hospital.Medicine(product_id,medicine_name,dosage) values (29,'gelkv','yaeji');
insert into Hospital.Employees (employee_number, name, location, ssn, home_address,phone_number,designation) values ( 29,'muetb','zpcghpvkumgdhsg',487931721,'xlgbd',21121034,'Doctor');
insert into Hospital.Visitation(patient_registration_no,date_of_visit,diagnosis) values (29,'2013-02-21','fzywf');
insert into Hospital.Consulted(employee_number,certification_no,patient_registration_no,date_of_visit) values(13,13112233,29,'2013-02-21');
insert into Hospital.Treated_by(patient_registration_no,date_of_visit,employee_number,treatment) values(29,2013-02-21,19);
insert into Hospital.Prescribed(product_id,patient_registration_no,date_of_visit) values (12,29,'2013-02-21');
insert into Hospital.Visitation(patient_registration_no,date_of_visit,diagnosis) values (29,'2013-04-03','mcxge');
insert into Hospital.Consulted(employee_number,certification_no,patient_registration_no,date_of_visit) values(21,21112233,29,'2013-04-03');
insert into Hospital.Treated_by(patient_registration_no,date_of_visit,employee_number,treatment) values(29,2013-04-03,18);
insert into Hospital.Prescribed(product_id,patient_registration_no,date_of_visit) values (9,29,'2013-04-03');
insert into Hospital.Visitation(patient_registration_no,date_of_visit,diagnosis) values (29,'2013-06-07','lctdm');
insert into Hospital.Consulted(employee_number,certification_no,patient_registration_no,date_of_visit) values(9,9112233,29,'2013-06-07');
insert into Hospital.Treated_by(patient_registration_no,date_of_visit,employee_number,treatment) values(29,2013-06-07,19);
insert into Hospital.Prescribed(product_id,patient_registration_no,date_of_visit) values (21,29,'2013-06-07');
insert into Hospital.Visitation(patient_registration_no,date_of_visit,diagnosis) values (29,'2013-06-30','bpnwy');
insert into Hospital.Consulted(employee_number,certification_no,patient_registration_no,date_of_visit) values(8,8112233,29,'2013-06-30');
insert into Hospital.Treated_by(patient_registration_no,date_of_visit,employee_number,treatment) values(29,2013-06-30,19);
insert into Hospital.Prescribed(product_id,patient_registration_no,date_of_visit) values (29,29,'2013-06-30');
insert into Hospital.Visitation(patient_registration_no,date_of_visit,diagnosis) values (29,'2013-02-06','obhrp');
insert into Hospital.Consulted(employee_number,certification_no,patient_registration_no,date_of_visit) values(9,9112233,29,'2013-02-06');
insert into Hospital.Treated_by(patient_registration_no,date_of_visit,employee_number,treatment) values(29,2013-02-06,19);
insert into Hospital.Prescribed(product_id,patient_registration_no,date_of_visit) values (29,29,'2013-02-06');
insert into Hospital.Patient (patient_registration_no, name, ssn, address,contact_no,emergency_contact_no) values ( 29,'ocemy',430594696,'zxnee',30115838,33966227);
insert into Hospital.Physician (employee_number, certification_no,specialization) values ( 29,29112233,'Pediatrics');
insert into Hospital.Belongs_to(employee_number,department_id) values (29,1);
insert into Hospital.Pharmaceutical_product(product_id,cost,manufacturer) values(30,685.9143570243326,'ypokl');
insert into Hospital.Batch(batch_id,manufacture_date,expiry_date) values (30,'2013-08-31','2013-09-02');
insert into Hospital.Production(product_id,batch_id) values (30,30);
insert into Hospital.Batch(batch_id,manufacture_date,expiry_date) values (31,'2013-08-31','2013-09-02');
insert into Hospital.Production(product_id,batch_id) values (30,31);
insert into Hospital.Batch(batch_id,manufacture_date,expiry_date) values (32,'2013-08-31','2013-09-02');
insert into Hospital.Production(product_id,batch_id) values (30,32);
insert into Hospital.Batch(batch_id,manufacture_date,expiry_date) values (33,'2013-08-31','2013-09-02');
insert into Hospital.Production(product_id,batch_id) values (30,33);
insert into Hospital.Batch(batch_id,manufacture_date,expiry_date) values (34,'2013-08-31','2013-09-02');
insert into Hospital.Production(product_id,batch_id) values (30,34);
insert into Hospital.Employees (employee_number, name, location, ssn, home_address,phone_number,designation) values ( 30,'htksh','tqmjvasmdngvzgy',555973854,'ekczx',19898511,'Radiology');
insert into Hospital.Visitation(patient_registration_no,date_of_visit,diagnosis) values (30,'2013-03-17','phzzd');
insert into Hospital.Consulted(employee_number,certification_no,patient_registration_no,date_of_visit) values(13,13112233,30,'2013-03-17');
insert into Hospital.Treated_by(patient_registration_no,date_of_visit,employee_number,treatment) values(30,2013-03-17,19);
insert into Hospital.Prescribed(product_id,patient_registration_no,date_of_visit) values (8,30,'2013-03-17');
insert into Hospital.Visitation(patient_registration_no,date_of_visit,diagnosis) values (30,'2013-03-18','shiqj');
insert into Hospital.Consulted(employee_number,certification_no,patient_registration_no,date_of_visit) values(1,1112233,30,'2013-03-18');
insert into Hospital.Treated_by(patient_registration_no,date_of_visit,employee_number,treatment) values(30,2013-03-18,19);
insert into Hospital.Prescribed(product_id,patient_registration_no,date_of_visit) values (11,30,'2013-03-18');
insert into Hospital.Visitation(patient_registration_no,date_of_visit,diagnosis) values (30,'2013-01-30','ewvos');
insert into Hospital.Consulted(employee_number,certification_no,patient_registration_no,date_of_visit) values(21,21112233,30,'2013-01-30');
insert into Hospital.Treated_by(patient_registration_no,date_of_visit,employee_number,treatment) values(30,2013-01-30,10);
insert into Hospital.Prescribed(product_id,patient_registration_no,date_of_visit) values (9,30,'2013-01-30');
insert into Hospital.Visitation(patient_registration_no,date_of_visit,diagnosis) values (30,'2013-06-02','kysvl');
insert into Hospital.Consulted(employee_number,certification_no,patient_registration_no,date_of_visit) values(9,9112233,30,'2013-06-02');
insert into Hospital.Treated_by(patient_registration_no,date_of_visit,employee_number,treatment) values(30,2013-06-02,10);
insert into Hospital.Prescribed(product_id,patient_registration_no,date_of_visit) values (5,30,'2013-06-02');
insert into Hospital.Visitation(patient_registration_no,date_of_visit,diagnosis) values (30,'2013-01-03','dqxwa');
insert into Hospital.Consulted(employee_number,certification_no,patient_registration_no,date_of_visit) values(23,23112233,30,'2013-01-03');
insert into Hospital.Treated_by(patient_registration_no,date_of_visit,employee_number,treatment) values(30,2013-01-03,19);
insert into Hospital.Prescribed(product_id,patient_registration_no,date_of_visit) values (26,30,'2013-01-03');
insert into Hospital.Patient (patient_registration_no, name, ssn, address,contact_no,emergency_contact_no) values ( 30,'nhgse',257489259,'thsbm',83840495,74865762);
insert into Hospital.Takes (employee_number,shift_name ) values ( 30,'evening');
insert into Hospital.Belongs_to(employee_number,department_id) values (30,3);
insert into Hospital.Pharmaceutical_product(product_id,cost,manufacturer) values(31,340.42080685017135,'rueqs');
insert into Hospital.Medicine(product_id,medicine_name,dosage) values (31,'qmgob','jbywg');
insert into Hospital.Employees (employee_number, name, location, ssn, home_address,phone_number,designation) values ( 31,'rxbhx','fnzzursajipgtpn',718449281,'dyqfo',72753091,'Nurse');
insert into Hospital.Visitation(patient_registration_no,date_of_visit,diagnosis) values (31,'2013-08-10','fywxr');
insert into Hospital.Consulted(employee_number,certification_no,patient_registration_no,date_of_visit) values(12,12112233,31,'2013-08-10');
insert into Hospital.Treated_by(patient_registration_no,date_of_visit,employee_number,treatment) values(31,2013-08-10,10);
insert into Hospital.Prescribed(product_id,patient_registration_no,date_of_visit) values (29,31,'2013-08-10');
insert into Hospital.Visitation(patient_registration_no,date_of_visit,diagnosis) values (31,'2013-08-28','vhtvl');
insert into Hospital.Consulted(employee_number,certification_no,patient_registration_no,date_of_visit) values(21,21112233,31,'2013-08-28');
insert into Hospital.Treated_by(patient_registration_no,date_of_visit,employee_number,treatment) values(31,2013-08-28,30);
insert into Hospital.Prescribed(product_id,patient_registration_no,date_of_visit) values (27,31,'2013-08-28');
insert into Hospital.Visitation(patient_registration_no,date_of_visit,diagnosis) values (31,'2013-01-06','oxzhj');
insert into Hospital.Consulted(employee_number,certification_no,patient_registration_no,date_of_visit) values(23,23112233,31,'2013-01-06');
insert into Hospital.Treated_by(patient_registration_no,date_of_visit,employee_number,treatment) values(31,2013-01-06,26);
insert into Hospital.Prescribed(product_id,patient_registration_no,date_of_visit) values (29,31,'2013-01-06');
insert into Hospital.Visitation(patient_registration_no,date_of_visit,diagnosis) values (31,'2013-01-16','ushuw');
insert into Hospital.Consulted(employee_number,certification_no,patient_registration_no,date_of_visit) values(2,2112233,31,'2013-01-16');
insert into Hospital.Treated_by(patient_registration_no,date_of_visit,employee_number,treatment) values(31,2013-01-16,10);
insert into Hospital.Prescribed(product_id,patient_registration_no,date_of_visit) values (11,31,'2013-01-16');
insert into Hospital.Visitation(patient_registration_no,date_of_visit,diagnosis) values (31,'2013-03-17','kwyii');
insert into Hospital.Consulted(employee_number,certification_no,patient_registration_no,date_of_visit) values(1,1112233,31,'2013-03-17');
insert into Hospital.Treated_by(patient_registration_no,date_of_visit,employee_number,treatment) values(31,2013-03-17,30);
insert into Hospital.Prescribed(product_id,patient_registration_no,date_of_visit) values (24,31,'2013-03-17');
insert into Hospital.Patient (patient_registration_no, name, ssn, address,contact_no,emergency_contact_no) values ( 31,'unuxu',629826775,'kjebs',79338970,14909461);
insert into Hospital.Takes (employee_number,shift_name ) values ( 31,'morning');
insert into Hospital.Belongs_to(employee_number,department_id) values (31,3);
insert into Hospital.Pharmaceutical_product(product_id,cost,manufacturer) values(32,323.29905473256366,'pmthj');
insert into Hospital.Employees (employee_number, name, location, ssn, home_address,phone_number,designation) values ( 32,'atonf','ziplzuwxtwxldop',351404211,'yjele',22610494,'Nurse');
insert into Hospital.Visitation(patient_registration_no,date_of_visit,diagnosis) values (32,'2013-05-14','flceq');
insert into Hospital.Consulted(employee_number,certification_no,patient_registration_no,date_of_visit) values(21,21112233,32,'2013-05-14');
insert into Hospital.Treated_by(patient_registration_no,date_of_visit,employee_number,treatment) values(32,2013-05-14,10);
insert into Hospital.Prescribed(product_id,patient_registration_no,date_of_visit) values (8,32,'2013-05-14');
insert into Hospital.Visitation(patient_registration_no,date_of_visit,diagnosis) values (32,'2013-03-04','bwrpc');
insert into Hospital.Consulted(employee_number,certification_no,patient_registration_no,date_of_visit) values(9,9112233,32,'2013-03-04');
insert into Hospital.Treated_by(patient_registration_no,date_of_visit,employee_number,treatment) values(32,2013-03-04,10);
insert into Hospital.Prescribed(product_id,patient_registration_no,date_of_visit) values (29,32,'2013-03-04');
insert into Hospital.Visitation(patient_registration_no,date_of_visit,diagnosis) values (32,'2013-09-08','ofcvx');
insert into Hospital.Consulted(employee_number,certification_no,patient_registration_no,date_of_visit) values(12,12112233,32,'2013-09-08');
insert into Hospital.Treated_by(patient_registration_no,date_of_visit,employee_number,treatment) values(32,2013-09-08,30);
insert into Hospital.Prescribed(product_id,patient_registration_no,date_of_visit) values (8,32,'2013-09-08');
insert into Hospital.Visitation(patient_registration_no,date_of_visit,diagnosis) values (32,'2013-04-10','zrbpl');
insert into Hospital.Consulted(employee_number,certification_no,patient_registration_no,date_of_visit) values(13,13112233,32,'2013-04-10');
insert into Hospital.Treated_by(patient_registration_no,date_of_visit,employee_number,treatment) values(32,2013-04-10,28);
insert into Hospital.Prescribed(product_id,patient_registration_no,date_of_visit) values (9,32,'2013-04-10');
insert into Hospital.Visitation(patient_registration_no,date_of_visit,diagnosis) values (32,'2013-05-17','czgox');
insert into Hospital.Consulted(employee_number,certification_no,patient_registration_no,date_of_visit) values(23,23112233,32,'2013-05-17');
insert into Hospital.Treated_by(patient_registration_no,date_of_visit,employee_number,treatment) values(32,2013-05-17,18);
insert into Hospital.Prescribed(product_id,patient_registration_no,date_of_visit) values (21,32,'2013-05-17');
insert into Hospital.Patient (patient_registration_no, name, ssn, address,contact_no,emergency_contact_no) values ( 32,'fwlyx',508416816,'sdbpe',20461540,67414696);
insert into Hospital.Takes (employee_number,shift_name ) values ( 32,'evening');
insert into Hospital.Belongs_to(employee_number,department_id) values (32,3);
insert into Hospital.Pharmaceutical_product(product_id,cost,manufacturer) values(33,674.6662832322654,'xdjzc');
insert into Hospital.Medicine(product_id,medicine_name,dosage) values (33,'lwhuf','jbaqk');
insert into Hospital.Employees (employee_number, name, location, ssn, home_address,phone_number,designation) values ( 33,'mzqsy','ijjsgtkxzqvpmrr',809292640,'axzuu',52546461,'Nurse');
insert into Hospital.Visitation(patient_registration_no,date_of_visit,diagnosis) values (33,'2013-10-13','ztwhu');
insert into Hospital.Consulted(employee_number,certification_no,patient_registration_no,date_of_visit) values(29,29112233,33,'2013-10-13');
insert into Hospital.Treated_by(patient_registration_no,date_of_visit,employee_number,treatment) values(33,2013-10-13,18);
insert into Hospital.Prescribed(product_id,patient_registration_no,date_of_visit) values (6,33,'2013-10-13');
insert into Hospital.Visitation(patient_registration_no,date_of_visit,diagnosis) values (33,'2013-09-19','gebkj');
insert into Hospital.Consulted(employee_number,certification_no,patient_registration_no,date_of_visit) values(2,2112233,33,'2013-09-19');
insert into Hospital.Treated_by(patient_registration_no,date_of_visit,employee_number,treatment) values(33,2013-09-19,26);
insert into Hospital.Prescribed(product_id,patient_registration_no,date_of_visit) values (3,33,'2013-09-19');
insert into Hospital.Visitation(patient_registration_no,date_of_visit,diagnosis) values (33,'2013-02-13','lfloc');
insert into Hospital.Consulted(employee_number,certification_no,patient_registration_no,date_of_visit) values(13,13112233,33,'2013-02-13');
insert into Hospital.Treated_by(patient_registration_no,date_of_visit,employee_number,treatment) values(33,2013-02-13,30);
insert into Hospital.Prescribed(product_id,patient_registration_no,date_of_visit) values (33,33,'2013-02-13');
insert into Hospital.Visitation(patient_registration_no,date_of_visit,diagnosis) values (33,'2013-01-11','jfamt');
insert into Hospital.Consulted(employee_number,certification_no,patient_registration_no,date_of_visit) values(23,23112233,33,'2013-01-11');
insert into Hospital.Treated_by(patient_registration_no,date_of_visit,employee_number,treatment) values(33,2013-01-11,10);
insert into Hospital.Prescribed(product_id,patient_registration_no,date_of_visit) values (3,33,'2013-01-11');
insert into Hospital.Visitation(patient_registration_no,date_of_visit,diagnosis) values (33,'2013-08-14','gbpft');
insert into Hospital.Consulted(employee_number,certification_no,patient_registration_no,date_of_visit) values(9,9112233,33,'2013-08-14');
insert into Hospital.Treated_by(patient_registration_no,date_of_visit,employee_number,treatment) values(33,2013-08-14,28);
insert into Hospital.Prescribed(product_id,patient_registration_no,date_of_visit) values (5,33,'2013-08-14');
insert into Hospital.Patient (patient_registration_no, name, ssn, address,contact_no,emergency_contact_no) values ( 33,'inohs',337898162,'mnmxq',60228094,92597241);
insert into Hospital.Takes (employee_number,shift_name ) values ( 33,'evening');
insert into Hospital.Belongs_to(employee_number,department_id) values (33,3);
insert into Hospital.Pharmaceutical_product(product_id,cost,manufacturer) values(34,218.78488631367034,'ienfn');
insert into Hospital.Batch(batch_id,manufacture_date,expiry_date) values (34,'2013-01-20','2013-05-24');
insert into Hospital.Production(product_id,batch_id) values (34,34);
insert into Hospital.Batch(batch_id,manufacture_date,expiry_date) values (35,'2013-01-20','2013-05-24');
insert into Hospital.Production(product_id,batch_id) values (34,35);
insert into Hospital.Batch(batch_id,manufacture_date,expiry_date) values (36,'2013-01-20','2013-05-24');
insert into Hospital.Production(product_id,batch_id) values (34,36);
insert into Hospital.Batch(batch_id,manufacture_date,expiry_date) values (37,'2013-01-20','2013-05-24');
insert into Hospital.Production(product_id,batch_id) values (34,37);
insert into Hospital.Batch(batch_id,manufacture_date,expiry_date) values (38,'2013-01-20','2013-05-24');
insert into Hospital.Production(product_id,batch_id) values (34,38);
insert into Hospital.Medicine(product_id,medicine_name,dosage) values (34,'iuzqd','hkkdf');
insert into Hospital.Employees (employee_number, name, location, ssn, home_address,phone_number,designation) values ( 34,'rnies','wdaivkexokxdmxa',370037524,'onxea',10652279,'Doctor');
insert into Hospital.Visitation(patient_registration_no,date_of_visit,diagnosis) values (34,'2013-05-10','fyqsp');
insert into Hospital.Consulted(employee_number,certification_no,patient_registration_no,date_of_visit) values(1,1112233,34,'2013-05-10');
insert into Hospital.Treated_by(patient_registration_no,date_of_visit,employee_number,treatment) values(34,2013-05-10,19);
insert into Hospital.Prescribed(product_id,patient_registration_no,date_of_visit) values (20,34,'2013-05-10');
insert into Hospital.Visitation(patient_registration_no,date_of_visit,diagnosis) values (34,'2013-06-13','sqoxj');
insert into Hospital.Consulted(employee_number,certification_no,patient_registration_no,date_of_visit) values(1,1112233,34,'2013-06-13');
insert into Hospital.Treated_by(patient_registration_no,date_of_visit,employee_number,treatment) values(34,2013-06-13,0);
insert into Hospital.Prescribed(product_id,patient_registration_no,date_of_visit) values (27,34,'2013-06-13');
insert into Hospital.Visitation(patient_registration_no,date_of_visit,diagnosis) values (34,'2013-08-01','ontdj');
insert into Hospital.Consulted(employee_number,certification_no,patient_registration_no,date_of_visit) values(21,21112233,34,'2013-08-01');
insert into Hospital.Treated_by(patient_registration_no,date_of_visit,employee_number,treatment) values(34,2013-08-01,28);
insert into Hospital.Prescribed(product_id,patient_registration_no,date_of_visit) values (3,34,'2013-08-01');
insert into Hospital.Visitation(patient_registration_no,date_of_visit,diagnosis) values (34,'2013-01-24','jsyqz');
insert into Hospital.Consulted(employee_number,certification_no,patient_registration_no,date_of_visit) values(2,2112233,34,'2013-01-24');
insert into Hospital.Treated_by(patient_registration_no,date_of_visit,employee_number,treatment) values(34,2013-01-24,30);
insert into Hospital.Prescribed(product_id,patient_registration_no,date_of_visit) values (5,34,'2013-01-24');
insert into Hospital.Visitation(patient_registration_no,date_of_visit,diagnosis) values (34,'2013-04-06','hbrqf');
insert into Hospital.Consulted(employee_number,certification_no,patient_registration_no,date_of_visit) values(29,29112233,34,'2013-04-06');
insert into Hospital.Treated_by(patient_registration_no,date_of_visit,employee_number,treatment) values(34,2013-04-06,26);
insert into Hospital.Prescribed(product_id,patient_registration_no,date_of_visit) values (33,34,'2013-04-06');
insert into Hospital.Patient (patient_registration_no, name, ssn, address,contact_no,emergency_contact_no) values ( 34,'xicnt',637297209,'itmeh',55629291,12465117);
insert into Hospital.Physician (employee_number, certification_no,specialization) values ( 34,34112233,'Dermatology');
insert into Hospital.Belongs_to(employee_number,department_id) values (34,1);
insert into Hospital.Pharmaceutical_product(product_id,cost,manufacturer) values(35,14.698053634408357,'stggy');
insert into Hospital.Employees (employee_number, name, location, ssn, home_address,phone_number,designation) values ( 35,'iujef','ayxpuxwjqqqchxs',762124577,'pidel',75261073,'Doctor');
insert into Hospital.Visitation(patient_registration_no,date_of_visit,diagnosis) values (35,'2013-02-04','mjdll');
insert into Hospital.Consulted(employee_number,certification_no,patient_registration_no,date_of_visit) values(1,1112233,35,'2013-02-04');
insert into Hospital.Treated_by(patient_registration_no,date_of_visit,employee_number,treatment) values(35,2013-02-04,10);
insert into Hospital.Prescribed(product_id,patient_registration_no,date_of_visit) values (3,35,'2013-02-04');
insert into Hospital.Visitation(patient_registration_no,date_of_visit,diagnosis) values (35,'2013-06-29','tkrfp');
insert into Hospital.Consulted(employee_number,certification_no,patient_registration_no,date_of_visit) values(34,34112233,35,'2013-06-29');
insert into Hospital.Treated_by(patient_registration_no,date_of_visit,employee_number,treatment) values(35,2013-06-29,10);
insert into Hospital.Prescribed(product_id,patient_registration_no,date_of_visit) values (3,35,'2013-06-29');
insert into Hospital.Visitation(patient_registration_no,date_of_visit,diagnosis) values (35,'2013-05-30','sleln');
insert into Hospital.Consulted(employee_number,certification_no,patient_registration_no,date_of_visit) values(34,34112233,35,'2013-05-30');
insert into Hospital.Treated_by(patient_registration_no,date_of_visit,employee_number,treatment) values(35,2013-05-30,19);
insert into Hospital.Prescribed(product_id,patient_registration_no,date_of_visit) values (9,35,'2013-05-30');
insert into Hospital.Visitation(patient_registration_no,date_of_visit,diagnosis) values (35,'2013-06-07','ocbnf');
insert into Hospital.Consulted(employee_number,certification_no,patient_registration_no,date_of_visit) values(21,21112233,35,'2013-06-07');
insert into Hospital.Treated_by(patient_registration_no,date_of_visit,employee_number,treatment) values(35,2013-06-07,10);
insert into Hospital.Prescribed(product_id,patient_registration_no,date_of_visit) values (8,35,'2013-06-07');
insert into Hospital.Visitation(patient_registration_no,date_of_visit,diagnosis) values (35,'2013-04-26','icqke');
insert into Hospital.Consulted(employee_number,certification_no,patient_registration_no,date_of_visit) values(13,13112233,35,'2013-04-26');
insert into Hospital.Treated_by(patient_registration_no,date_of_visit,employee_number,treatment) values(35,2013-04-26,28);
insert into Hospital.Prescribed(product_id,patient_registration_no,date_of_visit) values (21,35,'2013-04-26');
insert into Hospital.Patient (patient_registration_no, name, ssn, address,contact_no,emergency_contact_no) values ( 35,'fmmlh',527526081,'cblsr',83280565,60474453);
insert into Hospital.Physician (employee_number, certification_no,specialization) values ( 35,35112233,'Dermatology');
insert into Hospital.Belongs_to(employee_number,department_id) values (35,1);
insert into Hospital.Pharmaceutical_product(product_id,cost,manufacturer) values(36,671.4021441410681,'hmtzw');
insert into Hospital.Batch(batch_id,manufacture_date,expiry_date) values (36,'2013-02-28','2013-04-15');
insert into Hospital.Production(product_id,batch_id) values (36,36);
insert into Hospital.Batch(batch_id,manufacture_date,expiry_date) values (37,'2013-02-28','2013-04-15');
insert into Hospital.Production(product_id,batch_id) values (36,37);
insert into Hospital.Batch(batch_id,manufacture_date,expiry_date) values (38,'2013-02-28','2013-04-15');
insert into Hospital.Production(product_id,batch_id) values (36,38);
insert into Hospital.Batch(batch_id,manufacture_date,expiry_date) values (39,'2013-02-28','2013-04-15');
insert into Hospital.Production(product_id,batch_id) values (36,39);
insert into Hospital.Batch(batch_id,manufacture_date,expiry_date) values (40,'2013-02-28','2013-04-15');
insert into Hospital.Production(product_id,batch_id) values (36,40);
insert into Hospital.Employees (employee_number, name, location, ssn, home_address,phone_number,designation) values ( 36,'vprih','yztqobskeozbvdj',638243164,'tqutv',16773258,'Administration');
insert into Hospital.Visitation(patient_registration_no,date_of_visit,diagnosis) values (36,'2013-05-21','bmwmb');
insert into Hospital.Consulted(employee_number,certification_no,patient_registration_no,date_of_visit) values(9,9112233,36,'2013-05-21');
insert into Hospital.Treated_by(patient_registration_no,date_of_visit,employee_number,treatment) values(36,2013-05-21,18);
insert into Hospital.Prescribed(product_id,patient_registration_no,date_of_visit) values (28,36,'2013-05-21');
insert into Hospital.Visitation(patient_registration_no,date_of_visit,diagnosis) values (36,'2013-08-01','zhxhy');
insert into Hospital.Consulted(employee_number,certification_no,patient_registration_no,date_of_visit) values(29,29112233,36,'2013-08-01');
insert into Hospital.Treated_by(patient_registration_no,date_of_visit,employee_number,treatment) values(36,2013-08-01,18);
insert into Hospital.Prescribed(product_id,patient_registration_no,date_of_visit) values (20,36,'2013-08-01');
insert into Hospital.Visitation(patient_registration_no,date_of_visit,diagnosis) values (36,'2013-02-25','spxat');
insert into Hospital.Consulted(employee_number,certification_no,patient_registration_no,date_of_visit) values(8,8112233,36,'2013-02-25');
insert into Hospital.Treated_by(patient_registration_no,date_of_visit,employee_number,treatment) values(36,2013-02-25,18);
insert into Hospital.Prescribed(product_id,patient_registration_no,date_of_visit) values (34,36,'2013-02-25');
insert into Hospital.Visitation(patient_registration_no,date_of_visit,diagnosis) values (36,'2013-10-17','iovfv');
insert into Hospital.Consulted(employee_number,certification_no,patient_registration_no,date_of_visit) values(13,13112233,36,'2013-10-17');
insert into Hospital.Treated_by(patient_registration_no,date_of_visit,employee_number,treatment) values(36,2013-10-17,10);
insert into Hospital.Prescribed(product_id,patient_registration_no,date_of_visit) values (24,36,'2013-10-17');
insert into Hospital.Visitation(patient_registration_no,date_of_visit,diagnosis) values (36,'2013-07-13','uxpsf');
insert into Hospital.Consulted(employee_number,certification_no,patient_registration_no,date_of_visit) values(2,2112233,36,'2013-07-13');
insert into Hospital.Treated_by(patient_registration_no,date_of_visit,employee_number,treatment) values(36,2013-07-13,10);
insert into Hospital.Prescribed(product_id,patient_registration_no,date_of_visit) values (5,36,'2013-07-13');
insert into Hospital.Patient (patient_registration_no, name, ssn, address,contact_no,emergency_contact_no) values ( 36,'hctbt',753699764,'tcoiy',95251312,94424173);
insert into Hospital.Belongs_to(employee_number,department_id) values (36,2);
insert into Hospital.Pharmaceutical_product(product_id,cost,manufacturer) values(37,933.0797128158274,'ngzyd');
insert into Hospital.Batch(batch_id,manufacture_date,expiry_date) values (37,'2013-01-19','2013-10-25');
insert into Hospital.Production(product_id,batch_id) values (37,37);
insert into Hospital.Batch(batch_id,manufacture_date,expiry_date) values (38,'2013-01-19','2013-10-25');
insert into Hospital.Production(product_id,batch_id) values (37,38);
insert into Hospital.Batch(batch_id,manufacture_date,expiry_date) values (39,'2013-01-19','2013-10-25');
insert into Hospital.Production(product_id,batch_id) values (37,39);
insert into Hospital.Batch(batch_id,manufacture_date,expiry_date) values (40,'2013-01-19','2013-10-25');
insert into Hospital.Production(product_id,batch_id) values (37,40);
insert into Hospital.Batch(batch_id,manufacture_date,expiry_date) values (41,'2013-01-19','2013-10-25');
insert into Hospital.Production(product_id,batch_id) values (37,41);
insert into Hospital.Medicine(product_id,medicine_name,dosage) values (37,'ntaps','cncdt');
insert into Hospital.Employees (employee_number, name, location, ssn, home_address,phone_number,designation) values ( 37,'hpxeg','tzrsbccwikepasu',302018973,'lenfd',45490524,'Doctor');
insert into Hospital.Visitation(patient_registration_no,date_of_visit,diagnosis) values (37,'2013-08-31','phmrj');
insert into Hospital.Consulted(employee_number,certification_no,patient_registration_no,date_of_visit) values(6,6112233,37,'2013-08-31');
insert into Hospital.Treated_by(patient_registration_no,date_of_visit,employee_number,treatment) values(37,2013-08-31,26);
insert into Hospital.Prescribed(product_id,patient_registration_no,date_of_visit) values (20,37,'2013-08-31');
insert into Hospital.Visitation(patient_registration_no,date_of_visit,diagnosis) values (37,'2013-10-02','vryzx');
insert into Hospital.Consulted(employee_number,certification_no,patient_registration_no,date_of_visit) values(12,12112233,37,'2013-10-02');
insert into Hospital.Treated_by(patient_registration_no,date_of_visit,employee_number,treatment) values(37,2013-10-02,28);
insert into Hospital.Prescribed(product_id,patient_registration_no,date_of_visit) values (18,37,'2013-10-02');
insert into Hospital.Visitation(patient_registration_no,date_of_visit,diagnosis) values (37,'2013-06-23','mswub');
insert into Hospital.Consulted(employee_number,certification_no,patient_registration_no,date_of_visit) values(1,1112233,37,'2013-06-23');
insert into Hospital.Treated_by(patient_registration_no,date_of_visit,employee_number,treatment) values(37,2013-06-23,0);
insert into Hospital.Prescribed(product_id,patient_registration_no,date_of_visit) values (14,37,'2013-06-23');
insert into Hospital.Visitation(patient_registration_no,date_of_visit,diagnosis) values (37,'2013-02-18','apeop');
insert into Hospital.Consulted(employee_number,certification_no,patient_registration_no,date_of_visit) values(34,34112233,37,'2013-02-18');
insert into Hospital.Treated_by(patient_registration_no,date_of_visit,employee_number,treatment) values(37,2013-02-18,0);
insert into Hospital.Prescribed(product_id,patient_registration_no,date_of_visit) values (28,37,'2013-02-18');
insert into Hospital.Visitation(patient_registration_no,date_of_visit,diagnosis) values (37,'2013-01-15','wqvqm');
insert into Hospital.Consulted(employee_number,certification_no,patient_registration_no,date_of_visit) values(6,6112233,37,'2013-01-15');
insert into Hospital.Treated_by(patient_registration_no,date_of_visit,employee_number,treatment) values(37,2013-01-15,18);
insert into Hospital.Prescribed(product_id,patient_registration_no,date_of_visit) values (26,37,'2013-01-15');
insert into Hospital.Patient (patient_registration_no, name, ssn, address,contact_no,emergency_contact_no) values ( 37,'ojife',319127633,'ehlex',37125809,69947485);
insert into Hospital.Physician (employee_number, certification_no,specialization) values ( 37,37112233,'Dermatology');
insert into Hospital.Belongs_to(employee_number,department_id) values (37,1);
insert into Hospital.Pharmaceutical_product(product_id,cost,manufacturer) values(38,139.13009902880287,'ywgiw');
insert into Hospital.Employees (employee_number, name, location, ssn, home_address,phone_number,designation) values ( 38,'txajr','mzxcjyrutarhjoj',538875425,'ejkzn',43391835,'Administration');
insert into Hospital.Visitation(patient_registration_no,date_of_visit,diagnosis) values (38,'2013-05-07','flpdf');
insert into Hospital.Consulted(employee_number,certification_no,patient_registration_no,date_of_visit) values(9,9112233,38,'2013-05-07');
insert into Hospital.Treated_by(patient_registration_no,date_of_visit,employee_number,treatment) values(38,2013-05-07,10);
insert into Hospital.Prescribed(product_id,patient_registration_no,date_of_visit) values (37,38,'2013-05-07');
insert into Hospital.Visitation(patient_registration_no,date_of_visit,diagnosis) values (38,'2013-06-23','jxbou');
insert into Hospital.Consulted(employee_number,certification_no,patient_registration_no,date_of_visit) values(13,13112233,38,'2013-06-23');
insert into Hospital.Treated_by(patient_registration_no,date_of_visit,employee_number,treatment) values(38,2013-06-23,30);
insert into Hospital.Prescribed(product_id,patient_registration_no,date_of_visit) values (23,38,'2013-06-23');
insert into Hospital.Visitation(patient_registration_no,date_of_visit,diagnosis) values (38,'2013-08-23','xahqc');
insert into Hospital.Consulted(employee_number,certification_no,patient_registration_no,date_of_visit) values(9,9112233,38,'2013-08-23');
insert into Hospital.Treated_by(patient_registration_no,date_of_visit,employee_number,treatment) values(38,2013-08-23,30);
insert into Hospital.Prescribed(product_id,patient_registration_no,date_of_visit) values (11,38,'2013-08-23');
insert into Hospital.Visitation(patient_registration_no,date_of_visit,diagnosis) values (38,'2013-09-04','hjfut');
insert into Hospital.Consulted(employee_number,certification_no,patient_registration_no,date_of_visit) values(29,29112233,38,'2013-09-04');
insert into Hospital.Treated_by(patient_registration_no,date_of_visit,employee_number,treatment) values(38,2013-09-04,10);
insert into Hospital.Prescribed(product_id,patient_registration_no,date_of_visit) values (19,38,'2013-09-04');
insert into Hospital.Visitation(patient_registration_no,date_of_visit,diagnosis) values (38,'2013-05-11','pdbuc');
insert into Hospital.Consulted(employee_number,certification_no,patient_registration_no,date_of_visit) values(34,34112233,38,'2013-05-11');
insert into Hospital.Treated_by(patient_registration_no,date_of_visit,employee_number,treatment) values(38,2013-05-11,0);
insert into Hospital.Prescribed(product_id,patient_registration_no,date_of_visit) values (11,38,'2013-05-11');
insert into Hospital.Patient (patient_registration_no, name, ssn, address,contact_no,emergency_contact_no) values ( 38,'qwjad',946967979,'jjgkf',41937291,86723591);
insert into Hospital.Belongs_to(employee_number,department_id) values (38,2);
insert into Hospital.Pharmaceutical_product(product_id,cost,manufacturer) values(39,230.4837561615095,'cvrxt');
insert into Hospital.Medicine(product_id,medicine_name,dosage) values (39,'egfig','igqng');
insert into Hospital.Employees (employee_number, name, location, ssn, home_address,phone_number,designation) values ( 39,'kwqjl','tzyovbxiikjoais',52913823,'lptrc',60576413,'Radiology');
insert into Hospital.Visitation(patient_registration_no,date_of_visit,diagnosis) values (39,'2013-02-17','qpycu');
insert into Hospital.Consulted(employee_number,certification_no,patient_registration_no,date_of_visit) values(1,1112233,39,'2013-02-17');
insert into Hospital.Treated_by(patient_registration_no,date_of_visit,employee_number,treatment) values(39,2013-02-17,0);
insert into Hospital.Prescribed(product_id,patient_registration_no,date_of_visit) values (39,39,'2013-02-17');
insert into Hospital.Visitation(patient_registration_no,date_of_visit,diagnosis) values (39,'2013-04-18','cevhv');
insert into Hospital.Consulted(employee_number,certification_no,patient_registration_no,date_of_visit) values(34,34112233,39,'2013-04-18');
insert into Hospital.Treated_by(patient_registration_no,date_of_visit,employee_number,treatment) values(39,2013-04-18,10);
insert into Hospital.Prescribed(product_id,patient_registration_no,date_of_visit) values (12,39,'2013-04-18');
insert into Hospital.Visitation(patient_registration_no,date_of_visit,diagnosis) values (39,'2013-07-11','iagbi');
insert into Hospital.Consulted(employee_number,certification_no,patient_registration_no,date_of_visit) values(35,35112233,39,'2013-07-11');
insert into Hospital.Treated_by(patient_registration_no,date_of_visit,employee_number,treatment) values(39,2013-07-11,0);
insert into Hospital.Prescribed(product_id,patient_registration_no,date_of_visit) values (39,39,'2013-07-11');
insert into Hospital.Visitation(patient_registration_no,date_of_visit,diagnosis) values (39,'2013-09-16','buqqw');
insert into Hospital.Consulted(employee_number,certification_no,patient_registration_no,date_of_visit) values(21,21112233,39,'2013-09-16');
insert into Hospital.Treated_by(patient_registration_no,date_of_visit,employee_number,treatment) values(39,2013-09-16,0);
insert into Hospital.Prescribed(product_id,patient_registration_no,date_of_visit) values (28,39,'2013-09-16');
insert into Hospital.Visitation(patient_registration_no,date_of_visit,diagnosis) values (39,'2013-08-16','goyjz');
insert into Hospital.Consulted(employee_number,certification_no,patient_registration_no,date_of_visit) values(12,12112233,39,'2013-08-16');
insert into Hospital.Treated_by(patient_registration_no,date_of_visit,employee_number,treatment) values(39,2013-08-16,28);
insert into Hospital.Prescribed(product_id,patient_registration_no,date_of_visit) values (23,39,'2013-08-16');
insert into Hospital.Patient (patient_registration_no, name, ssn, address,contact_no,emergency_contact_no) values ( 39,'jkrct',378383285,'wywoa',74836392,40150516);
insert into Hospital.Takes (employee_number,shift_name ) values ( 39,'morning');
insert into Hospital.Belongs_to(employee_number,department_id) values (39,3);
insert into Hospital.Pharmaceutical_product(product_id,cost,manufacturer) values(40,908.809112787475,'metub');
insert into Hospital.Employees (employee_number, name, location, ssn, home_address,phone_number,designation) values ( 40,'ijgfn','qomkvjlwbabrnnd',780576856,'uzqir',57175885,'Nurse');
insert into Hospital.Visitation(patient_registration_no,date_of_visit,diagnosis) values (40,'2013-10-19','yzehh');
insert into Hospital.Consulted(employee_number,certification_no,patient_registration_no,date_of_visit) values(6,6112233,40,'2013-10-19');
insert into Hospital.Treated_by(patient_registration_no,date_of_visit,employee_number,treatment) values(40,2013-10-19,39);
insert into Hospital.Prescribed(product_id,patient_registration_no,date_of_visit) values (8,40,'2013-10-19');
insert into Hospital.Visitation(patient_registration_no,date_of_visit,diagnosis) values (40,'2013-08-15','tdftx');
insert into Hospital.Consulted(employee_number,certification_no,patient_registration_no,date_of_visit) values(37,37112233,40,'2013-08-15');
insert into Hospital.Treated_by(patient_registration_no,date_of_visit,employee_number,treatment) values(40,2013-08-15,30);
insert into Hospital.Prescribed(product_id,patient_registration_no,date_of_visit) values (19,40,'2013-08-15');
insert into Hospital.Visitation(patient_registration_no,date_of_visit,diagnosis) values (40,'2013-07-07','tycmv');
insert into Hospital.Consulted(employee_number,certification_no,patient_registration_no,date_of_visit) values(1,1112233,40,'2013-07-07');
insert into Hospital.Treated_by(patient_registration_no,date_of_visit,employee_number,treatment) values(40,2013-07-07,30);
insert into Hospital.Prescribed(product_id,patient_registration_no,date_of_visit) values (23,40,'2013-07-07');
insert into Hospital.Visitation(patient_registration_no,date_of_visit,diagnosis) values (40,'2013-04-28','bbtzn');
insert into Hospital.Consulted(employee_number,certification_no,patient_registration_no,date_of_visit) values(37,37112233,40,'2013-04-28');
insert into Hospital.Treated_by(patient_registration_no,date_of_visit,employee_number,treatment) values(40,2013-04-28,18);
insert into Hospital.Prescribed(product_id,patient_registration_no,date_of_visit) values (37,40,'2013-04-28');
insert into Hospital.Visitation(patient_registration_no,date_of_visit,diagnosis) values (40,'2013-02-07','darxz');
insert into Hospital.Consulted(employee_number,certification_no,patient_registration_no,date_of_visit) values(6,6112233,40,'2013-02-07');
insert into Hospital.Treated_by(patient_registration_no,date_of_visit,employee_number,treatment) values(40,2013-02-07,10);
insert into Hospital.Prescribed(product_id,patient_registration_no,date_of_visit) values (19,40,'2013-02-07');
insert into Hospital.Patient (patient_registration_no, name, ssn, address,contact_no,emergency_contact_no) values ( 40,'lacjl',297411045,'nvjth',99458842,50701659);
insert into Hospital.Takes (employee_number,shift_name ) values ( 40,'night');
insert into Hospital.Belongs_to(employee_number,department_id) values (40,3);
insert into Hospital.Pharmaceutical_product(product_id,cost,manufacturer) values(41,91.767809432475,'gpram');
insert into Hospital.Batch(batch_id,manufacture_date,expiry_date) values (41,'2013-01-28','2013-09-07');
insert into Hospital.Production(product_id,batch_id) values (41,41);
insert into Hospital.Batch(batch_id,manufacture_date,expiry_date) values (42,'2013-01-28','2013-09-07');
insert into Hospital.Production(product_id,batch_id) values (41,42);
insert into Hospital.Batch(batch_id,manufacture_date,expiry_date) values (43,'2013-01-28','2013-09-07');
insert into Hospital.Production(product_id,batch_id) values (41,43);
insert into Hospital.Batch(batch_id,manufacture_date,expiry_date) values (44,'2013-01-28','2013-09-07');
insert into Hospital.Production(product_id,batch_id) values (41,44);
insert into Hospital.Batch(batch_id,manufacture_date,expiry_date) values (45,'2013-01-28','2013-09-07');
insert into Hospital.Production(product_id,batch_id) values (41,45);
insert into Hospital.Medicine(product_id,medicine_name,dosage) values (41,'sripb','jgvnw');
insert into Hospital.Employees (employee_number, name, location, ssn, home_address,phone_number,designation) values ( 41,'pxbdj','snnfscoguemsjkd',100354584,'useaw',37817892,'Doctor');
insert into Hospital.Visitation(patient_registration_no,date_of_visit,diagnosis) values (41,'2013-09-21','ldzln');
insert into Hospital.Consulted(employee_number,certification_no,patient_registration_no,date_of_visit) values(29,29112233,41,'2013-09-21');
insert into Hospital.Treated_by(patient_registration_no,date_of_visit,employee_number,treatment) values(41,2013-09-21,28);
insert into Hospital.Prescribed(product_id,patient_registration_no,date_of_visit) values (28,41,'2013-09-21');
insert into Hospital.Visitation(patient_registration_no,date_of_visit,diagnosis) values (41,'2013-05-17','iaews');
insert into Hospital.Consulted(employee_number,certification_no,patient_registration_no,date_of_visit) values(21,21112233,41,'2013-05-17');
insert into Hospital.Treated_by(patient_registration_no,date_of_visit,employee_number,treatment) values(41,2013-05-17,30);
insert into Hospital.Prescribed(product_id,patient_registration_no,date_of_visit) values (23,41,'2013-05-17');
insert into Hospital.Visitation(patient_registration_no,date_of_visit,diagnosis) values (41,'2013-01-07','meceq');
insert into Hospital.Consulted(employee_number,certification_no,patient_registration_no,date_of_visit) values(9,9112233,41,'2013-01-07');
insert into Hospital.Treated_by(patient_registration_no,date_of_visit,employee_number,treatment) values(41,2013-01-07,0);
insert into Hospital.Prescribed(product_id,patient_registration_no,date_of_visit) values (20,41,'2013-01-07');
insert into Hospital.Visitation(patient_registration_no,date_of_visit,diagnosis) values (41,'2013-06-04','vlaqk');
insert into Hospital.Consulted(employee_number,certification_no,patient_registration_no,date_of_visit) values(8,8112233,41,'2013-06-04');
insert into Hospital.Treated_by(patient_registration_no,date_of_visit,employee_number,treatment) values(41,2013-06-04,28);
insert into Hospital.Prescribed(product_id,patient_registration_no,date_of_visit) values (10,41,'2013-06-04');
insert into Hospital.Visitation(patient_registration_no,date_of_visit,diagnosis) values (41,'2013-06-21','trctt');
insert into Hospital.Consulted(employee_number,certification_no,patient_registration_no,date_of_visit) values(9,9112233,41,'2013-06-21');
insert into Hospital.Treated_by(patient_registration_no,date_of_visit,employee_number,treatment) values(41,2013-06-21,28);
insert into Hospital.Prescribed(product_id,patient_registration_no,date_of_visit) values (18,41,'2013-06-21');
insert into Hospital.Patient (patient_registration_no, name, ssn, address,contact_no,emergency_contact_no) values ( 41,'uiyeh',304939370,'zphth',30533354,38512634);
insert into Hospital.Physician (employee_number, certification_no,specialization) values ( 41,41112233,'Anesthesiology');
insert into Hospital.Belongs_to(employee_number,department_id) values (41,1);
insert into Hospital.Pharmaceutical_product(product_id,cost,manufacturer) values(42,599.0349135209584,'ctnpk');
insert into Hospital.Batch(batch_id,manufacture_date,expiry_date) values (42,'2013-04-29','2013-10-21');
insert into Hospital.Production(product_id,batch_id) values (42,42);
insert into Hospital.Batch(batch_id,manufacture_date,expiry_date) values (43,'2013-04-29','2013-10-21');
insert into Hospital.Production(product_id,batch_id) values (42,43);
insert into Hospital.Batch(batch_id,manufacture_date,expiry_date) values (44,'2013-04-29','2013-10-21');
insert into Hospital.Production(product_id,batch_id) values (42,44);
insert into Hospital.Batch(batch_id,manufacture_date,expiry_date) values (45,'2013-04-29','2013-10-21');
insert into Hospital.Production(product_id,batch_id) values (42,45);
insert into Hospital.Batch(batch_id,manufacture_date,expiry_date) values (46,'2013-04-29','2013-10-21');
insert into Hospital.Production(product_id,batch_id) values (42,46);
insert into Hospital.Employees (employee_number, name, location, ssn, home_address,phone_number,designation) values ( 42,'qzbgy','zsytqpgasiemiol',576355531,'tfjlc',69089385,'Administration');
insert into Hospital.Visitation(patient_registration_no,date_of_visit,diagnosis) values (42,'2013-04-28','xrfnx');
insert into Hospital.Consulted(employee_number,certification_no,patient_registration_no,date_of_visit) values(9,9112233,42,'2013-04-28');
insert into Hospital.Treated_by(patient_registration_no,date_of_visit,employee_number,treatment) values(42,2013-04-28,30);
insert into Hospital.Prescribed(product_id,patient_registration_no,date_of_visit) values (37,42,'2013-04-28');
insert into Hospital.Visitation(patient_registration_no,date_of_visit,diagnosis) values (42,'2013-10-03','wjsve');
insert into Hospital.Consulted(employee_number,certification_no,patient_registration_no,date_of_visit) values(12,12112233,42,'2013-10-03');
insert into Hospital.Treated_by(patient_registration_no,date_of_visit,employee_number,treatment) values(42,2013-10-03,30);
insert into Hospital.Prescribed(product_id,patient_registration_no,date_of_visit) values (23,42,'2013-10-03');
insert into Hospital.Visitation(patient_registration_no,date_of_visit,diagnosis) values (42,'2013-07-30','xjtla');
insert into Hospital.Consulted(employee_number,certification_no,patient_registration_no,date_of_visit) values(23,23112233,42,'2013-07-30');
insert into Hospital.Treated_by(patient_registration_no,date_of_visit,employee_number,treatment) values(42,2013-07-30,0);
insert into Hospital.Prescribed(product_id,patient_registration_no,date_of_visit) values (39,42,'2013-07-30');
insert into Hospital.Visitation(patient_registration_no,date_of_visit,diagnosis) values (42,'2013-07-07','dtwax');
insert into Hospital.Consulted(employee_number,certification_no,patient_registration_no,date_of_visit) values(12,12112233,42,'2013-07-07');
insert into Hospital.Treated_by(patient_registration_no,date_of_visit,employee_number,treatment) values(42,2013-07-07,28);
insert into Hospital.Prescribed(product_id,patient_registration_no,date_of_visit) values (7,42,'2013-07-07');
insert into Hospital.Visitation(patient_registration_no,date_of_visit,diagnosis) values (42,'2013-04-29','bmjkl');
insert into Hospital.Consulted(employee_number,certification_no,patient_registration_no,date_of_visit) values(8,8112233,42,'2013-04-29');
insert into Hospital.Treated_by(patient_registration_no,date_of_visit,employee_number,treatment) values(42,2013-04-29,39);
insert into Hospital.Prescribed(product_id,patient_registration_no,date_of_visit) values (20,42,'2013-04-29');
insert into Hospital.Patient (patient_registration_no, name, ssn, address,contact_no,emergency_contact_no) values ( 42,'jcwzn',156782594,'tfcum',81448614,53455690);
insert into Hospital.Belongs_to(employee_number,department_id) values (42,2);
insert into Hospital.Pharmaceutical_product(product_id,cost,manufacturer) values(43,999.7609077767063,'lbixm');
insert into Hospital.Employees (employee_number, name, location, ssn, home_address,phone_number,designation) values ( 43,'nxqqo','zlnrrpaeuwglnox',29127980,'wjjzc',30551585,'Doctor');
insert into Hospital.Visitation(patient_registration_no,date_of_visit,diagnosis) values (43,'2013-01-16','ugfqz');
insert into Hospital.Consulted(employee_number,certification_no,patient_registration_no,date_of_visit) values(9,9112233,43,'2013-01-16');
insert into Hospital.Treated_by(patient_registration_no,date_of_visit,employee_number,treatment) values(43,2013-01-16,0);
insert into Hospital.Prescribed(product_id,patient_registration_no,date_of_visit) values (5,43,'2013-01-16');
insert into Hospital.Visitation(patient_registration_no,date_of_visit,diagnosis) values (43,'2013-07-20','fxeyv');
insert into Hospital.Consulted(employee_number,certification_no,patient_registration_no,date_of_visit) values(13,13112233,43,'2013-07-20');
insert into Hospital.Treated_by(patient_registration_no,date_of_visit,employee_number,treatment) values(43,2013-07-20,10);
insert into Hospital.Prescribed(product_id,patient_registration_no,date_of_visit) values (6,43,'2013-07-20');
insert into Hospital.Visitation(patient_registration_no,date_of_visit,diagnosis) values (43,'2013-08-26','cnxeg');
insert into Hospital.Consulted(employee_number,certification_no,patient_registration_no,date_of_visit) values(23,23112233,43,'2013-08-26');
insert into Hospital.Treated_by(patient_registration_no,date_of_visit,employee_number,treatment) values(43,2013-08-26,30);
insert into Hospital.Prescribed(product_id,patient_registration_no,date_of_visit) values (5,43,'2013-08-26');
insert into Hospital.Visitation(patient_registration_no,date_of_visit,diagnosis) values (43,'2013-06-17','nndic');
insert into Hospital.Consulted(employee_number,certification_no,patient_registration_no,date_of_visit) values(6,6112233,43,'2013-06-17');
insert into Hospital.Treated_by(patient_registration_no,date_of_visit,employee_number,treatment) values(43,2013-06-17,39);
insert into Hospital.Prescribed(product_id,patient_registration_no,date_of_visit) values (33,43,'2013-06-17');
insert into Hospital.Visitation(patient_registration_no,date_of_visit,diagnosis) values (43,'2013-04-25','atpec');
insert into Hospital.Consulted(employee_number,certification_no,patient_registration_no,date_of_visit) values(2,2112233,43,'2013-04-25');
insert into Hospital.Treated_by(patient_registration_no,date_of_visit,employee_number,treatment) values(43,2013-04-25,28);
insert into Hospital.Prescribed(product_id,patient_registration_no,date_of_visit) values (34,43,'2013-04-25');
insert into Hospital.Patient (patient_registration_no, name, ssn, address,contact_no,emergency_contact_no) values ( 43,'iexfl',857503060,'djiuh',10755477,10288271);
insert into Hospital.Physician (employee_number, certification_no,specialization) values ( 43,43112233,'Cardiology');
insert into Hospital.Belongs_to(employee_number,department_id) values (43,1);
insert into Hospital.Pharmaceutical_product(product_id,cost,manufacturer) values(44,102.50477598753021,'nulks');
insert into Hospital.Medicine(product_id,medicine_name,dosage) values (44,'ghcyq','uukpz');
insert into Hospital.Employees (employee_number, name, location, ssn, home_address,phone_number,designation) values ( 44,'mflhi','pktbcznswbaslbr',580043540,'nudia',16962792,'Doctor');
insert into Hospital.Visitation(patient_registration_no,date_of_visit,diagnosis) values (44,'2013-02-06','mbknq');
insert into Hospital.Consulted(employee_number,certification_no,patient_registration_no,date_of_visit) values(37,37112233,44,'2013-02-06');
insert into Hospital.Treated_by(patient_registration_no,date_of_visit,employee_number,treatment) values(44,2013-02-06,19);
insert into Hospital.Prescribed(product_id,patient_registration_no,date_of_visit) values (26,44,'2013-02-06');
insert into Hospital.Visitation(patient_registration_no,date_of_visit,diagnosis) values (44,'2013-08-19','chxdi');
insert into Hospital.Consulted(employee_number,certification_no,patient_registration_no,date_of_visit) values(1,1112233,44,'2013-08-19');
insert into Hospital.Treated_by(patient_registration_no,date_of_visit,employee_number,treatment) values(44,2013-08-19,26);
insert into Hospital.Prescribed(product_id,patient_registration_no,date_of_visit) values (7,44,'2013-08-19');
insert into Hospital.Visitation(patient_registration_no,date_of_visit,diagnosis) values (44,'2013-10-14','ilqlx');
insert into Hospital.Consulted(employee_number,certification_no,patient_registration_no,date_of_visit) values(29,29112233,44,'2013-10-14');
insert into Hospital.Treated_by(patient_registration_no,date_of_visit,employee_number,treatment) values(44,2013-10-14,30);
insert into Hospital.Prescribed(product_id,patient_registration_no,date_of_visit) values (21,44,'2013-10-14');
insert into Hospital.Visitation(patient_registration_no,date_of_visit,diagnosis) values (44,'2013-03-22','xxqua');
insert into Hospital.Consulted(employee_number,certification_no,patient_registration_no,date_of_visit) values(29,29112233,44,'2013-03-22');
insert into Hospital.Treated_by(patient_registration_no,date_of_visit,employee_number,treatment) values(44,2013-03-22,19);
insert into Hospital.Prescribed(product_id,patient_registration_no,date_of_visit) values (14,44,'2013-03-22');
insert into Hospital.Visitation(patient_registration_no,date_of_visit,diagnosis) values (44,'2013-01-10','ceojz');
insert into Hospital.Consulted(employee_number,certification_no,patient_registration_no,date_of_visit) values(29,29112233,44,'2013-01-10');
insert into Hospital.Treated_by(patient_registration_no,date_of_visit,employee_number,treatment) values(44,2013-01-10,30);
insert into Hospital.Prescribed(product_id,patient_registration_no,date_of_visit) values (27,44,'2013-01-10');
insert into Hospital.Patient (patient_registration_no, name, ssn, address,contact_no,emergency_contact_no) values ( 44,'oagnq',837089362,'oskfi',72706274,11632187);
insert into Hospital.Physician (employee_number, certification_no,specialization) values ( 44,44112233,'Anesthesiology');
insert into Hospital.Belongs_to(employee_number,department_id) values (44,1);
insert into Hospital.Pharmaceutical_product(product_id,cost,manufacturer) values(45,738.128422177252,'dexua');
insert into Hospital.Medicine(product_id,medicine_name,dosage) values (45,'qkeml','otxwv');
insert into Hospital.Employees (employee_number, name, location, ssn, home_address,phone_number,designation) values ( 45,'xsloq','eyfjmmwqzbugtwb',187423473,'sfxct',52980334,'Doctor');
insert into Hospital.Visitation(patient_registration_no,date_of_visit,diagnosis) values (45,'2013-05-27','cubqi');
insert into Hospital.Consulted(employee_number,certification_no,patient_registration_no,date_of_visit) values(34,34112233,45,'2013-05-27');
insert into Hospital.Treated_by(patient_registration_no,date_of_visit,employee_number,treatment) values(45,2013-05-27,30);
insert into Hospital.Prescribed(product_id,patient_registration_no,date_of_visit) values (45,45,'2013-05-27');
insert into Hospital.Visitation(patient_registration_no,date_of_visit,diagnosis) values (45,'2013-03-12','rjbfu');
insert into Hospital.Consulted(employee_number,certification_no,patient_registration_no,date_of_visit) values(13,13112233,45,'2013-03-12');
insert into Hospital.Treated_by(patient_registration_no,date_of_visit,employee_number,treatment) values(45,2013-03-12,10);
insert into Hospital.Prescribed(product_id,patient_registration_no,date_of_visit) values (3,45,'2013-03-12');
insert into Hospital.Visitation(patient_registration_no,date_of_visit,diagnosis) values (45,'2013-05-09','brbfx');
insert into Hospital.Consulted(employee_number,certification_no,patient_registration_no,date_of_visit) values(8,8112233,45,'2013-05-09');
insert into Hospital.Treated_by(patient_registration_no,date_of_visit,employee_number,treatment) values(45,2013-05-09,26);
insert into Hospital.Prescribed(product_id,patient_registration_no,date_of_visit) values (44,45,'2013-05-09');
insert into Hospital.Visitation(patient_registration_no,date_of_visit,diagnosis) values (45,'2013-08-15','awbfx');
insert into Hospital.Consulted(employee_number,certification_no,patient_registration_no,date_of_visit) values(44,44112233,45,'2013-08-15');
insert into Hospital.Treated_by(patient_registration_no,date_of_visit,employee_number,treatment) values(45,2013-08-15,19);
insert into Hospital.Prescribed(product_id,patient_registration_no,date_of_visit) values (5,45,'2013-08-15');
insert into Hospital.Visitation(patient_registration_no,date_of_visit,diagnosis) values (45,'2013-01-28','pjurp');
insert into Hospital.Consulted(employee_number,certification_no,patient_registration_no,date_of_visit) values(12,12112233,45,'2013-01-28');
insert into Hospital.Treated_by(patient_registration_no,date_of_visit,employee_number,treatment) values(45,2013-01-28,10);
insert into Hospital.Prescribed(product_id,patient_registration_no,date_of_visit) values (21,45,'2013-01-28');
insert into Hospital.Patient (patient_registration_no, name, ssn, address,contact_no,emergency_contact_no) values ( 45,'xkwbq',336083228,'iayaw',95390860,44125351);
insert into Hospital.Physician (employee_number, certification_no,specialization) values ( 45,45112233,'Cardiology');
insert into Hospital.Belongs_to(employee_number,department_id) values (45,1);
insert into Hospital.Pharmaceutical_product(product_id,cost,manufacturer) values(46,102.06893415463095,'jcbpo');
insert into Hospital.Medicine(product_id,medicine_name,dosage) values (46,'tgjds','ofcvw');
insert into Hospital.Employees (employee_number, name, location, ssn, home_address,phone_number,designation) values ( 46,'qzzvj','nuphsuhpbrekukn',298780595,'tpjws',12519065,'Doctor');
insert into Hospital.Visitation(patient_registration_no,date_of_visit,diagnosis) values (46,'2013-02-07','yqwrt');
insert into Hospital.Consulted(employee_number,certification_no,patient_registration_no,date_of_visit) values(23,23112233,46,'2013-02-07');
insert into Hospital.Treated_by(patient_registration_no,date_of_visit,employee_number,treatment) values(46,2013-02-07,30);
insert into Hospital.Prescribed(product_id,patient_registration_no,date_of_visit) values (3,46,'2013-02-07');
insert into Hospital.Visitation(patient_registration_no,date_of_visit,diagnosis) values (46,'2013-07-28','escta');
insert into Hospital.Consulted(employee_number,certification_no,patient_registration_no,date_of_visit) values(13,13112233,46,'2013-07-28');
insert into Hospital.Treated_by(patient_registration_no,date_of_visit,employee_number,treatment) values(46,2013-07-28,18);
insert into Hospital.Prescribed(product_id,patient_registration_no,date_of_visit) values (24,46,'2013-07-28');
insert into Hospital.Visitation(patient_registration_no,date_of_visit,diagnosis) values (46,'2013-06-08','ecquj');
insert into Hospital.Consulted(employee_number,certification_no,patient_registration_no,date_of_visit) values(21,21112233,46,'2013-06-08');
insert into Hospital.Treated_by(patient_registration_no,date_of_visit,employee_number,treatment) values(46,2013-06-08,19);
insert into Hospital.Prescribed(product_id,patient_registration_no,date_of_visit) values (7,46,'2013-06-08');
insert into Hospital.Visitation(patient_registration_no,date_of_visit,diagnosis) values (46,'2013-04-13','eerig');
insert into Hospital.Consulted(employee_number,certification_no,patient_registration_no,date_of_visit) values(9,9112233,46,'2013-04-13');
insert into Hospital.Treated_by(patient_registration_no,date_of_visit,employee_number,treatment) values(46,2013-04-13,30);
insert into Hospital.Prescribed(product_id,patient_registration_no,date_of_visit) values (37,46,'2013-04-13');
insert into Hospital.Visitation(patient_registration_no,date_of_visit,diagnosis) values (46,'2013-08-31','zfobx');
insert into Hospital.Consulted(employee_number,certification_no,patient_registration_no,date_of_visit) values(41,41112233,46,'2013-08-31');
insert into Hospital.Treated_by(patient_registration_no,date_of_visit,employee_number,treatment) values(46,2013-08-31,19);
insert into Hospital.Prescribed(product_id,patient_registration_no,date_of_visit) values (33,46,'2013-08-31');
insert into Hospital.Patient (patient_registration_no, name, ssn, address,contact_no,emergency_contact_no) values ( 46,'gvrea',623634194,'qwlhs',98389883,11647921);
insert into Hospital.Physician (employee_number, certification_no,specialization) values ( 46,46112233,'Anesthesiology');
insert into Hospital.Belongs_to(employee_number,department_id) values (46,1);
insert into Hospital.Pharmaceutical_product(product_id,cost,manufacturer) values(47,280.9957786644881,'fwjny');
insert into Hospital.Employees (employee_number, name, location, ssn, home_address,phone_number,designation) values ( 47,'pwjwy','upvcqcfkbzizvrr',987427724,'hunxc',92861456,'Radiology');
insert into Hospital.Visitation(patient_registration_no,date_of_visit,diagnosis) values (47,'2013-02-21','jpneq');
insert into Hospital.Consulted(employee_number,certification_no,patient_registration_no,date_of_visit) values(1,1112233,47,'2013-02-21');
insert into Hospital.Treated_by(patient_registration_no,date_of_visit,employee_number,treatment) values(47,2013-02-21,19);
insert into Hospital.Prescribed(product_id,patient_registration_no,date_of_visit) values (19,47,'2013-02-21');
insert into Hospital.Visitation(patient_registration_no,date_of_visit,diagnosis) values (47,'2013-08-15','iabuu');
insert into Hospital.Consulted(employee_number,certification_no,patient_registration_no,date_of_visit) values(9,9112233,47,'2013-08-15');
insert into Hospital.Treated_by(patient_registration_no,date_of_visit,employee_number,treatment) values(47,2013-08-15,26);
insert into Hospital.Prescribed(product_id,patient_registration_no,date_of_visit) values (7,47,'2013-08-15');
insert into Hospital.Visitation(patient_registration_no,date_of_visit,diagnosis) values (47,'2013-03-18','kizex');
insert into Hospital.Consulted(employee_number,certification_no,patient_registration_no,date_of_visit) values(6,6112233,47,'2013-03-18');
insert into Hospital.Treated_by(patient_registration_no,date_of_visit,employee_number,treatment) values(47,2013-03-18,0);
insert into Hospital.Prescribed(product_id,patient_registration_no,date_of_visit) values (1,47,'2013-03-18');
insert into Hospital.Visitation(patient_registration_no,date_of_visit,diagnosis) values (47,'2013-09-27','waski');
insert into Hospital.Consulted(employee_number,certification_no,patient_registration_no,date_of_visit) values(45,45112233,47,'2013-09-27');
insert into Hospital.Treated_by(patient_registration_no,date_of_visit,employee_number,treatment) values(47,2013-09-27,39);
insert into Hospital.Prescribed(product_id,patient_registration_no,date_of_visit) values (10,47,'2013-09-27');
insert into Hospital.Visitation(patient_registration_no,date_of_visit,diagnosis) values (47,'2013-09-01','hrzwj');
insert into Hospital.Consulted(employee_number,certification_no,patient_registration_no,date_of_visit) values(2,2112233,47,'2013-09-01');
insert into Hospital.Treated_by(patient_registration_no,date_of_visit,employee_number,treatment) values(47,2013-09-01,0);
insert into Hospital.Prescribed(product_id,patient_registration_no,date_of_visit) values (19,47,'2013-09-01');
insert into Hospital.Patient (patient_registration_no, name, ssn, address,contact_no,emergency_contact_no) values ( 47,'normx',939458366,'hnvam',39036596,71421364);
insert into Hospital.Takes (employee_number,shift_name ) values ( 47,'night');
insert into Hospital.Belongs_to(employee_number,department_id) values (47,3);
insert into Hospital.Pharmaceutical_product(product_id,cost,manufacturer) values(48,550.8432092924764,'tlqhe');
insert into Hospital.Batch(batch_id,manufacture_date,expiry_date) values (48,'2013-09-01','2013-09-22');
insert into Hospital.Production(product_id,batch_id) values (48,48);
insert into Hospital.Batch(batch_id,manufacture_date,expiry_date) values (49,'2013-09-01','2013-09-22');
insert into Hospital.Production(product_id,batch_id) values (48,49);
insert into Hospital.Batch(batch_id,manufacture_date,expiry_date) values (50,'2013-09-01','2013-09-22');
insert into Hospital.Production(product_id,batch_id) values (48,50);
insert into Hospital.Batch(batch_id,manufacture_date,expiry_date) values (51,'2013-09-01','2013-09-22');
insert into Hospital.Production(product_id,batch_id) values (48,51);
insert into Hospital.Batch(batch_id,manufacture_date,expiry_date) values (52,'2013-09-01','2013-09-22');
insert into Hospital.Production(product_id,batch_id) values (48,52);
insert into Hospital.Medicine(product_id,medicine_name,dosage) values (48,'otrzj','xctpw');
insert into Hospital.Employees (employee_number, name, location, ssn, home_address,phone_number,designation) values ( 48,'lzttz','etfffkxrviieogx',623644365,'beqnf',64576397,'Radiology');
insert into Hospital.Visitation(patient_registration_no,date_of_visit,diagnosis) values (48,'2013-02-25','snfzm');
insert into Hospital.Consulted(employee_number,certification_no,patient_registration_no,date_of_visit) values(41,41112233,48,'2013-02-25');
insert into Hospital.Treated_by(patient_registration_no,date_of_visit,employee_number,treatment) values(48,2013-02-25,28);
insert into Hospital.Prescribed(product_id,patient_registration_no,date_of_visit) values (31,48,'2013-02-25');
insert into Hospital.Visitation(patient_registration_no,date_of_visit,diagnosis) values (48,'2013-07-03','ovwut');
insert into Hospital.Consulted(employee_number,certification_no,patient_registration_no,date_of_visit) values(34,34112233,48,'2013-07-03');
insert into Hospital.Treated_by(patient_registration_no,date_of_visit,employee_number,treatment) values(48,2013-07-03,26);
insert into Hospital.Prescribed(product_id,patient_registration_no,date_of_visit) values (3,48,'2013-07-03');
insert into Hospital.Visitation(patient_registration_no,date_of_visit,diagnosis) values (48,'2013-07-01','uyqam');
insert into Hospital.Consulted(employee_number,certification_no,patient_registration_no,date_of_visit) values(2,2112233,48,'2013-07-01');
insert into Hospital.Treated_by(patient_registration_no,date_of_visit,employee_number,treatment) values(48,2013-07-01,18);
insert into Hospital.Prescribed(product_id,patient_registration_no,date_of_visit) values (7,48,'2013-07-01');
insert into Hospital.Visitation(patient_registration_no,date_of_visit,diagnosis) values (48,'2013-02-28','ocvgd');
insert into Hospital.Consulted(employee_number,certification_no,patient_registration_no,date_of_visit) values(1,1112233,48,'2013-02-28');
insert into Hospital.Treated_by(patient_registration_no,date_of_visit,employee_number,treatment) values(48,2013-02-28,30);
insert into Hospital.Prescribed(product_id,patient_registration_no,date_of_visit) values (27,48,'2013-02-28');
insert into Hospital.Visitation(patient_registration_no,date_of_visit,diagnosis) values (48,'2013-05-09','dwcfw');
insert into Hospital.Consulted(employee_number,certification_no,patient_registration_no,date_of_visit) values(41,41112233,48,'2013-05-09');
insert into Hospital.Treated_by(patient_registration_no,date_of_visit,employee_number,treatment) values(48,2013-05-09,47);
insert into Hospital.Prescribed(product_id,patient_registration_no,date_of_visit) values (7,48,'2013-05-09');
insert into Hospital.Patient (patient_registration_no, name, ssn, address,contact_no,emergency_contact_no) values ( 48,'dmpsn',257741744,'zewcy',28408336,81206248);
insert into Hospital.Takes (employee_number,shift_name ) values ( 48,'morning');
insert into Hospital.Belongs_to(employee_number,department_id) values (48,3);
insert into Hospital.Pharmaceutical_product(product_id,cost,manufacturer) values(49,519.326413794334,'cwhfg');
insert into Hospital.Medicine(product_id,medicine_name,dosage) values (49,'hlowm','wdfro');
insert into Hospital.Employees (employee_number, name, location, ssn, home_address,phone_number,designation) values ( 49,'fmefl','nsuhdscwgcpphhv',749161594,'wyafd',26273575,'Radiology');
insert into Hospital.Visitation(patient_registration_no,date_of_visit,diagnosis) values (49,'2013-05-21','hzrrn');
insert into Hospital.Consulted(employee_number,certification_no,patient_registration_no,date_of_visit) values(12,12112233,49,'2013-05-21');
insert into Hospital.Treated_by(patient_registration_no,date_of_visit,employee_number,treatment) values(49,2013-05-21,19);
insert into Hospital.Prescribed(product_id,patient_registration_no,date_of_visit) values (21,49,'2013-05-21');
insert into Hospital.Visitation(patient_registration_no,date_of_visit,diagnosis) values (49,'2013-04-16','zykwd');
insert into Hospital.Consulted(employee_number,certification_no,patient_registration_no,date_of_visit) values(12,12112233,49,'2013-04-16');
insert into Hospital.Treated_by(patient_registration_no,date_of_visit,employee_number,treatment) values(49,2013-04-16,0);
insert into Hospital.Prescribed(product_id,patient_registration_no,date_of_visit) values (26,49,'2013-04-16');
insert into Hospital.Visitation(patient_registration_no,date_of_visit,diagnosis) values (49,'2013-03-18','krtua');
insert into Hospital.Consulted(employee_number,certification_no,patient_registration_no,date_of_visit) values(46,46112233,49,'2013-03-18');
insert into Hospital.Treated_by(patient_registration_no,date_of_visit,employee_number,treatment) values(49,2013-03-18,28);
insert into Hospital.Prescribed(product_id,patient_registration_no,date_of_visit) values (2,49,'2013-03-18');
insert into Hospital.Visitation(patient_registration_no,date_of_visit,diagnosis) values (49,'2013-07-04','qxhop');
insert into Hospital.Consulted(employee_number,certification_no,patient_registration_no,date_of_visit) values(46,46112233,49,'2013-07-04');
insert into Hospital.Treated_by(patient_registration_no,date_of_visit,employee_number,treatment) values(49,2013-07-04,18);
insert into Hospital.Prescribed(product_id,patient_registration_no,date_of_visit) values (37,49,'2013-07-04');
insert into Hospital.Visitation(patient_registration_no,date_of_visit,diagnosis) values (49,'2013-03-19','jldhm');
insert into Hospital.Consulted(employee_number,certification_no,patient_registration_no,date_of_visit) values(2,2112233,49,'2013-03-19');
insert into Hospital.Treated_by(patient_registration_no,date_of_visit,employee_number,treatment) values(49,2013-03-19,10);
insert into Hospital.Prescribed(product_id,patient_registration_no,date_of_visit) values (41,49,'2013-03-19');
insert into Hospital.Patient (patient_registration_no, name, ssn, address,contact_no,emergency_contact_no) values ( 49,'oebkh',450499075,'rrtky',95326861,20261111);
insert into Hospital.Takes (employee_number,shift_name ) values ( 49,'morning');
insert into Hospital.Belongs_to(employee_number,department_id) values (49,3);
insert into Hospital.Pharmaceutical_product(product_id,cost,manufacturer) values(50,474.42560657288516,'pwigt');
insert into Hospital.Batch(batch_id,manufacture_date,expiry_date) values (50,'2013-05-25','2013-10-07');
insert into Hospital.Production(product_id,batch_id) values (50,50);
insert into Hospital.Batch(batch_id,manufacture_date,expiry_date) values (51,'2013-05-25','2013-10-07');
insert into Hospital.Production(product_id,batch_id) values (50,51);
insert into Hospital.Batch(batch_id,manufacture_date,expiry_date) values (52,'2013-05-25','2013-10-07');
insert into Hospital.Production(product_id,batch_id) values (50,52);
insert into Hospital.Batch(batch_id,manufacture_date,expiry_date) values (53,'2013-05-25','2013-10-07');
insert into Hospital.Production(product_id,batch_id) values (50,53);
insert into Hospital.Batch(batch_id,manufacture_date,expiry_date) values (54,'2013-05-25','2013-10-07');
insert into Hospital.Production(product_id,batch_id) values (50,54);
insert into Hospital.Employees (employee_number, name, location, ssn, home_address,phone_number,designation) values ( 50,'uians','wepppefrewyamyf',193376366,'bexvp',96142969,'Radiology');
insert into Hospital.Visitation(patient_registration_no,date_of_visit,diagnosis) values (50,'2013-08-30','fycaa');
insert into Hospital.Consulted(employee_number,certification_no,patient_registration_no,date_of_visit) values(44,44112233,50,'2013-08-30');
insert into Hospital.Treated_by(patient_registration_no,date_of_visit,employee_number,treatment) values(50,2013-08-30,0);
insert into Hospital.Prescribed(product_id,patient_registration_no,date_of_visit) values (28,50,'2013-08-30');
insert into Hospital.Visitation(patient_registration_no,date_of_visit,diagnosis) values (50,'2013-06-18','zvdba');
insert into Hospital.Consulted(employee_number,certification_no,patient_registration_no,date_of_visit) values(35,35112233,50,'2013-06-18');
insert into Hospital.Treated_by(patient_registration_no,date_of_visit,employee_number,treatment) values(50,2013-06-18,47);
insert into Hospital.Prescribed(product_id,patient_registration_no,date_of_visit) values (1,50,'2013-06-18');
insert into Hospital.Visitation(patient_registration_no,date_of_visit,diagnosis) values (50,'2013-01-02','vjqnh');
insert into Hospital.Consulted(employee_number,certification_no,patient_registration_no,date_of_visit) values(2,2112233,50,'2013-01-02');
insert into Hospital.Treated_by(patient_registration_no,date_of_visit,employee_number,treatment) values(50,2013-01-02,10);
insert into Hospital.Prescribed(product_id,patient_registration_no,date_of_visit) values (3,50,'2013-01-02');
insert into Hospital.Visitation(patient_registration_no,date_of_visit,diagnosis) values (50,'2013-03-12','kicfg');
insert into Hospital.Consulted(employee_number,certification_no,patient_registration_no,date_of_visit) values(43,43112233,50,'2013-03-12');
insert into Hospital.Treated_by(patient_registration_no,date_of_visit,employee_number,treatment) values(50,2013-03-12,18);
insert into Hospital.Prescribed(product_id,patient_registration_no,date_of_visit) values (1,50,'2013-03-12');
insert into Hospital.Visitation(patient_registration_no,date_of_visit,diagnosis) values (50,'2013-05-15','qzksg');
insert into Hospital.Consulted(employee_number,certification_no,patient_registration_no,date_of_visit) values(46,46112233,50,'2013-05-15');
insert into Hospital.Treated_by(patient_registration_no,date_of_visit,employee_number,treatment) values(50,2013-05-15,19);
insert into Hospital.Prescribed(product_id,patient_registration_no,date_of_visit) values (39,50,'2013-05-15');
insert into Hospital.Patient (patient_registration_no, name, ssn, address,contact_no,emergency_contact_no) values ( 50,'vqixe',351731459,'iuoup',64709964,70521624);
insert into Hospital.Takes (employee_number,shift_name ) values ( 50,'night');
insert into Hospital.Belongs_to(employee_number,department_id) values (50,3);
insert into Hospital.Pharmaceutical_product(product_id,cost,manufacturer) values(51,448.7154741736344,'piuee');
insert into Hospital.Batch(batch_id,manufacture_date,expiry_date) values (51,'2013-01-07','2013-04-10');
insert into Hospital.Production(product_id,batch_id) values (51,51);
insert into Hospital.Batch(batch_id,manufacture_date,expiry_date) values (52,'2013-01-07','2013-04-10');
insert into Hospital.Production(product_id,batch_id) values (51,52);
insert into Hospital.Batch(batch_id,manufacture_date,expiry_date) values (53,'2013-01-07','2013-04-10');
insert into Hospital.Production(product_id,batch_id) values (51,53);
insert into Hospital.Batch(batch_id,manufacture_date,expiry_date) values (54,'2013-01-07','2013-04-10');
insert into Hospital.Production(product_id,batch_id) values (51,54);
insert into Hospital.Batch(batch_id,manufacture_date,expiry_date) values (55,'2013-01-07','2013-04-10');
insert into Hospital.Production(product_id,batch_id) values (51,55);
insert into Hospital.Medicine(product_id,medicine_name,dosage) values (51,'lffnj','itvpd');
insert into Hospital.Employees (employee_number, name, location, ssn, home_address,phone_number,designation) values ( 51,'lmzjo','xjuofncnbzjzufc',478788838,'estob',70518401,'Doctor');
insert into Hospital.Visitation(patient_registration_no,date_of_visit,diagnosis) values (51,'2013-09-28','nydfw');
insert into Hospital.Consulted(employee_number,certification_no,patient_registration_no,date_of_visit) values(34,34112233,51,'2013-09-28');
insert into Hospital.Treated_by(patient_registration_no,date_of_visit,employee_number,treatment) values(51,2013-09-28,0);
insert into Hospital.Prescribed(product_id,patient_registration_no,date_of_visit) values (5,51,'2013-09-28');
insert into Hospital.Visitation(patient_registration_no,date_of_visit,diagnosis) values (51,'2013-09-14','jxoze');
insert into Hospital.Consulted(employee_number,certification_no,patient_registration_no,date_of_visit) values(21,21112233,51,'2013-09-14');
insert into Hospital.Treated_by(patient_registration_no,date_of_visit,employee_number,treatment) values(51,2013-09-14,10);
insert into Hospital.Prescribed(product_id,patient_registration_no,date_of_visit) values (3,51,'2013-09-14');
insert into Hospital.Visitation(patient_registration_no,date_of_visit,diagnosis) values (51,'2013-03-31','xvbeh');
insert into Hospital.Consulted(employee_number,certification_no,patient_registration_no,date_of_visit) values(37,37112233,51,'2013-03-31');
insert into Hospital.Treated_by(patient_registration_no,date_of_visit,employee_number,treatment) values(51,2013-03-31,26);
insert into Hospital.Prescribed(product_id,patient_registration_no,date_of_visit) values (20,51,'2013-03-31');
insert into Hospital.Visitation(patient_registration_no,date_of_visit,diagnosis) values (51,'2013-09-21','ygzcm');
insert into Hospital.Consulted(employee_number,certification_no,patient_registration_no,date_of_visit) values(9,9112233,51,'2013-09-21');
insert into Hospital.Treated_by(patient_registration_no,date_of_visit,employee_number,treatment) values(51,2013-09-21,26);
insert into Hospital.Prescribed(product_id,patient_registration_no,date_of_visit) values (28,51,'2013-09-21');
insert into Hospital.Visitation(patient_registration_no,date_of_visit,diagnosis) values (51,'2013-01-02','qsqrk');
insert into Hospital.Consulted(employee_number,certification_no,patient_registration_no,date_of_visit) values(2,2112233,51,'2013-01-02');
insert into Hospital.Treated_by(patient_registration_no,date_of_visit,employee_number,treatment) values(51,2013-01-02,0);
insert into Hospital.Prescribed(product_id,patient_registration_no,date_of_visit) values (21,51,'2013-01-02');
insert into Hospital.Patient (patient_registration_no, name, ssn, address,contact_no,emergency_contact_no) values ( 51,'tgmbk',736852775,'jisye',75833663,33909238);
insert into Hospital.Physician (employee_number, certification_no,specialization) values ( 51,51112233,'Cardiology');
insert into Hospital.Belongs_to(employee_number,department_id) values (51,1);
insert into Hospital.Pharmaceutical_product(product_id,cost,manufacturer) values(52,680.8029064498311,'qqomi');
insert into Hospital.Medicine(product_id,medicine_name,dosage) values (52,'zcqcl','ustnw');
insert into Hospital.Employees (employee_number, name, location, ssn, home_address,phone_number,designation) values ( 52,'lxhvw','tparfulgmvovhmu',207348607,'nzlpl',44461258,'Radiology');
insert into Hospital.Visitation(patient_registration_no,date_of_visit,diagnosis) values (52,'2013-01-27','cbyxm');
insert into Hospital.Consulted(employee_number,certification_no,patient_registration_no,date_of_visit) values(1,1112233,52,'2013-01-27');
insert into Hospital.Treated_by(patient_registration_no,date_of_visit,employee_number,treatment) values(52,2013-01-27,30);
insert into Hospital.Prescribed(product_id,patient_registration_no,date_of_visit) values (29,52,'2013-01-27');
insert into Hospital.Visitation(patient_registration_no,date_of_visit,diagnosis) values (52,'2013-04-09','ebvbb');
insert into Hospital.Consulted(employee_number,certification_no,patient_registration_no,date_of_visit) values(37,37112233,52,'2013-04-09');
insert into Hospital.Treated_by(patient_registration_no,date_of_visit,employee_number,treatment) values(52,2013-04-09,47);
insert into Hospital.Prescribed(product_id,patient_registration_no,date_of_visit) values (10,52,'2013-04-09');
insert into Hospital.Visitation(patient_registration_no,date_of_visit,diagnosis) values (52,'2013-09-27','sdiug');
insert into Hospital.Consulted(employee_number,certification_no,patient_registration_no,date_of_visit) values(51,51112233,52,'2013-09-27');
insert into Hospital.Treated_by(patient_registration_no,date_of_visit,employee_number,treatment) values(52,2013-09-27,26);
insert into Hospital.Prescribed(product_id,patient_registration_no,date_of_visit) values (3,52,'2013-09-27');
insert into Hospital.Visitation(patient_registration_no,date_of_visit,diagnosis) values (52,'2013-05-01','acvst');
insert into Hospital.Consulted(employee_number,certification_no,patient_registration_no,date_of_visit) values(34,34112233,52,'2013-05-01');
insert into Hospital.Treated_by(patient_registration_no,date_of_visit,employee_number,treatment) values(52,2013-05-01,0);
insert into Hospital.Prescribed(product_id,patient_registration_no,date_of_visit) values (24,52,'2013-05-01');
insert into Hospital.Visitation(patient_registration_no,date_of_visit,diagnosis) values (52,'2013-01-22','tkncb');
insert into Hospital.Consulted(employee_number,certification_no,patient_registration_no,date_of_visit) values(29,29112233,52,'2013-01-22');
insert into Hospital.Treated_by(patient_registration_no,date_of_visit,employee_number,treatment) values(52,2013-01-22,0);
insert into Hospital.Prescribed(product_id,patient_registration_no,date_of_visit) values (2,52,'2013-01-22');
insert into Hospital.Patient (patient_registration_no, name, ssn, address,contact_no,emergency_contact_no) values ( 52,'wmunz',247221940,'fxami',62920899,83904609);
insert into Hospital.Takes (employee_number,shift_name ) values ( 52,'morning');
insert into Hospital.Belongs_to(employee_number,department_id) values (52,3);
insert into Hospital.Pharmaceutical_product(product_id,cost,manufacturer) values(53,124.99247416763063,'obewq');
insert into Hospital.Batch(batch_id,manufacture_date,expiry_date) values (53,'2013-08-14','2013-09-24');
insert into Hospital.Production(product_id,batch_id) values (53,53);
insert into Hospital.Batch(batch_id,manufacture_date,expiry_date) values (54,'2013-08-14','2013-09-24');
insert into Hospital.Production(product_id,batch_id) values (53,54);
insert into Hospital.Batch(batch_id,manufacture_date,expiry_date) values (55,'2013-08-14','2013-09-24');
insert into Hospital.Production(product_id,batch_id) values (53,55);
insert into Hospital.Batch(batch_id,manufacture_date,expiry_date) values (56,'2013-08-14','2013-09-24');
insert into Hospital.Production(product_id,batch_id) values (53,56);
insert into Hospital.Batch(batch_id,manufacture_date,expiry_date) values (57,'2013-08-14','2013-09-24');
insert into Hospital.Production(product_id,batch_id) values (53,57);
insert into Hospital.Employees (employee_number, name, location, ssn, home_address,phone_number,designation) values ( 53,'zdnmj','rcfengzsmzputnf',148162451,'xbljy',53321256,'Nurse');
insert into Hospital.Visitation(patient_registration_no,date_of_visit,diagnosis) values (53,'2013-04-27','mrnxi');
insert into Hospital.Consulted(employee_number,certification_no,patient_registration_no,date_of_visit) values(12,12112233,53,'2013-04-27');
insert into Hospital.Treated_by(patient_registration_no,date_of_visit,employee_number,treatment) values(53,2013-04-27,26);
insert into Hospital.Prescribed(product_id,patient_registration_no,date_of_visit) values (9,53,'2013-04-27');
insert into Hospital.Visitation(patient_registration_no,date_of_visit,diagnosis) values (53,'2013-02-18','olbtv');
insert into Hospital.Consulted(employee_number,certification_no,patient_registration_no,date_of_visit) values(29,29112233,53,'2013-02-18');
insert into Hospital.Treated_by(patient_registration_no,date_of_visit,employee_number,treatment) values(53,2013-02-18,0);
insert into Hospital.Prescribed(product_id,patient_registration_no,date_of_visit) values (44,53,'2013-02-18');
insert into Hospital.Visitation(patient_registration_no,date_of_visit,diagnosis) values (53,'2013-10-24','eyeyq');
insert into Hospital.Consulted(employee_number,certification_no,patient_registration_no,date_of_visit) values(43,43112233,53,'2013-10-24');
insert into Hospital.Treated_by(patient_registration_no,date_of_visit,employee_number,treatment) values(53,2013-10-24,48);
insert into Hospital.Prescribed(product_id,patient_registration_no,date_of_visit) values (29,53,'2013-10-24');
insert into Hospital.Visitation(patient_registration_no,date_of_visit,diagnosis) values (53,'2013-01-31','jmrgq');
insert into Hospital.Consulted(employee_number,certification_no,patient_registration_no,date_of_visit) values(37,37112233,53,'2013-01-31');
insert into Hospital.Treated_by(patient_registration_no,date_of_visit,employee_number,treatment) values(53,2013-01-31,19);
insert into Hospital.Prescribed(product_id,patient_registration_no,date_of_visit) values (46,53,'2013-01-31');
insert into Hospital.Visitation(patient_registration_no,date_of_visit,diagnosis) values (53,'2013-05-19','bjbpf');
insert into Hospital.Consulted(employee_number,certification_no,patient_registration_no,date_of_visit) values(12,12112233,53,'2013-05-19');
insert into Hospital.Treated_by(patient_registration_no,date_of_visit,employee_number,treatment) values(53,2013-05-19,0);
insert into Hospital.Prescribed(product_id,patient_registration_no,date_of_visit) values (8,53,'2013-05-19');
insert into Hospital.Patient (patient_registration_no, name, ssn, address,contact_no,emergency_contact_no) values ( 53,'brhbv',79873975,'rseih',99837977,64364316);
insert into Hospital.Takes (employee_number,shift_name ) values ( 53,'night');
insert into Hospital.Belongs_to(employee_number,department_id) values (53,3);
insert into Hospital.Pharmaceutical_product(product_id,cost,manufacturer) values(54,569.0015297156365,'dxumh');
insert into Hospital.Batch(batch_id,manufacture_date,expiry_date) values (54,'2013-07-30','2013-09-28');
insert into Hospital.Production(product_id,batch_id) values (54,54);
insert into Hospital.Batch(batch_id,manufacture_date,expiry_date) values (55,'2013-07-30','2013-09-28');
insert into Hospital.Production(product_id,batch_id) values (54,55);
insert into Hospital.Batch(batch_id,manufacture_date,expiry_date) values (56,'2013-07-30','2013-09-28');
insert into Hospital.Production(product_id,batch_id) values (54,56);
insert into Hospital.Batch(batch_id,manufacture_date,expiry_date) values (57,'2013-07-30','2013-09-28');
insert into Hospital.Production(product_id,batch_id) values (54,57);
insert into Hospital.Batch(batch_id,manufacture_date,expiry_date) values (58,'2013-07-30','2013-09-28');
insert into Hospital.Production(product_id,batch_id) values (54,58);
insert into Hospital.Employees (employee_number, name, location, ssn, home_address,phone_number,designation) values ( 54,'xssmz','xbzxyxypnhpammq',754232896,'uncrr',14186380,'Nurse');
insert into Hospital.Visitation(patient_registration_no,date_of_visit,diagnosis) values (54,'2013-10-22','ljpin');
insert into Hospital.Consulted(employee_number,certification_no,patient_registration_no,date_of_visit) values(45,45112233,54,'2013-10-22');
insert into Hospital.Treated_by(patient_registration_no,date_of_visit,employee_number,treatment) values(54,2013-10-22,47);
insert into Hospital.Prescribed(product_id,patient_registration_no,date_of_visit) values (19,54,'2013-10-22');
insert into Hospital.Visitation(patient_registration_no,date_of_visit,diagnosis) values (54,'2013-06-30','ogqoa');
insert into Hospital.Consulted(employee_number,certification_no,patient_registration_no,date_of_visit) values(8,8112233,54,'2013-06-30');
insert into Hospital.Treated_by(patient_registration_no,date_of_visit,employee_number,treatment) values(54,2013-06-30,47);
insert into Hospital.Prescribed(product_id,patient_registration_no,date_of_visit) values (15,54,'2013-06-30');
insert into Hospital.Visitation(patient_registration_no,date_of_visit,diagnosis) values (54,'2013-03-03','bfxvs');
insert into Hospital.Consulted(employee_number,certification_no,patient_registration_no,date_of_visit) values(23,23112233,54,'2013-03-03');
insert into Hospital.Treated_by(patient_registration_no,date_of_visit,employee_number,treatment) values(54,2013-03-03,0);
insert into Hospital.Prescribed(product_id,patient_registration_no,date_of_visit) values (29,54,'2013-03-03');
insert into Hospital.Visitation(patient_registration_no,date_of_visit,diagnosis) values (54,'2013-07-15','vrnrk');
insert into Hospital.Consulted(employee_number,certification_no,patient_registration_no,date_of_visit) values(43,43112233,54,'2013-07-15');
insert into Hospital.Treated_by(patient_registration_no,date_of_visit,employee_number,treatment) values(54,2013-07-15,50);
insert into Hospital.Prescribed(product_id,patient_registration_no,date_of_visit) values (49,54,'2013-07-15');
insert into Hospital.Visitation(patient_registration_no,date_of_visit,diagnosis) values (54,'2013-01-07','ynfmx');
insert into Hospital.Consulted(employee_number,certification_no,patient_registration_no,date_of_visit) values(6,6112233,54,'2013-01-07');
insert into Hospital.Treated_by(patient_registration_no,date_of_visit,employee_number,treatment) values(54,2013-01-07,26);
insert into Hospital.Prescribed(product_id,patient_registration_no,date_of_visit) values (33,54,'2013-01-07');
insert into Hospital.Patient (patient_registration_no, name, ssn, address,contact_no,emergency_contact_no) values ( 54,'aqwsv',188186173,'enlui',24695177,58648967);
insert into Hospital.Takes (employee_number,shift_name ) values ( 54,'evening');
insert into Hospital.Belongs_to(employee_number,department_id) values (54,3);
insert into Hospital.Pharmaceutical_product(product_id,cost,manufacturer) values(55,684.3614246327005,'fbisl');
insert into Hospital.Batch(batch_id,manufacture_date,expiry_date) values (55,'2013-03-15','2013-07-03');
insert into Hospital.Production(product_id,batch_id) values (55,55);
insert into Hospital.Batch(batch_id,manufacture_date,expiry_date) values (56,'2013-03-15','2013-07-03');
insert into Hospital.Production(product_id,batch_id) values (55,56);
insert into Hospital.Batch(batch_id,manufacture_date,expiry_date) values (57,'2013-03-15','2013-07-03');
insert into Hospital.Production(product_id,batch_id) values (55,57);
insert into Hospital.Batch(batch_id,manufacture_date,expiry_date) values (58,'2013-03-15','2013-07-03');
insert into Hospital.Production(product_id,batch_id) values (55,58);
insert into Hospital.Batch(batch_id,manufacture_date,expiry_date) values (59,'2013-03-15','2013-07-03');
insert into Hospital.Production(product_id,batch_id) values (55,59);
insert into Hospital.Medicine(product_id,medicine_name,dosage) values (55,'gilwq','idcjb');
insert into Hospital.Employees (employee_number, name, location, ssn, home_address,phone_number,designation) values ( 55,'wzwyz','iexdumffgylkxma',23226885,'aywkj',88103223,'Doctor');
insert into Hospital.Visitation(patient_registration_no,date_of_visit,diagnosis) values (55,'2013-06-08','letcm');
insert into Hospital.Consulted(employee_number,certification_no,patient_registration_no,date_of_visit) values(37,37112233,55,'2013-06-08');
insert into Hospital.Treated_by(patient_registration_no,date_of_visit,employee_number,treatment) values(55,2013-06-08,50);
insert into Hospital.Prescribed(product_id,patient_registration_no,date_of_visit) values (18,55,'2013-06-08');
insert into Hospital.Visitation(patient_registration_no,date_of_visit,diagnosis) values (55,'2013-01-23','scguf');
insert into Hospital.Consulted(employee_number,certification_no,patient_registration_no,date_of_visit) values(43,43112233,55,'2013-01-23');
insert into Hospital.Treated_by(patient_registration_no,date_of_visit,employee_number,treatment) values(55,2013-01-23,26);
insert into Hospital.Prescribed(product_id,patient_registration_no,date_of_visit) values (7,55,'2013-01-23');
insert into Hospital.Visitation(patient_registration_no,date_of_visit,diagnosis) values (55,'2013-08-15','uvxfo');
insert into Hospital.Consulted(employee_number,certification_no,patient_registration_no,date_of_visit) values(34,34112233,55,'2013-08-15');
insert into Hospital.Treated_by(patient_registration_no,date_of_visit,employee_number,treatment) values(55,2013-08-15,10);
insert into Hospital.Prescribed(product_id,patient_registration_no,date_of_visit) values (24,55,'2013-08-15');
insert into Hospital.Visitation(patient_registration_no,date_of_visit,diagnosis) values (55,'2013-01-09','yxuqd');
insert into Hospital.Consulted(employee_number,certification_no,patient_registration_no,date_of_visit) values(45,45112233,55,'2013-01-09');
insert into Hospital.Treated_by(patient_registration_no,date_of_visit,employee_number,treatment) values(55,2013-01-09,26);
insert into Hospital.Prescribed(product_id,patient_registration_no,date_of_visit) values (9,55,'2013-01-09');
insert into Hospital.Visitation(patient_registration_no,date_of_visit,diagnosis) values (55,'2013-06-18','zkvrh');
insert into Hospital.Consulted(employee_number,certification_no,patient_registration_no,date_of_visit) values(43,43112233,55,'2013-06-18');
insert into Hospital.Treated_by(patient_registration_no,date_of_visit,employee_number,treatment) values(55,2013-06-18,18);
insert into Hospital.Prescribed(product_id,patient_registration_no,date_of_visit) values (6,55,'2013-06-18');
insert into Hospital.Patient (patient_registration_no, name, ssn, address,contact_no,emergency_contact_no) values ( 55,'jdmqs',675459080,'znlmk',95682701,44457429);
insert into Hospital.Physician (employee_number, certification_no,specialization) values ( 55,55112233,'Cardiology');
insert into Hospital.Belongs_to(employee_number,department_id) values (55,1);
insert into Hospital.Pharmaceutical_product(product_id,cost,manufacturer) values(56,78.50226997769401,'ogebt');
insert into Hospital.Medicine(product_id,medicine_name,dosage) values (56,'zmvgj','nynfd');
insert into Hospital.Employees (employee_number, name, location, ssn, home_address,phone_number,designation) values ( 56,'whppc','zttejklbceozjwc',269051862,'davzx',76010812,'Radiology');
insert into Hospital.Visitation(patient_registration_no,date_of_visit,diagnosis) values (56,'2013-03-31','ayvch');
insert into Hospital.Consulted(employee_number,certification_no,patient_registration_no,date_of_visit) values(29,29112233,56,'2013-03-31');
insert into Hospital.Treated_by(patient_registration_no,date_of_visit,employee_number,treatment) values(56,2013-03-31,48);
insert into Hospital.Prescribed(product_id,patient_registration_no,date_of_visit) values (28,56,'2013-03-31');
insert into Hospital.Visitation(patient_registration_no,date_of_visit,diagnosis) values (56,'2013-04-05','bgpcb');
insert into Hospital.Consulted(employee_number,certification_no,patient_registration_no,date_of_visit) values(41,41112233,56,'2013-04-05');
insert into Hospital.Treated_by(patient_registration_no,date_of_visit,employee_number,treatment) values(56,2013-04-05,19);
insert into Hospital.Prescribed(product_id,patient_registration_no,date_of_visit) values (12,56,'2013-04-05');
insert into Hospital.Visitation(patient_registration_no,date_of_visit,diagnosis) values (56,'2013-07-24','vvaav');
insert into Hospital.Consulted(employee_number,certification_no,patient_registration_no,date_of_visit) values(45,45112233,56,'2013-07-24');
insert into Hospital.Treated_by(patient_registration_no,date_of_visit,employee_number,treatment) values(56,2013-07-24,30);
insert into Hospital.Prescribed(product_id,patient_registration_no,date_of_visit) values (2,56,'2013-07-24');
insert into Hospital.Visitation(patient_registration_no,date_of_visit,diagnosis) values (56,'2013-10-21','hqopz');
insert into Hospital.Consulted(employee_number,certification_no,patient_registration_no,date_of_visit) values(45,45112233,56,'2013-10-21');
insert into Hospital.Treated_by(patient_registration_no,date_of_visit,employee_number,treatment) values(56,2013-10-21,48);
insert into Hospital.Prescribed(product_id,patient_registration_no,date_of_visit) values (52,56,'2013-10-21');
insert into Hospital.Visitation(patient_registration_no,date_of_visit,diagnosis) values (56,'2013-09-20','azyok');
insert into Hospital.Consulted(employee_number,certification_no,patient_registration_no,date_of_visit) values(46,46112233,56,'2013-09-20');
insert into Hospital.Treated_by(patient_registration_no,date_of_visit,employee_number,treatment) values(56,2013-09-20,47);
insert into Hospital.Prescribed(product_id,patient_registration_no,date_of_visit) values (39,56,'2013-09-20');
insert into Hospital.Patient (patient_registration_no, name, ssn, address,contact_no,emergency_contact_no) values ( 56,'wvmzp',220861784,'tpfxn',91135619,50649494);
insert into Hospital.Takes (employee_number,shift_name ) values ( 56,'evening');
insert into Hospital.Belongs_to(employee_number,department_id) values (56,3);
insert into Hospital.Pharmaceutical_product(product_id,cost,manufacturer) values(57,793.9289603136189,'unaqh');
insert into Hospital.Medicine(product_id,medicine_name,dosage) values (57,'tmley','cxhnv');
insert into Hospital.Employees (employee_number, name, location, ssn, home_address,phone_number,designation) values ( 57,'izhps','hlrallmcegzlepe',734185329,'ivazp',80872210,'Nurse');
insert into Hospital.Visitation(patient_registration_no,date_of_visit,diagnosis) values (57,'2013-10-06','jodeu');
insert into Hospital.Consulted(employee_number,certification_no,patient_registration_no,date_of_visit) values(35,35112233,57,'2013-10-06');
insert into Hospital.Treated_by(patient_registration_no,date_of_visit,employee_number,treatment) values(57,2013-10-06,19);
insert into Hospital.Prescribed(product_id,patient_registration_no,date_of_visit) values (5,57,'2013-10-06');
insert into Hospital.Visitation(patient_registration_no,date_of_visit,diagnosis) values (57,'2013-09-07','lwbqq');
insert into Hospital.Consulted(employee_number,certification_no,patient_registration_no,date_of_visit) values(1,1112233,57,'2013-09-07');
insert into Hospital.Treated_by(patient_registration_no,date_of_visit,employee_number,treatment) values(57,2013-09-07,0);
insert into Hospital.Prescribed(product_id,patient_registration_no,date_of_visit) values (20,57,'2013-09-07');
insert into Hospital.Visitation(patient_registration_no,date_of_visit,diagnosis) values (57,'2013-06-18','wcewb');
insert into Hospital.Consulted(employee_number,certification_no,patient_registration_no,date_of_visit) values(46,46112233,57,'2013-06-18');
insert into Hospital.Treated_by(patient_registration_no,date_of_visit,employee_number,treatment) values(57,2013-06-18,50);
insert into Hospital.Prescribed(product_id,patient_registration_no,date_of_visit) values (44,57,'2013-06-18');
insert into Hospital.Visitation(patient_registration_no,date_of_visit,diagnosis) values (57,'2013-09-04','jnnvo');
insert into Hospital.Consulted(employee_number,certification_no,patient_registration_no,date_of_visit) values(43,43112233,57,'2013-09-04');
insert into Hospital.Treated_by(patient_registration_no,date_of_visit,employee_number,treatment) values(57,2013-09-04,50);
insert into Hospital.Prescribed(product_id,patient_registration_no,date_of_visit) values (20,57,'2013-09-04');
insert into Hospital.Visitation(patient_registration_no,date_of_visit,diagnosis) values (57,'2013-01-11','xouvw');
insert into Hospital.Consulted(employee_number,certification_no,patient_registration_no,date_of_visit) values(9,9112233,57,'2013-01-11');
insert into Hospital.Treated_by(patient_registration_no,date_of_visit,employee_number,treatment) values(57,2013-01-11,56);
insert into Hospital.Prescribed(product_id,patient_registration_no,date_of_visit) values (27,57,'2013-01-11');
insert into Hospital.Patient (patient_registration_no, name, ssn, address,contact_no,emergency_contact_no) values ( 57,'wikcu',695837928,'hnofd',17975142,45377888);
insert into Hospital.Takes (employee_number,shift_name ) values ( 57,'morning');
insert into Hospital.Belongs_to(employee_number,department_id) values (57,3);
insert into Hospital.Pharmaceutical_product(product_id,cost,manufacturer) values(58,39.87236422007888,'xdics');
insert into Hospital.Employees (employee_number, name, location, ssn, home_address,phone_number,designation) values ( 58,'wvnrs','xuwzviowacngsvn',886198945,'twprg',23307038,'Doctor');
insert into Hospital.Visitation(patient_registration_no,date_of_visit,diagnosis) values (58,'2013-05-15','jerud');
insert into Hospital.Consulted(employee_number,certification_no,patient_registration_no,date_of_visit) values(21,21112233,58,'2013-05-15');
insert into Hospital.Treated_by(patient_registration_no,date_of_visit,employee_number,treatment) values(58,2013-05-15,49);
insert into Hospital.Prescribed(product_id,patient_registration_no,date_of_visit) values (9,58,'2013-05-15');
insert into Hospital.Visitation(patient_registration_no,date_of_visit,diagnosis) values (58,'2013-03-09','cfcmx');
insert into Hospital.Consulted(employee_number,certification_no,patient_registration_no,date_of_visit) values(6,6112233,58,'2013-03-09');
insert into Hospital.Treated_by(patient_registration_no,date_of_visit,employee_number,treatment) values(58,2013-03-09,49);
insert into Hospital.Prescribed(product_id,patient_registration_no,date_of_visit) values (18,58,'2013-03-09');
insert into Hospital.Visitation(patient_registration_no,date_of_visit,diagnosis) values (58,'2013-02-18','msxmm');
insert into Hospital.Consulted(employee_number,certification_no,patient_registration_no,date_of_visit) values(2,2112233,58,'2013-02-18');
insert into Hospital.Treated_by(patient_registration_no,date_of_visit,employee_number,treatment) values(58,2013-02-18,26);
insert into Hospital.Prescribed(product_id,patient_registration_no,date_of_visit) values (15,58,'2013-02-18');
insert into Hospital.Visitation(patient_registration_no,date_of_visit,diagnosis) values (58,'2013-06-13','ynazp');
insert into Hospital.Consulted(employee_number,certification_no,patient_registration_no,date_of_visit) values(6,6112233,58,'2013-06-13');
insert into Hospital.Treated_by(patient_registration_no,date_of_visit,employee_number,treatment) values(58,2013-06-13,28);
insert into Hospital.Prescribed(product_id,patient_registration_no,date_of_visit) values (29,58,'2013-06-13');
insert into Hospital.Visitation(patient_registration_no,date_of_visit,diagnosis) values (58,'2013-05-19','kpajn');
insert into Hospital.Consulted(employee_number,certification_no,patient_registration_no,date_of_visit) values(43,43112233,58,'2013-05-19');
insert into Hospital.Treated_by(patient_registration_no,date_of_visit,employee_number,treatment) values(58,2013-05-19,49);
insert into Hospital.Prescribed(product_id,patient_registration_no,date_of_visit) values (37,58,'2013-05-19');
insert into Hospital.Patient (patient_registration_no, name, ssn, address,contact_no,emergency_contact_no) values ( 58,'tmjoj',490774745,'oeffb',80241372,68178257);
insert into Hospital.Physician (employee_number, certification_no,specialization) values ( 58,58112233,'Pediatrics');
insert into Hospital.Belongs_to(employee_number,department_id) values (58,1);
insert into Hospital.Pharmaceutical_product(product_id,cost,manufacturer) values(59,452.50545300488096,'kwkbs');
insert into Hospital.Employees (employee_number, name, location, ssn, home_address,phone_number,designation) values ( 59,'lgbsq','uunmfbybyeywkwj',406565675,'kksld',20223153,'Administration');
insert into Hospital.Visitation(patient_registration_no,date_of_visit,diagnosis) values (59,'2013-03-02','vbmis');
insert into Hospital.Consulted(employee_number,certification_no,patient_registration_no,date_of_visit) values(8,8112233,59,'2013-03-02');
insert into Hospital.Treated_by(patient_registration_no,date_of_visit,employee_number,treatment) values(59,2013-03-02,47);
insert into Hospital.Prescribed(product_id,patient_registration_no,date_of_visit) values (26,59,'2013-03-02');
insert into Hospital.Visitation(patient_registration_no,date_of_visit,diagnosis) values (59,'2013-03-14','sogel');
insert into Hospital.Consulted(employee_number,certification_no,patient_registration_no,date_of_visit) values(21,21112233,59,'2013-03-14');
insert into Hospital.Treated_by(patient_registration_no,date_of_visit,employee_number,treatment) values(59,2013-03-14,52);
insert into Hospital.Prescribed(product_id,patient_registration_no,date_of_visit) values (46,59,'2013-03-14');
insert into Hospital.Visitation(patient_registration_no,date_of_visit,diagnosis) values (59,'2013-01-24','lnohd');
insert into Hospital.Consulted(employee_number,certification_no,patient_registration_no,date_of_visit) values(44,44112233,59,'2013-01-24');
insert into Hospital.Treated_by(patient_registration_no,date_of_visit,employee_number,treatment) values(59,2013-01-24,47);
insert into Hospital.Prescribed(product_id,patient_registration_no,date_of_visit) values (28,59,'2013-01-24');
insert into Hospital.Visitation(patient_registration_no,date_of_visit,diagnosis) values (59,'2013-04-13','aszqy');
insert into Hospital.Consulted(employee_number,certification_no,patient_registration_no,date_of_visit) values(58,58112233,59,'2013-04-13');
insert into Hospital.Treated_by(patient_registration_no,date_of_visit,employee_number,treatment) values(59,2013-04-13,49);
insert into Hospital.Prescribed(product_id,patient_registration_no,date_of_visit) values (51,59,'2013-04-13');
insert into Hospital.Visitation(patient_registration_no,date_of_visit,diagnosis) values (59,'2013-10-22','iimmg');
insert into Hospital.Consulted(employee_number,certification_no,patient_registration_no,date_of_visit) values(55,55112233,59,'2013-10-22');
insert into Hospital.Treated_by(patient_registration_no,date_of_visit,employee_number,treatment) values(59,2013-10-22,19);
insert into Hospital.Prescribed(product_id,patient_registration_no,date_of_visit) values (45,59,'2013-10-22');
insert into Hospital.Patient (patient_registration_no, name, ssn, address,contact_no,emergency_contact_no) values ( 59,'wwprt',251433110,'lzzdm',16870865,26308325);
insert into Hospital.Belongs_to(employee_number,department_id) values (59,2);
insert into Hospital.Pharmaceutical_product(product_id,cost,manufacturer) values(60,697.0693215442643,'osqfh');
insert into Hospital.Batch(batch_id,manufacture_date,expiry_date) values (60,'2013-05-02','2013-10-01');
insert into Hospital.Production(product_id,batch_id) values (60,60);
insert into Hospital.Batch(batch_id,manufacture_date,expiry_date) values (61,'2013-05-02','2013-10-01');
insert into Hospital.Production(product_id,batch_id) values (60,61);
insert into Hospital.Batch(batch_id,manufacture_date,expiry_date) values (62,'2013-05-02','2013-10-01');
insert into Hospital.Production(product_id,batch_id) values (60,62);
insert into Hospital.Batch(batch_id,manufacture_date,expiry_date) values (63,'2013-05-02','2013-10-01');
insert into Hospital.Production(product_id,batch_id) values (60,63);
insert into Hospital.Batch(batch_id,manufacture_date,expiry_date) values (64,'2013-05-02','2013-10-01');
insert into Hospital.Production(product_id,batch_id) values (60,64);
insert into Hospital.Employees (employee_number, name, location, ssn, home_address,phone_number,designation) values ( 60,'fowir','dgftmglnechzyai',522974480,'hwhxz',87709259,'Doctor');
insert into Hospital.Visitation(patient_registration_no,date_of_visit,diagnosis) values (60,'2013-02-14','ujybr');
insert into Hospital.Consulted(employee_number,certification_no,patient_registration_no,date_of_visit) values(43,43112233,60,'2013-02-14');
insert into Hospital.Treated_by(patient_registration_no,date_of_visit,employee_number,treatment) values(60,2013-02-14,28);
insert into Hospital.Prescribed(product_id,patient_registration_no,date_of_visit) values (56,60,'2013-02-14');
insert into Hospital.Visitation(patient_registration_no,date_of_visit,diagnosis) values (60,'2013-07-20','avcpx');
insert into Hospital.Consulted(employee_number,certification_no,patient_registration_no,date_of_visit) values(29,29112233,60,'2013-07-20');
insert into Hospital.Treated_by(patient_registration_no,date_of_visit,employee_number,treatment) values(60,2013-07-20,26);
insert into Hospital.Prescribed(product_id,patient_registration_no,date_of_visit) values (45,60,'2013-07-20');
insert into Hospital.Visitation(patient_registration_no,date_of_visit,diagnosis) values (60,'2013-02-19','ghzzg');
insert into Hospital.Consulted(employee_number,certification_no,patient_registration_no,date_of_visit) values(29,29112233,60,'2013-02-19');
insert into Hospital.Treated_by(patient_registration_no,date_of_visit,employee_number,treatment) values(60,2013-02-19,19);
insert into Hospital.Prescribed(product_id,patient_registration_no,date_of_visit) values (48,60,'2013-02-19');
insert into Hospital.Visitation(patient_registration_no,date_of_visit,diagnosis) values (60,'2013-01-04','sjdiy');
insert into Hospital.Consulted(employee_number,certification_no,patient_registration_no,date_of_visit) values(23,23112233,60,'2013-01-04');
insert into Hospital.Treated_by(patient_registration_no,date_of_visit,employee_number,treatment) values(60,2013-01-04,28);
insert into Hospital.Prescribed(product_id,patient_registration_no,date_of_visit) values (8,60,'2013-01-04');
insert into Hospital.Visitation(patient_registration_no,date_of_visit,diagnosis) values (60,'2013-09-21','hhskg');
insert into Hospital.Consulted(employee_number,certification_no,patient_registration_no,date_of_visit) values(9,9112233,60,'2013-09-21');
insert into Hospital.Treated_by(patient_registration_no,date_of_visit,employee_number,treatment) values(60,2013-09-21,39);
insert into Hospital.Prescribed(product_id,patient_registration_no,date_of_visit) values (10,60,'2013-09-21');
insert into Hospital.Patient (patient_registration_no, name, ssn, address,contact_no,emergency_contact_no) values ( 60,'ceztr',79781298,'vfriy',26241364,12699188);
insert into Hospital.Physician (employee_number, certification_no,specialization) values ( 60,60112233,'Dermatology');
insert into Hospital.Belongs_to(employee_number,department_id) values (60,1);
insert into Hospital.Pharmaceutical_product(product_id,cost,manufacturer) values(61,920.4530108917952,'nqxqq');
insert into Hospital.Medicine(product_id,medicine_name,dosage) values (61,'dbrmn','domvj');
insert into Hospital.Employees (employee_number, name, location, ssn, home_address,phone_number,designation) values ( 61,'asvxe','ducqezbkajuiben',16423334,'pyrgo',12673676,'Radiology');
insert into Hospital.Visitation(patient_registration_no,date_of_visit,diagnosis) values (61,'2013-06-05','gpyrd');
insert into Hospital.Consulted(employee_number,certification_no,patient_registration_no,date_of_visit) values(37,37112233,61,'2013-06-05');
insert into Hospital.Treated_by(patient_registration_no,date_of_visit,employee_number,treatment) values(61,2013-06-05,47);
insert into Hospital.Prescribed(product_id,patient_registration_no,date_of_visit) values (1,61,'2013-06-05');
insert into Hospital.Visitation(patient_registration_no,date_of_visit,diagnosis) values (61,'2013-02-22','gsraf');
insert into Hospital.Consulted(employee_number,certification_no,patient_registration_no,date_of_visit) values(44,44112233,61,'2013-02-22');
insert into Hospital.Treated_by(patient_registration_no,date_of_visit,employee_number,treatment) values(61,2013-02-22,0);
insert into Hospital.Prescribed(product_id,patient_registration_no,date_of_visit) values (7,61,'2013-02-22');
insert into Hospital.Visitation(patient_registration_no,date_of_visit,diagnosis) values (61,'2013-07-25','sakph');
insert into Hospital.Consulted(employee_number,certification_no,patient_registration_no,date_of_visit) values(6,6112233,61,'2013-07-25');
insert into Hospital.Treated_by(patient_registration_no,date_of_visit,employee_number,treatment) values(61,2013-07-25,49);
insert into Hospital.Prescribed(product_id,patient_registration_no,date_of_visit) values (46,61,'2013-07-25');
insert into Hospital.Visitation(patient_registration_no,date_of_visit,diagnosis) values (61,'2013-04-30','fcsuw');
insert into Hospital.Consulted(employee_number,certification_no,patient_registration_no,date_of_visit) values(6,6112233,61,'2013-04-30');
insert into Hospital.Treated_by(patient_registration_no,date_of_visit,employee_number,treatment) values(61,2013-04-30,0);
insert into Hospital.Prescribed(product_id,patient_registration_no,date_of_visit) values (9,61,'2013-04-30');
insert into Hospital.Visitation(patient_registration_no,date_of_visit,diagnosis) values (61,'2013-09-21','jzxun');
insert into Hospital.Consulted(employee_number,certification_no,patient_registration_no,date_of_visit) values(29,29112233,61,'2013-09-21');
insert into Hospital.Treated_by(patient_registration_no,date_of_visit,employee_number,treatment) values(61,2013-09-21,18);
insert into Hospital.Prescribed(product_id,patient_registration_no,date_of_visit) values (56,61,'2013-09-21');
insert into Hospital.Patient (patient_registration_no, name, ssn, address,contact_no,emergency_contact_no) values ( 61,'qafue',472893746,'xeydh',22367974,15141445);
insert into Hospital.Takes (employee_number,shift_name ) values ( 61,'night');
insert into Hospital.Belongs_to(employee_number,department_id) values (61,3);
insert into Hospital.Pharmaceutical_product(product_id,cost,manufacturer) values(62,798.4057578084546,'kfwkt');
insert into Hospital.Batch(batch_id,manufacture_date,expiry_date) values (62,'2013-05-24','2013-06-11');
insert into Hospital.Production(product_id,batch_id) values (62,62);
insert into Hospital.Batch(batch_id,manufacture_date,expiry_date) values (63,'2013-05-24','2013-06-11');
insert into Hospital.Production(product_id,batch_id) values (62,63);
insert into Hospital.Batch(batch_id,manufacture_date,expiry_date) values (64,'2013-05-24','2013-06-11');
insert into Hospital.Production(product_id,batch_id) values (62,64);
insert into Hospital.Batch(batch_id,manufacture_date,expiry_date) values (65,'2013-05-24','2013-06-11');
insert into Hospital.Production(product_id,batch_id) values (62,65);
insert into Hospital.Batch(batch_id,manufacture_date,expiry_date) values (66,'2013-05-24','2013-06-11');
insert into Hospital.Production(product_id,batch_id) values (62,66);
insert into Hospital.Employees (employee_number, name, location, ssn, home_address,phone_number,designation) values ( 62,'jkmdl','dipnoxkbcecznlc',242706145,'tnxha',73384274,'Administration');
insert into Hospital.Visitation(patient_registration_no,date_of_visit,diagnosis) values (62,'2013-10-06','zbayt');
insert into Hospital.Consulted(employee_number,certification_no,patient_registration_no,date_of_visit) values(55,55112233,62,'2013-10-06');
insert into Hospital.Treated_by(patient_registration_no,date_of_visit,employee_number,treatment) values(62,2013-10-06,49);
insert into Hospital.Prescribed(product_id,patient_registration_no,date_of_visit) values (29,62,'2013-10-06');
insert into Hospital.Visitation(patient_registration_no,date_of_visit,diagnosis) values (62,'2013-01-24','gjixw');
insert into Hospital.Consulted(employee_number,certification_no,patient_registration_no,date_of_visit) values(12,12112233,62,'2013-01-24');
insert into Hospital.Treated_by(patient_registration_no,date_of_visit,employee_number,treatment) values(62,2013-01-24,50);
insert into Hospital.Prescribed(product_id,patient_registration_no,date_of_visit) values (31,62,'2013-01-24');
insert into Hospital.Visitation(patient_registration_no,date_of_visit,diagnosis) values (62,'2013-01-18','asjsk');
insert into Hospital.Consulted(employee_number,certification_no,patient_registration_no,date_of_visit) values(6,6112233,62,'2013-01-18');
insert into Hospital.Treated_by(patient_registration_no,date_of_visit,employee_number,treatment) values(62,2013-01-18,28);
insert into Hospital.Prescribed(product_id,patient_registration_no,date_of_visit) values (61,62,'2013-01-18');
insert into Hospital.Visitation(patient_registration_no,date_of_visit,diagnosis) values (62,'2013-05-28','vhyzf');
insert into Hospital.Consulted(employee_number,certification_no,patient_registration_no,date_of_visit) values(35,35112233,62,'2013-05-28');
insert into Hospital.Treated_by(patient_registration_no,date_of_visit,employee_number,treatment) values(62,2013-05-28,10);
insert into Hospital.Prescribed(product_id,patient_registration_no,date_of_visit) values (20,62,'2013-05-28');
insert into Hospital.Visitation(patient_registration_no,date_of_visit,diagnosis) values (62,'2013-07-03','jmyzd');
insert into Hospital.Consulted(employee_number,certification_no,patient_registration_no,date_of_visit) values(2,2112233,62,'2013-07-03');
insert into Hospital.Treated_by(patient_registration_no,date_of_visit,employee_number,treatment) values(62,2013-07-03,10);
insert into Hospital.Prescribed(product_id,patient_registration_no,date_of_visit) values (20,62,'2013-07-03');
insert into Hospital.Patient (patient_registration_no, name, ssn, address,contact_no,emergency_contact_no) values ( 62,'ebmfl',476490497,'kdklb',71594146,18076926);
insert into Hospital.Belongs_to(employee_number,department_id) values (62,2);
insert into Hospital.Pharmaceutical_product(product_id,cost,manufacturer) values(63,33.23675912767437,'zmvpd');
insert into Hospital.Batch(batch_id,manufacture_date,expiry_date) values (63,'2013-08-15','2013-08-25');
insert into Hospital.Production(product_id,batch_id) values (63,63);
insert into Hospital.Batch(batch_id,manufacture_date,expiry_date) values (64,'2013-08-15','2013-08-25');
insert into Hospital.Production(product_id,batch_id) values (63,64);
insert into Hospital.Batch(batch_id,manufacture_date,expiry_date) values (65,'2013-08-15','2013-08-25');
insert into Hospital.Production(product_id,batch_id) values (63,65);
insert into Hospital.Batch(batch_id,manufacture_date,expiry_date) values (66,'2013-08-15','2013-08-25');
insert into Hospital.Production(product_id,batch_id) values (63,66);
insert into Hospital.Batch(batch_id,manufacture_date,expiry_date) values (67,'2013-08-15','2013-08-25');
insert into Hospital.Production(product_id,batch_id) values (63,67);
insert into Hospital.Medicine(product_id,medicine_name,dosage) values (63,'zygkw','vilvo');
insert into Hospital.Employees (employee_number, name, location, ssn, home_address,phone_number,designation) values ( 63,'assof','swyicvvwayhcsqz',14520684,'cgnbe',96844398,'Radiology');
insert into Hospital.Visitation(patient_registration_no,date_of_visit,diagnosis) values (63,'2013-08-22','ezjmb');
insert into Hospital.Consulted(employee_number,certification_no,patient_registration_no,date_of_visit) values(1,1112233,63,'2013-08-22');
insert into Hospital.Treated_by(patient_registration_no,date_of_visit,employee_number,treatment) values(63,2013-08-22,49);
insert into Hospital.Prescribed(product_id,patient_registration_no,date_of_visit) values (5,63,'2013-08-22');
insert into Hospital.Visitation(patient_registration_no,date_of_visit,diagnosis) values (63,'2013-01-31','gxuyt');
insert into Hospital.Consulted(employee_number,certification_no,patient_registration_no,date_of_visit) values(9,9112233,63,'2013-01-31');
insert into Hospital.Treated_by(patient_registration_no,date_of_visit,employee_number,treatment) values(63,2013-01-31,18);
insert into Hospital.Prescribed(product_id,patient_registration_no,date_of_visit) values (31,63,'2013-01-31');
insert into Hospital.Visitation(patient_registration_no,date_of_visit,diagnosis) values (63,'2013-10-05','cdstc');
insert into Hospital.Consulted(employee_number,certification_no,patient_registration_no,date_of_visit) values(55,55112233,63,'2013-10-05');
insert into Hospital.Treated_by(patient_registration_no,date_of_visit,employee_number,treatment) values(63,2013-10-05,49);
insert into Hospital.Prescribed(product_id,patient_registration_no,date_of_visit) values (24,63,'2013-10-05');
insert into Hospital.Visitation(patient_registration_no,date_of_visit,diagnosis) values (63,'2013-06-30','mqpvg');
insert into Hospital.Consulted(employee_number,certification_no,patient_registration_no,date_of_visit) values(35,35112233,63,'2013-06-30');
insert into Hospital.Treated_by(patient_registration_no,date_of_visit,employee_number,treatment) values(63,2013-06-30,48);
insert into Hospital.Prescribed(product_id,patient_registration_no,date_of_visit) values (61,63,'2013-06-30');
insert into Hospital.Visitation(patient_registration_no,date_of_visit,diagnosis) values (63,'2013-10-12','jfhya');
insert into Hospital.Consulted(employee_number,certification_no,patient_registration_no,date_of_visit) values(21,21112233,63,'2013-10-12');
insert into Hospital.Treated_by(patient_registration_no,date_of_visit,employee_number,treatment) values(63,2013-10-12,28);
insert into Hospital.Prescribed(product_id,patient_registration_no,date_of_visit) values (57,63,'2013-10-12');
insert into Hospital.Patient (patient_registration_no, name, ssn, address,contact_no,emergency_contact_no) values ( 63,'ljbir',918274456,'vuwww',83438982,47894299);
insert into Hospital.Takes (employee_number,shift_name ) values ( 63,'night');
insert into Hospital.Belongs_to(employee_number,department_id) values (63,3);
insert into Hospital.Pharmaceutical_product(product_id,cost,manufacturer) values(64,495.8801687054282,'gnivc');
insert into Hospital.Batch(batch_id,manufacture_date,expiry_date) values (64,'2013-05-22','2013-08-05');
insert into Hospital.Production(product_id,batch_id) values (64,64);
insert into Hospital.Batch(batch_id,manufacture_date,expiry_date) values (65,'2013-05-22','2013-08-05');
insert into Hospital.Production(product_id,batch_id) values (64,65);
insert into Hospital.Batch(batch_id,manufacture_date,expiry_date) values (66,'2013-05-22','2013-08-05');
insert into Hospital.Production(product_id,batch_id) values (64,66);
insert into Hospital.Batch(batch_id,manufacture_date,expiry_date) values (67,'2013-05-22','2013-08-05');
insert into Hospital.Production(product_id,batch_id) values (64,67);
insert into Hospital.Batch(batch_id,manufacture_date,expiry_date) values (68,'2013-05-22','2013-08-05');
insert into Hospital.Production(product_id,batch_id) values (64,68);
insert into Hospital.Employees (employee_number, name, location, ssn, home_address,phone_number,designation) values ( 64,'plfpb','zykowuwwlukqkxf',672040723,'gwkie',34940196,'Radiology');
insert into Hospital.Visitation(patient_registration_no,date_of_visit,diagnosis) values (64,'2013-07-28','uoaqb');
insert into Hospital.Consulted(employee_number,certification_no,patient_registration_no,date_of_visit) values(44,44112233,64,'2013-07-28');
insert into Hospital.Treated_by(patient_registration_no,date_of_visit,employee_number,treatment) values(64,2013-07-28,52);
insert into Hospital.Prescribed(product_id,patient_registration_no,date_of_visit) values (29,64,'2013-07-28');
insert into Hospital.Visitation(patient_registration_no,date_of_visit,diagnosis) values (64,'2013-07-03','vochw');
insert into Hospital.Consulted(employee_number,certification_no,patient_registration_no,date_of_visit) values(41,41112233,64,'2013-07-03');
insert into Hospital.Treated_by(patient_registration_no,date_of_visit,employee_number,treatment) values(64,2013-07-03,0);
insert into Hospital.Prescribed(product_id,patient_registration_no,date_of_visit) values (26,64,'2013-07-03');
insert into Hospital.Visitation(patient_registration_no,date_of_visit,diagnosis) values (64,'2013-08-26','toifn');
insert into Hospital.Consulted(employee_number,certification_no,patient_registration_no,date_of_visit) values(35,35112233,64,'2013-08-26');
insert into Hospital.Treated_by(patient_registration_no,date_of_visit,employee_number,treatment) values(64,2013-08-26,28);
insert into Hospital.Prescribed(product_id,patient_registration_no,date_of_visit) values (26,64,'2013-08-26');
insert into Hospital.Visitation(patient_registration_no,date_of_visit,diagnosis) values (64,'2013-06-10','noubf');
insert into Hospital.Consulted(employee_number,certification_no,patient_registration_no,date_of_visit) values(34,34112233,64,'2013-06-10');
insert into Hospital.Treated_by(patient_registration_no,date_of_visit,employee_number,treatment) values(64,2013-06-10,49);
insert into Hospital.Prescribed(product_id,patient_registration_no,date_of_visit) values (29,64,'2013-06-10');
insert into Hospital.Visitation(patient_registration_no,date_of_visit,diagnosis) values (64,'2013-05-13','obqcz');
insert into Hospital.Consulted(employee_number,certification_no,patient_registration_no,date_of_visit) values(29,29112233,64,'2013-05-13');
insert into Hospital.Treated_by(patient_registration_no,date_of_visit,employee_number,treatment) values(64,2013-05-13,19);
insert into Hospital.Prescribed(product_id,patient_registration_no,date_of_visit) values (20,64,'2013-05-13');
insert into Hospital.Patient (patient_registration_no, name, ssn, address,contact_no,emergency_contact_no) values ( 64,'trxgr',29606650,'octcs',86269872,72826461);
insert into Hospital.Takes (employee_number,shift_name ) values ( 64,'night');
insert into Hospital.Belongs_to(employee_number,department_id) values (64,3);
insert into Hospital.Pharmaceutical_product(product_id,cost,manufacturer) values(65,412.2681760129445,'iagij');
insert into Hospital.Batch(batch_id,manufacture_date,expiry_date) values (65,'2013-07-10','2013-09-07');
insert into Hospital.Production(product_id,batch_id) values (65,65);
insert into Hospital.Batch(batch_id,manufacture_date,expiry_date) values (66,'2013-07-10','2013-09-07');
insert into Hospital.Production(product_id,batch_id) values (65,66);
insert into Hospital.Batch(batch_id,manufacture_date,expiry_date) values (67,'2013-07-10','2013-09-07');
insert into Hospital.Production(product_id,batch_id) values (65,67);
insert into Hospital.Batch(batch_id,manufacture_date,expiry_date) values (68,'2013-07-10','2013-09-07');
insert into Hospital.Production(product_id,batch_id) values (65,68);
insert into Hospital.Batch(batch_id,manufacture_date,expiry_date) values (69,'2013-07-10','2013-09-07');
insert into Hospital.Production(product_id,batch_id) values (65,69);
insert into Hospital.Medicine(product_id,medicine_name,dosage) values (65,'mtaep','dtful');
insert into Hospital.Employees (employee_number, name, location, ssn, home_address,phone_number,designation) values ( 65,'egvtg','hxhdrbxtvoihtpi',45295829,'faqgw',91794253,'Administration');
insert into Hospital.Visitation(patient_registration_no,date_of_visit,diagnosis) values (65,'2013-05-08','spluv');
insert into Hospital.Consulted(employee_number,certification_no,patient_registration_no,date_of_visit) values(21,21112233,65,'2013-05-08');
insert into Hospital.Treated_by(patient_registration_no,date_of_visit,employee_number,treatment) values(65,2013-05-08,64);
insert into Hospital.Prescribed(product_id,patient_registration_no,date_of_visit) values (19,65,'2013-05-08');
insert into Hospital.Visitation(patient_registration_no,date_of_visit,diagnosis) values (65,'2013-05-16','xbjpq');
insert into Hospital.Consulted(employee_number,certification_no,patient_registration_no,date_of_visit) values(51,51112233,65,'2013-05-16');
insert into Hospital.Treated_by(patient_registration_no,date_of_visit,employee_number,treatment) values(65,2013-05-16,26);
insert into Hospital.Prescribed(product_id,patient_registration_no,date_of_visit) values (24,65,'2013-05-16');
insert into Hospital.Visitation(patient_registration_no,date_of_visit,diagnosis) values (65,'2013-06-13','oyhnt');
insert into Hospital.Consulted(employee_number,certification_no,patient_registration_no,date_of_visit) values(46,46112233,65,'2013-06-13');
insert into Hospital.Treated_by(patient_registration_no,date_of_visit,employee_number,treatment) values(65,2013-06-13,64);
insert into Hospital.Prescribed(product_id,patient_registration_no,date_of_visit) values (19,65,'2013-06-13');
insert into Hospital.Visitation(patient_registration_no,date_of_visit,diagnosis) values (65,'2013-03-14','pvaka');
insert into Hospital.Consulted(employee_number,certification_no,patient_registration_no,date_of_visit) values(45,45112233,65,'2013-03-14');
insert into Hospital.Treated_by(patient_registration_no,date_of_visit,employee_number,treatment) values(65,2013-03-14,61);
insert into Hospital.Prescribed(product_id,patient_registration_no,date_of_visit) values (44,65,'2013-03-14');
insert into Hospital.Visitation(patient_registration_no,date_of_visit,diagnosis) values (65,'2013-05-18','wphqg');
insert into Hospital.Consulted(employee_number,certification_no,patient_registration_no,date_of_visit) values(51,51112233,65,'2013-05-18');
insert into Hospital.Treated_by(patient_registration_no,date_of_visit,employee_number,treatment) values(65,2013-05-18,19);
insert into Hospital.Prescribed(product_id,patient_registration_no,date_of_visit) values (5,65,'2013-05-18');
insert into Hospital.Patient (patient_registration_no, name, ssn, address,contact_no,emergency_contact_no) values ( 65,'vntbb',427491264,'hcsqy',52748742,69948091);
insert into Hospital.Belongs_to(employee_number,department_id) values (65,2);
insert into Hospital.Pharmaceutical_product(product_id,cost,manufacturer) values(66,785.1616393531517,'xvlma');
insert into Hospital.Batch(batch_id,manufacture_date,expiry_date) values (66,'2013-02-26','2013-04-16');
insert into Hospital.Production(product_id,batch_id) values (66,66);
insert into Hospital.Batch(batch_id,manufacture_date,expiry_date) values (67,'2013-02-26','2013-04-16');
insert into Hospital.Production(product_id,batch_id) values (66,67);
insert into Hospital.Batch(batch_id,manufacture_date,expiry_date) values (68,'2013-02-26','2013-04-16');
insert into Hospital.Production(product_id,batch_id) values (66,68);
insert into Hospital.Batch(batch_id,manufacture_date,expiry_date) values (69,'2013-02-26','2013-04-16');
insert into Hospital.Production(product_id,batch_id) values (66,69);
insert into Hospital.Batch(batch_id,manufacture_date,expiry_date) values (70,'2013-02-26','2013-04-16');
insert into Hospital.Production(product_id,batch_id) values (66,70);
insert into Hospital.Medicine(product_id,medicine_name,dosage) values (66,'brgbf','ooljh');
insert into Hospital.Employees (employee_number, name, location, ssn, home_address,phone_number,designation) values ( 66,'kznhh','yhbwmwjujajfxwl',911626274,'qonsg',84634647,'Doctor');
insert into Hospital.Visitation(patient_registration_no,date_of_visit,diagnosis) values (66,'2013-06-19','uhjkh');
insert into Hospital.Consulted(employee_number,certification_no,patient_registration_no,date_of_visit) values(29,29112233,66,'2013-06-19');
insert into Hospital.Treated_by(patient_registration_no,date_of_visit,employee_number,treatment) values(66,2013-06-19,19);
insert into Hospital.Prescribed(product_id,patient_registration_no,date_of_visit) values (45,66,'2013-06-19');
insert into Hospital.Visitation(patient_registration_no,date_of_visit,diagnosis) values (66,'2013-08-26','kwgcb');
insert into Hospital.Consulted(employee_number,certification_no,patient_registration_no,date_of_visit) values(12,12112233,66,'2013-08-26');
insert into Hospital.Treated_by(patient_registration_no,date_of_visit,employee_number,treatment) values(66,2013-08-26,64);
insert into Hospital.Prescribed(product_id,patient_registration_no,date_of_visit) values (21,66,'2013-08-26');
insert into Hospital.Visitation(patient_registration_no,date_of_visit,diagnosis) values (66,'2013-03-01','kifjp');
insert into Hospital.Consulted(employee_number,certification_no,patient_registration_no,date_of_visit) values(45,45112233,66,'2013-03-01');
insert into Hospital.Treated_by(patient_registration_no,date_of_visit,employee_number,treatment) values(66,2013-03-01,19);
insert into Hospital.Prescribed(product_id,patient_registration_no,date_of_visit) values (51,66,'2013-03-01');
insert into Hospital.Visitation(patient_registration_no,date_of_visit,diagnosis) values (66,'2013-08-04','pdpsq');
insert into Hospital.Consulted(employee_number,certification_no,patient_registration_no,date_of_visit) values(41,41112233,66,'2013-08-04');
insert into Hospital.Treated_by(patient_registration_no,date_of_visit,employee_number,treatment) values(66,2013-08-04,10);
insert into Hospital.Prescribed(product_id,patient_registration_no,date_of_visit) values (31,66,'2013-08-04');
insert into Hospital.Visitation(patient_registration_no,date_of_visit,diagnosis) values (66,'2013-07-08','fvxeq');
insert into Hospital.Consulted(employee_number,certification_no,patient_registration_no,date_of_visit) values(60,60112233,66,'2013-07-08');
insert into Hospital.Treated_by(patient_registration_no,date_of_visit,employee_number,treatment) values(66,2013-07-08,39);
insert into Hospital.Prescribed(product_id,patient_registration_no,date_of_visit) values (55,66,'2013-07-08');
insert into Hospital.Patient (patient_registration_no, name, ssn, address,contact_no,emergency_contact_no) values ( 66,'whnma',399018860,'txgdb',69677705,56137090);
insert into Hospital.Physician (employee_number, certification_no,specialization) values ( 66,66112233,'Cardiology');
insert into Hospital.Belongs_to(employee_number,department_id) values (66,1);
insert into Hospital.Pharmaceutical_product(product_id,cost,manufacturer) values(67,112.44620869474132,'gcgct');
insert into Hospital.Employees (employee_number, name, location, ssn, home_address,phone_number,designation) values ( 67,'zretu','xhvyigbkvvncsbc',869762610,'slyqd',11432085,'Radiology');
insert into Hospital.Visitation(patient_registration_no,date_of_visit,diagnosis) values (67,'2013-04-06','xubtb');
insert into Hospital.Consulted(employee_number,certification_no,patient_registration_no,date_of_visit) values(43,43112233,67,'2013-04-06');
insert into Hospital.Treated_by(patient_registration_no,date_of_visit,employee_number,treatment) values(67,2013-04-06,48);
insert into Hospital.Prescribed(product_id,patient_registration_no,date_of_visit) values (20,67,'2013-04-06');
insert into Hospital.Visitation(patient_registration_no,date_of_visit,diagnosis) values (67,'2013-05-29','iqajr');
insert into Hospital.Consulted(employee_number,certification_no,patient_registration_no,date_of_visit) values(2,2112233,67,'2013-05-29');
insert into Hospital.Treated_by(patient_registration_no,date_of_visit,employee_number,treatment) values(67,2013-05-29,52);
insert into Hospital.Prescribed(product_id,patient_registration_no,date_of_visit) values (37,67,'2013-05-29');
insert into Hospital.Visitation(patient_registration_no,date_of_visit,diagnosis) values (67,'2013-08-03','xdyjs');
insert into Hospital.Consulted(employee_number,certification_no,patient_registration_no,date_of_visit) values(6,6112233,67,'2013-08-03');
insert into Hospital.Treated_by(patient_registration_no,date_of_visit,employee_number,treatment) values(67,2013-08-03,52);
insert into Hospital.Prescribed(product_id,patient_registration_no,date_of_visit) values (66,67,'2013-08-03');
insert into Hospital.Visitation(patient_registration_no,date_of_visit,diagnosis) values (67,'2013-10-11','yrtjt');
insert into Hospital.Consulted(employee_number,certification_no,patient_registration_no,date_of_visit) values(12,12112233,67,'2013-10-11');
insert into Hospital.Treated_by(patient_registration_no,date_of_visit,employee_number,treatment) values(67,2013-10-11,49);
insert into Hospital.Prescribed(product_id,patient_registration_no,date_of_visit) values (48,67,'2013-10-11');
insert into Hospital.Visitation(patient_registration_no,date_of_visit,diagnosis) values (67,'2013-01-26','tuuoj');
insert into Hospital.Consulted(employee_number,certification_no,patient_registration_no,date_of_visit) values(37,37112233,67,'2013-01-26');
insert into Hospital.Treated_by(patient_registration_no,date_of_visit,employee_number,treatment) values(67,2013-01-26,0);
insert into Hospital.Prescribed(product_id,patient_registration_no,date_of_visit) values (61,67,'2013-01-26');
insert into Hospital.Patient (patient_registration_no, name, ssn, address,contact_no,emergency_contact_no) values ( 67,'atxje',149423757,'kjnap',68471328,12095877);
insert into Hospital.Takes (employee_number,shift_name ) values ( 67,'morning');
insert into Hospital.Belongs_to(employee_number,department_id) values (67,3);
insert into Hospital.Pharmaceutical_product(product_id,cost,manufacturer) values(68,388.53846701481046,'bvhcq');
insert into Hospital.Batch(batch_id,manufacture_date,expiry_date) values (68,'2013-08-22','2013-09-22');
insert into Hospital.Production(product_id,batch_id) values (68,68);
insert into Hospital.Batch(batch_id,manufacture_date,expiry_date) values (69,'2013-08-22','2013-09-22');
insert into Hospital.Production(product_id,batch_id) values (68,69);
insert into Hospital.Batch(batch_id,manufacture_date,expiry_date) values (70,'2013-08-22','2013-09-22');
insert into Hospital.Production(product_id,batch_id) values (68,70);
insert into Hospital.Batch(batch_id,manufacture_date,expiry_date) values (71,'2013-08-22','2013-09-22');
insert into Hospital.Production(product_id,batch_id) values (68,71);
insert into Hospital.Batch(batch_id,manufacture_date,expiry_date) values (72,'2013-08-22','2013-09-22');
insert into Hospital.Production(product_id,batch_id) values (68,72);
insert into Hospital.Employees (employee_number, name, location, ssn, home_address,phone_number,designation) values ( 68,'iolwt','bdoiusymvaycxis',808242778,'tyvmr',75847246,'Nurse');
insert into Hospital.Visitation(patient_registration_no,date_of_visit,diagnosis) values (68,'2013-07-13','otowl');
insert into Hospital.Consulted(employee_number,certification_no,patient_registration_no,date_of_visit) values(35,35112233,68,'2013-07-13');
insert into Hospital.Treated_by(patient_registration_no,date_of_visit,employee_number,treatment) values(68,2013-07-13,67);
insert into Hospital.Prescribed(product_id,patient_registration_no,date_of_visit) values (19,68,'2013-07-13');
insert into Hospital.Visitation(patient_registration_no,date_of_visit,diagnosis) values (68,'2013-05-08','cswjx');
insert into Hospital.Consulted(employee_number,certification_no,patient_registration_no,date_of_visit) values(6,6112233,68,'2013-05-08');
insert into Hospital.Treated_by(patient_registration_no,date_of_visit,employee_number,treatment) values(68,2013-05-08,19);
insert into Hospital.Prescribed(product_id,patient_registration_no,date_of_visit) values (51,68,'2013-05-08');
insert into Hospital.Visitation(patient_registration_no,date_of_visit,diagnosis) values (68,'2013-02-24','vjwba');
insert into Hospital.Consulted(employee_number,certification_no,patient_registration_no,date_of_visit) values(9,9112233,68,'2013-02-24');
insert into Hospital.Treated_by(patient_registration_no,date_of_visit,employee_number,treatment) values(68,2013-02-24,47);
insert into Hospital.Prescribed(product_id,patient_registration_no,date_of_visit) values (55,68,'2013-02-24');
insert into Hospital.Visitation(patient_registration_no,date_of_visit,diagnosis) values (68,'2013-07-23','zidmd');
insert into Hospital.Consulted(employee_number,certification_no,patient_registration_no,date_of_visit) values(35,35112233,68,'2013-07-23');
insert into Hospital.Treated_by(patient_registration_no,date_of_visit,employee_number,treatment) values(68,2013-07-23,30);
insert into Hospital.Prescribed(product_id,patient_registration_no,date_of_visit) values (63,68,'2013-07-23');
insert into Hospital.Visitation(patient_registration_no,date_of_visit,diagnosis) values (68,'2013-06-05','hxysq');
insert into Hospital.Consulted(employee_number,certification_no,patient_registration_no,date_of_visit) values(35,35112233,68,'2013-06-05');
insert into Hospital.Treated_by(patient_registration_no,date_of_visit,employee_number,treatment) values(68,2013-06-05,28);
insert into Hospital.Prescribed(product_id,patient_registration_no,date_of_visit) values (6,68,'2013-06-05');
insert into Hospital.Patient (patient_registration_no, name, ssn, address,contact_no,emergency_contact_no) values ( 68,'azuem',534894437,'xzdal',59943724,73519890);
insert into Hospital.Takes (employee_number,shift_name ) values ( 68,'night');
insert into Hospital.Belongs_to(employee_number,department_id) values (68,3);
insert into Hospital.Pharmaceutical_product(product_id,cost,manufacturer) values(69,306.18290987597686,'fqcrn');
insert into Hospital.Medicine(product_id,medicine_name,dosage) values (69,'tbtwc','bnrfe');
insert into Hospital.Employees (employee_number, name, location, ssn, home_address,phone_number,designation) values ( 69,'iyqpy','zphditmxnvavxma',562403484,'gndpc',15273351,'Doctor');
insert into Hospital.Visitation(patient_registration_no,date_of_visit,diagnosis) values (69,'2013-06-15','pknbn');
insert into Hospital.Consulted(employee_number,certification_no,patient_registration_no,date_of_visit) values(1,1112233,69,'2013-06-15');
insert into Hospital.Treated_by(patient_registration_no,date_of_visit,employee_number,treatment) values(69,2013-06-15,30);
insert into Hospital.Prescribed(product_id,patient_registration_no,date_of_visit) values (24,69,'2013-06-15');
insert into Hospital.Visitation(patient_registration_no,date_of_visit,diagnosis) values (69,'2013-05-05','khlih');
insert into Hospital.Consulted(employee_number,certification_no,patient_registration_no,date_of_visit) values(34,34112233,69,'2013-05-05');
insert into Hospital.Treated_by(patient_registration_no,date_of_visit,employee_number,treatment) values(69,2013-05-05,26);
insert into Hospital.Prescribed(product_id,patient_registration_no,date_of_visit) values (48,69,'2013-05-05');
insert into Hospital.Visitation(patient_registration_no,date_of_visit,diagnosis) values (69,'2013-02-14','itvcd');
insert into Hospital.Consulted(employee_number,certification_no,patient_registration_no,date_of_visit) values(45,45112233,69,'2013-02-14');
insert into Hospital.Treated_by(patient_registration_no,date_of_visit,employee_number,treatment) values(69,2013-02-14,0);
insert into Hospital.Prescribed(product_id,patient_registration_no,date_of_visit) values (28,69,'2013-02-14');
insert into Hospital.Visitation(patient_registration_no,date_of_visit,diagnosis) values (69,'2013-08-04','cbiyu');
insert into Hospital.Consulted(employee_number,certification_no,patient_registration_no,date_of_visit) values(46,46112233,69,'2013-08-04');
insert into Hospital.Treated_by(patient_registration_no,date_of_visit,employee_number,treatment) values(69,2013-08-04,47);
insert into Hospital.Prescribed(product_id,patient_registration_no,date_of_visit) values (9,69,'2013-08-04');
insert into Hospital.Visitation(patient_registration_no,date_of_visit,diagnosis) values (69,'2013-07-12','qwhiy');
insert into Hospital.Consulted(employee_number,certification_no,patient_registration_no,date_of_visit) values(9,9112233,69,'2013-07-12');
insert into Hospital.Treated_by(patient_registration_no,date_of_visit,employee_number,treatment) values(69,2013-07-12,26);
insert into Hospital.Prescribed(product_id,patient_registration_no,date_of_visit) values (28,69,'2013-07-12');
insert into Hospital.Patient (patient_registration_no, name, ssn, address,contact_no,emergency_contact_no) values ( 69,'cdtwl',900555009,'grxoq',61953632,13058813);
insert into Hospital.Physician (employee_number, certification_no,specialization) values ( 69,69112233,'Anesthesiology');
insert into Hospital.Belongs_to(employee_number,department_id) values (69,1);
insert into Hospital.Pharmaceutical_product(product_id,cost,manufacturer) values(70,520.6977376056038,'pekjr');
insert into Hospital.Batch(batch_id,manufacture_date,expiry_date) values (70,'2013-01-19','2013-10-27');
insert into Hospital.Production(product_id,batch_id) values (70,70);
insert into Hospital.Batch(batch_id,manufacture_date,expiry_date) values (71,'2013-01-19','2013-10-27');
insert into Hospital.Production(product_id,batch_id) values (70,71);
insert into Hospital.Batch(batch_id,manufacture_date,expiry_date) values (72,'2013-01-19','2013-10-27');
insert into Hospital.Production(product_id,batch_id) values (70,72);
insert into Hospital.Batch(batch_id,manufacture_date,expiry_date) values (73,'2013-01-19','2013-10-27');
insert into Hospital.Production(product_id,batch_id) values (70,73);
insert into Hospital.Batch(batch_id,manufacture_date,expiry_date) values (74,'2013-01-19','2013-10-27');
insert into Hospital.Production(product_id,batch_id) values (70,74);
insert into Hospital.Medicine(product_id,medicine_name,dosage) values (70,'fltce','xxqal');
insert into Hospital.Employees (employee_number, name, location, ssn, home_address,phone_number,designation) values ( 70,'twvso','iaszffxqveauhvz',110891058,'jkbnb',71924669,'Nurse');
insert into Hospital.Visitation(patient_registration_no,date_of_visit,diagnosis) values (70,'2013-08-30','zmmtq');
insert into Hospital.Consulted(employee_number,certification_no,patient_registration_no,date_of_visit) values(35,35112233,70,'2013-08-30');
insert into Hospital.Treated_by(patient_registration_no,date_of_visit,employee_number,treatment) values(70,2013-08-30,63);
insert into Hospital.Prescribed(product_id,patient_registration_no,date_of_visit) values (66,70,'2013-08-30');
insert into Hospital.Visitation(patient_registration_no,date_of_visit,diagnosis) values (70,'2013-06-08','jdtrx');
insert into Hospital.Consulted(employee_number,certification_no,patient_registration_no,date_of_visit) values(6,6112233,70,'2013-06-08');
insert into Hospital.Treated_by(patient_registration_no,date_of_visit,employee_number,treatment) values(70,2013-06-08,50);
insert into Hospital.Prescribed(product_id,patient_registration_no,date_of_visit) values (45,70,'2013-06-08');
insert into Hospital.Visitation(patient_registration_no,date_of_visit,diagnosis) values (70,'2013-10-05','ntzrs');
insert into Hospital.Consulted(employee_number,certification_no,patient_registration_no,date_of_visit) values(46,46112233,70,'2013-10-05');
insert into Hospital.Treated_by(patient_registration_no,date_of_visit,employee_number,treatment) values(70,2013-10-05,30);
insert into Hospital.Prescribed(product_id,patient_registration_no,date_of_visit) values (63,70,'2013-10-05');
insert into Hospital.Visitation(patient_registration_no,date_of_visit,diagnosis) values (70,'2013-05-28','vjyvi');
insert into Hospital.Consulted(employee_number,certification_no,patient_registration_no,date_of_visit) values(51,51112233,70,'2013-05-28');
insert into Hospital.Treated_by(patient_registration_no,date_of_visit,employee_number,treatment) values(70,2013-05-28,26);
insert into Hospital.Prescribed(product_id,patient_registration_no,date_of_visit) values (51,70,'2013-05-28');
insert into Hospital.Visitation(patient_registration_no,date_of_visit,diagnosis) values (70,'2013-06-23','xhhcg');
insert into Hospital.Consulted(employee_number,certification_no,patient_registration_no,date_of_visit) values(29,29112233,70,'2013-06-23');
insert into Hospital.Treated_by(patient_registration_no,date_of_visit,employee_number,treatment) values(70,2013-06-23,63);
insert into Hospital.Prescribed(product_id,patient_registration_no,date_of_visit) values (33,70,'2013-06-23');
insert into Hospital.Patient (patient_registration_no, name, ssn, address,contact_no,emergency_contact_no) values ( 70,'auken',365924585,'llsua',11646429,82126148);
insert into Hospital.Takes (employee_number,shift_name ) values ( 70,'evening');
insert into Hospital.Belongs_to(employee_number,department_id) values (70,3);
insert into Hospital.Pharmaceutical_product(product_id,cost,manufacturer) values(71,107.74317698503334,'dlaek');
insert into Hospital.Employees (employee_number, name, location, ssn, home_address,phone_number,designation) values ( 71,'lzzex','qyskglrdgmrpmtl',306095914,'mtmou',24877232,'Radiology');
insert into Hospital.Visitation(patient_registration_no,date_of_visit,diagnosis) values (71,'2013-07-23','mgofw');
insert into Hospital.Consulted(employee_number,certification_no,patient_registration_no,date_of_visit) values(69,69112233,71,'2013-07-23');
insert into Hospital.Treated_by(patient_registration_no,date_of_visit,employee_number,treatment) values(71,2013-07-23,19);
insert into Hospital.Prescribed(product_id,patient_registration_no,date_of_visit) values (15,71,'2013-07-23');
insert into Hospital.Visitation(patient_registration_no,date_of_visit,diagnosis) values (71,'2013-03-14','cvfgu');
insert into Hospital.Consulted(employee_number,certification_no,patient_registration_no,date_of_visit) values(34,34112233,71,'2013-03-14');
insert into Hospital.Treated_by(patient_registration_no,date_of_visit,employee_number,treatment) values(71,2013-03-14,30);
insert into Hospital.Prescribed(product_id,patient_registration_no,date_of_visit) values (52,71,'2013-03-14');
insert into Hospital.Visitation(patient_registration_no,date_of_visit,diagnosis) values (71,'2013-03-12','cuesd');
insert into Hospital.Consulted(employee_number,certification_no,patient_registration_no,date_of_visit) values(2,2112233,71,'2013-03-12');
insert into Hospital.Treated_by(patient_registration_no,date_of_visit,employee_number,treatment) values(71,2013-03-12,30);
insert into Hospital.Prescribed(product_id,patient_registration_no,date_of_visit) values (33,71,'2013-03-12');
insert into Hospital.Visitation(patient_registration_no,date_of_visit,diagnosis) values (71,'2013-09-03','qshsp');
insert into Hospital.Consulted(employee_number,certification_no,patient_registration_no,date_of_visit) values(41,41112233,71,'2013-09-03');
insert into Hospital.Treated_by(patient_registration_no,date_of_visit,employee_number,treatment) values(71,2013-09-03,48);
insert into Hospital.Prescribed(product_id,patient_registration_no,date_of_visit) values (66,71,'2013-09-03');
insert into Hospital.Visitation(patient_registration_no,date_of_visit,diagnosis) values (71,'2013-05-15','yqdyj');
insert into Hospital.Consulted(employee_number,certification_no,patient_registration_no,date_of_visit) values(9,9112233,71,'2013-05-15');
insert into Hospital.Treated_by(patient_registration_no,date_of_visit,employee_number,treatment) values(71,2013-05-15,26);
insert into Hospital.Prescribed(product_id,patient_registration_no,date_of_visit) values (48,71,'2013-05-15');
insert into Hospital.Patient (patient_registration_no, name, ssn, address,contact_no,emergency_contact_no) values ( 71,'dgaoa',382319131,'gvqoh',56641382,99850444);
insert into Hospital.Takes (employee_number,shift_name ) values ( 71,'evening');
insert into Hospital.Belongs_to(employee_number,department_id) values (71,3);
insert into Hospital.Pharmaceutical_product(product_id,cost,manufacturer) values(72,895.7117180073757,'wyrwm');
insert into Hospital.Batch(batch_id,manufacture_date,expiry_date) values (72,'2013-05-16','2013-07-19');
insert into Hospital.Production(product_id,batch_id) values (72,72);
insert into Hospital.Batch(batch_id,manufacture_date,expiry_date) values (73,'2013-05-16','2013-07-19');
insert into Hospital.Production(product_id,batch_id) values (72,73);
insert into Hospital.Batch(batch_id,manufacture_date,expiry_date) values (74,'2013-05-16','2013-07-19');
insert into Hospital.Production(product_id,batch_id) values (72,74);
insert into Hospital.Batch(batch_id,manufacture_date,expiry_date) values (75,'2013-05-16','2013-07-19');
insert into Hospital.Production(product_id,batch_id) values (72,75);
insert into Hospital.Batch(batch_id,manufacture_date,expiry_date) values (76,'2013-05-16','2013-07-19');
insert into Hospital.Production(product_id,batch_id) values (72,76);
insert into Hospital.Employees (employee_number, name, location, ssn, home_address,phone_number,designation) values ( 72,'znkgt','hoxyeoryzpcyvkj',475903750,'vxxma',67214851,'Administration');
insert into Hospital.Visitation(patient_registration_no,date_of_visit,diagnosis) values (72,'2013-08-13','xebqx');
insert into Hospital.Consulted(employee_number,certification_no,patient_registration_no,date_of_visit) values(21,21112233,72,'2013-08-13');
insert into Hospital.Treated_by(patient_registration_no,date_of_visit,employee_number,treatment) values(72,2013-08-13,26);
insert into Hospital.Prescribed(product_id,patient_registration_no,date_of_visit) values (19,72,'2013-08-13');
insert into Hospital.Visitation(patient_registration_no,date_of_visit,diagnosis) values (72,'2013-03-17','fcrwb');
insert into Hospital.Consulted(employee_number,certification_no,patient_registration_no,date_of_visit) values(23,23112233,72,'2013-03-17');
insert into Hospital.Treated_by(patient_registration_no,date_of_visit,employee_number,treatment) values(72,2013-03-17,19);
insert into Hospital.Prescribed(product_id,patient_registration_no,date_of_visit) values (57,72,'2013-03-17');
insert into Hospital.Visitation(patient_registration_no,date_of_visit,diagnosis) values (72,'2013-05-17','ohpww');
insert into Hospital.Consulted(employee_number,certification_no,patient_registration_no,date_of_visit) values(37,37112233,72,'2013-05-17');
insert into Hospital.Treated_by(patient_registration_no,date_of_visit,employee_number,treatment) values(72,2013-05-17,71);
insert into Hospital.Prescribed(product_id,patient_registration_no,date_of_visit) values (27,72,'2013-05-17');
insert into Hospital.Visitation(patient_registration_no,date_of_visit,diagnosis) values (72,'2013-04-06','rzrmk');
insert into Hospital.Consulted(employee_number,certification_no,patient_registration_no,date_of_visit) values(43,43112233,72,'2013-04-06');
insert into Hospital.Treated_by(patient_registration_no,date_of_visit,employee_number,treatment) values(72,2013-04-06,30);
insert into Hospital.Prescribed(product_id,patient_registration_no,date_of_visit) values (37,72,'2013-04-06');
insert into Hospital.Visitation(patient_registration_no,date_of_visit,diagnosis) values (72,'2013-06-12','gxhap');
insert into Hospital.Consulted(employee_number,certification_no,patient_registration_no,date_of_visit) values(41,41112233,72,'2013-06-12');
insert into Hospital.Treated_by(patient_registration_no,date_of_visit,employee_number,treatment) values(72,2013-06-12,50);
insert into Hospital.Prescribed(product_id,patient_registration_no,date_of_visit) values (39,72,'2013-06-12');
insert into Hospital.Patient (patient_registration_no, name, ssn, address,contact_no,emergency_contact_no) values ( 72,'ttrle',919301046,'njsxw',16602637,39094906);
insert into Hospital.Belongs_to(employee_number,department_id) values (72,2);
insert into Hospital.Pharmaceutical_product(product_id,cost,manufacturer) values(73,908.9645507902891,'msjct');
insert into Hospital.Medicine(product_id,medicine_name,dosage) values (73,'uzftl','qimlf');
insert into Hospital.Employees (employee_number, name, location, ssn, home_address,phone_number,designation) values ( 73,'vajfq','inwdybwmejxogsv',297641849,'lowob',77843044,'Radiology');
insert into Hospital.Visitation(patient_registration_no,date_of_visit,diagnosis) values (73,'2013-05-24','vhhls');
insert into Hospital.Consulted(employee_number,certification_no,patient_registration_no,date_of_visit) values(12,12112233,73,'2013-05-24');
insert into Hospital.Treated_by(patient_registration_no,date_of_visit,employee_number,treatment) values(73,2013-05-24,48);
insert into Hospital.Prescribed(product_id,patient_registration_no,date_of_visit) values (2,73,'2013-05-24');
insert into Hospital.Visitation(patient_registration_no,date_of_visit,diagnosis) values (73,'2013-02-07','cikub');
insert into Hospital.Consulted(employee_number,certification_no,patient_registration_no,date_of_visit) values(37,37112233,73,'2013-02-07');
insert into Hospital.Treated_by(patient_registration_no,date_of_visit,employee_number,treatment) values(73,2013-02-07,18);
insert into Hospital.Prescribed(product_id,patient_registration_no,date_of_visit) values (49,73,'2013-02-07');
insert into Hospital.Visitation(patient_registration_no,date_of_visit,diagnosis) values (73,'2013-02-12','ofjjn');
insert into Hospital.Consulted(employee_number,certification_no,patient_registration_no,date_of_visit) values(8,8112233,73,'2013-02-12');
insert into Hospital.Treated_by(patient_registration_no,date_of_visit,employee_number,treatment) values(73,2013-02-12,63);
insert into Hospital.Prescribed(product_id,patient_registration_no,date_of_visit) values (29,73,'2013-02-12');
insert into Hospital.Visitation(patient_registration_no,date_of_visit,diagnosis) values (73,'2013-06-18','mysoe');
insert into Hospital.Consulted(employee_number,certification_no,patient_registration_no,date_of_visit) values(45,45112233,73,'2013-06-18');
insert into Hospital.Treated_by(patient_registration_no,date_of_visit,employee_number,treatment) values(73,2013-06-18,48);
insert into Hospital.Prescribed(product_id,patient_registration_no,date_of_visit) values (5,73,'2013-06-18');
insert into Hospital.Visitation(patient_registration_no,date_of_visit,diagnosis) values (73,'2013-10-11','fetgo');
insert into Hospital.Consulted(employee_number,certification_no,patient_registration_no,date_of_visit) values(44,44112233,73,'2013-10-11');
insert into Hospital.Treated_by(patient_registration_no,date_of_visit,employee_number,treatment) values(73,2013-10-11,0);
insert into Hospital.Prescribed(product_id,patient_registration_no,date_of_visit) values (33,73,'2013-10-11');
insert into Hospital.Patient (patient_registration_no, name, ssn, address,contact_no,emergency_contact_no) values ( 73,'hrvqo',249720058,'zuytk',22858390,85785042);
insert into Hospital.Takes (employee_number,shift_name ) values ( 73,'evening');
insert into Hospital.Belongs_to(employee_number,department_id) values (73,3);
insert into Hospital.Pharmaceutical_product(product_id,cost,manufacturer) values(74,847.9088776093691,'nwohl');
insert into Hospital.Employees (employee_number, name, location, ssn, home_address,phone_number,designation) values ( 74,'ehpup','xtbubroucfercfk',421197979,'eijps',45456855,'Nurse');
insert into Hospital.Visitation(patient_registration_no,date_of_visit,diagnosis) values (74,'2013-03-11','pqzuk');
insert into Hospital.Consulted(employee_number,certification_no,patient_registration_no,date_of_visit) values(46,46112233,74,'2013-03-11');
insert into Hospital.Treated_by(patient_registration_no,date_of_visit,employee_number,treatment) values(74,2013-03-11,64);
insert into Hospital.Prescribed(product_id,patient_registration_no,date_of_visit) values (29,74,'2013-03-11');
insert into Hospital.Visitation(patient_registration_no,date_of_visit,diagnosis) values (74,'2013-10-11','dkfcl');
insert into Hospital.Consulted(employee_number,certification_no,patient_registration_no,date_of_visit) values(45,45112233,74,'2013-10-11');
insert into Hospital.Treated_by(patient_registration_no,date_of_visit,employee_number,treatment) values(74,2013-10-11,61);
insert into Hospital.Prescribed(product_id,patient_registration_no,date_of_visit) values (24,74,'2013-10-11');
insert into Hospital.Visitation(patient_registration_no,date_of_visit,diagnosis) values (74,'2013-03-11','doswc');
insert into Hospital.Consulted(employee_number,certification_no,patient_registration_no,date_of_visit) values(12,12112233,74,'2013-03-11');
insert into Hospital.Treated_by(patient_registration_no,date_of_visit,employee_number,treatment) values(74,2013-03-11,18);
insert into Hospital.Prescribed(product_id,patient_registration_no,date_of_visit) values (41,74,'2013-03-11');
insert into Hospital.Visitation(patient_registration_no,date_of_visit,diagnosis) values (74,'2013-03-30','pqjmz');
insert into Hospital.Consulted(employee_number,certification_no,patient_registration_no,date_of_visit) values(46,46112233,74,'2013-03-30');
insert into Hospital.Treated_by(patient_registration_no,date_of_visit,employee_number,treatment) values(74,2013-03-30,0);
insert into Hospital.Prescribed(product_id,patient_registration_no,date_of_visit) values (34,74,'2013-03-30');
insert into Hospital.Visitation(patient_registration_no,date_of_visit,diagnosis) values (74,'2013-07-04','mpjhu');
insert into Hospital.Consulted(employee_number,certification_no,patient_registration_no,date_of_visit) values(55,55112233,74,'2013-07-04');
insert into Hospital.Treated_by(patient_registration_no,date_of_visit,employee_number,treatment) values(74,2013-07-04,52);
insert into Hospital.Prescribed(product_id,patient_registration_no,date_of_visit) values (44,74,'2013-07-04');
insert into Hospital.Patient (patient_registration_no, name, ssn, address,contact_no,emergency_contact_no) values ( 74,'laqvs',424981231,'ytedh',85276048,34675373);
insert into Hospital.Takes (employee_number,shift_name ) values ( 74,'morning');
insert into Hospital.Belongs_to(employee_number,department_id) values (74,3);
insert into Hospital.Pharmaceutical_product(product_id,cost,manufacturer) values(75,805.9985110878362,'ekeeq');
insert into Hospital.Employees (employee_number, name, location, ssn, home_address,phone_number,designation) values ( 75,'pcplx','jchxjdncrqkfywf',815990379,'wjqid',38972066,'Doctor');
insert into Hospital.Visitation(patient_registration_no,date_of_visit,diagnosis) values (75,'2013-03-08','ndvui');
insert into Hospital.Consulted(employee_number,certification_no,patient_registration_no,date_of_visit) values(29,29112233,75,'2013-03-08');
insert into Hospital.Treated_by(patient_registration_no,date_of_visit,employee_number,treatment) values(75,2013-03-08,30);
insert into Hospital.Prescribed(product_id,patient_registration_no,date_of_visit) values (26,75,'2013-03-08');
insert into Hospital.Visitation(patient_registration_no,date_of_visit,diagnosis) values (75,'2013-04-18','ldfat');
insert into Hospital.Consulted(employee_number,certification_no,patient_registration_no,date_of_visit) values(2,2112233,75,'2013-04-18');
insert into Hospital.Treated_by(patient_registration_no,date_of_visit,employee_number,treatment) values(75,2013-04-18,0);
insert into Hospital.Prescribed(product_id,patient_registration_no,date_of_visit) values (57,75,'2013-04-18');
insert into Hospital.Visitation(patient_registration_no,date_of_visit,diagnosis) values (75,'2013-02-19','uvfqs');
insert into Hospital.Consulted(employee_number,certification_no,patient_registration_no,date_of_visit) values(13,13112233,75,'2013-02-19');
insert into Hospital.Treated_by(patient_registration_no,date_of_visit,employee_number,treatment) values(75,2013-02-19,67);
insert into Hospital.Prescribed(product_id,patient_registration_no,date_of_visit) values (69,75,'2013-02-19');
insert into Hospital.Visitation(patient_registration_no,date_of_visit,diagnosis) values (75,'2013-01-16','xhlcp');
insert into Hospital.Consulted(employee_number,certification_no,patient_registration_no,date_of_visit) values(37,37112233,75,'2013-01-16');
insert into Hospital.Treated_by(patient_registration_no,date_of_visit,employee_number,treatment) values(75,2013-01-16,63);
insert into Hospital.Prescribed(product_id,patient_registration_no,date_of_visit) values (28,75,'2013-01-16');
insert into Hospital.Visitation(patient_registration_no,date_of_visit,diagnosis) values (75,'2013-07-07','iajxu');
insert into Hospital.Consulted(employee_number,certification_no,patient_registration_no,date_of_visit) values(29,29112233,75,'2013-07-07');
insert into Hospital.Treated_by(patient_registration_no,date_of_visit,employee_number,treatment) values(75,2013-07-07,49);
insert into Hospital.Prescribed(product_id,patient_registration_no,date_of_visit) values (46,75,'2013-07-07');
insert into Hospital.Patient (patient_registration_no, name, ssn, address,contact_no,emergency_contact_no) values ( 75,'uhwme',627305693,'aeaar',99008264,42744811);
insert into Hospital.Physician (employee_number, certification_no,specialization) values ( 75,75112233,'Anesthesiology');
insert into Hospital.Belongs_to(employee_number,department_id) values (75,1);
insert into Hospital.Pharmaceutical_product(product_id,cost,manufacturer) values(76,262.97457687466726,'xulwc');
insert into Hospital.Medicine(product_id,medicine_name,dosage) values (76,'yssmr','sxhlf');
insert into Hospital.Employees (employee_number, name, location, ssn, home_address,phone_number,designation) values ( 76,'vbdpm','gwevznbgwsqfbna',728781181,'renwc',46661392,'Radiology');
insert into Hospital.Visitation(patient_registration_no,date_of_visit,diagnosis) values (76,'2013-10-20','hytmq');
insert into Hospital.Consulted(employee_number,certification_no,patient_registration_no,date_of_visit) values(34,34112233,76,'2013-10-20');
insert into Hospital.Treated_by(patient_registration_no,date_of_visit,employee_number,treatment) values(76,2013-10-20,73);
insert into Hospital.Prescribed(product_id,patient_registration_no,date_of_visit) values (23,76,'2013-10-20');
insert into Hospital.Visitation(patient_registration_no,date_of_visit,diagnosis) values (76,'2013-03-01','fzsxo');
insert into Hospital.Consulted(employee_number,certification_no,patient_registration_no,date_of_visit) values(41,41112233,76,'2013-03-01');
insert into Hospital.Treated_by(patient_registration_no,date_of_visit,employee_number,treatment) values(76,2013-03-01,73);
insert into Hospital.Prescribed(product_id,patient_registration_no,date_of_visit) values (21,76,'2013-03-01');
insert into Hospital.Visitation(patient_registration_no,date_of_visit,diagnosis) values (76,'2013-03-12','ocmqv');
insert into Hospital.Consulted(employee_number,certification_no,patient_registration_no,date_of_visit) values(75,75112233,76,'2013-03-12');
insert into Hospital.Treated_by(patient_registration_no,date_of_visit,employee_number,treatment) values(76,2013-03-12,64);
insert into Hospital.Prescribed(product_id,patient_registration_no,date_of_visit) values (28,76,'2013-03-12');
insert into Hospital.Visitation(patient_registration_no,date_of_visit,diagnosis) values (76,'2013-04-10','iwdqn');
insert into Hospital.Consulted(employee_number,certification_no,patient_registration_no,date_of_visit) values(46,46112233,76,'2013-04-10');
insert into Hospital.Treated_by(patient_registration_no,date_of_visit,employee_number,treatment) values(76,2013-04-10,0);
insert into Hospital.Prescribed(product_id,patient_registration_no,date_of_visit) values (61,76,'2013-04-10');
insert into Hospital.Visitation(patient_registration_no,date_of_visit,diagnosis) values (76,'2013-01-23','dvulf');
insert into Hospital.Consulted(employee_number,certification_no,patient_registration_no,date_of_visit) values(55,55112233,76,'2013-01-23');
insert into Hospital.Treated_by(patient_registration_no,date_of_visit,employee_number,treatment) values(76,2013-01-23,48);
insert into Hospital.Prescribed(product_id,patient_registration_no,date_of_visit) values (8,76,'2013-01-23');
insert into Hospital.Patient (patient_registration_no, name, ssn, address,contact_no,emergency_contact_no) values ( 76,'glmei',14045677,'axeow',99615557,80054010);
insert into Hospital.Takes (employee_number,shift_name ) values ( 76,'morning');
insert into Hospital.Belongs_to(employee_number,department_id) values (76,3);
insert into Hospital.Pharmaceutical_product(product_id,cost,manufacturer) values(77,991.4088377217487,'acjis');
insert into Hospital.Batch(batch_id,manufacture_date,expiry_date) values (77,'2013-08-04','2013-10-14');
insert into Hospital.Production(product_id,batch_id) values (77,77);
insert into Hospital.Batch(batch_id,manufacture_date,expiry_date) values (78,'2013-08-04','2013-10-14');
insert into Hospital.Production(product_id,batch_id) values (77,78);
insert into Hospital.Batch(batch_id,manufacture_date,expiry_date) values (79,'2013-08-04','2013-10-14');
insert into Hospital.Production(product_id,batch_id) values (77,79);
insert into Hospital.Batch(batch_id,manufacture_date,expiry_date) values (80,'2013-08-04','2013-10-14');
insert into Hospital.Production(product_id,batch_id) values (77,80);
insert into Hospital.Batch(batch_id,manufacture_date,expiry_date) values (81,'2013-08-04','2013-10-14');
insert into Hospital.Production(product_id,batch_id) values (77,81);
insert into Hospital.Medicine(product_id,medicine_name,dosage) values (77,'vbtrl','rwafh');
insert into Hospital.Employees (employee_number, name, location, ssn, home_address,phone_number,designation) values ( 77,'prxkp','xtpjkzyiarzwmrh',467789516,'nwjae',97527539,'Radiology');
insert into Hospital.Visitation(patient_registration_no,date_of_visit,diagnosis) values (77,'2013-03-16','hgzep');
insert into Hospital.Consulted(employee_number,certification_no,patient_registration_no,date_of_visit) values(34,34112233,77,'2013-03-16');
insert into Hospital.Treated_by(patient_registration_no,date_of_visit,employee_number,treatment) values(77,2013-03-16,56);
insert into Hospital.Prescribed(product_id,patient_registration_no,date_of_visit) values (2,77,'2013-03-16');
insert into Hospital.Visitation(patient_registration_no,date_of_visit,diagnosis) values (77,'2013-02-27','dclpa');
insert into Hospital.Consulted(employee_number,certification_no,patient_registration_no,date_of_visit) values(60,60112233,77,'2013-02-27');
insert into Hospital.Treated_by(patient_registration_no,date_of_visit,employee_number,treatment) values(77,2013-02-27,47);
insert into Hospital.Prescribed(product_id,patient_registration_no,date_of_visit) values (3,77,'2013-02-27');
insert into Hospital.Visitation(patient_registration_no,date_of_visit,diagnosis) values (77,'2013-07-27','ejrjn');
insert into Hospital.Consulted(employee_number,certification_no,patient_registration_no,date_of_visit) values(75,75112233,77,'2013-07-27');
insert into Hospital.Treated_by(patient_registration_no,date_of_visit,employee_number,treatment) values(77,2013-07-27,19);
insert into Hospital.Prescribed(product_id,patient_registration_no,date_of_visit) values (44,77,'2013-07-27');
insert into Hospital.Visitation(patient_registration_no,date_of_visit,diagnosis) values (77,'2013-04-16','nlskj');
insert into Hospital.Consulted(employee_number,certification_no,patient_registration_no,date_of_visit) values(37,37112233,77,'2013-04-16');
insert into Hospital.Treated_by(patient_registration_no,date_of_visit,employee_number,treatment) values(77,2013-04-16,63);
insert into Hospital.Prescribed(product_id,patient_registration_no,date_of_visit) values (73,77,'2013-04-16');
insert into Hospital.Visitation(patient_registration_no,date_of_visit,diagnosis) values (77,'2013-07-15','eqmoi');
insert into Hospital.Consulted(employee_number,certification_no,patient_registration_no,date_of_visit) values(44,44112233,77,'2013-07-15');
insert into Hospital.Treated_by(patient_registration_no,date_of_visit,employee_number,treatment) values(77,2013-07-15,26);
insert into Hospital.Prescribed(product_id,patient_registration_no,date_of_visit) values (76,77,'2013-07-15');
insert into Hospital.Patient (patient_registration_no, name, ssn, address,contact_no,emergency_contact_no) values ( 77,'fdvoq',952897397,'qjpnb',78762672,30044852);
insert into Hospital.Takes (employee_number,shift_name ) values ( 77,'morning');
insert into Hospital.Belongs_to(employee_number,department_id) values (77,3);
insert into Hospital.Pharmaceutical_product(product_id,cost,manufacturer) values(78,798.3782641560292,'uurhg');
insert into Hospital.Batch(batch_id,manufacture_date,expiry_date) values (78,'2013-06-23','2013-07-11');
insert into Hospital.Production(product_id,batch_id) values (78,78);
insert into Hospital.Batch(batch_id,manufacture_date,expiry_date) values (79,'2013-06-23','2013-07-11');
insert into Hospital.Production(product_id,batch_id) values (78,79);
insert into Hospital.Batch(batch_id,manufacture_date,expiry_date) values (80,'2013-06-23','2013-07-11');
insert into Hospital.Production(product_id,batch_id) values (78,80);
insert into Hospital.Batch(batch_id,manufacture_date,expiry_date) values (81,'2013-06-23','2013-07-11');
insert into Hospital.Production(product_id,batch_id) values (78,81);
insert into Hospital.Batch(batch_id,manufacture_date,expiry_date) values (82,'2013-06-23','2013-07-11');
insert into Hospital.Production(product_id,batch_id) values (78,82);
insert into Hospital.Medicine(product_id,medicine_name,dosage) values (78,'cnjjp','xlwtm');
insert into Hospital.Employees (employee_number, name, location, ssn, home_address,phone_number,designation) values ( 78,'hbcnp','agtpdjraocofweq',512846115,'sdbmt',51874488,'Nurse');
insert into Hospital.Visitation(patient_registration_no,date_of_visit,diagnosis) values (78,'2013-09-19','btjye');
insert into Hospital.Consulted(employee_number,certification_no,patient_registration_no,date_of_visit) values(60,60112233,78,'2013-09-19');
insert into Hospital.Treated_by(patient_registration_no,date_of_visit,employee_number,treatment) values(78,2013-09-19,71);
insert into Hospital.Prescribed(product_id,patient_registration_no,date_of_visit) values (9,78,'2013-09-19');
insert into Hospital.Visitation(patient_registration_no,date_of_visit,diagnosis) values (78,'2013-02-14','cufgc');
insert into Hospital.Consulted(employee_number,certification_no,patient_registration_no,date_of_visit) values(69,69112233,78,'2013-02-14');
insert into Hospital.Treated_by(patient_registration_no,date_of_visit,employee_number,treatment) values(78,2013-02-14,0);
insert into Hospital.Prescribed(product_id,patient_registration_no,date_of_visit) values (49,78,'2013-02-14');
insert into Hospital.Visitation(patient_registration_no,date_of_visit,diagnosis) values (78,'2013-03-28','tfycg');
insert into Hospital.Consulted(employee_number,certification_no,patient_registration_no,date_of_visit) values(41,41112233,78,'2013-03-28');
insert into Hospital.Treated_by(patient_registration_no,date_of_visit,employee_number,treatment) values(78,2013-03-28,28);
insert into Hospital.Prescribed(product_id,patient_registration_no,date_of_visit) values (76,78,'2013-03-28');
insert into Hospital.Visitation(patient_registration_no,date_of_visit,diagnosis) values (78,'2013-08-10','fwkyu');
insert into Hospital.Consulted(employee_number,certification_no,patient_registration_no,date_of_visit) values(6,6112233,78,'2013-08-10');
insert into Hospital.Treated_by(patient_registration_no,date_of_visit,employee_number,treatment) values(78,2013-08-10,71);
insert into Hospital.Prescribed(product_id,patient_registration_no,date_of_visit) values (19,78,'2013-08-10');
insert into Hospital.Visitation(patient_registration_no,date_of_visit,diagnosis) values (78,'2013-03-29','xvlln');
insert into Hospital.Consulted(employee_number,certification_no,patient_registration_no,date_of_visit) values(1,1112233,78,'2013-03-29');
insert into Hospital.Treated_by(patient_registration_no,date_of_visit,employee_number,treatment) values(78,2013-03-29,47);
insert into Hospital.Prescribed(product_id,patient_registration_no,date_of_visit) values (10,78,'2013-03-29');
insert into Hospital.Patient (patient_registration_no, name, ssn, address,contact_no,emergency_contact_no) values ( 78,'sdtmd',255279889,'aghhx',26308635,19006937);
insert into Hospital.Takes (employee_number,shift_name ) values ( 78,'evening');
insert into Hospital.Belongs_to(employee_number,department_id) values (78,3);
insert into Hospital.Pharmaceutical_product(product_id,cost,manufacturer) values(79,86.48031372723827,'yqvld');
insert into Hospital.Batch(batch_id,manufacture_date,expiry_date) values (79,'2013-04-24','2013-04-27');
insert into Hospital.Production(product_id,batch_id) values (79,79);
insert into Hospital.Batch(batch_id,manufacture_date,expiry_date) values (80,'2013-04-24','2013-04-27');
insert into Hospital.Production(product_id,batch_id) values (79,80);
insert into Hospital.Batch(batch_id,manufacture_date,expiry_date) values (81,'2013-04-24','2013-04-27');
insert into Hospital.Production(product_id,batch_id) values (79,81);
insert into Hospital.Batch(batch_id,manufacture_date,expiry_date) values (82,'2013-04-24','2013-04-27');
insert into Hospital.Production(product_id,batch_id) values (79,82);
insert into Hospital.Batch(batch_id,manufacture_date,expiry_date) values (83,'2013-04-24','2013-04-27');
insert into Hospital.Production(product_id,batch_id) values (79,83);
insert into Hospital.Medicine(product_id,medicine_name,dosage) values (79,'akwma','nbvhp');
insert into Hospital.Employees (employee_number, name, location, ssn, home_address,phone_number,designation) values ( 79,'oqdrr','vflpskvwvwbydly',521274282,'yevxn',88697738,'Nurse');
insert into Hospital.Visitation(patient_registration_no,date_of_visit,diagnosis) values (79,'2013-08-19','ewwga');
insert into Hospital.Consulted(employee_number,certification_no,patient_registration_no,date_of_visit) values(9,9112233,79,'2013-08-19');
insert into Hospital.Treated_by(patient_registration_no,date_of_visit,employee_number,treatment) values(79,2013-08-19,71);
insert into Hospital.Prescribed(product_id,patient_registration_no,date_of_visit) values (11,79,'2013-08-19');
insert into Hospital.Visitation(patient_registration_no,date_of_visit,diagnosis) values (79,'2013-01-12','kvris');
insert into Hospital.Consulted(employee_number,certification_no,patient_registration_no,date_of_visit) values(34,34112233,79,'2013-01-12');
insert into Hospital.Treated_by(patient_registration_no,date_of_visit,employee_number,treatment) values(79,2013-01-12,47);
insert into Hospital.Prescribed(product_id,patient_registration_no,date_of_visit) values (7,79,'2013-01-12');
insert into Hospital.Visitation(patient_registration_no,date_of_visit,diagnosis) values (79,'2013-06-02','jjney');
insert into Hospital.Consulted(employee_number,certification_no,patient_registration_no,date_of_visit) values(60,60112233,79,'2013-06-02');
insert into Hospital.Treated_by(patient_registration_no,date_of_visit,employee_number,treatment) values(79,2013-06-02,10);
insert into Hospital.Prescribed(product_id,patient_registration_no,date_of_visit) values (27,79,'2013-06-02');
insert into Hospital.Visitation(patient_registration_no,date_of_visit,diagnosis) values (79,'2013-01-12','xeyfr');
insert into Hospital.Consulted(employee_number,certification_no,patient_registration_no,date_of_visit) values(45,45112233,79,'2013-01-12');
insert into Hospital.Treated_by(patient_registration_no,date_of_visit,employee_number,treatment) values(79,2013-01-12,30);
insert into Hospital.Prescribed(product_id,patient_registration_no,date_of_visit) values (78,79,'2013-01-12');
insert into Hospital.Visitation(patient_registration_no,date_of_visit,diagnosis) values (79,'2013-01-10','spxcw');
insert into Hospital.Consulted(employee_number,certification_no,patient_registration_no,date_of_visit) values(66,66112233,79,'2013-01-10');
insert into Hospital.Treated_by(patient_registration_no,date_of_visit,employee_number,treatment) values(79,2013-01-10,73);
insert into Hospital.Prescribed(product_id,patient_registration_no,date_of_visit) values (65,79,'2013-01-10');
insert into Hospital.Patient (patient_registration_no, name, ssn, address,contact_no,emergency_contact_no) values ( 79,'wmcfb',647980084,'apdun',83326440,43741553);
insert into Hospital.Takes (employee_number,shift_name ) values ( 79,'morning');
insert into Hospital.Belongs_to(employee_number,department_id) values (79,3);
insert into Hospital.Pharmaceutical_product(product_id,cost,manufacturer) values(80,764.263561151517,'ipmws');
insert into Hospital.Batch(batch_id,manufacture_date,expiry_date) values (80,'2013-04-13','2013-05-12');
insert into Hospital.Production(product_id,batch_id) values (80,80);
insert into Hospital.Batch(batch_id,manufacture_date,expiry_date) values (81,'2013-04-13','2013-05-12');
insert into Hospital.Production(product_id,batch_id) values (80,81);
insert into Hospital.Batch(batch_id,manufacture_date,expiry_date) values (82,'2013-04-13','2013-05-12');
insert into Hospital.Production(product_id,batch_id) values (80,82);
insert into Hospital.Batch(batch_id,manufacture_date,expiry_date) values (83,'2013-04-13','2013-05-12');
insert into Hospital.Production(product_id,batch_id) values (80,83);
insert into Hospital.Batch(batch_id,manufacture_date,expiry_date) values (84,'2013-04-13','2013-05-12');
insert into Hospital.Production(product_id,batch_id) values (80,84);
insert into Hospital.Employees (employee_number, name, location, ssn, home_address,phone_number,designation) values ( 80,'ccgwt','ivdawyjcjqdhvyp',716341824,'rzeeo',41119458,'Administration');
insert into Hospital.Visitation(patient_registration_no,date_of_visit,diagnosis) values (80,'2013-09-13','wviwg');
insert into Hospital.Consulted(employee_number,certification_no,patient_registration_no,date_of_visit) values(2,2112233,80,'2013-09-13');
insert into Hospital.Treated_by(patient_registration_no,date_of_visit,employee_number,treatment) values(80,2013-09-13,30);
insert into Hospital.Prescribed(product_id,patient_registration_no,date_of_visit) values (1,80,'2013-09-13');
insert into Hospital.Visitation(patient_registration_no,date_of_visit,diagnosis) values (80,'2013-04-20','rlidy');
insert into Hospital.Consulted(employee_number,certification_no,patient_registration_no,date_of_visit) values(34,34112233,80,'2013-04-20');
insert into Hospital.Treated_by(patient_registration_no,date_of_visit,employee_number,treatment) values(80,2013-04-20,56);
insert into Hospital.Prescribed(product_id,patient_registration_no,date_of_visit) values (19,80,'2013-04-20');
insert into Hospital.Visitation(patient_registration_no,date_of_visit,diagnosis) values (80,'2013-10-03','idvig');
insert into Hospital.Consulted(employee_number,certification_no,patient_registration_no,date_of_visit) values(8,8112233,80,'2013-10-03');
insert into Hospital.Treated_by(patient_registration_no,date_of_visit,employee_number,treatment) values(80,2013-10-03,0);
insert into Hospital.Prescribed(product_id,patient_registration_no,date_of_visit) values (14,80,'2013-10-03');
insert into Hospital.Visitation(patient_registration_no,date_of_visit,diagnosis) values (80,'2013-09-24','avygl');
insert into Hospital.Consulted(employee_number,certification_no,patient_registration_no,date_of_visit) values(55,55112233,80,'2013-09-24');
insert into Hospital.Treated_by(patient_registration_no,date_of_visit,employee_number,treatment) values(80,2013-09-24,10);
insert into Hospital.Prescribed(product_id,patient_registration_no,date_of_visit) values (78,80,'2013-09-24');
insert into Hospital.Visitation(patient_registration_no,date_of_visit,diagnosis) values (80,'2013-02-18','zdgmg');
insert into Hospital.Consulted(employee_number,certification_no,patient_registration_no,date_of_visit) values(21,21112233,80,'2013-02-18');
insert into Hospital.Treated_by(patient_registration_no,date_of_visit,employee_number,treatment) values(80,2013-02-18,52);
insert into Hospital.Prescribed(product_id,patient_registration_no,date_of_visit) values (73,80,'2013-02-18');
insert into Hospital.Patient (patient_registration_no, name, ssn, address,contact_no,emergency_contact_no) values ( 80,'nsspb',405187917,'djmpz',41512839,80162628);
insert into Hospital.Belongs_to(employee_number,department_id) values (80,2);
insert into Hospital.Pharmaceutical_product(product_id,cost,manufacturer) values(81,563.7850086740763,'talhd');
insert into Hospital.Batch(batch_id,manufacture_date,expiry_date) values (81,'2013-04-21','2013-06-09');
insert into Hospital.Production(product_id,batch_id) values (81,81);
insert into Hospital.Batch(batch_id,manufacture_date,expiry_date) values (82,'2013-04-21','2013-06-09');
insert into Hospital.Production(product_id,batch_id) values (81,82);
insert into Hospital.Batch(batch_id,manufacture_date,expiry_date) values (83,'2013-04-21','2013-06-09');
insert into Hospital.Production(product_id,batch_id) values (81,83);
insert into Hospital.Batch(batch_id,manufacture_date,expiry_date) values (84,'2013-04-21','2013-06-09');
insert into Hospital.Production(product_id,batch_id) values (81,84);
insert into Hospital.Batch(batch_id,manufacture_date,expiry_date) values (85,'2013-04-21','2013-06-09');
insert into Hospital.Production(product_id,batch_id) values (81,85);
insert into Hospital.Employees (employee_number, name, location, ssn, home_address,phone_number,designation) values ( 81,'fadty','hvhfymasrpgmlmv',701446176,'rgude',67125854,'Radiology');
insert into Hospital.Visitation(patient_registration_no,date_of_visit,diagnosis) values (81,'2013-04-15','fkumy');
insert into Hospital.Consulted(employee_number,certification_no,patient_registration_no,date_of_visit) values(35,35112233,81,'2013-04-15');
insert into Hospital.Treated_by(patient_registration_no,date_of_visit,employee_number,treatment) values(81,2013-04-15,28);
insert into Hospital.Prescribed(product_id,patient_registration_no,date_of_visit) values (28,81,'2013-04-15');
insert into Hospital.Visitation(patient_registration_no,date_of_visit,diagnosis) values (81,'2013-06-04','kqjqi');
insert into Hospital.Consulted(employee_number,certification_no,patient_registration_no,date_of_visit) values(6,6112233,81,'2013-06-04');
insert into Hospital.Treated_by(patient_registration_no,date_of_visit,employee_number,treatment) values(81,2013-06-04,67);
insert into Hospital.Prescribed(product_id,patient_registration_no,date_of_visit) values (45,81,'2013-06-04');
insert into Hospital.Visitation(patient_registration_no,date_of_visit,diagnosis) values (81,'2013-07-31','isbvb');
insert into Hospital.Consulted(employee_number,certification_no,patient_registration_no,date_of_visit) values(75,75112233,81,'2013-07-31');
insert into Hospital.Treated_by(patient_registration_no,date_of_visit,employee_number,treatment) values(81,2013-07-31,52);
insert into Hospital.Prescribed(product_id,patient_registration_no,date_of_visit) values (51,81,'2013-07-31');
insert into Hospital.Visitation(patient_registration_no,date_of_visit,diagnosis) values (81,'2013-10-12','safmk');
insert into Hospital.Consulted(employee_number,certification_no,patient_registration_no,date_of_visit) values(29,29112233,81,'2013-10-12');
insert into Hospital.Treated_by(patient_registration_no,date_of_visit,employee_number,treatment) values(81,2013-10-12,52);
insert into Hospital.Prescribed(product_id,patient_registration_no,date_of_visit) values (56,81,'2013-10-12');
insert into Hospital.Visitation(patient_registration_no,date_of_visit,diagnosis) values (81,'2013-01-24','lejhk');
insert into Hospital.Consulted(employee_number,certification_no,patient_registration_no,date_of_visit) values(46,46112233,81,'2013-01-24');
insert into Hospital.Treated_by(patient_registration_no,date_of_visit,employee_number,treatment) values(81,2013-01-24,50);
insert into Hospital.Prescribed(product_id,patient_registration_no,date_of_visit) values (11,81,'2013-01-24');
insert into Hospital.Patient (patient_registration_no, name, ssn, address,contact_no,emergency_contact_no) values ( 81,'scdoa',484705927,'ipjwl',91747100,91861612);
insert into Hospital.Takes (employee_number,shift_name ) values ( 81,'night');
insert into Hospital.Belongs_to(employee_number,department_id) values (81,3);
insert into Hospital.Pharmaceutical_product(product_id,cost,manufacturer) values(82,149.74216175717856,'dfmtx');
insert into Hospital.Medicine(product_id,medicine_name,dosage) values (82,'fybxw','vbcsj');
insert into Hospital.Employees (employee_number, name, location, ssn, home_address,phone_number,designation) values ( 82,'bunpj','bddlwreugnyefap',942182201,'njqkq',46750719,'Nurse');
insert into Hospital.Visitation(patient_registration_no,date_of_visit,diagnosis) values (82,'2013-03-27','bzqex');
insert into Hospital.Consulted(employee_number,certification_no,patient_registration_no,date_of_visit) values(41,41112233,82,'2013-03-27');
insert into Hospital.Treated_by(patient_registration_no,date_of_visit,employee_number,treatment) values(82,2013-03-27,19);
insert into Hospital.Prescribed(product_id,patient_registration_no,date_of_visit) values (56,82,'2013-03-27');
insert into Hospital.Visitation(patient_registration_no,date_of_visit,diagnosis) values (82,'2013-03-25','gwggv');
insert into Hospital.Consulted(employee_number,certification_no,patient_registration_no,date_of_visit) values(60,60112233,82,'2013-03-25');
insert into Hospital.Treated_by(patient_registration_no,date_of_visit,employee_number,treatment) values(82,2013-03-25,48);
insert into Hospital.Prescribed(product_id,patient_registration_no,date_of_visit) values (76,82,'2013-03-25');
insert into Hospital.Visitation(patient_registration_no,date_of_visit,diagnosis) values (82,'2013-05-05','wtkvj');
insert into Hospital.Consulted(employee_number,certification_no,patient_registration_no,date_of_visit) values(58,58112233,82,'2013-05-05');
insert into Hospital.Treated_by(patient_registration_no,date_of_visit,employee_number,treatment) values(82,2013-05-05,26);
insert into Hospital.Prescribed(product_id,patient_registration_no,date_of_visit) values (26,82,'2013-05-05');
insert into Hospital.Visitation(patient_registration_no,date_of_visit,diagnosis) values (82,'2013-06-24','vpnev');
insert into Hospital.Consulted(employee_number,certification_no,patient_registration_no,date_of_visit) values(8,8112233,82,'2013-06-24');
insert into Hospital.Treated_by(patient_registration_no,date_of_visit,employee_number,treatment) values(82,2013-06-24,56);
insert into Hospital.Prescribed(product_id,patient_registration_no,date_of_visit) values (5,82,'2013-06-24');
insert into Hospital.Visitation(patient_registration_no,date_of_visit,diagnosis) values (82,'2013-05-26','xucgp');
insert into Hospital.Consulted(employee_number,certification_no,patient_registration_no,date_of_visit) values(46,46112233,82,'2013-05-26');
insert into Hospital.Treated_by(patient_registration_no,date_of_visit,employee_number,treatment) values(82,2013-05-26,39);
insert into Hospital.Prescribed(product_id,patient_registration_no,date_of_visit) values (1,82,'2013-05-26');
insert into Hospital.Patient (patient_registration_no, name, ssn, address,contact_no,emergency_contact_no) values ( 82,'gvdch',949361369,'tfyrs',64983134,69324244);
insert into Hospital.Takes (employee_number,shift_name ) values ( 82,'morning');
insert into Hospital.Belongs_to(employee_number,department_id) values (82,3);
insert into Hospital.Pharmaceutical_product(product_id,cost,manufacturer) values(83,423.2466037953698,'vaexm');
insert into Hospital.Batch(batch_id,manufacture_date,expiry_date) values (83,'2013-03-28','2013-09-22');
insert into Hospital.Production(product_id,batch_id) values (83,83);
insert into Hospital.Batch(batch_id,manufacture_date,expiry_date) values (84,'2013-03-28','2013-09-22');
insert into Hospital.Production(product_id,batch_id) values (83,84);
insert into Hospital.Batch(batch_id,manufacture_date,expiry_date) values (85,'2013-03-28','2013-09-22');
insert into Hospital.Production(product_id,batch_id) values (83,85);
insert into Hospital.Batch(batch_id,manufacture_date,expiry_date) values (86,'2013-03-28','2013-09-22');
insert into Hospital.Production(product_id,batch_id) values (83,86);
insert into Hospital.Batch(batch_id,manufacture_date,expiry_date) values (87,'2013-03-28','2013-09-22');
insert into Hospital.Production(product_id,batch_id) values (83,87);
insert into Hospital.Employees (employee_number, name, location, ssn, home_address,phone_number,designation) values ( 83,'shxim','ylbqdzqowgedepq',239690011,'fwjer',68602804,'Radiology');
insert into Hospital.Visitation(patient_registration_no,date_of_visit,diagnosis) values (83,'2013-05-27','vngsr');
insert into Hospital.Consulted(employee_number,certification_no,patient_registration_no,date_of_visit) values(51,51112233,83,'2013-05-27');
insert into Hospital.Treated_by(patient_registration_no,date_of_visit,employee_number,treatment) values(83,2013-05-27,71);
insert into Hospital.Prescribed(product_id,patient_registration_no,date_of_visit) values (52,83,'2013-05-27');
insert into Hospital.Visitation(patient_registration_no,date_of_visit,diagnosis) values (83,'2013-01-30','vbajl');
insert into Hospital.Consulted(employee_number,certification_no,patient_registration_no,date_of_visit) values(51,51112233,83,'2013-01-30');
insert into Hospital.Treated_by(patient_registration_no,date_of_visit,employee_number,treatment) values(83,2013-01-30,39);
insert into Hospital.Prescribed(product_id,patient_registration_no,date_of_visit) values (57,83,'2013-01-30');
insert into Hospital.Visitation(patient_registration_no,date_of_visit,diagnosis) values (83,'2013-06-25','ptmps');
insert into Hospital.Consulted(employee_number,certification_no,patient_registration_no,date_of_visit) values(35,35112233,83,'2013-06-25');
insert into Hospital.Treated_by(patient_registration_no,date_of_visit,employee_number,treatment) values(83,2013-06-25,77);
insert into Hospital.Prescribed(product_id,patient_registration_no,date_of_visit) values (15,83,'2013-06-25');
insert into Hospital.Visitation(patient_registration_no,date_of_visit,diagnosis) values (83,'2013-08-19','zejkr');
insert into Hospital.Consulted(employee_number,certification_no,patient_registration_no,date_of_visit) values(37,37112233,83,'2013-08-19');
insert into Hospital.Treated_by(patient_registration_no,date_of_visit,employee_number,treatment) values(83,2013-08-19,18);
insert into Hospital.Prescribed(product_id,patient_registration_no,date_of_visit) values (61,83,'2013-08-19');
insert into Hospital.Visitation(patient_registration_no,date_of_visit,diagnosis) values (83,'2013-10-24','wgbqn');
insert into Hospital.Consulted(employee_number,certification_no,patient_registration_no,date_of_visit) values(23,23112233,83,'2013-10-24');
insert into Hospital.Treated_by(patient_registration_no,date_of_visit,employee_number,treatment) values(83,2013-10-24,52);
insert into Hospital.Prescribed(product_id,patient_registration_no,date_of_visit) values (63,83,'2013-10-24');
insert into Hospital.Patient (patient_registration_no, name, ssn, address,contact_no,emergency_contact_no) values ( 83,'vjpav',232335249,'nkzvh',34334432,65836893);
insert into Hospital.Takes (employee_number,shift_name ) values ( 83,'morning');
insert into Hospital.Belongs_to(employee_number,department_id) values (83,3);
insert into Hospital.Pharmaceutical_product(product_id,cost,manufacturer) values(84,800.0136146797909,'xajty');
insert into Hospital.Medicine(product_id,medicine_name,dosage) values (84,'rjwch','hdhyl');
insert into Hospital.Employees (employee_number, name, location, ssn, home_address,phone_number,designation) values ( 84,'knuog','yfabiqmurhovpgm',965535432,'qahai',99627026,'Radiology');
insert into Hospital.Visitation(patient_registration_no,date_of_visit,diagnosis) values (84,'2013-08-05','lefbr');
insert into Hospital.Consulted(employee_number,certification_no,patient_registration_no,date_of_visit) values(37,37112233,84,'2013-08-05');
insert into Hospital.Treated_by(patient_registration_no,date_of_visit,employee_number,treatment) values(84,2013-08-05,48);
insert into Hospital.Prescribed(product_id,patient_registration_no,date_of_visit) values (65,84,'2013-08-05');
insert into Hospital.Visitation(patient_registration_no,date_of_visit,diagnosis) values (84,'2013-08-13','yvkiy');
insert into Hospital.Consulted(employee_number,certification_no,patient_registration_no,date_of_visit) values(43,43112233,84,'2013-08-13');
insert into Hospital.Treated_by(patient_registration_no,date_of_visit,employee_number,treatment) values(84,2013-08-13,10);
insert into Hospital.Prescribed(product_id,patient_registration_no,date_of_visit) values (70,84,'2013-08-13');
insert into Hospital.Visitation(patient_registration_no,date_of_visit,diagnosis) values (84,'2013-06-05','diurm');
insert into Hospital.Consulted(employee_number,certification_no,patient_registration_no,date_of_visit) values(6,6112233,84,'2013-06-05');
insert into Hospital.Treated_by(patient_registration_no,date_of_visit,employee_number,treatment) values(84,2013-06-05,67);
insert into Hospital.Prescribed(product_id,patient_registration_no,date_of_visit) values (18,84,'2013-06-05');
insert into Hospital.Visitation(patient_registration_no,date_of_visit,diagnosis) values (84,'2013-01-24','ziyqv');
insert into Hospital.Consulted(employee_number,certification_no,patient_registration_no,date_of_visit) values(55,55112233,84,'2013-01-24');
insert into Hospital.Treated_by(patient_registration_no,date_of_visit,employee_number,treatment) values(84,2013-01-24,52);
insert into Hospital.Prescribed(product_id,patient_registration_no,date_of_visit) values (55,84,'2013-01-24');
insert into Hospital.Visitation(patient_registration_no,date_of_visit,diagnosis) values (84,'2013-06-15','ohxdi');
insert into Hospital.Consulted(employee_number,certification_no,patient_registration_no,date_of_visit) values(46,46112233,84,'2013-06-15');
insert into Hospital.Treated_by(patient_registration_no,date_of_visit,employee_number,treatment) values(84,2013-06-15,19);
insert into Hospital.Prescribed(product_id,patient_registration_no,date_of_visit) values (55,84,'2013-06-15');
insert into Hospital.Patient (patient_registration_no, name, ssn, address,contact_no,emergency_contact_no) values ( 84,'wlcuz',829837983,'tsktt',57599066,19941056);
insert into Hospital.Takes (employee_number,shift_name ) values ( 84,'night');
insert into Hospital.Belongs_to(employee_number,department_id) values (84,3);
insert into Hospital.Pharmaceutical_product(product_id,cost,manufacturer) values(85,538.4947136289925,'qfilj');
insert into Hospital.Medicine(product_id,medicine_name,dosage) values (85,'xuilh','kabcg');
insert into Hospital.Employees (employee_number, name, location, ssn, home_address,phone_number,designation) values ( 85,'uvelu','budhiobkkfinscc',86268772,'jyrne',34361167,'Doctor');
insert into Hospital.Visitation(patient_registration_no,date_of_visit,diagnosis) values (85,'2013-03-16','xoxvw');
insert into Hospital.Consulted(employee_number,certification_no,patient_registration_no,date_of_visit) values(66,66112233,85,'2013-03-16');
insert into Hospital.Treated_by(patient_registration_no,date_of_visit,employee_number,treatment) values(85,2013-03-16,26);
insert into Hospital.Prescribed(product_id,patient_registration_no,date_of_visit) values (78,85,'2013-03-16');
insert into Hospital.Visitation(patient_registration_no,date_of_visit,diagnosis) values (85,'2013-04-14','vebjn');
insert into Hospital.Consulted(employee_number,certification_no,patient_registration_no,date_of_visit) values(13,13112233,85,'2013-04-14');
insert into Hospital.Treated_by(patient_registration_no,date_of_visit,employee_number,treatment) values(85,2013-04-14,61);
insert into Hospital.Prescribed(product_id,patient_registration_no,date_of_visit) values (45,85,'2013-04-14');
insert into Hospital.Visitation(patient_registration_no,date_of_visit,diagnosis) values (85,'2013-05-04','xhqgl');
insert into Hospital.Consulted(employee_number,certification_no,patient_registration_no,date_of_visit) values(66,66112233,85,'2013-05-04');
insert into Hospital.Treated_by(patient_registration_no,date_of_visit,employee_number,treatment) values(85,2013-05-04,56);
insert into Hospital.Prescribed(product_id,patient_registration_no,date_of_visit) values (77,85,'2013-05-04');
insert into Hospital.Visitation(patient_registration_no,date_of_visit,diagnosis) values (85,'2013-07-14','qfjvl');
insert into Hospital.Consulted(employee_number,certification_no,patient_registration_no,date_of_visit) values(1,1112233,85,'2013-07-14');
insert into Hospital.Treated_by(patient_registration_no,date_of_visit,employee_number,treatment) values(85,2013-07-14,39);
insert into Hospital.Prescribed(product_id,patient_registration_no,date_of_visit) values (14,85,'2013-07-14');
insert into Hospital.Visitation(patient_registration_no,date_of_visit,diagnosis) values (85,'2013-01-04','ljkag');
insert into Hospital.Consulted(employee_number,certification_no,patient_registration_no,date_of_visit) values(9,9112233,85,'2013-01-04');
insert into Hospital.Treated_by(patient_registration_no,date_of_visit,employee_number,treatment) values(85,2013-01-04,26);
insert into Hospital.Prescribed(product_id,patient_registration_no,date_of_visit) values (39,85,'2013-01-04');
insert into Hospital.Patient (patient_registration_no, name, ssn, address,contact_no,emergency_contact_no) values ( 85,'uuufx',973875986,'cfqnf',61787474,60850574);
insert into Hospital.Physician (employee_number, certification_no,specialization) values ( 85,85112233,'Anesthesiology');
insert into Hospital.Belongs_to(employee_number,department_id) values (85,1);
insert into Hospital.Pharmaceutical_product(product_id,cost,manufacturer) values(86,857.6529676627404,'uoxlh');
insert into Hospital.Batch(batch_id,manufacture_date,expiry_date) values (86,'2013-05-25','2013-07-25');
insert into Hospital.Production(product_id,batch_id) values (86,86);
insert into Hospital.Batch(batch_id,manufacture_date,expiry_date) values (87,'2013-05-25','2013-07-25');
insert into Hospital.Production(product_id,batch_id) values (86,87);
insert into Hospital.Batch(batch_id,manufacture_date,expiry_date) values (88,'2013-05-25','2013-07-25');
insert into Hospital.Production(product_id,batch_id) values (86,88);
insert into Hospital.Batch(batch_id,manufacture_date,expiry_date) values (89,'2013-05-25','2013-07-25');
insert into Hospital.Production(product_id,batch_id) values (86,89);
insert into Hospital.Batch(batch_id,manufacture_date,expiry_date) values (90,'2013-05-25','2013-07-25');
insert into Hospital.Production(product_id,batch_id) values (86,90);
insert into Hospital.Medicine(product_id,medicine_name,dosage) values (86,'quvcl','aqokl');
insert into Hospital.Employees (employee_number, name, location, ssn, home_address,phone_number,designation) values ( 86,'qazod','heodlonmwlecmvl',904917113,'izhwz',12072194,'Administration');
insert into Hospital.Visitation(patient_registration_no,date_of_visit,diagnosis) values (86,'2013-01-08','dqsew');
insert into Hospital.Consulted(employee_number,certification_no,patient_registration_no,date_of_visit) values(43,43112233,86,'2013-01-08');
insert into Hospital.Treated_by(patient_registration_no,date_of_visit,employee_number,treatment) values(86,2013-01-08,76);
insert into Hospital.Prescribed(product_id,patient_registration_no,date_of_visit) values (23,86,'2013-01-08');
insert into Hospital.Visitation(patient_registration_no,date_of_visit,diagnosis) values (86,'2013-04-06','qtpmf');
insert into Hospital.Consulted(employee_number,certification_no,patient_registration_no,date_of_visit) values(12,12112233,86,'2013-04-06');
insert into Hospital.Treated_by(patient_registration_no,date_of_visit,employee_number,treatment) values(86,2013-04-06,56);
insert into Hospital.Prescribed(product_id,patient_registration_no,date_of_visit) values (12,86,'2013-04-06');
insert into Hospital.Visitation(patient_registration_no,date_of_visit,diagnosis) values (86,'2013-10-20','tpsqa');
insert into Hospital.Consulted(employee_number,certification_no,patient_registration_no,date_of_visit) values(34,34112233,86,'2013-10-20');
insert into Hospital.Treated_by(patient_registration_no,date_of_visit,employee_number,treatment) values(86,2013-10-20,73);
insert into Hospital.Prescribed(product_id,patient_registration_no,date_of_visit) values (21,86,'2013-10-20');
insert into Hospital.Visitation(patient_registration_no,date_of_visit,diagnosis) values (86,'2013-06-21','pvqze');
insert into Hospital.Consulted(employee_number,certification_no,patient_registration_no,date_of_visit) values(44,44112233,86,'2013-06-21');
insert into Hospital.Treated_by(patient_registration_no,date_of_visit,employee_number,treatment) values(86,2013-06-21,30);
insert into Hospital.Prescribed(product_id,patient_registration_no,date_of_visit) values (21,86,'2013-06-21');
insert into Hospital.Visitation(patient_registration_no,date_of_visit,diagnosis) values (86,'2013-06-21','nadre');
insert into Hospital.Consulted(employee_number,certification_no,patient_registration_no,date_of_visit) values(69,69112233,86,'2013-06-21');
insert into Hospital.Treated_by(patient_registration_no,date_of_visit,employee_number,treatment) values(86,2013-06-21,64);
insert into Hospital.Prescribed(product_id,patient_registration_no,date_of_visit) values (44,86,'2013-06-21');
insert into Hospital.Patient (patient_registration_no, name, ssn, address,contact_no,emergency_contact_no) values ( 86,'bemgv',607394986,'mhdfx',95326746,30049726);
insert into Hospital.Belongs_to(employee_number,department_id) values (86,2);
insert into Hospital.Pharmaceutical_product(product_id,cost,manufacturer) values(87,84.88835659689254,'oohme');
insert into Hospital.Batch(batch_id,manufacture_date,expiry_date) values (87,'2013-10-06','2013-10-20');
insert into Hospital.Production(product_id,batch_id) values (87,87);
insert into Hospital.Batch(batch_id,manufacture_date,expiry_date) values (88,'2013-10-06','2013-10-20');
insert into Hospital.Production(product_id,batch_id) values (87,88);
insert into Hospital.Batch(batch_id,manufacture_date,expiry_date) values (89,'2013-10-06','2013-10-20');
insert into Hospital.Production(product_id,batch_id) values (87,89);
insert into Hospital.Batch(batch_id,manufacture_date,expiry_date) values (90,'2013-10-06','2013-10-20');
insert into Hospital.Production(product_id,batch_id) values (87,90);
insert into Hospital.Batch(batch_id,manufacture_date,expiry_date) values (91,'2013-10-06','2013-10-20');
insert into Hospital.Production(product_id,batch_id) values (87,91);
insert into Hospital.Medicine(product_id,medicine_name,dosage) values (87,'scmzl','itisp');
insert into Hospital.Employees (employee_number, name, location, ssn, home_address,phone_number,designation) values ( 87,'bhtyv','lskytlulnngwjor',51431073,'qmdfq',55552661,'Radiology');
insert into Hospital.Visitation(patient_registration_no,date_of_visit,diagnosis) values (87,'2013-08-24','bjhjh');
insert into Hospital.Consulted(employee_number,certification_no,patient_registration_no,date_of_visit) values(45,45112233,87,'2013-08-24');
insert into Hospital.Treated_by(patient_registration_no,date_of_visit,employee_number,treatment) values(87,2013-08-24,63);
insert into Hospital.Prescribed(product_id,patient_registration_no,date_of_visit) values (49,87,'2013-08-24');
insert into Hospital.Visitation(patient_registration_no,date_of_visit,diagnosis) values (87,'2013-03-22','acjrg');
insert into Hospital.Consulted(employee_number,certification_no,patient_registration_no,date_of_visit) values(6,6112233,87,'2013-03-22');
insert into Hospital.Treated_by(patient_registration_no,date_of_visit,employee_number,treatment) values(87,2013-03-22,0);
insert into Hospital.Prescribed(product_id,patient_registration_no,date_of_visit) values (77,87,'2013-03-22');
insert into Hospital.Visitation(patient_registration_no,date_of_visit,diagnosis) values (87,'2013-07-10','dnlbo');
insert into Hospital.Consulted(employee_number,certification_no,patient_registration_no,date_of_visit) values(34,34112233,87,'2013-07-10');
insert into Hospital.Treated_by(patient_registration_no,date_of_visit,employee_number,treatment) values(87,2013-07-10,81);
insert into Hospital.Prescribed(product_id,patient_registration_no,date_of_visit) values (18,87,'2013-07-10');
insert into Hospital.Visitation(patient_registration_no,date_of_visit,diagnosis) values (87,'2013-02-19','bsdft');
insert into Hospital.Consulted(employee_number,certification_no,patient_registration_no,date_of_visit) values(21,21112233,87,'2013-02-19');
insert into Hospital.Treated_by(patient_registration_no,date_of_visit,employee_number,treatment) values(87,2013-02-19,83);
insert into Hospital.Prescribed(product_id,patient_registration_no,date_of_visit) values (37,87,'2013-02-19');
insert into Hospital.Visitation(patient_registration_no,date_of_visit,diagnosis) values (87,'2013-09-19','elxbp');
insert into Hospital.Consulted(employee_number,certification_no,patient_registration_no,date_of_visit) values(1,1112233,87,'2013-09-19');
insert into Hospital.Treated_by(patient_registration_no,date_of_visit,employee_number,treatment) values(87,2013-09-19,49);
insert into Hospital.Prescribed(product_id,patient_registration_no,date_of_visit) values (86,87,'2013-09-19');
insert into Hospital.Patient (patient_registration_no, name, ssn, address,contact_no,emergency_contact_no) values ( 87,'kboaa',644205458,'yjreh',79413647,37782671);
insert into Hospital.Takes (employee_number,shift_name ) values ( 87,'evening');
insert into Hospital.Belongs_to(employee_number,department_id) values (87,3);
insert into Hospital.Pharmaceutical_product(product_id,cost,manufacturer) values(88,65.97007382198225,'bnfwk');
insert into Hospital.Batch(batch_id,manufacture_date,expiry_date) values (88,'2013-01-06','2013-07-28');
insert into Hospital.Production(product_id,batch_id) values (88,88);
insert into Hospital.Batch(batch_id,manufacture_date,expiry_date) values (89,'2013-01-06','2013-07-28');
insert into Hospital.Production(product_id,batch_id) values (88,89);
insert into Hospital.Batch(batch_id,manufacture_date,expiry_date) values (90,'2013-01-06','2013-07-28');
insert into Hospital.Production(product_id,batch_id) values (88,90);
insert into Hospital.Batch(batch_id,manufacture_date,expiry_date) values (91,'2013-01-06','2013-07-28');
insert into Hospital.Production(product_id,batch_id) values (88,91);
insert into Hospital.Batch(batch_id,manufacture_date,expiry_date) values (92,'2013-01-06','2013-07-28');
insert into Hospital.Production(product_id,batch_id) values (88,92);
insert into Hospital.Employees (employee_number, name, location, ssn, home_address,phone_number,designation) values ( 88,'whgok','cgqzfkgohycmhmp',816977604,'nxphm',31990573,'Radiology');
insert into Hospital.Visitation(patient_registration_no,date_of_visit,diagnosis) values (88,'2013-09-20','jdqse');
insert into Hospital.Consulted(employee_number,certification_no,patient_registration_no,date_of_visit) values(46,46112233,88,'2013-09-20');
insert into Hospital.Treated_by(patient_registration_no,date_of_visit,employee_number,treatment) values(88,2013-09-20,71);
insert into Hospital.Prescribed(product_id,patient_registration_no,date_of_visit) values (5,88,'2013-09-20');
insert into Hospital.Visitation(patient_registration_no,date_of_visit,diagnosis) values (88,'2013-10-27','nefwg');
insert into Hospital.Consulted(employee_number,certification_no,patient_registration_no,date_of_visit) values(44,44112233,88,'2013-10-27');
insert into Hospital.Treated_by(patient_registration_no,date_of_visit,employee_number,treatment) values(88,2013-10-27,61);
insert into Hospital.Prescribed(product_id,patient_registration_no,date_of_visit) values (14,88,'2013-10-27');
insert into Hospital.Visitation(patient_registration_no,date_of_visit,diagnosis) values (88,'2013-02-09','epbpz');
insert into Hospital.Consulted(employee_number,certification_no,patient_registration_no,date_of_visit) values(37,37112233,88,'2013-02-09');
insert into Hospital.Treated_by(patient_registration_no,date_of_visit,employee_number,treatment) values(88,2013-02-09,64);
insert into Hospital.Prescribed(product_id,patient_registration_no,date_of_visit) values (82,88,'2013-02-09');
insert into Hospital.Visitation(patient_registration_no,date_of_visit,diagnosis) values (88,'2013-02-06','qkuzo');
insert into Hospital.Consulted(employee_number,certification_no,patient_registration_no,date_of_visit) values(13,13112233,88,'2013-02-06');
insert into Hospital.Treated_by(patient_registration_no,date_of_visit,employee_number,treatment) values(88,2013-02-06,67);
insert into Hospital.Prescribed(product_id,patient_registration_no,date_of_visit) values (65,88,'2013-02-06');
insert into Hospital.Visitation(patient_registration_no,date_of_visit,diagnosis) values (88,'2013-04-24','leopn');
insert into Hospital.Consulted(employee_number,certification_no,patient_registration_no,date_of_visit) values(60,60112233,88,'2013-04-24');
insert into Hospital.Treated_by(patient_registration_no,date_of_visit,employee_number,treatment) values(88,2013-04-24,0);
insert into Hospital.Prescribed(product_id,patient_registration_no,date_of_visit) values (51,88,'2013-04-24');
insert into Hospital.Patient (patient_registration_no, name, ssn, address,contact_no,emergency_contact_no) values ( 88,'hablw',353830088,'rewba',32030456,45787420);
insert into Hospital.Takes (employee_number,shift_name ) values ( 88,'evening');
insert into Hospital.Belongs_to(employee_number,department_id) values (88,3);
insert into Hospital.Pharmaceutical_product(product_id,cost,manufacturer) values(89,487.9702076928484,'ipgdg');
insert into Hospital.Batch(batch_id,manufacture_date,expiry_date) values (89,'2013-04-02','2013-07-06');
insert into Hospital.Production(product_id,batch_id) values (89,89);
insert into Hospital.Batch(batch_id,manufacture_date,expiry_date) values (90,'2013-04-02','2013-07-06');
insert into Hospital.Production(product_id,batch_id) values (89,90);
insert into Hospital.Batch(batch_id,manufacture_date,expiry_date) values (91,'2013-04-02','2013-07-06');
insert into Hospital.Production(product_id,batch_id) values (89,91);
insert into Hospital.Batch(batch_id,manufacture_date,expiry_date) values (92,'2013-04-02','2013-07-06');
insert into Hospital.Production(product_id,batch_id) values (89,92);
insert into Hospital.Batch(batch_id,manufacture_date,expiry_date) values (93,'2013-04-02','2013-07-06');
insert into Hospital.Production(product_id,batch_id) values (89,93);
insert into Hospital.Employees (employee_number, name, location, ssn, home_address,phone_number,designation) values ( 89,'kgxcv','eybgktxdoxkeutj',289716069,'uncsw',17769471,'Doctor');
insert into Hospital.Visitation(patient_registration_no,date_of_visit,diagnosis) values (89,'2013-06-14','ayeux');
insert into Hospital.Consulted(employee_number,certification_no,patient_registration_no,date_of_visit) values(46,46112233,89,'2013-06-14');
insert into Hospital.Treated_by(patient_registration_no,date_of_visit,employee_number,treatment) values(89,2013-06-14,83);
insert into Hospital.Prescribed(product_id,patient_registration_no,date_of_visit) values (26,89,'2013-06-14');
insert into Hospital.Visitation(patient_registration_no,date_of_visit,diagnosis) values (89,'2013-05-28','ylerl');
insert into Hospital.Consulted(employee_number,certification_no,patient_registration_no,date_of_visit) values(23,23112233,89,'2013-05-28');
insert into Hospital.Treated_by(patient_registration_no,date_of_visit,employee_number,treatment) values(89,2013-05-28,19);
insert into Hospital.Prescribed(product_id,patient_registration_no,date_of_visit) values (77,89,'2013-05-28');
insert into Hospital.Visitation(patient_registration_no,date_of_visit,diagnosis) values (89,'2013-06-07','skomz');
insert into Hospital.Consulted(employee_number,certification_no,patient_registration_no,date_of_visit) values(23,23112233,89,'2013-06-07');
insert into Hospital.Treated_by(patient_registration_no,date_of_visit,employee_number,treatment) values(89,2013-06-07,64);
insert into Hospital.Prescribed(product_id,patient_registration_no,date_of_visit) values (70,89,'2013-06-07');
insert into Hospital.Visitation(patient_registration_no,date_of_visit,diagnosis) values (89,'2013-01-10','hcaiq');
insert into Hospital.Consulted(employee_number,certification_no,patient_registration_no,date_of_visit) values(12,12112233,89,'2013-01-10');
insert into Hospital.Treated_by(patient_registration_no,date_of_visit,employee_number,treatment) values(89,2013-01-10,26);
insert into Hospital.Prescribed(product_id,patient_registration_no,date_of_visit) values (52,89,'2013-01-10');
insert into Hospital.Visitation(patient_registration_no,date_of_visit,diagnosis) values (89,'2013-10-03','vnlqu');
insert into Hospital.Consulted(employee_number,certification_no,patient_registration_no,date_of_visit) values(85,85112233,89,'2013-10-03');
insert into Hospital.Treated_by(patient_registration_no,date_of_visit,employee_number,treatment) values(89,2013-10-03,61);
insert into Hospital.Prescribed(product_id,patient_registration_no,date_of_visit) values (82,89,'2013-10-03');
insert into Hospital.Patient (patient_registration_no, name, ssn, address,contact_no,emergency_contact_no) values ( 89,'gncxw',960134708,'dmrhv',95585234,98387789);
insert into Hospital.Physician (employee_number, certification_no,specialization) values ( 89,89112233,'Anesthesiology');
insert into Hospital.Belongs_to(employee_number,department_id) values (89,1);
insert into Hospital.Pharmaceutical_product(product_id,cost,manufacturer) values(90,806.6522616820606,'ljucw');
insert into Hospital.Batch(batch_id,manufacture_date,expiry_date) values (90,'2013-01-01','2013-02-05');
insert into Hospital.Production(product_id,batch_id) values (90,90);
insert into Hospital.Batch(batch_id,manufacture_date,expiry_date) values (91,'2013-01-01','2013-02-05');
insert into Hospital.Production(product_id,batch_id) values (90,91);
insert into Hospital.Batch(batch_id,manufacture_date,expiry_date) values (92,'2013-01-01','2013-02-05');
insert into Hospital.Production(product_id,batch_id) values (90,92);
insert into Hospital.Batch(batch_id,manufacture_date,expiry_date) values (93,'2013-01-01','2013-02-05');
insert into Hospital.Production(product_id,batch_id) values (90,93);
insert into Hospital.Batch(batch_id,manufacture_date,expiry_date) values (94,'2013-01-01','2013-02-05');
insert into Hospital.Production(product_id,batch_id) values (90,94);
insert into Hospital.Medicine(product_id,medicine_name,dosage) values (90,'lkpok','yifxw');
insert into Hospital.Employees (employee_number, name, location, ssn, home_address,phone_number,designation) values ( 90,'kcizm','ronzzzevvfiqkza',154841818,'ynqau',77706483,'Administration');
insert into Hospital.Visitation(patient_registration_no,date_of_visit,diagnosis) values (90,'2013-03-14','svnsw');
insert into Hospital.Consulted(employee_number,certification_no,patient_registration_no,date_of_visit) values(60,60112233,90,'2013-03-14');
insert into Hospital.Treated_by(patient_registration_no,date_of_visit,employee_number,treatment) values(90,2013-03-14,61);
insert into Hospital.Prescribed(product_id,patient_registration_no,date_of_visit) values (52,90,'2013-03-14');
insert into Hospital.Visitation(patient_registration_no,date_of_visit,diagnosis) values (90,'2013-10-27','cfgtf');
insert into Hospital.Consulted(employee_number,certification_no,patient_registration_no,date_of_visit) values(44,44112233,90,'2013-10-27');
insert into Hospital.Treated_by(patient_registration_no,date_of_visit,employee_number,treatment) values(90,2013-10-27,0);
insert into Hospital.Prescribed(product_id,patient_registration_no,date_of_visit) values (8,90,'2013-10-27');
insert into Hospital.Visitation(patient_registration_no,date_of_visit,diagnosis) values (90,'2013-01-21','vuvxs');
insert into Hospital.Consulted(employee_number,certification_no,patient_registration_no,date_of_visit) values(66,66112233,90,'2013-01-21');
insert into Hospital.Treated_by(patient_registration_no,date_of_visit,employee_number,treatment) values(90,2013-01-21,52);
insert into Hospital.Prescribed(product_id,patient_registration_no,date_of_visit) values (87,90,'2013-01-21');
insert into Hospital.Visitation(patient_registration_no,date_of_visit,diagnosis) values (90,'2013-02-24','rhgxh');
insert into Hospital.Consulted(employee_number,certification_no,patient_registration_no,date_of_visit) values(60,60112233,90,'2013-02-24');
insert into Hospital.Treated_by(patient_registration_no,date_of_visit,employee_number,treatment) values(90,2013-02-24,76);
insert into Hospital.Prescribed(product_id,patient_registration_no,date_of_visit) values (52,90,'2013-02-24');
insert into Hospital.Visitation(patient_registration_no,date_of_visit,diagnosis) values (90,'2013-06-20','telkr');
insert into Hospital.Consulted(employee_number,certification_no,patient_registration_no,date_of_visit) values(13,13112233,90,'2013-06-20');
insert into Hospital.Treated_by(patient_registration_no,date_of_visit,employee_number,treatment) values(90,2013-06-20,49);
insert into Hospital.Prescribed(product_id,patient_registration_no,date_of_visit) values (56,90,'2013-06-20');
insert into Hospital.Patient (patient_registration_no, name, ssn, address,contact_no,emergency_contact_no) values ( 90,'omhbb',215694704,'jgjhj',70449479,56292337);
insert into Hospital.Belongs_to(employee_number,department_id) values (90,2);
insert into Hospital.Pharmaceutical_product(product_id,cost,manufacturer) values(91,676.9648107023341,'phdli');
insert into Hospital.Batch(batch_id,manufacture_date,expiry_date) values (91,'2013-04-11','2013-06-07');
insert into Hospital.Production(product_id,batch_id) values (91,91);
insert into Hospital.Batch(batch_id,manufacture_date,expiry_date) values (92,'2013-04-11','2013-06-07');
insert into Hospital.Production(product_id,batch_id) values (91,92);
insert into Hospital.Batch(batch_id,manufacture_date,expiry_date) values (93,'2013-04-11','2013-06-07');
insert into Hospital.Production(product_id,batch_id) values (91,93);
insert into Hospital.Batch(batch_id,manufacture_date,expiry_date) values (94,'2013-04-11','2013-06-07');
insert into Hospital.Production(product_id,batch_id) values (91,94);
insert into Hospital.Batch(batch_id,manufacture_date,expiry_date) values (95,'2013-04-11','2013-06-07');
insert into Hospital.Production(product_id,batch_id) values (91,95);
insert into Hospital.Medicine(product_id,medicine_name,dosage) values (91,'khvda','gjjyf');
insert into Hospital.Employees (employee_number, name, location, ssn, home_address,phone_number,designation) values ( 91,'thacs','pqzhmlnlcolrqsl',302174825,'adfhn',87364975,'Radiology');
insert into Hospital.Visitation(patient_registration_no,date_of_visit,diagnosis) values (91,'2013-04-13','fbuya');
insert into Hospital.Consulted(employee_number,certification_no,patient_registration_no,date_of_visit) values(1,1112233,91,'2013-04-13');
insert into Hospital.Treated_by(patient_registration_no,date_of_visit,employee_number,treatment) values(91,2013-04-13,49);
insert into Hospital.Prescribed(product_id,patient_registration_no,date_of_visit) values (57,91,'2013-04-13');
insert into Hospital.Visitation(patient_registration_no,date_of_visit,diagnosis) values (91,'2013-04-21','trgwy');
insert into Hospital.Consulted(employee_number,certification_no,patient_registration_no,date_of_visit) values(45,45112233,91,'2013-04-21');
insert into Hospital.Treated_by(patient_registration_no,date_of_visit,employee_number,treatment) values(91,2013-04-21,0);
insert into Hospital.Prescribed(product_id,patient_registration_no,date_of_visit) values (61,91,'2013-04-21');
insert into Hospital.Visitation(patient_registration_no,date_of_visit,diagnosis) values (91,'2013-04-23','hbepv');
insert into Hospital.Consulted(employee_number,certification_no,patient_registration_no,date_of_visit) values(45,45112233,91,'2013-04-23');
insert into Hospital.Treated_by(patient_registration_no,date_of_visit,employee_number,treatment) values(91,2013-04-23,0);
insert into Hospital.Prescribed(product_id,patient_registration_no,date_of_visit) values (48,91,'2013-04-23');
insert into Hospital.Visitation(patient_registration_no,date_of_visit,diagnosis) values (91,'2013-09-28','ydkjq');
insert into Hospital.Consulted(employee_number,certification_no,patient_registration_no,date_of_visit) values(44,44112233,91,'2013-09-28');
insert into Hospital.Treated_by(patient_registration_no,date_of_visit,employee_number,treatment) values(91,2013-09-28,52);
insert into Hospital.Prescribed(product_id,patient_registration_no,date_of_visit) values (45,91,'2013-09-28');
insert into Hospital.Visitation(patient_registration_no,date_of_visit,diagnosis) values (91,'2013-04-12','whhfk');
insert into Hospital.Consulted(employee_number,certification_no,patient_registration_no,date_of_visit) values(29,29112233,91,'2013-04-12');
insert into Hospital.Treated_by(patient_registration_no,date_of_visit,employee_number,treatment) values(91,2013-04-12,26);
insert into Hospital.Prescribed(product_id,patient_registration_no,date_of_visit) values (14,91,'2013-04-12');
insert into Hospital.Patient (patient_registration_no, name, ssn, address,contact_no,emergency_contact_no) values ( 91,'zuqgl',363420502,'ccvif',18178423,43577006);
insert into Hospital.Takes (employee_number,shift_name ) values ( 91,'night');
insert into Hospital.Belongs_to(employee_number,department_id) values (91,3);
insert into Hospital.Pharmaceutical_product(product_id,cost,manufacturer) values(92,821.5449549140328,'rpzei');
insert into Hospital.Batch(batch_id,manufacture_date,expiry_date) values (92,'2013-03-07','2013-06-10');
insert into Hospital.Production(product_id,batch_id) values (92,92);
insert into Hospital.Batch(batch_id,manufacture_date,expiry_date) values (93,'2013-03-07','2013-06-10');
insert into Hospital.Production(product_id,batch_id) values (92,93);
insert into Hospital.Batch(batch_id,manufacture_date,expiry_date) values (94,'2013-03-07','2013-06-10');
insert into Hospital.Production(product_id,batch_id) values (92,94);
insert into Hospital.Batch(batch_id,manufacture_date,expiry_date) values (95,'2013-03-07','2013-06-10');
insert into Hospital.Production(product_id,batch_id) values (92,95);
insert into Hospital.Batch(batch_id,manufacture_date,expiry_date) values (96,'2013-03-07','2013-06-10');
insert into Hospital.Production(product_id,batch_id) values (92,96);
insert into Hospital.Employees (employee_number, name, location, ssn, home_address,phone_number,designation) values ( 92,'hpdia','ufvrnadpxfdxbmy',363117901,'znywo',63599135,'Doctor');
insert into Hospital.Visitation(patient_registration_no,date_of_visit,diagnosis) values (92,'2013-07-26','fvotc');
insert into Hospital.Consulted(employee_number,certification_no,patient_registration_no,date_of_visit) values(75,75112233,92,'2013-07-26');
insert into Hospital.Treated_by(patient_registration_no,date_of_visit,employee_number,treatment) values(92,2013-07-26,26);
insert into Hospital.Prescribed(product_id,patient_registration_no,date_of_visit) values (56,92,'2013-07-26');
insert into Hospital.Visitation(patient_registration_no,date_of_visit,diagnosis) values (92,'2013-06-24','mzosq');
insert into Hospital.Consulted(employee_number,certification_no,patient_registration_no,date_of_visit) values(2,2112233,92,'2013-06-24');
insert into Hospital.Treated_by(patient_registration_no,date_of_visit,employee_number,treatment) values(92,2013-06-24,39);
insert into Hospital.Prescribed(product_id,patient_registration_no,date_of_visit) values (49,92,'2013-06-24');
insert into Hospital.Visitation(patient_registration_no,date_of_visit,diagnosis) values (92,'2013-07-05','hpual');
insert into Hospital.Consulted(employee_number,certification_no,patient_registration_no,date_of_visit) values(55,55112233,92,'2013-07-05');
insert into Hospital.Treated_by(patient_registration_no,date_of_visit,employee_number,treatment) values(92,2013-07-05,50);
insert into Hospital.Prescribed(product_id,patient_registration_no,date_of_visit) values (9,92,'2013-07-05');
insert into Hospital.Visitation(patient_registration_no,date_of_visit,diagnosis) values (92,'2013-10-24','afsja');
insert into Hospital.Consulted(employee_number,certification_no,patient_registration_no,date_of_visit) values(51,51112233,92,'2013-10-24');
insert into Hospital.Treated_by(patient_registration_no,date_of_visit,employee_number,treatment) values(92,2013-10-24,87);
insert into Hospital.Prescribed(product_id,patient_registration_no,date_of_visit) values (37,92,'2013-10-24');
insert into Hospital.Visitation(patient_registration_no,date_of_visit,diagnosis) values (92,'2013-10-14','xyzba');
insert into Hospital.Consulted(employee_number,certification_no,patient_registration_no,date_of_visit) values(34,34112233,92,'2013-10-14');
insert into Hospital.Treated_by(patient_registration_no,date_of_visit,employee_number,treatment) values(92,2013-10-14,19);
insert into Hospital.Prescribed(product_id,patient_registration_no,date_of_visit) values (31,92,'2013-10-14');
insert into Hospital.Patient (patient_registration_no, name, ssn, address,contact_no,emergency_contact_no) values ( 92,'yauod',319033309,'ocktz',10776470,10735714);
insert into Hospital.Physician (employee_number, certification_no,specialization) values ( 92,92112233,'Cardiology');
insert into Hospital.Belongs_to(employee_number,department_id) values (92,1);
insert into Hospital.Pharmaceutical_product(product_id,cost,manufacturer) values(93,905.7857529819756,'okqmx');
insert into Hospital.Employees (employee_number, name, location, ssn, home_address,phone_number,designation) values ( 93,'ikple','uqtbarviaylelua',703919043,'hmyrg',42425404,'Nurse');
insert into Hospital.Visitation(patient_registration_no,date_of_visit,diagnosis) values (93,'2013-01-06','eutxw');
insert into Hospital.Consulted(employee_number,certification_no,patient_registration_no,date_of_visit) values(44,44112233,93,'2013-01-06');
insert into Hospital.Treated_by(patient_registration_no,date_of_visit,employee_number,treatment) values(93,2013-01-06,88);
insert into Hospital.Prescribed(product_id,patient_registration_no,date_of_visit) values (18,93,'2013-01-06');
insert into Hospital.Visitation(patient_registration_no,date_of_visit,diagnosis) values (93,'2013-01-24','fpyjg');
insert into Hospital.Consulted(employee_number,certification_no,patient_registration_no,date_of_visit) values(85,85112233,93,'2013-01-24');
insert into Hospital.Treated_by(patient_registration_no,date_of_visit,employee_number,treatment) values(93,2013-01-24,19);
insert into Hospital.Prescribed(product_id,patient_registration_no,date_of_visit) values (84,93,'2013-01-24');
insert into Hospital.Visitation(patient_registration_no,date_of_visit,diagnosis) values (93,'2013-06-26','wedvg');
insert into Hospital.Consulted(employee_number,certification_no,patient_registration_no,date_of_visit) values(60,60112233,93,'2013-06-26');
insert into Hospital.Treated_by(patient_registration_no,date_of_visit,employee_number,treatment) values(93,2013-06-26,88);
insert into Hospital.Prescribed(product_id,patient_registration_no,date_of_visit) values (9,93,'2013-06-26');
insert into Hospital.Visitation(patient_registration_no,date_of_visit,diagnosis) values (93,'2013-08-14','rkywo');
insert into Hospital.Consulted(employee_number,certification_no,patient_registration_no,date_of_visit) values(9,9112233,93,'2013-08-14');
insert into Hospital.Treated_by(patient_registration_no,date_of_visit,employee_number,treatment) values(93,2013-08-14,26);
insert into Hospital.Prescribed(product_id,patient_registration_no,date_of_visit) values (2,93,'2013-08-14');
insert into Hospital.Visitation(patient_registration_no,date_of_visit,diagnosis) values (93,'2013-03-02','dyioo');
insert into Hospital.Consulted(employee_number,certification_no,patient_registration_no,date_of_visit) values(8,8112233,93,'2013-03-02');
insert into Hospital.Treated_by(patient_registration_no,date_of_visit,employee_number,treatment) values(93,2013-03-02,87);
insert into Hospital.Prescribed(product_id,patient_registration_no,date_of_visit) values (1,93,'2013-03-02');
insert into Hospital.Patient (patient_registration_no, name, ssn, address,contact_no,emergency_contact_no) values ( 93,'ffzhs',537740185,'qodwv',34506991,56730945);
insert into Hospital.Takes (employee_number,shift_name ) values ( 93,'evening');
insert into Hospital.Belongs_to(employee_number,department_id) values (93,3);
insert into Hospital.Pharmaceutical_product(product_id,cost,manufacturer) values(94,188.86374388837461,'xbfbg');
insert into Hospital.Medicine(product_id,medicine_name,dosage) values (94,'vphrm','wsmbv');
insert into Hospital.Employees (employee_number, name, location, ssn, home_address,phone_number,designation) values ( 94,'oetyb','mefveukdnipoqqo',396237899,'mizlj',46430331,'Doctor');
insert into Hospital.Visitation(patient_registration_no,date_of_visit,diagnosis) values (94,'2013-03-12','trwhh');
insert into Hospital.Consulted(employee_number,certification_no,patient_registration_no,date_of_visit) values(37,37112233,94,'2013-03-12');
insert into Hospital.Treated_by(patient_registration_no,date_of_visit,employee_number,treatment) values(94,2013-03-12,61);
insert into Hospital.Prescribed(product_id,patient_registration_no,date_of_visit) values (63,94,'2013-03-12');
insert into Hospital.Visitation(patient_registration_no,date_of_visit,diagnosis) values (94,'2013-10-19','rqaus');
insert into Hospital.Consulted(employee_number,certification_no,patient_registration_no,date_of_visit) values(58,58112233,94,'2013-10-19');
insert into Hospital.Treated_by(patient_registration_no,date_of_visit,employee_number,treatment) values(94,2013-10-19,48);
insert into Hospital.Prescribed(product_id,patient_registration_no,date_of_visit) values (14,94,'2013-10-19');
insert into Hospital.Visitation(patient_registration_no,date_of_visit,diagnosis) values (94,'2013-02-06','dnqme');
insert into Hospital.Consulted(employee_number,certification_no,patient_registration_no,date_of_visit) values(46,46112233,94,'2013-02-06');
insert into Hospital.Treated_by(patient_registration_no,date_of_visit,employee_number,treatment) values(94,2013-02-06,39);
insert into Hospital.Prescribed(product_id,patient_registration_no,date_of_visit) values (37,94,'2013-02-06');
insert into Hospital.Visitation(patient_registration_no,date_of_visit,diagnosis) values (94,'2013-10-23','lhmob');
insert into Hospital.Consulted(employee_number,certification_no,patient_registration_no,date_of_visit) values(60,60112233,94,'2013-10-23');
insert into Hospital.Treated_by(patient_registration_no,date_of_visit,employee_number,treatment) values(94,2013-10-23,84);
insert into Hospital.Prescribed(product_id,patient_registration_no,date_of_visit) values (57,94,'2013-10-23');
insert into Hospital.Visitation(patient_registration_no,date_of_visit,diagnosis) values (94,'2013-10-08','vpnxs');
insert into Hospital.Consulted(employee_number,certification_no,patient_registration_no,date_of_visit) values(37,37112233,94,'2013-10-08');
insert into Hospital.Treated_by(patient_registration_no,date_of_visit,employee_number,treatment) values(94,2013-10-08,19);
insert into Hospital.Prescribed(product_id,patient_registration_no,date_of_visit) values (51,94,'2013-10-08');
insert into Hospital.Patient (patient_registration_no, name, ssn, address,contact_no,emergency_contact_no) values ( 94,'qzjdm',832429283,'yccys',74331362,77286369);
insert into Hospital.Physician (employee_number, certification_no,specialization) values ( 94,94112233,'Cardiology');
insert into Hospital.Belongs_to(employee_number,department_id) values (94,1);
insert into Hospital.Pharmaceutical_product(product_id,cost,manufacturer) values(95,168.92009270398333,'omcre');
insert into Hospital.Employees (employee_number, name, location, ssn, home_address,phone_number,designation) values ( 95,'rlnhr','bghtoqnorwbfwjw',290510980,'gjbsh',59090112,'Nurse');
insert into Hospital.Visitation(patient_registration_no,date_of_visit,diagnosis) values (95,'2013-08-04','smhag');
insert into Hospital.Consulted(employee_number,certification_no,patient_registration_no,date_of_visit) values(75,75112233,95,'2013-08-04');
insert into Hospital.Treated_by(patient_registration_no,date_of_visit,employee_number,treatment) values(95,2013-08-04,83);
insert into Hospital.Prescribed(product_id,patient_registration_no,date_of_visit) values (3,95,'2013-08-04');
insert into Hospital.Visitation(patient_registration_no,date_of_visit,diagnosis) values (95,'2013-07-11','cgdbo');
insert into Hospital.Consulted(employee_number,certification_no,patient_registration_no,date_of_visit) values(29,29112233,95,'2013-07-11');
insert into Hospital.Treated_by(patient_registration_no,date_of_visit,employee_number,treatment) values(95,2013-07-11,19);
insert into Hospital.Prescribed(product_id,patient_registration_no,date_of_visit) values (55,95,'2013-07-11');
insert into Hospital.Visitation(patient_registration_no,date_of_visit,diagnosis) values (95,'2013-08-04','zvjeb');
insert into Hospital.Consulted(employee_number,certification_no,patient_registration_no,date_of_visit) values(1,1112233,95,'2013-08-04');
insert into Hospital.Treated_by(patient_registration_no,date_of_visit,employee_number,treatment) values(95,2013-08-04,49);
insert into Hospital.Prescribed(product_id,patient_registration_no,date_of_visit) values (78,95,'2013-08-04');
insert into Hospital.Visitation(patient_registration_no,date_of_visit,diagnosis) values (95,'2013-03-31','tacvw');
insert into Hospital.Consulted(employee_number,certification_no,patient_registration_no,date_of_visit) values(9,9112233,95,'2013-03-31');
insert into Hospital.Treated_by(patient_registration_no,date_of_visit,employee_number,treatment) values(95,2013-03-31,64);
insert into Hospital.Prescribed(product_id,patient_registration_no,date_of_visit) values (48,95,'2013-03-31');
insert into Hospital.Visitation(patient_registration_no,date_of_visit,diagnosis) values (95,'2013-04-10','mifuf');
insert into Hospital.Consulted(employee_number,certification_no,patient_registration_no,date_of_visit) values(8,8112233,95,'2013-04-10');
insert into Hospital.Treated_by(patient_registration_no,date_of_visit,employee_number,treatment) values(95,2013-04-10,87);
insert into Hospital.Prescribed(product_id,patient_registration_no,date_of_visit) values (39,95,'2013-04-10');
insert into Hospital.Patient (patient_registration_no, name, ssn, address,contact_no,emergency_contact_no) values ( 95,'ivagm',300240390,'fmhpw',72831328,34114419);
insert into Hospital.Takes (employee_number,shift_name ) values ( 95,'morning');
insert into Hospital.Belongs_to(employee_number,department_id) values (95,3);
insert into Hospital.Pharmaceutical_product(product_id,cost,manufacturer) values(96,781.5704962718423,'eiahn');
insert into Hospital.Batch(batch_id,manufacture_date,expiry_date) values (96,'2013-04-17','2013-06-26');
insert into Hospital.Production(product_id,batch_id) values (96,96);
insert into Hospital.Batch(batch_id,manufacture_date,expiry_date) values (97,'2013-04-17','2013-06-26');
insert into Hospital.Production(product_id,batch_id) values (96,97);
insert into Hospital.Batch(batch_id,manufacture_date,expiry_date) values (98,'2013-04-17','2013-06-26');
insert into Hospital.Production(product_id,batch_id) values (96,98);
insert into Hospital.Batch(batch_id,manufacture_date,expiry_date) values (99,'2013-04-17','2013-06-26');
insert into Hospital.Production(product_id,batch_id) values (96,99);
insert into Hospital.Batch(batch_id,manufacture_date,expiry_date) values (100,'2013-04-17','2013-06-26');
insert into Hospital.Production(product_id,batch_id) values (96,100);
insert into Hospital.Employees (employee_number, name, location, ssn, home_address,phone_number,designation) values ( 96,'gsokf','rgbzdnurmhkbtuo',81106115,'ufytl',26926671,'Radiology');
insert into Hospital.Visitation(patient_registration_no,date_of_visit,diagnosis) values (96,'2013-08-02','cmbff');
insert into Hospital.Consulted(employee_number,certification_no,patient_registration_no,date_of_visit) values(29,29112233,96,'2013-08-02');
insert into Hospital.Treated_by(patient_registration_no,date_of_visit,employee_number,treatment) values(96,2013-08-02,64);
insert into Hospital.Prescribed(product_id,patient_registration_no,date_of_visit) values (61,96,'2013-08-02');
insert into Hospital.Visitation(patient_registration_no,date_of_visit,diagnosis) values (96,'2013-01-13','cltts');
insert into Hospital.Consulted(employee_number,certification_no,patient_registration_no,date_of_visit) values(6,6112233,96,'2013-01-13');
insert into Hospital.Treated_by(patient_registration_no,date_of_visit,employee_number,treatment) values(96,2013-01-13,63);
insert into Hospital.Prescribed(product_id,patient_registration_no,date_of_visit) values (87,96,'2013-01-13');
insert into Hospital.Visitation(patient_registration_no,date_of_visit,diagnosis) values (96,'2013-09-28','sphcv');
insert into Hospital.Consulted(employee_number,certification_no,patient_registration_no,date_of_visit) values(69,69112233,96,'2013-09-28');
insert into Hospital.Treated_by(patient_registration_no,date_of_visit,employee_number,treatment) values(96,2013-09-28,87);
insert into Hospital.Prescribed(product_id,patient_registration_no,date_of_visit) values (86,96,'2013-09-28');
insert into Hospital.Visitation(patient_registration_no,date_of_visit,diagnosis) values (96,'2013-06-09','ouptj');
insert into Hospital.Consulted(employee_number,certification_no,patient_registration_no,date_of_visit) values(6,6112233,96,'2013-06-09');
insert into Hospital.Treated_by(patient_registration_no,date_of_visit,employee_number,treatment) values(96,2013-06-09,56);
insert into Hospital.Prescribed(product_id,patient_registration_no,date_of_visit) values (61,96,'2013-06-09');
insert into Hospital.Visitation(patient_registration_no,date_of_visit,diagnosis) values (96,'2013-10-24','tbuqb');
insert into Hospital.Consulted(employee_number,certification_no,patient_registration_no,date_of_visit) values(75,75112233,96,'2013-10-24');
insert into Hospital.Treated_by(patient_registration_no,date_of_visit,employee_number,treatment) values(96,2013-10-24,67);
insert into Hospital.Prescribed(product_id,patient_registration_no,date_of_visit) values (85,96,'2013-10-24');
insert into Hospital.Patient (patient_registration_no, name, ssn, address,contact_no,emergency_contact_no) values ( 96,'vamme',293625273,'ahczm',22662919,20895867);
insert into Hospital.Takes (employee_number,shift_name ) values ( 96,'evening');
insert into Hospital.Belongs_to(employee_number,department_id) values (96,3);
insert into Hospital.Pharmaceutical_product(product_id,cost,manufacturer) values(97,455.04532535681057,'ihloq');
insert into Hospital.Employees (employee_number, name, location, ssn, home_address,phone_number,designation) values ( 97,'gdzbb','exxpnhqtpobeaat',152130472,'uvkwc',59860371,'Nurse');
insert into Hospital.Visitation(patient_registration_no,date_of_visit,diagnosis) values (97,'2013-08-27','vecnt');
insert into Hospital.Consulted(employee_number,certification_no,patient_registration_no,date_of_visit) values(23,23112233,97,'2013-08-27');
insert into Hospital.Treated_by(patient_registration_no,date_of_visit,employee_number,treatment) values(97,2013-08-27,30);
insert into Hospital.Prescribed(product_id,patient_registration_no,date_of_visit) values (21,97,'2013-08-27');
insert into Hospital.Visitation(patient_registration_no,date_of_visit,diagnosis) values (97,'2013-08-29','ecewj');
insert into Hospital.Consulted(employee_number,certification_no,patient_registration_no,date_of_visit) values(89,89112233,97,'2013-08-29');
insert into Hospital.Treated_by(patient_registration_no,date_of_visit,employee_number,treatment) values(97,2013-08-29,64);
insert into Hospital.Prescribed(product_id,patient_registration_no,date_of_visit) values (65,97,'2013-08-29');
insert into Hospital.Visitation(patient_registration_no,date_of_visit,diagnosis) values (97,'2013-07-31','bbjys');
insert into Hospital.Consulted(employee_number,certification_no,patient_registration_no,date_of_visit) values(12,12112233,97,'2013-07-31');
insert into Hospital.Treated_by(patient_registration_no,date_of_visit,employee_number,treatment) values(97,2013-07-31,67);
insert into Hospital.Prescribed(product_id,patient_registration_no,date_of_visit) values (8,97,'2013-07-31');
insert into Hospital.Visitation(patient_registration_no,date_of_visit,diagnosis) values (97,'2013-05-29','aepfw');
insert into Hospital.Consulted(employee_number,certification_no,patient_registration_no,date_of_visit) values(92,92112233,97,'2013-05-29');
insert into Hospital.Treated_by(patient_registration_no,date_of_visit,employee_number,treatment) values(97,2013-05-29,64);
insert into Hospital.Prescribed(product_id,patient_registration_no,date_of_visit) values (20,97,'2013-05-29');
insert into Hospital.Visitation(patient_registration_no,date_of_visit,diagnosis) values (97,'2013-09-21','ejruh');
insert into Hospital.Consulted(employee_number,certification_no,patient_registration_no,date_of_visit) values(55,55112233,97,'2013-09-21');
insert into Hospital.Treated_by(patient_registration_no,date_of_visit,employee_number,treatment) values(97,2013-09-21,26);
insert into Hospital.Prescribed(product_id,patient_registration_no,date_of_visit) values (27,97,'2013-09-21');
insert into Hospital.Patient (patient_registration_no, name, ssn, address,contact_no,emergency_contact_no) values ( 97,'rszeb',512886677,'mqljp',31350140,66364068);
insert into Hospital.Takes (employee_number,shift_name ) values ( 97,'morning');
insert into Hospital.Belongs_to(employee_number,department_id) values (97,3);
insert into Hospital.Pharmaceutical_product(product_id,cost,manufacturer) values(98,585.4104625022708,'fdcod');
insert into Hospital.Batch(batch_id,manufacture_date,expiry_date) values (98,'2013-06-07','2013-09-29');
insert into Hospital.Production(product_id,batch_id) values (98,98);
insert into Hospital.Batch(batch_id,manufacture_date,expiry_date) values (99,'2013-06-07','2013-09-29');
insert into Hospital.Production(product_id,batch_id) values (98,99);
insert into Hospital.Batch(batch_id,manufacture_date,expiry_date) values (100,'2013-06-07','2013-09-29');
insert into Hospital.Production(product_id,batch_id) values (98,100);
insert into Hospital.Batch(batch_id,manufacture_date,expiry_date) values (101,'2013-06-07','2013-09-29');
insert into Hospital.Production(product_id,batch_id) values (98,101);
insert into Hospital.Batch(batch_id,manufacture_date,expiry_date) values (102,'2013-06-07','2013-09-29');
insert into Hospital.Production(product_id,batch_id) values (98,102);
insert into Hospital.Medicine(product_id,medicine_name,dosage) values (98,'kljwj','kvswo');
insert into Hospital.Employees (employee_number, name, location, ssn, home_address,phone_number,designation) values ( 98,'pxzws','uwcbnldynhggevb',174114184,'eisqh',20551922,'Nurse');
insert into Hospital.Visitation(patient_registration_no,date_of_visit,diagnosis) values (98,'2013-10-09','dovyi');
insert into Hospital.Consulted(employee_number,certification_no,patient_registration_no,date_of_visit) values(12,12112233,98,'2013-10-09');
insert into Hospital.Treated_by(patient_registration_no,date_of_visit,employee_number,treatment) values(98,2013-10-09,61);
insert into Hospital.Prescribed(product_id,patient_registration_no,date_of_visit) values (24,98,'2013-10-09');
insert into Hospital.Visitation(patient_registration_no,date_of_visit,diagnosis) values (98,'2013-04-06','gcasf');
insert into Hospital.Consulted(employee_number,certification_no,patient_registration_no,date_of_visit) values(60,60112233,98,'2013-04-06');
insert into Hospital.Treated_by(patient_registration_no,date_of_visit,employee_number,treatment) values(98,2013-04-06,50);
insert into Hospital.Prescribed(product_id,patient_registration_no,date_of_visit) values (86,98,'2013-04-06');
insert into Hospital.Visitation(patient_registration_no,date_of_visit,diagnosis) values (98,'2013-09-02','arcee');
insert into Hospital.Consulted(employee_number,certification_no,patient_registration_no,date_of_visit) values(89,89112233,98,'2013-09-02');
insert into Hospital.Treated_by(patient_registration_no,date_of_visit,employee_number,treatment) values(98,2013-09-02,10);
insert into Hospital.Prescribed(product_id,patient_registration_no,date_of_visit) values (29,98,'2013-09-02');
insert into Hospital.Visitation(patient_registration_no,date_of_visit,diagnosis) values (98,'2013-01-17','dgkpv');
insert into Hospital.Consulted(employee_number,certification_no,patient_registration_no,date_of_visit) values(29,29112233,98,'2013-01-17');
insert into Hospital.Treated_by(patient_registration_no,date_of_visit,employee_number,treatment) values(98,2013-01-17,71);
insert into Hospital.Prescribed(product_id,patient_registration_no,date_of_visit) values (21,98,'2013-01-17');
insert into Hospital.Visitation(patient_registration_no,date_of_visit,diagnosis) values (98,'2013-06-05','qhvtp');
insert into Hospital.Consulted(employee_number,certification_no,patient_registration_no,date_of_visit) values(41,41112233,98,'2013-06-05');
insert into Hospital.Treated_by(patient_registration_no,date_of_visit,employee_number,treatment) values(98,2013-06-05,88);
insert into Hospital.Prescribed(product_id,patient_registration_no,date_of_visit) values (91,98,'2013-06-05');
insert into Hospital.Patient (patient_registration_no, name, ssn, address,contact_no,emergency_contact_no) values ( 98,'ysqlk',660764448,'tuiiv',57108226,90220940);
insert into Hospital.Takes (employee_number,shift_name ) values ( 98,'morning');
insert into Hospital.Belongs_to(employee_number,department_id) values (98,3);
insert into Hospital.Pharmaceutical_product(product_id,cost,manufacturer) values(99,167.5769051608544,'svece');
insert into Hospital.Medicine(product_id,medicine_name,dosage) values (99,'elwzz','ofjhz');
insert into Hospital.Employees (employee_number, name, location, ssn, home_address,phone_number,designation) values ( 99,'mglre','pcjexddrsvnpquy',227537389,'xbcpg',94794199,'Administration');
insert into Hospital.Visitation(patient_registration_no,date_of_visit,diagnosis) values (99,'2013-06-08','sbkpq');
insert into Hospital.Consulted(employee_number,certification_no,patient_registration_no,date_of_visit) values(6,6112233,99,'2013-06-08');
insert into Hospital.Treated_by(patient_registration_no,date_of_visit,employee_number,treatment) values(99,2013-06-08,83);
insert into Hospital.Prescribed(product_id,patient_registration_no,date_of_visit) values (39,99,'2013-06-08');
insert into Hospital.Visitation(patient_registration_no,date_of_visit,diagnosis) values (99,'2013-10-26','mtakv');
insert into Hospital.Consulted(employee_number,certification_no,patient_registration_no,date_of_visit) values(43,43112233,99,'2013-10-26');
insert into Hospital.Treated_by(patient_registration_no,date_of_visit,employee_number,treatment) values(99,2013-10-26,49);
insert into Hospital.Prescribed(product_id,patient_registration_no,date_of_visit) values (5,99,'2013-10-26');
insert into Hospital.Visitation(patient_registration_no,date_of_visit,diagnosis) values (99,'2013-01-03','pqkgc');
insert into Hospital.Consulted(employee_number,certification_no,patient_registration_no,date_of_visit) values(6,6112233,99,'2013-01-03');
insert into Hospital.Treated_by(patient_registration_no,date_of_visit,employee_number,treatment) values(99,2013-01-03,56);
insert into Hospital.Prescribed(product_id,patient_registration_no,date_of_visit) values (5,99,'2013-01-03');
insert into Hospital.Visitation(patient_registration_no,date_of_visit,diagnosis) values (99,'2013-03-22','dupsi');
insert into Hospital.Consulted(employee_number,certification_no,patient_registration_no,date_of_visit) values(69,69112233,99,'2013-03-22');
insert into Hospital.Treated_by(patient_registration_no,date_of_visit,employee_number,treatment) values(99,2013-03-22,56);
insert into Hospital.Prescribed(product_id,patient_registration_no,date_of_visit) values (48,99,'2013-03-22');
insert into Hospital.Visitation(patient_registration_no,date_of_visit,diagnosis) values (99,'2013-07-09','bwwqo');
insert into Hospital.Consulted(employee_number,certification_no,patient_registration_no,date_of_visit) values(9,9112233,99,'2013-07-09');
insert into Hospital.Treated_by(patient_registration_no,date_of_visit,employee_number,treatment) values(99,2013-07-09,52);
insert into Hospital.Prescribed(product_id,patient_registration_no,date_of_visit) values (91,99,'2013-07-09');
insert into Hospital.Patient (patient_registration_no, name, ssn, address,contact_no,emergency_contact_no) values ( 99,'byvmk',420656435,'iudji',28507441,71204547);
insert into Hospital.Belongs_to(employee_number,department_id) values (99,2);
insert into Hospital.Pharmaceutical_product(product_id,cost,manufacturer) values(100,380.9324670327924,'uqrsp');
insert into Hospital.Employees (employee_number, name, location, ssn, home_address,phone_number,designation) values ( 100,'bswgw','bodznhshahpzoeo',291345247,'ircip',49477794,'Nurse');
insert into Hospital.Visitation(patient_registration_no,date_of_visit,diagnosis) values (100,'2013-08-22','bhbup');
insert into Hospital.Consulted(employee_number,certification_no,patient_registration_no,date_of_visit) values(13,13112233,100,'2013-08-22');
insert into Hospital.Treated_by(patient_registration_no,date_of_visit,employee_number,treatment) values(100,2013-08-22,77);
insert into Hospital.Prescribed(product_id,patient_registration_no,date_of_visit) values (86,100,'2013-08-22');
insert into Hospital.Visitation(patient_registration_no,date_of_visit,diagnosis) values (100,'2013-08-16','jdaes');
insert into Hospital.Consulted(employee_number,certification_no,patient_registration_no,date_of_visit) values(23,23112233,100,'2013-08-16');
insert into Hospital.Treated_by(patient_registration_no,date_of_visit,employee_number,treatment) values(100,2013-08-16,48);
insert into Hospital.Prescribed(product_id,patient_registration_no,date_of_visit) values (78,100,'2013-08-16');
insert into Hospital.Visitation(patient_registration_no,date_of_visit,diagnosis) values (100,'2013-06-03','ovkab');
insert into Hospital.Consulted(employee_number,certification_no,patient_registration_no,date_of_visit) values(44,44112233,100,'2013-06-03');
insert into Hospital.Treated_by(patient_registration_no,date_of_visit,employee_number,treatment) values(100,2013-06-03,30);
insert into Hospital.Prescribed(product_id,patient_registration_no,date_of_visit) values (91,100,'2013-06-03');
insert into Hospital.Visitation(patient_registration_no,date_of_visit,diagnosis) values (100,'2013-05-28','rbtcs');
insert into Hospital.Consulted(employee_number,certification_no,patient_registration_no,date_of_visit) values(94,94112233,100,'2013-05-28');
insert into Hospital.Treated_by(patient_registration_no,date_of_visit,employee_number,treatment) values(100,2013-05-28,77);
insert into Hospital.Prescribed(product_id,patient_registration_no,date_of_visit) values (20,100,'2013-05-28');
insert into Hospital.Visitation(patient_registration_no,date_of_visit,diagnosis) values (100,'2013-03-16','hwlev');
insert into Hospital.Consulted(employee_number,certification_no,patient_registration_no,date_of_visit) values(51,51112233,100,'2013-03-16');
insert into Hospital.Treated_by(patient_registration_no,date_of_visit,employee_number,treatment) values(100,2013-03-16,81);
insert into Hospital.Prescribed(product_id,patient_registration_no,date_of_visit) values (24,100,'2013-03-16');
insert into Hospital.Patient (patient_registration_no, name, ssn, address,contact_no,emergency_contact_no) values ( 100,'klosp',320448699,'sjvrb',66821798,33467169);
insert into Hospital.Takes (employee_number,shift_name ) values ( 100,'night');
insert into Hospital.Belongs_to(employee_number,department_id) values (100,3);
insert into Hospital.Pharmaceutical_product(product_id,cost,manufacturer) values(101,851.33355648297,'pwcwu');
insert into Hospital.Employees (employee_number, name, location, ssn, home_address,phone_number,designation) values ( 101,'wlsab','fsvmqngzvgstcvn',495637219,'mzrmg',12568405,'Radiology');
insert into Hospital.Visitation(patient_registration_no,date_of_visit,diagnosis) values (101,'2013-06-13','cveji');
insert into Hospital.Consulted(employee_number,certification_no,patient_registration_no,date_of_visit) values(12,12112233,101,'2013-06-13');
insert into Hospital.Treated_by(patient_registration_no,date_of_visit,employee_number,treatment) values(101,2013-06-13,0);
insert into Hospital.Prescribed(product_id,patient_registration_no,date_of_visit) values (65,101,'2013-06-13');
insert into Hospital.Visitation(patient_registration_no,date_of_visit,diagnosis) values (101,'2013-06-10','ywgjm');
insert into Hospital.Consulted(employee_number,certification_no,patient_registration_no,date_of_visit) values(13,13112233,101,'2013-06-10');
insert into Hospital.Treated_by(patient_registration_no,date_of_visit,employee_number,treatment) values(101,2013-06-10,63);
insert into Hospital.Prescribed(product_id,patient_registration_no,date_of_visit) values (44,101,'2013-06-10');
insert into Hospital.Visitation(patient_registration_no,date_of_visit,diagnosis) values (101,'2013-10-04','imple');
insert into Hospital.Consulted(employee_number,certification_no,patient_registration_no,date_of_visit) values(12,12112233,101,'2013-10-04');
insert into Hospital.Treated_by(patient_registration_no,date_of_visit,employee_number,treatment) values(101,2013-10-04,48);
insert into Hospital.Prescribed(product_id,patient_registration_no,date_of_visit) values (6,101,'2013-10-04');
insert into Hospital.Visitation(patient_registration_no,date_of_visit,diagnosis) values (101,'2013-07-11','gsebt');
insert into Hospital.Consulted(employee_number,certification_no,patient_registration_no,date_of_visit) values(34,34112233,101,'2013-07-11');
insert into Hospital.Treated_by(patient_registration_no,date_of_visit,employee_number,treatment) values(101,2013-07-11,56);
insert into Hospital.Prescribed(product_id,patient_registration_no,date_of_visit) values (21,101,'2013-07-11');
insert into Hospital.Visitation(patient_registration_no,date_of_visit,diagnosis) values (101,'2013-06-29','fodlk');
insert into Hospital.Consulted(employee_number,certification_no,patient_registration_no,date_of_visit) values(69,69112233,101,'2013-06-29');
insert into Hospital.Treated_by(patient_registration_no,date_of_visit,employee_number,treatment) values(101,2013-06-29,81);
insert into Hospital.Prescribed(product_id,patient_registration_no,date_of_visit) values (66,101,'2013-06-29');
insert into Hospital.Patient (patient_registration_no, name, ssn, address,contact_no,emergency_contact_no) values ( 101,'suoqr',72378499,'nzqul',10080938,63733441);
insert into Hospital.Takes (employee_number,shift_name ) values ( 101,'night');
insert into Hospital.Belongs_to(employee_number,department_id) values (101,3);
insert into Hospital.Pharmaceutical_product(product_id,cost,manufacturer) values(102,50.693457449973984,'aetmb');
insert into Hospital.Batch(batch_id,manufacture_date,expiry_date) values (102,'2013-02-11','2013-05-24');
insert into Hospital.Production(product_id,batch_id) values (102,102);
insert into Hospital.Batch(batch_id,manufacture_date,expiry_date) values (103,'2013-02-11','2013-05-24');
insert into Hospital.Production(product_id,batch_id) values (102,103);
insert into Hospital.Batch(batch_id,manufacture_date,expiry_date) values (104,'2013-02-11','2013-05-24');
insert into Hospital.Production(product_id,batch_id) values (102,104);
insert into Hospital.Batch(batch_id,manufacture_date,expiry_date) values (105,'2013-02-11','2013-05-24');
insert into Hospital.Production(product_id,batch_id) values (102,105);
insert into Hospital.Batch(batch_id,manufacture_date,expiry_date) values (106,'2013-02-11','2013-05-24');
insert into Hospital.Production(product_id,batch_id) values (102,106);
insert into Hospital.Employees (employee_number, name, location, ssn, home_address,phone_number,designation) values ( 102,'qeqog','qfnweezaguxxkij',32912964,'hlspv',17102030,'Nurse');
insert into Hospital.Visitation(patient_registration_no,date_of_visit,diagnosis) values (102,'2013-09-08','afjgy');
insert into Hospital.Consulted(employee_number,certification_no,patient_registration_no,date_of_visit) values(58,58112233,102,'2013-09-08');
insert into Hospital.Treated_by(patient_registration_no,date_of_visit,employee_number,treatment) values(102,2013-09-08,61);
insert into Hospital.Prescribed(product_id,patient_registration_no,date_of_visit) values (48,102,'2013-09-08');
insert into Hospital.Visitation(patient_registration_no,date_of_visit,diagnosis) values (102,'2013-03-05','vofcw');
insert into Hospital.Consulted(employee_number,certification_no,patient_registration_no,date_of_visit) values(12,12112233,102,'2013-03-05');
insert into Hospital.Treated_by(patient_registration_no,date_of_visit,employee_number,treatment) values(102,2013-03-05,64);
insert into Hospital.Prescribed(product_id,patient_registration_no,date_of_visit) values (66,102,'2013-03-05');
insert into Hospital.Visitation(patient_registration_no,date_of_visit,diagnosis) values (102,'2013-01-17','edwbc');
insert into Hospital.Consulted(employee_number,certification_no,patient_registration_no,date_of_visit) values(92,92112233,102,'2013-01-17');
insert into Hospital.Treated_by(patient_registration_no,date_of_visit,employee_number,treatment) values(102,2013-01-17,88);
insert into Hospital.Prescribed(product_id,patient_registration_no,date_of_visit) values (45,102,'2013-01-17');
insert into Hospital.Visitation(patient_registration_no,date_of_visit,diagnosis) values (102,'2013-06-18','tknyv');
insert into Hospital.Consulted(employee_number,certification_no,patient_registration_no,date_of_visit) values(85,85112233,102,'2013-06-18');
insert into Hospital.Treated_by(patient_registration_no,date_of_visit,employee_number,treatment) values(102,2013-06-18,49);
insert into Hospital.Prescribed(product_id,patient_registration_no,date_of_visit) values (52,102,'2013-06-18');
insert into Hospital.Visitation(patient_registration_no,date_of_visit,diagnosis) values (102,'2013-08-16','yarxp');
insert into Hospital.Consulted(employee_number,certification_no,patient_registration_no,date_of_visit) values(89,89112233,102,'2013-08-16');
insert into Hospital.Treated_by(patient_registration_no,date_of_visit,employee_number,treatment) values(102,2013-08-16,56);
insert into Hospital.Prescribed(product_id,patient_registration_no,date_of_visit) values (86,102,'2013-08-16');
insert into Hospital.Patient (patient_registration_no, name, ssn, address,contact_no,emergency_contact_no) values ( 102,'dziug',680192496,'yvfkg',99413292,68574640);
insert into Hospital.Takes (employee_number,shift_name ) values ( 102,'evening');
insert into Hospital.Belongs_to(employee_number,department_id) values (102,3);
insert into Hospital.Pharmaceutical_product(product_id,cost,manufacturer) values(103,758.2908392960538,'finxn');
insert into Hospital.Employees (employee_number, name, location, ssn, home_address,phone_number,designation) values ( 103,'ckvgs','ahmyvvznksbzywu',991404839,'lwhkh',60192140,'Radiology');
insert into Hospital.Visitation(patient_registration_no,date_of_visit,diagnosis) values (103,'2013-10-07','dsdlh');
insert into Hospital.Consulted(employee_number,certification_no,patient_registration_no,date_of_visit) values(85,85112233,103,'2013-10-07');
insert into Hospital.Treated_by(patient_registration_no,date_of_visit,employee_number,treatment) values(103,2013-10-07,10);
insert into Hospital.Prescribed(product_id,patient_registration_no,date_of_visit) values (51,103,'2013-10-07');
insert into Hospital.Visitation(patient_registration_no,date_of_visit,diagnosis) values (103,'2013-04-20','zlpsn');
insert into Hospital.Consulted(employee_number,certification_no,patient_registration_no,date_of_visit) values(37,37112233,103,'2013-04-20');
insert into Hospital.Treated_by(patient_registration_no,date_of_visit,employee_number,treatment) values(103,2013-04-20,48);
insert into Hospital.Prescribed(product_id,patient_registration_no,date_of_visit) values (73,103,'2013-04-20');
insert into Hospital.Visitation(patient_registration_no,date_of_visit,diagnosis) values (103,'2013-05-23','daqih');
insert into Hospital.Consulted(employee_number,certification_no,patient_registration_no,date_of_visit) values(13,13112233,103,'2013-05-23');
insert into Hospital.Treated_by(patient_registration_no,date_of_visit,employee_number,treatment) values(103,2013-05-23,18);
insert into Hospital.Prescribed(product_id,patient_registration_no,date_of_visit) values (44,103,'2013-05-23');
insert into Hospital.Visitation(patient_registration_no,date_of_visit,diagnosis) values (103,'2013-07-14','gghto');
insert into Hospital.Consulted(employee_number,certification_no,patient_registration_no,date_of_visit) values(37,37112233,103,'2013-07-14');
insert into Hospital.Treated_by(patient_registration_no,date_of_visit,employee_number,treatment) values(103,2013-07-14,101);
insert into Hospital.Prescribed(product_id,patient_registration_no,date_of_visit) values (55,103,'2013-07-14');
insert into Hospital.Visitation(patient_registration_no,date_of_visit,diagnosis) values (103,'2013-08-31','szyji');
insert into Hospital.Consulted(employee_number,certification_no,patient_registration_no,date_of_visit) values(69,69112233,103,'2013-08-31');
insert into Hospital.Treated_by(patient_registration_no,date_of_visit,employee_number,treatment) values(103,2013-08-31,61);
insert into Hospital.Prescribed(product_id,patient_registration_no,date_of_visit) values (87,103,'2013-08-31');
insert into Hospital.Patient (patient_registration_no, name, ssn, address,contact_no,emergency_contact_no) values ( 103,'qosun',254960657,'oimlb',82139290,69288068);
insert into Hospital.Takes (employee_number,shift_name ) values ( 103,'morning');
insert into Hospital.Belongs_to(employee_number,department_id) values (103,3);
insert into Hospital.Pharmaceutical_product(product_id,cost,manufacturer) values(104,689.6158784365083,'rhbbx');
insert into Hospital.Batch(batch_id,manufacture_date,expiry_date) values (104,'2013-05-18','2013-10-07');
insert into Hospital.Production(product_id,batch_id) values (104,104);
insert into Hospital.Batch(batch_id,manufacture_date,expiry_date) values (105,'2013-05-18','2013-10-07');
insert into Hospital.Production(product_id,batch_id) values (104,105);
insert into Hospital.Batch(batch_id,manufacture_date,expiry_date) values (106,'2013-05-18','2013-10-07');
insert into Hospital.Production(product_id,batch_id) values (104,106);
insert into Hospital.Batch(batch_id,manufacture_date,expiry_date) values (107,'2013-05-18','2013-10-07');
insert into Hospital.Production(product_id,batch_id) values (104,107);
insert into Hospital.Batch(batch_id,manufacture_date,expiry_date) values (108,'2013-05-18','2013-10-07');
insert into Hospital.Production(product_id,batch_id) values (104,108);
insert into Hospital.Medicine(product_id,medicine_name,dosage) values (104,'dbukr','oilka');
insert into Hospital.Employees (employee_number, name, location, ssn, home_address,phone_number,designation) values ( 104,'nkygm','crmnguckfldthjy',64075525,'kgsss',14239098,'Radiology');
insert into Hospital.Visitation(patient_registration_no,date_of_visit,diagnosis) values (104,'2013-01-21','zahep');
insert into Hospital.Consulted(employee_number,certification_no,patient_registration_no,date_of_visit) values(66,66112233,104,'2013-01-21');
insert into Hospital.Treated_by(patient_registration_no,date_of_visit,employee_number,treatment) values(104,2013-01-21,0);
insert into Hospital.Prescribed(product_id,patient_registration_no,date_of_visit) values (73,104,'2013-01-21');
insert into Hospital.Visitation(patient_registration_no,date_of_visit,diagnosis) values (104,'2013-10-18','srnqr');
insert into Hospital.Consulted(employee_number,certification_no,patient_registration_no,date_of_visit) values(55,55112233,104,'2013-10-18');
insert into Hospital.Treated_by(patient_registration_no,date_of_visit,employee_number,treatment) values(104,2013-10-18,0);
insert into Hospital.Prescribed(product_id,patient_registration_no,date_of_visit) values (24,104,'2013-10-18');
insert into Hospital.Visitation(patient_registration_no,date_of_visit,diagnosis) values (104,'2013-10-06','hjson');
insert into Hospital.Consulted(employee_number,certification_no,patient_registration_no,date_of_visit) values(23,23112233,104,'2013-10-06');
insert into Hospital.Treated_by(patient_registration_no,date_of_visit,employee_number,treatment) values(104,2013-10-06,83);
insert into Hospital.Prescribed(product_id,patient_registration_no,date_of_visit) values (45,104,'2013-10-06');
insert into Hospital.Visitation(patient_registration_no,date_of_visit,diagnosis) values (104,'2013-08-01','sfyna');
insert into Hospital.Consulted(employee_number,certification_no,patient_registration_no,date_of_visit) values(46,46112233,104,'2013-08-01');
insert into Hospital.Treated_by(patient_registration_no,date_of_visit,employee_number,treatment) values(104,2013-08-01,101);
insert into Hospital.Prescribed(product_id,patient_registration_no,date_of_visit) values (45,104,'2013-08-01');
insert into Hospital.Visitation(patient_registration_no,date_of_visit,diagnosis) values (104,'2013-02-11','heqxw');
insert into Hospital.Consulted(employee_number,certification_no,patient_registration_no,date_of_visit) values(45,45112233,104,'2013-02-11');
insert into Hospital.Treated_by(patient_registration_no,date_of_visit,employee_number,treatment) values(104,2013-02-11,39);
insert into Hospital.Prescribed(product_id,patient_registration_no,date_of_visit) values (70,104,'2013-02-11');
insert into Hospital.Patient (patient_registration_no, name, ssn, address,contact_no,emergency_contact_no) values ( 104,'jmide',196795723,'mnhqv',10137320,78130066);
insert into Hospital.Takes (employee_number,shift_name ) values ( 104,'morning');
insert into Hospital.Belongs_to(employee_number,department_id) values (104,3);
insert into Hospital.Pharmaceutical_product(product_id,cost,manufacturer) values(105,905.2800112722364,'awcgh');
insert into Hospital.Medicine(product_id,medicine_name,dosage) values (105,'ixgjx','xcufw');
insert into Hospital.Employees (employee_number, name, location, ssn, home_address,phone_number,designation) values ( 105,'lbuwl','kjkucvxbiwuvfmj',196611668,'roxtt',97820020,'Nurse');
insert into Hospital.Visitation(patient_registration_no,date_of_visit,diagnosis) values (105,'2013-06-24','qzwde');
insert into Hospital.Consulted(employee_number,certification_no,patient_registration_no,date_of_visit) values(34,34112233,105,'2013-06-24');
insert into Hospital.Treated_by(patient_registration_no,date_of_visit,employee_number,treatment) values(105,2013-06-24,48);
insert into Hospital.Prescribed(product_id,patient_registration_no,date_of_visit) values (49,105,'2013-06-24');
insert into Hospital.Visitation(patient_registration_no,date_of_visit,diagnosis) values (105,'2013-04-03','ybfsj');
insert into Hospital.Consulted(employee_number,certification_no,patient_registration_no,date_of_visit) values(44,44112233,105,'2013-04-03');
insert into Hospital.Treated_by(patient_registration_no,date_of_visit,employee_number,treatment) values(105,2013-04-03,101);
insert into Hospital.Prescribed(product_id,patient_registration_no,date_of_visit) values (28,105,'2013-04-03');
insert into Hospital.Visitation(patient_registration_no,date_of_visit,diagnosis) values (105,'2013-10-07','ytlna');
insert into Hospital.Consulted(employee_number,certification_no,patient_registration_no,date_of_visit) values(85,85112233,105,'2013-10-07');
insert into Hospital.Treated_by(patient_registration_no,date_of_visit,employee_number,treatment) values(105,2013-10-07,47);
insert into Hospital.Prescribed(product_id,patient_registration_no,date_of_visit) values (51,105,'2013-10-07');
insert into Hospital.Visitation(patient_registration_no,date_of_visit,diagnosis) values (105,'2013-04-16','shjvv');
insert into Hospital.Consulted(employee_number,certification_no,patient_registration_no,date_of_visit) values(55,55112233,105,'2013-04-16');
insert into Hospital.Treated_by(patient_registration_no,date_of_visit,employee_number,treatment) values(105,2013-04-16,91);
insert into Hospital.Prescribed(product_id,patient_registration_no,date_of_visit) values (12,105,'2013-04-16');
insert into Hospital.Visitation(patient_registration_no,date_of_visit,diagnosis) values (105,'2013-09-21','hxwxs');
insert into Hospital.Consulted(employee_number,certification_no,patient_registration_no,date_of_visit) values(55,55112233,105,'2013-09-21');
insert into Hospital.Treated_by(patient_registration_no,date_of_visit,employee_number,treatment) values(105,2013-09-21,77);
insert into Hospital.Prescribed(product_id,patient_registration_no,date_of_visit) values (18,105,'2013-09-21');
insert into Hospital.Patient (patient_registration_no, name, ssn, address,contact_no,emergency_contact_no) values ( 105,'udbvj',663342043,'qstkj',94989435,64419764);
insert into Hospital.Takes (employee_number,shift_name ) values ( 105,'evening');
insert into Hospital.Belongs_to(employee_number,department_id) values (105,3);
insert into Hospital.Pharmaceutical_product(product_id,cost,manufacturer) values(106,935.6866540546529,'qclva');
insert into Hospital.Batch(batch_id,manufacture_date,expiry_date) values (106,'2013-04-26','2013-09-07');
insert into Hospital.Production(product_id,batch_id) values (106,106);
insert into Hospital.Batch(batch_id,manufacture_date,expiry_date) values (107,'2013-04-26','2013-09-07');
insert into Hospital.Production(product_id,batch_id) values (106,107);
insert into Hospital.Batch(batch_id,manufacture_date,expiry_date) values (108,'2013-04-26','2013-09-07');
insert into Hospital.Production(product_id,batch_id) values (106,108);
insert into Hospital.Batch(batch_id,manufacture_date,expiry_date) values (109,'2013-04-26','2013-09-07');
insert into Hospital.Production(product_id,batch_id) values (106,109);
insert into Hospital.Batch(batch_id,manufacture_date,expiry_date) values (110,'2013-04-26','2013-09-07');
insert into Hospital.Production(product_id,batch_id) values (106,110);
insert into Hospital.Employees (employee_number, name, location, ssn, home_address,phone_number,designation) values ( 106,'mzzqx','oqdwmkiisejtrvt',93122425,'xzjkk',12549924,'Administration');
insert into Hospital.Visitation(patient_registration_no,date_of_visit,diagnosis) values (106,'2013-01-24','xgcsc');
insert into Hospital.Consulted(employee_number,certification_no,patient_registration_no,date_of_visit) values(29,29112233,106,'2013-01-24');
insert into Hospital.Treated_by(patient_registration_no,date_of_visit,employee_number,treatment) values(106,2013-01-24,26);
insert into Hospital.Prescribed(product_id,patient_registration_no,date_of_visit) values (86,106,'2013-01-24');
insert into Hospital.Visitation(patient_registration_no,date_of_visit,diagnosis) values (106,'2013-06-22','hyezm');
insert into Hospital.Consulted(employee_number,certification_no,patient_registration_no,date_of_visit) values(89,89112233,106,'2013-06-22');
insert into Hospital.Treated_by(patient_registration_no,date_of_visit,employee_number,treatment) values(106,2013-06-22,76);
insert into Hospital.Prescribed(product_id,patient_registration_no,date_of_visit) values (90,106,'2013-06-22');
insert into Hospital.Visitation(patient_registration_no,date_of_visit,diagnosis) values (106,'2013-02-09','frvxf');
insert into Hospital.Consulted(employee_number,certification_no,patient_registration_no,date_of_visit) values(21,21112233,106,'2013-02-09');
insert into Hospital.Treated_by(patient_registration_no,date_of_visit,employee_number,treatment) values(106,2013-02-09,88);
insert into Hospital.Prescribed(product_id,patient_registration_no,date_of_visit) values (78,106,'2013-02-09');
insert into Hospital.Visitation(patient_registration_no,date_of_visit,diagnosis) values (106,'2013-04-24','cvnpu');
insert into Hospital.Consulted(employee_number,certification_no,patient_registration_no,date_of_visit) values(23,23112233,106,'2013-04-24');
insert into Hospital.Treated_by(patient_registration_no,date_of_visit,employee_number,treatment) values(106,2013-04-24,83);
insert into Hospital.Prescribed(product_id,patient_registration_no,date_of_visit) values (48,106,'2013-04-24');
insert into Hospital.Visitation(patient_registration_no,date_of_visit,diagnosis) values (106,'2013-01-24','plpta');
insert into Hospital.Consulted(employee_number,certification_no,patient_registration_no,date_of_visit) values(43,43112233,106,'2013-01-24');
insert into Hospital.Treated_by(patient_registration_no,date_of_visit,employee_number,treatment) values(106,2013-01-24,87);
insert into Hospital.Prescribed(product_id,patient_registration_no,date_of_visit) values (94,106,'2013-01-24');
insert into Hospital.Patient (patient_registration_no, name, ssn, address,contact_no,emergency_contact_no) values ( 106,'sxazp',755763506,'yvxpf',26220674,85443267);
insert into Hospital.Belongs_to(employee_number,department_id) values (106,2);
insert into Hospital.Pharmaceutical_product(product_id,cost,manufacturer) values(107,78.86841673832153,'pzcvf');
insert into Hospital.Batch(batch_id,manufacture_date,expiry_date) values (107,'2013-01-09','2013-05-21');
insert into Hospital.Production(product_id,batch_id) values (107,107);
insert into Hospital.Batch(batch_id,manufacture_date,expiry_date) values (108,'2013-01-09','2013-05-21');
insert into Hospital.Production(product_id,batch_id) values (107,108);
insert into Hospital.Batch(batch_id,manufacture_date,expiry_date) values (109,'2013-01-09','2013-05-21');
insert into Hospital.Production(product_id,batch_id) values (107,109);
insert into Hospital.Batch(batch_id,manufacture_date,expiry_date) values (110,'2013-01-09','2013-05-21');
insert into Hospital.Production(product_id,batch_id) values (107,110);
insert into Hospital.Batch(batch_id,manufacture_date,expiry_date) values (111,'2013-01-09','2013-05-21');
insert into Hospital.Production(product_id,batch_id) values (107,111);
insert into Hospital.Employees (employee_number, name, location, ssn, home_address,phone_number,designation) values ( 107,'tqdtg','wajieamllgxfdgu',623805764,'efztm',47048083,'Doctor');
insert into Hospital.Visitation(patient_registration_no,date_of_visit,diagnosis) values (107,'2013-05-07','htnpy');
insert into Hospital.Consulted(employee_number,certification_no,patient_registration_no,date_of_visit) values(85,85112233,107,'2013-05-07');
insert into Hospital.Treated_by(patient_registration_no,date_of_visit,employee_number,treatment) values(107,2013-05-07,47);
insert into Hospital.Prescribed(product_id,patient_registration_no,date_of_visit) values (73,107,'2013-05-07');
insert into Hospital.Visitation(patient_registration_no,date_of_visit,diagnosis) values (107,'2013-06-13','eocjp');
insert into Hospital.Consulted(employee_number,certification_no,patient_registration_no,date_of_visit) values(29,29112233,107,'2013-06-13');
insert into Hospital.Treated_by(patient_registration_no,date_of_visit,employee_number,treatment) values(107,2013-06-13,101);
insert into Hospital.Prescribed(product_id,patient_registration_no,date_of_visit) values (7,107,'2013-06-13');
insert into Hospital.Visitation(patient_registration_no,date_of_visit,diagnosis) values (107,'2013-02-27','upxoj');
insert into Hospital.Consulted(employee_number,certification_no,patient_registration_no,date_of_visit) values(92,92112233,107,'2013-02-27');
insert into Hospital.Treated_by(patient_registration_no,date_of_visit,employee_number,treatment) values(107,2013-02-27,103);
insert into Hospital.Prescribed(product_id,patient_registration_no,date_of_visit) values (99,107,'2013-02-27');
insert into Hospital.Visitation(patient_registration_no,date_of_visit,diagnosis) values (107,'2013-08-30','khwro');
insert into Hospital.Consulted(employee_number,certification_no,patient_registration_no,date_of_visit) values(41,41112233,107,'2013-08-30');
insert into Hospital.Treated_by(patient_registration_no,date_of_visit,employee_number,treatment) values(107,2013-08-30,91);
insert into Hospital.Prescribed(product_id,patient_registration_no,date_of_visit) values (63,107,'2013-08-30');
insert into Hospital.Visitation(patient_registration_no,date_of_visit,diagnosis) values (107,'2013-04-28','ujqhh');
insert into Hospital.Consulted(employee_number,certification_no,patient_registration_no,date_of_visit) values(21,21112233,107,'2013-04-28');
insert into Hospital.Treated_by(patient_registration_no,date_of_visit,employee_number,treatment) values(107,2013-04-28,18);
insert into Hospital.Prescribed(product_id,patient_registration_no,date_of_visit) values (24,107,'2013-04-28');
insert into Hospital.Patient (patient_registration_no, name, ssn, address,contact_no,emergency_contact_no) values ( 107,'rcftu',581778613,'wxbzj',74755567,83070129);
insert into Hospital.Physician (employee_number, certification_no,specialization) values ( 107,107112233,'Pediatrics');
insert into Hospital.Belongs_to(employee_number,department_id) values (107,1);
insert into Hospital.Pharmaceutical_product(product_id,cost,manufacturer) values(108,453.4013750461878,'mwupt');
insert into Hospital.Medicine(product_id,medicine_name,dosage) values (108,'fzqvv','qlcxx');
insert into Hospital.Employees (employee_number, name, location, ssn, home_address,phone_number,designation) values ( 108,'fxnli','oazuokilfyiaqms',577859975,'fpvwi',95867556,'Nurse');
insert into Hospital.Visitation(patient_registration_no,date_of_visit,diagnosis) values (108,'2013-10-20','bvyjd');
insert into Hospital.Consulted(employee_number,certification_no,patient_registration_no,date_of_visit) values(44,44112233,108,'2013-10-20');
insert into Hospital.Treated_by(patient_registration_no,date_of_visit,employee_number,treatment) values(108,2013-10-20,10);
insert into Hospital.Prescribed(product_id,patient_registration_no,date_of_visit) values (98,108,'2013-10-20');
insert into Hospital.Visitation(patient_registration_no,date_of_visit,diagnosis) values (108,'2013-01-01','xkflb');
insert into Hospital.Consulted(employee_number,certification_no,patient_registration_no,date_of_visit) values(34,34112233,108,'2013-01-01');
insert into Hospital.Treated_by(patient_registration_no,date_of_visit,employee_number,treatment) values(108,2013-01-01,19);
insert into Hospital.Prescribed(product_id,patient_registration_no,date_of_visit) values (9,108,'2013-01-01');
insert into Hospital.Visitation(patient_registration_no,date_of_visit,diagnosis) values (108,'2013-04-04','kamri');
insert into Hospital.Consulted(employee_number,certification_no,patient_registration_no,date_of_visit) values(6,6112233,108,'2013-04-04');
insert into Hospital.Treated_by(patient_registration_no,date_of_visit,employee_number,treatment) values(108,2013-04-04,64);
insert into Hospital.Prescribed(product_id,patient_registration_no,date_of_visit) values (15,108,'2013-04-04');
insert into Hospital.Visitation(patient_registration_no,date_of_visit,diagnosis) values (108,'2013-02-06','qvwgb');
insert into Hospital.Consulted(employee_number,certification_no,patient_registration_no,date_of_visit) values(60,60112233,108,'2013-02-06');
insert into Hospital.Treated_by(patient_registration_no,date_of_visit,employee_number,treatment) values(108,2013-02-06,30);
insert into Hospital.Prescribed(product_id,patient_registration_no,date_of_visit) values (78,108,'2013-02-06');
insert into Hospital.Visitation(patient_registration_no,date_of_visit,diagnosis) values (108,'2013-06-06','iteot');
insert into Hospital.Consulted(employee_number,certification_no,patient_registration_no,date_of_visit) values(92,92112233,108,'2013-06-06');
insert into Hospital.Treated_by(patient_registration_no,date_of_visit,employee_number,treatment) values(108,2013-06-06,64);
insert into Hospital.Prescribed(product_id,patient_registration_no,date_of_visit) values (48,108,'2013-06-06');
insert into Hospital.Patient (patient_registration_no, name, ssn, address,contact_no,emergency_contact_no) values ( 108,'mehgh',394439413,'hnscm',59783441,25595603);
insert into Hospital.Takes (employee_number,shift_name ) values ( 108,'night');
insert into Hospital.Belongs_to(employee_number,department_id) values (108,3);
insert into Hospital.Pharmaceutical_product(product_id,cost,manufacturer) values(109,218.23345824147006,'wmayd');
insert into Hospital.Batch(batch_id,manufacture_date,expiry_date) values (109,'2013-03-17','2013-08-19');
insert into Hospital.Production(product_id,batch_id) values (109,109);
insert into Hospital.Batch(batch_id,manufacture_date,expiry_date) values (110,'2013-03-17','2013-08-19');
insert into Hospital.Production(product_id,batch_id) values (109,110);
insert into Hospital.Batch(batch_id,manufacture_date,expiry_date) values (111,'2013-03-17','2013-08-19');
insert into Hospital.Production(product_id,batch_id) values (109,111);
insert into Hospital.Batch(batch_id,manufacture_date,expiry_date) values (112,'2013-03-17','2013-08-19');
insert into Hospital.Production(product_id,batch_id) values (109,112);
insert into Hospital.Batch(batch_id,manufacture_date,expiry_date) values (113,'2013-03-17','2013-08-19');
insert into Hospital.Production(product_id,batch_id) values (109,113);
insert into Hospital.Employees (employee_number, name, location, ssn, home_address,phone_number,designation) values ( 109,'wcuvb','dkzljxrqelhmqkw',426106409,'gefms',14111135,'Nurse');
insert into Hospital.Visitation(patient_registration_no,date_of_visit,diagnosis) values (109,'2013-02-18','blvfu');
insert into Hospital.Consulted(employee_number,certification_no,patient_registration_no,date_of_visit) values(46,46112233,109,'2013-02-18');
insert into Hospital.Treated_by(patient_registration_no,date_of_visit,employee_number,treatment) values(109,2013-02-18,83);
insert into Hospital.Prescribed(product_id,patient_registration_no,date_of_visit) values (24,109,'2013-02-18');
insert into Hospital.Visitation(patient_registration_no,date_of_visit,diagnosis) values (109,'2013-05-18','bnrst');
insert into Hospital.Consulted(employee_number,certification_no,patient_registration_no,date_of_visit) values(60,60112233,109,'2013-05-18');
insert into Hospital.Treated_by(patient_registration_no,date_of_visit,employee_number,treatment) values(109,2013-05-18,77);
insert into Hospital.Prescribed(product_id,patient_registration_no,date_of_visit) values (23,109,'2013-05-18');
insert into Hospital.Visitation(patient_registration_no,date_of_visit,diagnosis) values (109,'2013-07-26','lavrt');
insert into Hospital.Consulted(employee_number,certification_no,patient_registration_no,date_of_visit) values(29,29112233,109,'2013-07-26');
insert into Hospital.Treated_by(patient_registration_no,date_of_visit,employee_number,treatment) values(109,2013-07-26,88);
insert into Hospital.Prescribed(product_id,patient_registration_no,date_of_visit) values (79,109,'2013-07-26');
insert into Hospital.Visitation(patient_registration_no,date_of_visit,diagnosis) values (109,'2013-01-17','xlhhm');
insert into Hospital.Consulted(employee_number,certification_no,patient_registration_no,date_of_visit) values(43,43112233,109,'2013-01-17');
insert into Hospital.Treated_by(patient_registration_no,date_of_visit,employee_number,treatment) values(109,2013-01-17,71);
insert into Hospital.Prescribed(product_id,patient_registration_no,date_of_visit) values (49,109,'2013-01-17');
insert into Hospital.Visitation(patient_registration_no,date_of_visit,diagnosis) values (109,'2013-08-20','vbrec');
insert into Hospital.Consulted(employee_number,certification_no,patient_registration_no,date_of_visit) values(12,12112233,109,'2013-08-20');
insert into Hospital.Treated_by(patient_registration_no,date_of_visit,employee_number,treatment) values(109,2013-08-20,63);
insert into Hospital.Prescribed(product_id,patient_registration_no,date_of_visit) values (28,109,'2013-08-20');
insert into Hospital.Patient (patient_registration_no, name, ssn, address,contact_no,emergency_contact_no) values ( 109,'wuqah',892851588,'hmlmd',38208603,29109260);
insert into Hospital.Takes (employee_number,shift_name ) values ( 109,'evening');
insert into Hospital.Belongs_to(employee_number,department_id) values (109,3);
insert into Hospital.Pharmaceutical_product(product_id,cost,manufacturer) values(110,579.4449767874542,'zvojp');
insert into Hospital.Medicine(product_id,medicine_name,dosage) values (110,'epuco','xqlwp');
insert into Hospital.Employees (employee_number, name, location, ssn, home_address,phone_number,designation) values ( 110,'emedy','usoffuefvfqskpa',288483955,'nrqrm',45288334,'Doctor');
insert into Hospital.Visitation(patient_registration_no,date_of_visit,diagnosis) values (110,'2013-03-21','rdpli');
insert into Hospital.Consulted(employee_number,certification_no,patient_registration_no,date_of_visit) values(75,75112233,110,'2013-03-21');
insert into Hospital.Treated_by(patient_registration_no,date_of_visit,employee_number,treatment) values(110,2013-03-21,30);
insert into Hospital.Prescribed(product_id,patient_registration_no,date_of_visit) values (77,110,'2013-03-21');
insert into Hospital.Visitation(patient_registration_no,date_of_visit,diagnosis) values (110,'2013-01-06','tarti');
insert into Hospital.Consulted(employee_number,certification_no,patient_registration_no,date_of_visit) values(60,60112233,110,'2013-01-06');
insert into Hospital.Treated_by(patient_registration_no,date_of_visit,employee_number,treatment) values(110,2013-01-06,39);
insert into Hospital.Prescribed(product_id,patient_registration_no,date_of_visit) values (57,110,'2013-01-06');
insert into Hospital.Visitation(patient_registration_no,date_of_visit,diagnosis) values (110,'2013-02-17','ugknu');
insert into Hospital.Consulted(employee_number,certification_no,patient_registration_no,date_of_visit) values(58,58112233,110,'2013-02-17');
insert into Hospital.Treated_by(patient_registration_no,date_of_visit,employee_number,treatment) values(110,2013-02-17,18);
insert into Hospital.Prescribed(product_id,patient_registration_no,date_of_visit) values (73,110,'2013-02-17');
insert into Hospital.Visitation(patient_registration_no,date_of_visit,diagnosis) values (110,'2013-05-09','lmllz');
insert into Hospital.Consulted(employee_number,certification_no,patient_registration_no,date_of_visit) values(41,41112233,110,'2013-05-09');
insert into Hospital.Treated_by(patient_registration_no,date_of_visit,employee_number,treatment) values(110,2013-05-09,67);
insert into Hospital.Prescribed(product_id,patient_registration_no,date_of_visit) values (99,110,'2013-05-09');
insert into Hospital.Visitation(patient_registration_no,date_of_visit,diagnosis) values (110,'2013-01-20','qakyd');
insert into Hospital.Consulted(employee_number,certification_no,patient_registration_no,date_of_visit) values(8,8112233,110,'2013-01-20');
insert into Hospital.Treated_by(patient_registration_no,date_of_visit,employee_number,treatment) values(110,2013-01-20,28);
insert into Hospital.Prescribed(product_id,patient_registration_no,date_of_visit) values (8,110,'2013-01-20');
insert into Hospital.Patient (patient_registration_no, name, ssn, address,contact_no,emergency_contact_no) values ( 110,'kjenv',361012456,'gmhzn',56448175,91355059);
insert into Hospital.Physician (employee_number, certification_no,specialization) values ( 110,110112233,'Pediatrics');
insert into Hospital.Belongs_to(employee_number,department_id) values (110,1);
insert into Hospital.Pharmaceutical_product(product_id,cost,manufacturer) values(111,915.7425929990839,'raxas');
insert into Hospital.Batch(batch_id,manufacture_date,expiry_date) values (111,'2013-02-18','2013-05-17');
insert into Hospital.Production(product_id,batch_id) values (111,111);
insert into Hospital.Batch(batch_id,manufacture_date,expiry_date) values (112,'2013-02-18','2013-05-17');
insert into Hospital.Production(product_id,batch_id) values (111,112);
insert into Hospital.Batch(batch_id,manufacture_date,expiry_date) values (113,'2013-02-18','2013-05-17');
insert into Hospital.Production(product_id,batch_id) values (111,113);
insert into Hospital.Batch(batch_id,manufacture_date,expiry_date) values (114,'2013-02-18','2013-05-17');
insert into Hospital.Production(product_id,batch_id) values (111,114);
insert into Hospital.Batch(batch_id,manufacture_date,expiry_date) values (115,'2013-02-18','2013-05-17');
insert into Hospital.Production(product_id,batch_id) values (111,115);
insert into Hospital.Medicine(product_id,medicine_name,dosage) values (111,'hmbwy','phqjg');
insert into Hospital.Employees (employee_number, name, location, ssn, home_address,phone_number,designation) values ( 111,'ejfbf','aebwtmhalkilfpz',792927667,'obhkf',65074370,'Doctor');
insert into Hospital.Visitation(patient_registration_no,date_of_visit,diagnosis) values (111,'2013-03-05','frnos');
insert into Hospital.Consulted(employee_number,certification_no,patient_registration_no,date_of_visit) values(69,69112233,111,'2013-03-05');
insert into Hospital.Treated_by(patient_registration_no,date_of_visit,employee_number,treatment) values(111,2013-03-05,67);
insert into Hospital.Prescribed(product_id,patient_registration_no,date_of_visit) values (26,111,'2013-03-05');
insert into Hospital.Visitation(patient_registration_no,date_of_visit,diagnosis) values (111,'2013-04-01','qrjty');
insert into Hospital.Consulted(employee_number,certification_no,patient_registration_no,date_of_visit) values(46,46112233,111,'2013-04-01');
insert into Hospital.Treated_by(patient_registration_no,date_of_visit,employee_number,treatment) values(111,2013-04-01,76);
insert into Hospital.Prescribed(product_id,patient_registration_no,date_of_visit) values (57,111,'2013-04-01');
insert into Hospital.Visitation(patient_registration_no,date_of_visit,diagnosis) values (111,'2013-01-20','sgnsx');
insert into Hospital.Consulted(employee_number,certification_no,patient_registration_no,date_of_visit) values(6,6112233,111,'2013-01-20');
insert into Hospital.Treated_by(patient_registration_no,date_of_visit,employee_number,treatment) values(111,2013-01-20,71);
insert into Hospital.Prescribed(product_id,patient_registration_no,date_of_visit) values (24,111,'2013-01-20');
insert into Hospital.Visitation(patient_registration_no,date_of_visit,diagnosis) values (111,'2013-06-29','lzncw');
insert into Hospital.Consulted(employee_number,certification_no,patient_registration_no,date_of_visit) values(44,44112233,111,'2013-06-29');
insert into Hospital.Treated_by(patient_registration_no,date_of_visit,employee_number,treatment) values(111,2013-06-29,101);
insert into Hospital.Prescribed(product_id,patient_registration_no,date_of_visit) values (52,111,'2013-06-29');
insert into Hospital.Visitation(patient_registration_no,date_of_visit,diagnosis) values (111,'2013-09-13','gkhcc');
insert into Hospital.Consulted(employee_number,certification_no,patient_registration_no,date_of_visit) values(37,37112233,111,'2013-09-13');
insert into Hospital.Treated_by(patient_registration_no,date_of_visit,employee_number,treatment) values(111,2013-09-13,61);
insert into Hospital.Prescribed(product_id,patient_registration_no,date_of_visit) values (46,111,'2013-09-13');
insert into Hospital.Patient (patient_registration_no, name, ssn, address,contact_no,emergency_contact_no) values ( 111,'rkfgw',203045149,'qfxmf',93070661,39582547);
insert into Hospital.Physician (employee_number, certification_no,specialization) values ( 111,111112233,'Anesthesiology');
insert into Hospital.Belongs_to(employee_number,department_id) values (111,1);
insert into Hospital.Pharmaceutical_product(product_id,cost,manufacturer) values(112,706.9669530324096,'rmtjr');
insert into Hospital.Batch(batch_id,manufacture_date,expiry_date) values (112,'2013-04-05','2013-09-09');
insert into Hospital.Production(product_id,batch_id) values (112,112);
insert into Hospital.Batch(batch_id,manufacture_date,expiry_date) values (113,'2013-04-05','2013-09-09');
insert into Hospital.Production(product_id,batch_id) values (112,113);
insert into Hospital.Batch(batch_id,manufacture_date,expiry_date) values (114,'2013-04-05','2013-09-09');
insert into Hospital.Production(product_id,batch_id) values (112,114);
insert into Hospital.Batch(batch_id,manufacture_date,expiry_date) values (115,'2013-04-05','2013-09-09');
insert into Hospital.Production(product_id,batch_id) values (112,115);
insert into Hospital.Batch(batch_id,manufacture_date,expiry_date) values (116,'2013-04-05','2013-09-09');
insert into Hospital.Production(product_id,batch_id) values (112,116);
insert into Hospital.Medicine(product_id,medicine_name,dosage) values (112,'vbwfv','ynzbl');
insert into Hospital.Employees (employee_number, name, location, ssn, home_address,phone_number,designation) values ( 112,'emqta','bqdqaccgxqojxid',42395022,'aiykd',88689519,'Radiology');
insert into Hospital.Visitation(patient_registration_no,date_of_visit,diagnosis) values (112,'2013-07-17','qtfcz');
insert into Hospital.Consulted(employee_number,certification_no,patient_registration_no,date_of_visit) values(13,13112233,112,'2013-07-17');
insert into Hospital.Treated_by(patient_registration_no,date_of_visit,employee_number,treatment) values(112,2013-07-17,83);
insert into Hospital.Prescribed(product_id,patient_registration_no,date_of_visit) values (45,112,'2013-07-17');
insert into Hospital.Visitation(patient_registration_no,date_of_visit,diagnosis) values (112,'2013-06-11','xvixw');
insert into Hospital.Consulted(employee_number,certification_no,patient_registration_no,date_of_visit) values(29,29112233,112,'2013-06-11');
insert into Hospital.Treated_by(patient_registration_no,date_of_visit,employee_number,treatment) values(112,2013-06-11,77);
insert into Hospital.Prescribed(product_id,patient_registration_no,date_of_visit) values (6,112,'2013-06-11');
insert into Hospital.Visitation(patient_registration_no,date_of_visit,diagnosis) values (112,'2013-03-10','pgios');
insert into Hospital.Consulted(employee_number,certification_no,patient_registration_no,date_of_visit) values(55,55112233,112,'2013-03-10');
insert into Hospital.Treated_by(patient_registration_no,date_of_visit,employee_number,treatment) values(112,2013-03-10,64);
insert into Hospital.Prescribed(product_id,patient_registration_no,date_of_visit) values (70,112,'2013-03-10');
insert into Hospital.Visitation(patient_registration_no,date_of_visit,diagnosis) values (112,'2013-04-09','shump');
insert into Hospital.Consulted(employee_number,certification_no,patient_registration_no,date_of_visit) values(41,41112233,112,'2013-04-09');
insert into Hospital.Treated_by(patient_registration_no,date_of_visit,employee_number,treatment) values(112,2013-04-09,96);
insert into Hospital.Prescribed(product_id,patient_registration_no,date_of_visit) values (39,112,'2013-04-09');
insert into Hospital.Visitation(patient_registration_no,date_of_visit,diagnosis) values (112,'2013-07-09','nxwol');
insert into Hospital.Consulted(employee_number,certification_no,patient_registration_no,date_of_visit) values(8,8112233,112,'2013-07-09');
insert into Hospital.Treated_by(patient_registration_no,date_of_visit,employee_number,treatment) values(112,2013-07-09,28);
insert into Hospital.Prescribed(product_id,patient_registration_no,date_of_visit) values (29,112,'2013-07-09');
insert into Hospital.Patient (patient_registration_no, name, ssn, address,contact_no,emergency_contact_no) values ( 112,'sleus',843774652,'iwtjf',36386262,95879347);
insert into Hospital.Takes (employee_number,shift_name ) values ( 112,'morning');
insert into Hospital.Belongs_to(employee_number,department_id) values (112,3);
insert into Hospital.Pharmaceutical_product(product_id,cost,manufacturer) values(113,557.8666610654849,'kwrbp');
insert into Hospital.Medicine(product_id,medicine_name,dosage) values (113,'fmozg','krrll');
insert into Hospital.Employees (employee_number, name, location, ssn, home_address,phone_number,designation) values ( 113,'tibwx','txrizrcwwaelwnq',925619514,'lmfnu',99391541,'Doctor');
insert into Hospital.Visitation(patient_registration_no,date_of_visit,diagnosis) values (113,'2013-08-15','rdrss');
insert into Hospital.Consulted(employee_number,certification_no,patient_registration_no,date_of_visit) values(110,110112233,113,'2013-08-15');
insert into Hospital.Treated_by(patient_registration_no,date_of_visit,employee_number,treatment) values(113,2013-08-15,96);
insert into Hospital.Prescribed(product_id,patient_registration_no,date_of_visit) values (90,113,'2013-08-15');
insert into Hospital.Visitation(patient_registration_no,date_of_visit,diagnosis) values (113,'2013-03-07','qnugm');
insert into Hospital.Consulted(employee_number,certification_no,patient_registration_no,date_of_visit) values(43,43112233,113,'2013-03-07');
insert into Hospital.Treated_by(patient_registration_no,date_of_visit,employee_number,treatment) values(113,2013-03-07,52);
insert into Hospital.Prescribed(product_id,patient_registration_no,date_of_visit) values (79,113,'2013-03-07');
insert into Hospital.Visitation(patient_registration_no,date_of_visit,diagnosis) values (113,'2013-04-30','ifmax');
insert into Hospital.Consulted(employee_number,certification_no,patient_registration_no,date_of_visit) values(75,75112233,113,'2013-04-30');
insert into Hospital.Treated_by(patient_registration_no,date_of_visit,employee_number,treatment) values(113,2013-04-30,76);
insert into Hospital.Prescribed(product_id,patient_registration_no,date_of_visit) values (10,113,'2013-04-30');
insert into Hospital.Visitation(patient_registration_no,date_of_visit,diagnosis) values (113,'2013-07-24','xdity');
insert into Hospital.Consulted(employee_number,certification_no,patient_registration_no,date_of_visit) values(45,45112233,113,'2013-07-24');
insert into Hospital.Treated_by(patient_registration_no,date_of_visit,employee_number,treatment) values(113,2013-07-24,71);
insert into Hospital.Prescribed(product_id,patient_registration_no,date_of_visit) values (26,113,'2013-07-24');
insert into Hospital.Visitation(patient_registration_no,date_of_visit,diagnosis) values (113,'2013-04-15','wlvpf');
insert into Hospital.Consulted(employee_number,certification_no,patient_registration_no,date_of_visit) values(13,13112233,113,'2013-04-15');
insert into Hospital.Treated_by(patient_registration_no,date_of_visit,employee_number,treatment) values(113,2013-04-15,96);
insert into Hospital.Prescribed(product_id,patient_registration_no,date_of_visit) values (24,113,'2013-04-15');
insert into Hospital.Patient (patient_registration_no, name, ssn, address,contact_no,emergency_contact_no) values ( 113,'jydro',607743725,'yvmwj',32747668,43214065);
insert into Hospital.Physician (employee_number, certification_no,specialization) values ( 113,113112233,'Anesthesiology');
insert into Hospital.Belongs_to(employee_number,department_id) values (113,1);
insert into Hospital.Pharmaceutical_product(product_id,cost,manufacturer) values(114,964.612641989424,'zzkay');
insert into Hospital.Employees (employee_number, name, location, ssn, home_address,phone_number,designation) values ( 114,'tsykr','xuneiytfhngkqtq',124135371,'yowmz',75399366,'Administration');
insert into Hospital.Visitation(patient_registration_no,date_of_visit,diagnosis) values (114,'2013-01-27','feiwe');
insert into Hospital.Consulted(employee_number,certification_no,patient_registration_no,date_of_visit) values(69,69112233,114,'2013-01-27');
insert into Hospital.Treated_by(patient_registration_no,date_of_visit,employee_number,treatment) values(114,2013-01-27,73);
insert into Hospital.Prescribed(product_id,patient_registration_no,date_of_visit) values (66,114,'2013-01-27');
insert into Hospital.Visitation(patient_registration_no,date_of_visit,diagnosis) values (114,'2013-02-20','womit');
insert into Hospital.Consulted(employee_number,certification_no,patient_registration_no,date_of_visit) values(34,34112233,114,'2013-02-20');
insert into Hospital.Treated_by(patient_registration_no,date_of_visit,employee_number,treatment) values(114,2013-02-20,61);
insert into Hospital.Prescribed(product_id,patient_registration_no,date_of_visit) values (39,114,'2013-02-20');
insert into Hospital.Visitation(patient_registration_no,date_of_visit,diagnosis) values (114,'2013-02-02','pzklv');
insert into Hospital.Consulted(employee_number,certification_no,patient_registration_no,date_of_visit) values(44,44112233,114,'2013-02-02');
insert into Hospital.Treated_by(patient_registration_no,date_of_visit,employee_number,treatment) values(114,2013-02-02,67);
insert into Hospital.Prescribed(product_id,patient_registration_no,date_of_visit) values (14,114,'2013-02-02');
insert into Hospital.Visitation(patient_registration_no,date_of_visit,diagnosis) values (114,'2013-04-08','ngdcg');
insert into Hospital.Consulted(employee_number,certification_no,patient_registration_no,date_of_visit) values(23,23112233,114,'2013-04-08');
insert into Hospital.Treated_by(patient_registration_no,date_of_visit,employee_number,treatment) values(114,2013-04-08,88);
insert into Hospital.Prescribed(product_id,patient_registration_no,date_of_visit) values (23,114,'2013-04-08');
insert into Hospital.Visitation(patient_registration_no,date_of_visit,diagnosis) values (114,'2013-05-16','haegs');
insert into Hospital.Consulted(employee_number,certification_no,patient_registration_no,date_of_visit) values(58,58112233,114,'2013-05-16');
insert into Hospital.Treated_by(patient_registration_no,date_of_visit,employee_number,treatment) values(114,2013-05-16,48);
insert into Hospital.Prescribed(product_id,patient_registration_no,date_of_visit) values (66,114,'2013-05-16');
insert into Hospital.Patient (patient_registration_no, name, ssn, address,contact_no,emergency_contact_no) values ( 114,'mcdvp',59693315,'rxqcz',88286502,46799152);
insert into Hospital.Belongs_to(employee_number,department_id) values (114,2);
insert into Hospital.Pharmaceutical_product(product_id,cost,manufacturer) values(115,93.57607926218814,'syikn');
insert into Hospital.Medicine(product_id,medicine_name,dosage) values (115,'rutln','swlhg');
insert into Hospital.Employees (employee_number, name, location, ssn, home_address,phone_number,designation) values ( 115,'xpuhy','vvlmlmsthldtwja',334074645,'oiwpt',78633902,'Radiology');
insert into Hospital.Visitation(patient_registration_no,date_of_visit,diagnosis) values (115,'2013-03-23','rjitd');
insert into Hospital.Consulted(employee_number,certification_no,patient_registration_no,date_of_visit) values(60,60112233,115,'2013-03-23');
insert into Hospital.Treated_by(patient_registration_no,date_of_visit,employee_number,treatment) values(115,2013-03-23,81);
insert into Hospital.Prescribed(product_id,patient_registration_no,date_of_visit) values (21,115,'2013-03-23');
insert into Hospital.Visitation(patient_registration_no,date_of_visit,diagnosis) values (115,'2013-09-02','qkyyv');
insert into Hospital.Consulted(employee_number,certification_no,patient_registration_no,date_of_visit) values(44,44112233,115,'2013-09-02');
insert into Hospital.Treated_by(patient_registration_no,date_of_visit,employee_number,treatment) values(115,2013-09-02,76);
insert into Hospital.Prescribed(product_id,patient_registration_no,date_of_visit) values (39,115,'2013-09-02');
insert into Hospital.Visitation(patient_registration_no,date_of_visit,diagnosis) values (115,'2013-02-26','mgdkl');
insert into Hospital.Consulted(employee_number,certification_no,patient_registration_no,date_of_visit) values(51,51112233,115,'2013-02-26');
insert into Hospital.Treated_by(patient_registration_no,date_of_visit,employee_number,treatment) values(115,2013-02-26,64);
insert into Hospital.Prescribed(product_id,patient_registration_no,date_of_visit) values (5,115,'2013-02-26');
insert into Hospital.Visitation(patient_registration_no,date_of_visit,diagnosis) values (115,'2013-09-04','ugllx');
insert into Hospital.Consulted(employee_number,certification_no,patient_registration_no,date_of_visit) values(89,89112233,115,'2013-09-04');
insert into Hospital.Treated_by(patient_registration_no,date_of_visit,employee_number,treatment) values(115,2013-09-04,39);
insert into Hospital.Prescribed(product_id,patient_registration_no,date_of_visit) values (90,115,'2013-09-04');
insert into Hospital.Visitation(patient_registration_no,date_of_visit,diagnosis) values (115,'2013-04-05','uewdi');
insert into Hospital.Consulted(employee_number,certification_no,patient_registration_no,date_of_visit) values(110,110112233,115,'2013-04-05');
insert into Hospital.Treated_by(patient_registration_no,date_of_visit,employee_number,treatment) values(115,2013-04-05,83);
insert into Hospital.Prescribed(product_id,patient_registration_no,date_of_visit) values (39,115,'2013-04-05');
insert into Hospital.Patient (patient_registration_no, name, ssn, address,contact_no,emergency_contact_no) values ( 115,'sgidi',454825098,'blpmv',20457861,21328905);
insert into Hospital.Takes (employee_number,shift_name ) values ( 115,'night');
insert into Hospital.Belongs_to(employee_number,department_id) values (115,3);
insert into Hospital.Pharmaceutical_product(product_id,cost,manufacturer) values(116,345.1079638500092,'nlqfa');
insert into Hospital.Employees (employee_number, name, location, ssn, home_address,phone_number,designation) values ( 116,'ikznw','qabrazhyxfsucty',351793949,'qweqv',20894695,'Doctor');
insert into Hospital.Visitation(patient_registration_no,date_of_visit,diagnosis) values (116,'2013-01-09','obgge');
insert into Hospital.Consulted(employee_number,certification_no,patient_registration_no,date_of_visit) values(69,69112233,116,'2013-01-09');
insert into Hospital.Treated_by(patient_registration_no,date_of_visit,employee_number,treatment) values(116,2013-01-09,96);
insert into Hospital.Prescribed(product_id,patient_registration_no,date_of_visit) values (24,116,'2013-01-09');
insert into Hospital.Visitation(patient_registration_no,date_of_visit,diagnosis) values (116,'2013-06-17','esxir');
insert into Hospital.Consulted(employee_number,certification_no,patient_registration_no,date_of_visit) values(94,94112233,116,'2013-06-17');
insert into Hospital.Treated_by(patient_registration_no,date_of_visit,employee_number,treatment) values(116,2013-06-17,96);
insert into Hospital.Prescribed(product_id,patient_registration_no,date_of_visit) values (28,116,'2013-06-17');
insert into Hospital.Visitation(patient_registration_no,date_of_visit,diagnosis) values (116,'2013-05-05','llzuy');
insert into Hospital.Consulted(employee_number,certification_no,patient_registration_no,date_of_visit) values(110,110112233,116,'2013-05-05');
insert into Hospital.Treated_by(patient_registration_no,date_of_visit,employee_number,treatment) values(116,2013-05-05,103);
insert into Hospital.Prescribed(product_id,patient_registration_no,date_of_visit) values (48,116,'2013-05-05');
insert into Hospital.Visitation(patient_registration_no,date_of_visit,diagnosis) values (116,'2013-05-05','wzlpn');
insert into Hospital.Consulted(employee_number,certification_no,patient_registration_no,date_of_visit) values(43,43112233,116,'2013-05-05');
insert into Hospital.Treated_by(patient_registration_no,date_of_visit,employee_number,treatment) values(116,2013-05-05,83);
insert into Hospital.Prescribed(product_id,patient_registration_no,date_of_visit) values (91,116,'2013-05-05');
insert into Hospital.Visitation(patient_registration_no,date_of_visit,diagnosis) values (116,'2013-07-04','icqfr');
insert into Hospital.Consulted(employee_number,certification_no,patient_registration_no,date_of_visit) values(111,111112233,116,'2013-07-04');
insert into Hospital.Treated_by(patient_registration_no,date_of_visit,employee_number,treatment) values(116,2013-07-04,103);
insert into Hospital.Prescribed(product_id,patient_registration_no,date_of_visit) values (15,116,'2013-07-04');
insert into Hospital.Patient (patient_registration_no, name, ssn, address,contact_no,emergency_contact_no) values ( 116,'eahgn',461911989,'pnylo',60234176,91156248);
insert into Hospital.Physician (employee_number, certification_no,specialization) values ( 116,116112233,'Dermatology');
insert into Hospital.Belongs_to(employee_number,department_id) values (116,1);
insert into Hospital.Pharmaceutical_product(product_id,cost,manufacturer) values(117,160.19583412036462,'icaau');
insert into Hospital.Batch(batch_id,manufacture_date,expiry_date) values (117,'2013-04-19','2013-06-10');
insert into Hospital.Production(product_id,batch_id) values (117,117);
insert into Hospital.Batch(batch_id,manufacture_date,expiry_date) values (118,'2013-04-19','2013-06-10');
insert into Hospital.Production(product_id,batch_id) values (117,118);
insert into Hospital.Batch(batch_id,manufacture_date,expiry_date) values (119,'2013-04-19','2013-06-10');
insert into Hospital.Production(product_id,batch_id) values (117,119);
insert into Hospital.Batch(batch_id,manufacture_date,expiry_date) values (120,'2013-04-19','2013-06-10');
insert into Hospital.Production(product_id,batch_id) values (117,120);
insert into Hospital.Batch(batch_id,manufacture_date,expiry_date) values (121,'2013-04-19','2013-06-10');
insert into Hospital.Production(product_id,batch_id) values (117,121);
insert into Hospital.Employees (employee_number, name, location, ssn, home_address,phone_number,designation) values ( 117,'iiumm','wlqjxnqdyligosg',724373180,'dazmq',48969802,'Nurse');
insert into Hospital.Visitation(patient_registration_no,date_of_visit,diagnosis) values (117,'2013-06-14','rdzrn');
insert into Hospital.Consulted(employee_number,certification_no,patient_registration_no,date_of_visit) values(92,92112233,117,'2013-06-14');
insert into Hospital.Treated_by(patient_registration_no,date_of_visit,employee_number,treatment) values(117,2013-06-14,115);
insert into Hospital.Prescribed(product_id,patient_registration_no,date_of_visit) values (11,117,'2013-06-14');
insert into Hospital.Visitation(patient_registration_no,date_of_visit,diagnosis) values (117,'2013-03-08','mtkgt');
insert into Hospital.Consulted(employee_number,certification_no,patient_registration_no,date_of_visit) values(51,51112233,117,'2013-03-08');
insert into Hospital.Treated_by(patient_registration_no,date_of_visit,employee_number,treatment) values(117,2013-03-08,39);
insert into Hospital.Prescribed(product_id,patient_registration_no,date_of_visit) values (73,117,'2013-03-08');
insert into Hospital.Visitation(patient_registration_no,date_of_visit,diagnosis) values (117,'2013-04-09','rcplf');
insert into Hospital.Consulted(employee_number,certification_no,patient_registration_no,date_of_visit) values(111,111112233,117,'2013-04-09');
insert into Hospital.Treated_by(patient_registration_no,date_of_visit,employee_number,treatment) values(117,2013-04-09,112);
insert into Hospital.Prescribed(product_id,patient_registration_no,date_of_visit) values (6,117,'2013-04-09');
insert into Hospital.Visitation(patient_registration_no,date_of_visit,diagnosis) values (117,'2013-08-22','ssmfd');
insert into Hospital.Consulted(employee_number,certification_no,patient_registration_no,date_of_visit) values(41,41112233,117,'2013-08-22');
insert into Hospital.Treated_by(patient_registration_no,date_of_visit,employee_number,treatment) values(117,2013-08-22,71);
insert into Hospital.Prescribed(product_id,patient_registration_no,date_of_visit) values (23,117,'2013-08-22');
insert into Hospital.Visitation(patient_registration_no,date_of_visit,diagnosis) values (117,'2013-02-06','heyyl');
insert into Hospital.Consulted(employee_number,certification_no,patient_registration_no,date_of_visit) values(51,51112233,117,'2013-02-06');
insert into Hospital.Treated_by(patient_registration_no,date_of_visit,employee_number,treatment) values(117,2013-02-06,67);
insert into Hospital.Prescribed(product_id,patient_registration_no,date_of_visit) values (79,117,'2013-02-06');
insert into Hospital.Patient (patient_registration_no, name, ssn, address,contact_no,emergency_contact_no) values ( 117,'qgllr',930734289,'kysti',98870685,43033866);
insert into Hospital.Takes (employee_number,shift_name ) values ( 117,'evening');
insert into Hospital.Belongs_to(employee_number,department_id) values (117,3);
insert into Hospital.Pharmaceutical_product(product_id,cost,manufacturer) values(118,434.5930445766769,'idxwz');
insert into Hospital.Batch(batch_id,manufacture_date,expiry_date) values (118,'2013-06-21','2013-09-06');
insert into Hospital.Production(product_id,batch_id) values (118,118);
insert into Hospital.Batch(batch_id,manufacture_date,expiry_date) values (119,'2013-06-21','2013-09-06');
insert into Hospital.Production(product_id,batch_id) values (118,119);
insert into Hospital.Batch(batch_id,manufacture_date,expiry_date) values (120,'2013-06-21','2013-09-06');
insert into Hospital.Production(product_id,batch_id) values (118,120);
insert into Hospital.Batch(batch_id,manufacture_date,expiry_date) values (121,'2013-06-21','2013-09-06');
insert into Hospital.Production(product_id,batch_id) values (118,121);
insert into Hospital.Batch(batch_id,manufacture_date,expiry_date) values (122,'2013-06-21','2013-09-06');
insert into Hospital.Production(product_id,batch_id) values (118,122);
insert into Hospital.Medicine(product_id,medicine_name,dosage) values (118,'dokzs','lkuxs');
insert into Hospital.Employees (employee_number, name, location, ssn, home_address,phone_number,designation) values ( 118,'hgril','dvvxyfeduiejaau',155703873,'aozts',98804732,'Nurse');
insert into Hospital.Visitation(patient_registration_no,date_of_visit,diagnosis) values (118,'2013-06-22','ajcof');
insert into Hospital.Consulted(employee_number,certification_no,patient_registration_no,date_of_visit) values(92,92112233,118,'2013-06-22');
insert into Hospital.Treated_by(patient_registration_no,date_of_visit,employee_number,treatment) values(118,2013-06-22,61);
insert into Hospital.Prescribed(product_id,patient_registration_no,date_of_visit) values (29,118,'2013-06-22');
insert into Hospital.Visitation(patient_registration_no,date_of_visit,diagnosis) values (118,'2013-10-21','iiejm');
insert into Hospital.Consulted(employee_number,certification_no,patient_registration_no,date_of_visit) values(58,58112233,118,'2013-10-21');
insert into Hospital.Treated_by(patient_registration_no,date_of_visit,employee_number,treatment) values(118,2013-10-21,50);
insert into Hospital.Prescribed(product_id,patient_registration_no,date_of_visit) values (108,118,'2013-10-21');
insert into Hospital.Visitation(patient_registration_no,date_of_visit,diagnosis) values (118,'2013-04-06','xkgyk');
insert into Hospital.Consulted(employee_number,certification_no,patient_registration_no,date_of_visit) values(116,116112233,118,'2013-04-06');
insert into Hospital.Treated_by(patient_registration_no,date_of_visit,employee_number,treatment) values(118,2013-04-06,101);
insert into Hospital.Prescribed(product_id,patient_registration_no,date_of_visit) values (39,118,'2013-04-06');
insert into Hospital.Visitation(patient_registration_no,date_of_visit,diagnosis) values (118,'2013-07-02','zntdy');
insert into Hospital.Consulted(employee_number,certification_no,patient_registration_no,date_of_visit) values(75,75112233,118,'2013-07-02');
insert into Hospital.Treated_by(patient_registration_no,date_of_visit,employee_number,treatment) values(118,2013-07-02,71);
insert into Hospital.Prescribed(product_id,patient_registration_no,date_of_visit) values (31,118,'2013-07-02');
insert into Hospital.Visitation(patient_registration_no,date_of_visit,diagnosis) values (118,'2013-02-17','pyuoz');
insert into Hospital.Consulted(employee_number,certification_no,patient_registration_no,date_of_visit) values(110,110112233,118,'2013-02-17');
insert into Hospital.Treated_by(patient_registration_no,date_of_visit,employee_number,treatment) values(118,2013-02-17,47);
insert into Hospital.Prescribed(product_id,patient_registration_no,date_of_visit) values (65,118,'2013-02-17');
insert into Hospital.Patient (patient_registration_no, name, ssn, address,contact_no,emergency_contact_no) values ( 118,'divfz',49197495,'ethcq',71329082,61643101);
insert into Hospital.Takes (employee_number,shift_name ) values ( 118,'morning');
insert into Hospital.Belongs_to(employee_number,department_id) values (118,3);
insert into Hospital.Pharmaceutical_product(product_id,cost,manufacturer) values(119,103.81161338137449,'elgxq');
insert into Hospital.Medicine(product_id,medicine_name,dosage) values (119,'upuqj','imtwq');
insert into Hospital.Employees (employee_number, name, location, ssn, home_address,phone_number,designation) values ( 119,'enrrh','gsljrwfjfyjjxek',45864141,'kywvj',91948242,'Doctor');
insert into Hospital.Visitation(patient_registration_no,date_of_visit,diagnosis) values (119,'2013-05-01','zmfaz');
insert into Hospital.Consulted(employee_number,certification_no,patient_registration_no,date_of_visit) values(2,2112233,119,'2013-05-01');
insert into Hospital.Treated_by(patient_registration_no,date_of_visit,employee_number,treatment) values(119,2013-05-01,56);
insert into Hospital.Prescribed(product_id,patient_registration_no,date_of_visit) values (84,119,'2013-05-01');
insert into Hospital.Visitation(patient_registration_no,date_of_visit,diagnosis) values (119,'2013-05-07','wwqie');
insert into Hospital.Consulted(employee_number,certification_no,patient_registration_no,date_of_visit) values(107,107112233,119,'2013-05-07');
insert into Hospital.Treated_by(patient_registration_no,date_of_visit,employee_number,treatment) values(119,2013-05-07,52);
insert into Hospital.Prescribed(product_id,patient_registration_no,date_of_visit) values (41,119,'2013-05-07');
insert into Hospital.Visitation(patient_registration_no,date_of_visit,diagnosis) values (119,'2013-08-15','amixj');
insert into Hospital.Consulted(employee_number,certification_no,patient_registration_no,date_of_visit) values(34,34112233,119,'2013-08-15');
insert into Hospital.Treated_by(patient_registration_no,date_of_visit,employee_number,treatment) values(119,2013-08-15,49);
insert into Hospital.Prescribed(product_id,patient_registration_no,date_of_visit) values (78,119,'2013-08-15');
insert into Hospital.Visitation(patient_registration_no,date_of_visit,diagnosis) values (119,'2013-07-31','rsada');
insert into Hospital.Consulted(employee_number,certification_no,patient_registration_no,date_of_visit) values(45,45112233,119,'2013-07-31');
insert into Hospital.Treated_by(patient_registration_no,date_of_visit,employee_number,treatment) values(119,2013-07-31,71);
insert into Hospital.Prescribed(product_id,patient_registration_no,date_of_visit) values (21,119,'2013-07-31');
insert into Hospital.Visitation(patient_registration_no,date_of_visit,diagnosis) values (119,'2013-06-18','cscov');
insert into Hospital.Consulted(employee_number,certification_no,patient_registration_no,date_of_visit) values(43,43112233,119,'2013-06-18');
insert into Hospital.Treated_by(patient_registration_no,date_of_visit,employee_number,treatment) values(119,2013-06-18,115);
insert into Hospital.Prescribed(product_id,patient_registration_no,date_of_visit) values (110,119,'2013-06-18');
insert into Hospital.Patient (patient_registration_no, name, ssn, address,contact_no,emergency_contact_no) values ( 119,'xktqt',223779116,'wrqut',54106856,91433916);
insert into Hospital.Physician (employee_number, certification_no,specialization) values ( 119,119112233,'Cardiology');
insert into Hospital.Belongs_to(employee_number,department_id) values (119,1);
insert into Hospital.Pharmaceutical_product(product_id,cost,manufacturer) values(120,839.9561126994548,'oiuju');
insert into Hospital.Employees (employee_number, name, location, ssn, home_address,phone_number,designation) values ( 120,'zqxwt','eiitenzdprhuwbv',741396410,'meaus',35320187,'Doctor');
insert into Hospital.Visitation(patient_registration_no,date_of_visit,diagnosis) values (120,'2013-09-27','ffmbh');
insert into Hospital.Consulted(employee_number,certification_no,patient_registration_no,date_of_visit) values(29,29112233,120,'2013-09-27');
insert into Hospital.Treated_by(patient_registration_no,date_of_visit,employee_number,treatment) values(120,2013-09-27,112);
insert into Hospital.Prescribed(product_id,patient_registration_no,date_of_visit) values (77,120,'2013-09-27');
insert into Hospital.Visitation(patient_registration_no,date_of_visit,diagnosis) values (120,'2013-09-02','apmvu');
insert into Hospital.Consulted(employee_number,certification_no,patient_registration_no,date_of_visit) values(58,58112233,120,'2013-09-02');
insert into Hospital.Treated_by(patient_registration_no,date_of_visit,employee_number,treatment) values(120,2013-09-02,61);
insert into Hospital.Prescribed(product_id,patient_registration_no,date_of_visit) values (21,120,'2013-09-02');
insert into Hospital.Visitation(patient_registration_no,date_of_visit,diagnosis) values (120,'2013-10-12','lorxv');
insert into Hospital.Consulted(employee_number,certification_no,patient_registration_no,date_of_visit) values(13,13112233,120,'2013-10-12');
insert into Hospital.Treated_by(patient_registration_no,date_of_visit,employee_number,treatment) values(120,2013-10-12,81);
insert into Hospital.Prescribed(product_id,patient_registration_no,date_of_visit) values (7,120,'2013-10-12');
insert into Hospital.Visitation(patient_registration_no,date_of_visit,diagnosis) values (120,'2013-06-21','lwupp');
insert into Hospital.Consulted(employee_number,certification_no,patient_registration_no,date_of_visit) values(9,9112233,120,'2013-06-21');
insert into Hospital.Treated_by(patient_registration_no,date_of_visit,employee_number,treatment) values(120,2013-06-21,104);
insert into Hospital.Prescribed(product_id,patient_registration_no,date_of_visit) values (52,120,'2013-06-21');
insert into Hospital.Visitation(patient_registration_no,date_of_visit,diagnosis) values (120,'2013-01-07','mlitg');
insert into Hospital.Consulted(employee_number,certification_no,patient_registration_no,date_of_visit) values(21,21112233,120,'2013-01-07');
insert into Hospital.Treated_by(patient_registration_no,date_of_visit,employee_number,treatment) values(120,2013-01-07,49);
insert into Hospital.Prescribed(product_id,patient_registration_no,date_of_visit) values (28,120,'2013-01-07');
insert into Hospital.Patient (patient_registration_no, name, ssn, address,contact_no,emergency_contact_no) values ( 120,'rsgzb',931751317,'zuqfv',77286282,34641589);
insert into Hospital.Physician (employee_number, certification_no,specialization) values ( 120,120112233,'Pediatrics');
insert into Hospital.Belongs_to(employee_number,department_id) values (120,1);
insert into Hospital.Pharmaceutical_product(product_id,cost,manufacturer) values(121,496.96457741375303,'dihwt');
insert into Hospital.Batch(batch_id,manufacture_date,expiry_date) values (121,'2013-06-04','2013-08-05');
insert into Hospital.Production(product_id,batch_id) values (121,121);
insert into Hospital.Batch(batch_id,manufacture_date,expiry_date) values (122,'2013-06-04','2013-08-05');
insert into Hospital.Production(product_id,batch_id) values (121,122);
insert into Hospital.Batch(batch_id,manufacture_date,expiry_date) values (123,'2013-06-04','2013-08-05');
insert into Hospital.Production(product_id,batch_id) values (121,123);
insert into Hospital.Batch(batch_id,manufacture_date,expiry_date) values (124,'2013-06-04','2013-08-05');
insert into Hospital.Production(product_id,batch_id) values (121,124);
insert into Hospital.Batch(batch_id,manufacture_date,expiry_date) values (125,'2013-06-04','2013-08-05');
insert into Hospital.Production(product_id,batch_id) values (121,125);
insert into Hospital.Employees (employee_number, name, location, ssn, home_address,phone_number,designation) values ( 121,'ekcmx','moqcpcjmqqmljnl',522596244,'qrphy',93444236,'Administration');
insert into Hospital.Visitation(patient_registration_no,date_of_visit,diagnosis) values (121,'2013-01-28','fwqmq');
insert into Hospital.Consulted(employee_number,certification_no,patient_registration_no,date_of_visit) values(8,8112233,121,'2013-01-28');
insert into Hospital.Treated_by(patient_registration_no,date_of_visit,employee_number,treatment) values(121,2013-01-28,26);
insert into Hospital.Prescribed(product_id,patient_registration_no,date_of_visit) values (91,121,'2013-01-28');
insert into Hospital.Visitation(patient_registration_no,date_of_visit,diagnosis) values (121,'2013-01-04','wrvxr');
insert into Hospital.Consulted(employee_number,certification_no,patient_registration_no,date_of_visit) values(37,37112233,121,'2013-01-04');
insert into Hospital.Treated_by(patient_registration_no,date_of_visit,employee_number,treatment) values(121,2013-01-04,115);
insert into Hospital.Prescribed(product_id,patient_registration_no,date_of_visit) values (45,121,'2013-01-04');
insert into Hospital.Visitation(patient_registration_no,date_of_visit,diagnosis) values (121,'2013-10-22','ajvje');
insert into Hospital.Consulted(employee_number,certification_no,patient_registration_no,date_of_visit) values(6,6112233,121,'2013-10-22');
insert into Hospital.Treated_by(patient_registration_no,date_of_visit,employee_number,treatment) values(121,2013-10-22,112);
insert into Hospital.Prescribed(product_id,patient_registration_no,date_of_visit) values (45,121,'2013-10-22');
insert into Hospital.Visitation(patient_registration_no,date_of_visit,diagnosis) values (121,'2013-01-05','xbyqq');
insert into Hospital.Consulted(employee_number,certification_no,patient_registration_no,date_of_visit) values(113,113112233,121,'2013-01-05');
insert into Hospital.Treated_by(patient_registration_no,date_of_visit,employee_number,treatment) values(121,2013-01-05,71);
insert into Hospital.Prescribed(product_id,patient_registration_no,date_of_visit) values (99,121,'2013-01-05');
insert into Hospital.Visitation(patient_registration_no,date_of_visit,diagnosis) values (121,'2013-05-26','ykyov');
insert into Hospital.Consulted(employee_number,certification_no,patient_registration_no,date_of_visit) values(51,51112233,121,'2013-05-26');
insert into Hospital.Treated_by(patient_registration_no,date_of_visit,employee_number,treatment) values(121,2013-05-26,103);
insert into Hospital.Prescribed(product_id,patient_registration_no,date_of_visit) values (41,121,'2013-05-26');
insert into Hospital.Patient (patient_registration_no, name, ssn, address,contact_no,emergency_contact_no) values ( 121,'dzaaj',562681323,'vintd',42939526,39777871);
insert into Hospital.Belongs_to(employee_number,department_id) values (121,2);
insert into Hospital.Pharmaceutical_product(product_id,cost,manufacturer) values(122,399.32588650339636,'tuwpl');
insert into Hospital.Batch(batch_id,manufacture_date,expiry_date) values (122,'2013-06-15','2013-08-26');
insert into Hospital.Production(product_id,batch_id) values (122,122);
insert into Hospital.Batch(batch_id,manufacture_date,expiry_date) values (123,'2013-06-15','2013-08-26');
insert into Hospital.Production(product_id,batch_id) values (122,123);
insert into Hospital.Batch(batch_id,manufacture_date,expiry_date) values (124,'2013-06-15','2013-08-26');
insert into Hospital.Production(product_id,batch_id) values (122,124);
insert into Hospital.Batch(batch_id,manufacture_date,expiry_date) values (125,'2013-06-15','2013-08-26');
insert into Hospital.Production(product_id,batch_id) values (122,125);
insert into Hospital.Batch(batch_id,manufacture_date,expiry_date) values (126,'2013-06-15','2013-08-26');
insert into Hospital.Production(product_id,batch_id) values (122,126);
insert into Hospital.Medicine(product_id,medicine_name,dosage) values (122,'bmhjk','zsjfs');
insert into Hospital.Employees (employee_number, name, location, ssn, home_address,phone_number,designation) values ( 122,'oquwv','xcyfxmmnlmvgkog',753375281,'zpasw',98505433,'Doctor');
insert into Hospital.Visitation(patient_registration_no,date_of_visit,diagnosis) values (122,'2013-01-14','lowmg');
insert into Hospital.Consulted(employee_number,certification_no,patient_registration_no,date_of_visit) values(58,58112233,122,'2013-01-14');
insert into Hospital.Treated_by(patient_registration_no,date_of_visit,employee_number,treatment) values(122,2013-01-14,48);
insert into Hospital.Prescribed(product_id,patient_registration_no,date_of_visit) values (39,122,'2013-01-14');
insert into Hospital.Visitation(patient_registration_no,date_of_visit,diagnosis) values (122,'2013-07-20','pmzsf');
insert into Hospital.Consulted(employee_number,certification_no,patient_registration_no,date_of_visit) values(92,92112233,122,'2013-07-20');
insert into Hospital.Treated_by(patient_registration_no,date_of_visit,employee_number,treatment) values(122,2013-07-20,47);
insert into Hospital.Prescribed(product_id,patient_registration_no,date_of_visit) values (14,122,'2013-07-20');
insert into Hospital.Visitation(patient_registration_no,date_of_visit,diagnosis) values (122,'2013-02-22','apkac');
insert into Hospital.Consulted(employee_number,certification_no,patient_registration_no,date_of_visit) values(23,23112233,122,'2013-02-22');
insert into Hospital.Treated_by(patient_registration_no,date_of_visit,employee_number,treatment) values(122,2013-02-22,83);
insert into Hospital.Prescribed(product_id,patient_registration_no,date_of_visit) values (27,122,'2013-02-22');
insert into Hospital.Visitation(patient_registration_no,date_of_visit,diagnosis) values (122,'2013-04-03','bzgpc');
insert into Hospital.Consulted(employee_number,certification_no,patient_registration_no,date_of_visit) values(120,120112233,122,'2013-04-03');
insert into Hospital.Treated_by(patient_registration_no,date_of_visit,employee_number,treatment) values(122,2013-04-03,49);
insert into Hospital.Prescribed(product_id,patient_registration_no,date_of_visit) values (90,122,'2013-04-03');
insert into Hospital.Visitation(patient_registration_no,date_of_visit,diagnosis) values (122,'2013-02-04','qxzbn');
insert into Hospital.Consulted(employee_number,certification_no,patient_registration_no,date_of_visit) values(43,43112233,122,'2013-02-04');
insert into Hospital.Treated_by(patient_registration_no,date_of_visit,employee_number,treatment) values(122,2013-02-04,73);
insert into Hospital.Prescribed(product_id,patient_registration_no,date_of_visit) values (52,122,'2013-02-04');
insert into Hospital.Patient (patient_registration_no, name, ssn, address,contact_no,emergency_contact_no) values ( 122,'mtkyh',895989115,'trzsy',47797930,63811354);
insert into Hospital.Physician (employee_number, certification_no,specialization) values ( 122,122112233,'Anesthesiology');
insert into Hospital.Belongs_to(employee_number,department_id) values (122,1);
insert into Hospital.Pharmaceutical_product(product_id,cost,manufacturer) values(123,650.9998229194625,'wzvwh');
insert into Hospital.Medicine(product_id,medicine_name,dosage) values (123,'tpsrc','bdsne');
insert into Hospital.Employees (employee_number, name, location, ssn, home_address,phone_number,designation) values ( 123,'pmgea','rcmsvoauzdwvdsz',782656687,'llosi',63249837,'Nurse');
insert into Hospital.Visitation(patient_registration_no,date_of_visit,diagnosis) values (123,'2013-10-04','riyvf');
insert into Hospital.Consulted(employee_number,certification_no,patient_registration_no,date_of_visit) values(13,13112233,123,'2013-10-04');
insert into Hospital.Treated_by(patient_registration_no,date_of_visit,employee_number,treatment) values(123,2013-10-04,28);
insert into Hospital.Prescribed(product_id,patient_registration_no,date_of_visit) values (10,123,'2013-10-04');
insert into Hospital.Visitation(patient_registration_no,date_of_visit,diagnosis) values (123,'2013-03-04','dnvhb');
insert into Hospital.Consulted(employee_number,certification_no,patient_registration_no,date_of_visit) values(58,58112233,123,'2013-03-04');
insert into Hospital.Treated_by(patient_registration_no,date_of_visit,employee_number,treatment) values(123,2013-03-04,39);
insert into Hospital.Prescribed(product_id,patient_registration_no,date_of_visit) values (111,123,'2013-03-04');
insert into Hospital.Visitation(patient_registration_no,date_of_visit,diagnosis) values (123,'2013-05-29','qzzzj');
insert into Hospital.Consulted(employee_number,certification_no,patient_registration_no,date_of_visit) values(111,111112233,123,'2013-05-29');
insert into Hospital.Treated_by(patient_registration_no,date_of_visit,employee_number,treatment) values(123,2013-05-29,48);
insert into Hospital.Prescribed(product_id,patient_registration_no,date_of_visit) values (112,123,'2013-05-29');
insert into Hospital.Visitation(patient_registration_no,date_of_visit,diagnosis) values (123,'2013-06-07','ljzcl');
insert into Hospital.Consulted(employee_number,certification_no,patient_registration_no,date_of_visit) values(60,60112233,123,'2013-06-07');
insert into Hospital.Treated_by(patient_registration_no,date_of_visit,employee_number,treatment) values(123,2013-06-07,87);
insert into Hospital.Prescribed(product_id,patient_registration_no,date_of_visit) values (63,123,'2013-06-07');
insert into Hospital.Visitation(patient_registration_no,date_of_visit,diagnosis) values (123,'2013-03-17','perfm');
insert into Hospital.Consulted(employee_number,certification_no,patient_registration_no,date_of_visit) values(51,51112233,123,'2013-03-17');
insert into Hospital.Treated_by(patient_registration_no,date_of_visit,employee_number,treatment) values(123,2013-03-17,47);
insert into Hospital.Prescribed(product_id,patient_registration_no,date_of_visit) values (18,123,'2013-03-17');
insert into Hospital.Patient (patient_registration_no, name, ssn, address,contact_no,emergency_contact_no) values ( 123,'wuqsn',108810149,'xzhou',15219014,99203952);
insert into Hospital.Takes (employee_number,shift_name ) values ( 123,'evening');
insert into Hospital.Belongs_to(employee_number,department_id) values (123,3);
insert into Hospital.Pharmaceutical_product(product_id,cost,manufacturer) values(124,429.7803801248582,'oyuam');
insert into Hospital.Batch(batch_id,manufacture_date,expiry_date) values (124,'2013-07-24','2013-09-19');
insert into Hospital.Production(product_id,batch_id) values (124,124);
insert into Hospital.Batch(batch_id,manufacture_date,expiry_date) values (125,'2013-07-24','2013-09-19');
insert into Hospital.Production(product_id,batch_id) values (124,125);
insert into Hospital.Batch(batch_id,manufacture_date,expiry_date) values (126,'2013-07-24','2013-09-19');
insert into Hospital.Production(product_id,batch_id) values (124,126);
insert into Hospital.Batch(batch_id,manufacture_date,expiry_date) values (127,'2013-07-24','2013-09-19');
insert into Hospital.Production(product_id,batch_id) values (124,127);
insert into Hospital.Batch(batch_id,manufacture_date,expiry_date) values (128,'2013-07-24','2013-09-19');
insert into Hospital.Production(product_id,batch_id) values (124,128);
insert into Hospital.Medicine(product_id,medicine_name,dosage) values (124,'agmdb','egxkr');
insert into Hospital.Employees (employee_number, name, location, ssn, home_address,phone_number,designation) values ( 124,'gmjkn','hnyesmhclwualwj',559198376,'fuyay',37702932,'Administration');
insert into Hospital.Visitation(patient_registration_no,date_of_visit,diagnosis) values (124,'2013-07-18','vvzsi');
insert into Hospital.Consulted(employee_number,certification_no,patient_registration_no,date_of_visit) values(60,60112233,124,'2013-07-18');
insert into Hospital.Treated_by(patient_registration_no,date_of_visit,employee_number,treatment) values(124,2013-07-18,28);
insert into Hospital.Prescribed(product_id,patient_registration_no,date_of_visit) values (15,124,'2013-07-18');
insert into Hospital.Visitation(patient_registration_no,date_of_visit,diagnosis) values (124,'2013-03-21','kguvy');
insert into Hospital.Consulted(employee_number,certification_no,patient_registration_no,date_of_visit) values(66,66112233,124,'2013-03-21');
insert into Hospital.Treated_by(patient_registration_no,date_of_visit,employee_number,treatment) values(124,2013-03-21,104);
insert into Hospital.Prescribed(product_id,patient_registration_no,date_of_visit) values (82,124,'2013-03-21');
insert into Hospital.Visitation(patient_registration_no,date_of_visit,diagnosis) values (124,'2013-03-28','fgjdq');
insert into Hospital.Consulted(employee_number,certification_no,patient_registration_no,date_of_visit) values(116,116112233,124,'2013-03-28');
insert into Hospital.Treated_by(patient_registration_no,date_of_visit,employee_number,treatment) values(124,2013-03-28,49);
insert into Hospital.Prescribed(product_id,patient_registration_no,date_of_visit) values (115,124,'2013-03-28');
insert into Hospital.Visitation(patient_registration_no,date_of_visit,diagnosis) values (124,'2013-06-15','kvdzu');
insert into Hospital.Consulted(employee_number,certification_no,patient_registration_no,date_of_visit) values(37,37112233,124,'2013-06-15');
insert into Hospital.Treated_by(patient_registration_no,date_of_visit,employee_number,treatment) values(124,2013-06-15,71);
insert into Hospital.Prescribed(product_id,patient_registration_no,date_of_visit) values (79,124,'2013-06-15');
insert into Hospital.Visitation(patient_registration_no,date_of_visit,diagnosis) values (124,'2013-06-08','dwtkz');
insert into Hospital.Consulted(employee_number,certification_no,patient_registration_no,date_of_visit) values(9,9112233,124,'2013-06-08');
insert into Hospital.Treated_by(patient_registration_no,date_of_visit,employee_number,treatment) values(124,2013-06-08,64);
insert into Hospital.Prescribed(product_id,patient_registration_no,date_of_visit) values (14,124,'2013-06-08');
insert into Hospital.Patient (patient_registration_no, name, ssn, address,contact_no,emergency_contact_no) values ( 124,'nnqny',676189317,'fwttg',47576415,85459366);
insert into Hospital.Belongs_to(employee_number,department_id) values (124,2);
insert into Hospital.Pharmaceutical_product(product_id,cost,manufacturer) values(125,843.6711853381322,'jzhwz');
insert into Hospital.Batch(batch_id,manufacture_date,expiry_date) values (125,'2013-01-07','2013-03-13');
insert into Hospital.Production(product_id,batch_id) values (125,125);
insert into Hospital.Batch(batch_id,manufacture_date,expiry_date) values (126,'2013-01-07','2013-03-13');
insert into Hospital.Production(product_id,batch_id) values (125,126);
insert into Hospital.Batch(batch_id,manufacture_date,expiry_date) values (127,'2013-01-07','2013-03-13');
insert into Hospital.Production(product_id,batch_id) values (125,127);
insert into Hospital.Batch(batch_id,manufacture_date,expiry_date) values (128,'2013-01-07','2013-03-13');
insert into Hospital.Production(product_id,batch_id) values (125,128);
insert into Hospital.Batch(batch_id,manufacture_date,expiry_date) values (129,'2013-01-07','2013-03-13');
insert into Hospital.Production(product_id,batch_id) values (125,129);
insert into Hospital.Medicine(product_id,medicine_name,dosage) values (125,'qowto','saiel');
insert into Hospital.Employees (employee_number, name, location, ssn, home_address,phone_number,designation) values ( 125,'qujhw','wlscarfnyebaxvq',483420876,'bygoa',80645430,'Radiology');
insert into Hospital.Visitation(patient_registration_no,date_of_visit,diagnosis) values (125,'2013-02-03','fczyr');
insert into Hospital.Consulted(employee_number,certification_no,patient_registration_no,date_of_visit) values(8,8112233,125,'2013-02-03');
insert into Hospital.Treated_by(patient_registration_no,date_of_visit,employee_number,treatment) values(125,2013-02-03,84);
insert into Hospital.Prescribed(product_id,patient_registration_no,date_of_visit) values (27,125,'2013-02-03');
insert into Hospital.Visitation(patient_registration_no,date_of_visit,diagnosis) values (125,'2013-09-14','mufmv');
insert into Hospital.Consulted(employee_number,certification_no,patient_registration_no,date_of_visit) values(51,51112233,125,'2013-09-14');
insert into Hospital.Treated_by(patient_registration_no,date_of_visit,employee_number,treatment) values(125,2013-09-14,63);
insert into Hospital.Prescribed(product_id,patient_registration_no,date_of_visit) values (115,125,'2013-09-14');
insert into Hospital.Visitation(patient_registration_no,date_of_visit,diagnosis) values (125,'2013-09-08','jmtbu');
insert into Hospital.Consulted(employee_number,certification_no,patient_registration_no,date_of_visit) values(92,92112233,125,'2013-09-08');
insert into Hospital.Treated_by(patient_registration_no,date_of_visit,employee_number,treatment) values(125,2013-09-08,112);
insert into Hospital.Prescribed(product_id,patient_registration_no,date_of_visit) values (48,125,'2013-09-08');
insert into Hospital.Visitation(patient_registration_no,date_of_visit,diagnosis) values (125,'2013-07-31','yrpjg');
insert into Hospital.Consulted(employee_number,certification_no,patient_registration_no,date_of_visit) values(89,89112233,125,'2013-07-31');
insert into Hospital.Treated_by(patient_registration_no,date_of_visit,employee_number,treatment) values(125,2013-07-31,76);
insert into Hospital.Prescribed(product_id,patient_registration_no,date_of_visit) values (65,125,'2013-07-31');
insert into Hospital.Visitation(patient_registration_no,date_of_visit,diagnosis) values (125,'2013-07-17','ftkmr');
insert into Hospital.Consulted(employee_number,certification_no,patient_registration_no,date_of_visit) values(111,111112233,125,'2013-07-17');
insert into Hospital.Treated_by(patient_registration_no,date_of_visit,employee_number,treatment) values(125,2013-07-17,77);
insert into Hospital.Prescribed(product_id,patient_registration_no,date_of_visit) values (19,125,'2013-07-17');
insert into Hospital.Patient (patient_registration_no, name, ssn, address,contact_no,emergency_contact_no) values ( 125,'bvaqu',144036634,'zwvrc',39820323,97065646);
insert into Hospital.Takes (employee_number,shift_name ) values ( 125,'evening');
insert into Hospital.Belongs_to(employee_number,department_id) values (125,3);
insert into Hospital.Pharmaceutical_product(product_id,cost,manufacturer) values(126,107.27772333100374,'ookwi');
insert into Hospital.Medicine(product_id,medicine_name,dosage) values (126,'zdidp','eaerr');
insert into Hospital.Employees (employee_number, name, location, ssn, home_address,phone_number,designation) values ( 126,'ikoru','tgovlvprokncqkz',830143827,'hvhhx',45507349,'Radiology');
insert into Hospital.Visitation(patient_registration_no,date_of_visit,diagnosis) values (126,'2013-10-20','kzaub');
insert into Hospital.Consulted(employee_number,certification_no,patient_registration_no,date_of_visit) values(35,35112233,126,'2013-10-20');
insert into Hospital.Treated_by(patient_registration_no,date_of_visit,employee_number,treatment) values(126,2013-10-20,73);
insert into Hospital.Prescribed(product_id,patient_registration_no,date_of_visit) values (87,126,'2013-10-20');
insert into Hospital.Visitation(patient_registration_no,date_of_visit,diagnosis) values (126,'2013-03-15','oznha');
insert into Hospital.Consulted(employee_number,certification_no,patient_registration_no,date_of_visit) values(44,44112233,126,'2013-03-15');
insert into Hospital.Treated_by(patient_registration_no,date_of_visit,employee_number,treatment) values(126,2013-03-15,52);
insert into Hospital.Prescribed(product_id,patient_registration_no,date_of_visit) values (27,126,'2013-03-15');
insert into Hospital.Visitation(patient_registration_no,date_of_visit,diagnosis) values (126,'2013-07-05','pbujm');
insert into Hospital.Consulted(employee_number,certification_no,patient_registration_no,date_of_visit) values(9,9112233,126,'2013-07-05');
insert into Hospital.Treated_by(patient_registration_no,date_of_visit,employee_number,treatment) values(126,2013-07-05,76);
insert into Hospital.Prescribed(product_id,patient_registration_no,date_of_visit) values (125,126,'2013-07-05');
insert into Hospital.Visitation(patient_registration_no,date_of_visit,diagnosis) values (126,'2013-03-21','fkezk');
insert into Hospital.Consulted(employee_number,certification_no,patient_registration_no,date_of_visit) values(58,58112233,126,'2013-03-21');
insert into Hospital.Treated_by(patient_registration_no,date_of_visit,employee_number,treatment) values(126,2013-03-21,30);
insert into Hospital.Prescribed(product_id,patient_registration_no,date_of_visit) values (3,126,'2013-03-21');
insert into Hospital.Visitation(patient_registration_no,date_of_visit,diagnosis) values (126,'2013-06-27','cdzug');
insert into Hospital.Consulted(employee_number,certification_no,patient_registration_no,date_of_visit) values(58,58112233,126,'2013-06-27');
insert into Hospital.Treated_by(patient_registration_no,date_of_visit,employee_number,treatment) values(126,2013-06-27,104);
insert into Hospital.Prescribed(product_id,patient_registration_no,date_of_visit) values (21,126,'2013-06-27');
insert into Hospital.Patient (patient_registration_no, name, ssn, address,contact_no,emergency_contact_no) values ( 126,'iltmj',706943068,'mkhdl',49677169,64182208);
insert into Hospital.Takes (employee_number,shift_name ) values ( 126,'evening');
insert into Hospital.Belongs_to(employee_number,department_id) values (126,3);
insert into Hospital.Pharmaceutical_product(product_id,cost,manufacturer) values(127,118.26438368374326,'bmsno');
insert into Hospital.Employees (employee_number, name, location, ssn, home_address,phone_number,designation) values ( 127,'tgcht','toecmxbapyaszwn',31783823,'hfixz',61032114,'Nurse');
insert into Hospital.Visitation(patient_registration_no,date_of_visit,diagnosis) values (127,'2013-05-03','rapza');
insert into Hospital.Consulted(employee_number,certification_no,patient_registration_no,date_of_visit) values(66,66112233,127,'2013-05-03');
insert into Hospital.Treated_by(patient_registration_no,date_of_visit,employee_number,treatment) values(127,2013-05-03,61);
insert into Hospital.Prescribed(product_id,patient_registration_no,date_of_visit) values (26,127,'2013-05-03');
insert into Hospital.Visitation(patient_registration_no,date_of_visit,diagnosis) values (127,'2013-01-20','qszxh');
insert into Hospital.Consulted(employee_number,certification_no,patient_registration_no,date_of_visit) values(120,120112233,127,'2013-01-20');
insert into Hospital.Treated_by(patient_registration_no,date_of_visit,employee_number,treatment) values(127,2013-01-20,83);
insert into Hospital.Prescribed(product_id,patient_registration_no,date_of_visit) values (61,127,'2013-01-20');
insert into Hospital.Visitation(patient_registration_no,date_of_visit,diagnosis) values (127,'2013-04-18','vcggb');
insert into Hospital.Consulted(employee_number,certification_no,patient_registration_no,date_of_visit) values(1,1112233,127,'2013-04-18');
insert into Hospital.Treated_by(patient_registration_no,date_of_visit,employee_number,treatment) values(127,2013-04-18,61);
insert into Hospital.Prescribed(product_id,patient_registration_no,date_of_visit) values (15,127,'2013-04-18');
insert into Hospital.Visitation(patient_registration_no,date_of_visit,diagnosis) values (127,'2013-04-07','lifti');
insert into Hospital.Consulted(employee_number,certification_no,patient_registration_no,date_of_visit) values(89,89112233,127,'2013-04-07');
insert into Hospital.Treated_by(patient_registration_no,date_of_visit,employee_number,treatment) values(127,2013-04-07,101);
insert into Hospital.Prescribed(product_id,patient_registration_no,date_of_visit) values (119,127,'2013-04-07');
insert into Hospital.Visitation(patient_registration_no,date_of_visit,diagnosis) values (127,'2013-08-11','gdgfr');
insert into Hospital.Consulted(employee_number,certification_no,patient_registration_no,date_of_visit) values(51,51112233,127,'2013-08-11');
insert into Hospital.Treated_by(patient_registration_no,date_of_visit,employee_number,treatment) values(127,2013-08-11,39);
insert into Hospital.Prescribed(product_id,patient_registration_no,date_of_visit) values (63,127,'2013-08-11');
insert into Hospital.Patient (patient_registration_no, name, ssn, address,contact_no,emergency_contact_no) values ( 127,'vtwsp',379864722,'pjlnn',25625521,62433636);
insert into Hospital.Takes (employee_number,shift_name ) values ( 127,'evening');
insert into Hospital.Belongs_to(employee_number,department_id) values (127,3);
insert into Hospital.Pharmaceutical_product(product_id,cost,manufacturer) values(128,210.10312314299475,'dtdjx');
insert into Hospital.Batch(batch_id,manufacture_date,expiry_date) values (128,'2013-02-04','2013-06-22');
insert into Hospital.Production(product_id,batch_id) values (128,128);
insert into Hospital.Batch(batch_id,manufacture_date,expiry_date) values (129,'2013-02-04','2013-06-22');
insert into Hospital.Production(product_id,batch_id) values (128,129);
insert into Hospital.Batch(batch_id,manufacture_date,expiry_date) values (130,'2013-02-04','2013-06-22');
insert into Hospital.Production(product_id,batch_id) values (128,130);
insert into Hospital.Batch(batch_id,manufacture_date,expiry_date) values (131,'2013-02-04','2013-06-22');
insert into Hospital.Production(product_id,batch_id) values (128,131);
insert into Hospital.Batch(batch_id,manufacture_date,expiry_date) values (132,'2013-02-04','2013-06-22');
insert into Hospital.Production(product_id,batch_id) values (128,132);
insert into Hospital.Employees (employee_number, name, location, ssn, home_address,phone_number,designation) values ( 128,'dzflx','twxwhjouxamfova',783718230,'qdghc',98691504,'Doctor');
insert into Hospital.Visitation(patient_registration_no,date_of_visit,diagnosis) values (128,'2013-02-21','useyy');
insert into Hospital.Consulted(employee_number,certification_no,patient_registration_no,date_of_visit) values(8,8112233,128,'2013-02-21');
insert into Hospital.Treated_by(patient_registration_no,date_of_visit,employee_number,treatment) values(128,2013-02-21,0);
insert into Hospital.Prescribed(product_id,patient_registration_no,date_of_visit) values (77,128,'2013-02-21');
insert into Hospital.Visitation(patient_registration_no,date_of_visit,diagnosis) values (128,'2013-07-02','ijtjs');
insert into Hospital.Consulted(employee_number,certification_no,patient_registration_no,date_of_visit) values(120,120112233,128,'2013-07-02');
insert into Hospital.Treated_by(patient_registration_no,date_of_visit,employee_number,treatment) values(128,2013-07-02,96);
insert into Hospital.Prescribed(product_id,patient_registration_no,date_of_visit) values (69,128,'2013-07-02');
insert into Hospital.Visitation(patient_registration_no,date_of_visit,diagnosis) values (128,'2013-01-22','tbgxb');
insert into Hospital.Consulted(employee_number,certification_no,patient_registration_no,date_of_visit) values(111,111112233,128,'2013-01-22');
insert into Hospital.Treated_by(patient_registration_no,date_of_visit,employee_number,treatment) values(128,2013-01-22,49);
insert into Hospital.Prescribed(product_id,patient_registration_no,date_of_visit) values (94,128,'2013-01-22');
insert into Hospital.Visitation(patient_registration_no,date_of_visit,diagnosis) values (128,'2013-02-16','zahkv');
insert into Hospital.Consulted(employee_number,certification_no,patient_registration_no,date_of_visit) values(51,51112233,128,'2013-02-16');
insert into Hospital.Treated_by(patient_registration_no,date_of_visit,employee_number,treatment) values(128,2013-02-16,56);
insert into Hospital.Prescribed(product_id,patient_registration_no,date_of_visit) values (105,128,'2013-02-16');
insert into Hospital.Visitation(patient_registration_no,date_of_visit,diagnosis) values (128,'2013-07-30','zfsbw');
insert into Hospital.Consulted(employee_number,certification_no,patient_registration_no,date_of_visit) values(37,37112233,128,'2013-07-30');
insert into Hospital.Treated_by(patient_registration_no,date_of_visit,employee_number,treatment) values(128,2013-07-30,112);
insert into Hospital.Prescribed(product_id,patient_registration_no,date_of_visit) values (122,128,'2013-07-30');
insert into Hospital.Patient (patient_registration_no, name, ssn, address,contact_no,emergency_contact_no) values ( 128,'tehuk',744285409,'asjek',28427106,28890945);
insert into Hospital.Physician (employee_number, certification_no,specialization) values ( 128,128112233,'Pediatrics');
insert into Hospital.Belongs_to(employee_number,department_id) values (128,1);
insert into Hospital.Pharmaceutical_product(product_id,cost,manufacturer) values(129,356.53579888430386,'zpfyp');
insert into Hospital.Medicine(product_id,medicine_name,dosage) values (129,'gmbrk','xlqik');
insert into Hospital.Employees (employee_number, name, location, ssn, home_address,phone_number,designation) values ( 129,'bdiwf','dguihtlufcpsidb',998708216,'ftvkm',98286272,'Radiology');
insert into Hospital.Visitation(patient_registration_no,date_of_visit,diagnosis) values (129,'2013-01-10','taxdm');
insert into Hospital.Consulted(employee_number,certification_no,patient_registration_no,date_of_visit) values(110,110112233,129,'2013-01-10');
insert into Hospital.Treated_by(patient_registration_no,date_of_visit,employee_number,treatment) values(129,2013-01-10,64);
insert into Hospital.Prescribed(product_id,patient_registration_no,date_of_visit) values (26,129,'2013-01-10');
insert into Hospital.Visitation(patient_registration_no,date_of_visit,diagnosis) values (129,'2013-06-04','msfcg');
insert into Hospital.Consulted(employee_number,certification_no,patient_registration_no,date_of_visit) values(2,2112233,129,'2013-06-04');
insert into Hospital.Treated_by(patient_registration_no,date_of_visit,employee_number,treatment) values(129,2013-06-04,39);
insert into Hospital.Prescribed(product_id,patient_registration_no,date_of_visit) values (73,129,'2013-06-04');
insert into Hospital.Visitation(patient_registration_no,date_of_visit,diagnosis) values (129,'2013-05-28','fklkl');
insert into Hospital.Consulted(employee_number,certification_no,patient_registration_no,date_of_visit) values(120,120112233,129,'2013-05-28');
insert into Hospital.Treated_by(patient_registration_no,date_of_visit,employee_number,treatment) values(129,2013-05-28,47);
insert into Hospital.Prescribed(product_id,patient_registration_no,date_of_visit) values (56,129,'2013-05-28');
insert into Hospital.Visitation(patient_registration_no,date_of_visit,diagnosis) values (129,'2013-10-22','uvhak');
insert into Hospital.Consulted(employee_number,certification_no,patient_registration_no,date_of_visit) values(12,12112233,129,'2013-10-22');
insert into Hospital.Treated_by(patient_registration_no,date_of_visit,employee_number,treatment) values(129,2013-10-22,84);
insert into Hospital.Prescribed(product_id,patient_registration_no,date_of_visit) values (1,129,'2013-10-22');
insert into Hospital.Visitation(patient_registration_no,date_of_visit,diagnosis) values (129,'2013-09-22','psfhc');
insert into Hospital.Consulted(employee_number,certification_no,patient_registration_no,date_of_visit) values(2,2112233,129,'2013-09-22');
insert into Hospital.Treated_by(patient_registration_no,date_of_visit,employee_number,treatment) values(129,2013-09-22,56);
insert into Hospital.Prescribed(product_id,patient_registration_no,date_of_visit) values (125,129,'2013-09-22');
insert into Hospital.Patient (patient_registration_no, name, ssn, address,contact_no,emergency_contact_no) values ( 129,'qemol',269959471,'guail',77595473,48938555);
insert into Hospital.Takes (employee_number,shift_name ) values ( 129,'night');
insert into Hospital.Belongs_to(employee_number,department_id) values (129,3);
insert into Hospital.Pharmaceutical_product(product_id,cost,manufacturer) values(130,824.3109622516466,'vzgvl');
insert into Hospital.Employees (employee_number, name, location, ssn, home_address,phone_number,designation) values ( 130,'fyhye','cwkaktcwcqwcnna',492332372,'mhcit',48718599,'Doctor');
insert into Hospital.Visitation(patient_registration_no,date_of_visit,diagnosis) values (130,'2013-06-23','twakf');
insert into Hospital.Consulted(employee_number,certification_no,patient_registration_no,date_of_visit) values(41,41112233,130,'2013-06-23');
insert into Hospital.Treated_by(patient_registration_no,date_of_visit,employee_number,treatment) values(130,2013-06-23,104);
insert into Hospital.Prescribed(product_id,patient_registration_no,date_of_visit) values (3,130,'2013-06-23');
insert into Hospital.Visitation(patient_registration_no,date_of_visit,diagnosis) values (130,'2013-07-05','wzwnj');
insert into Hospital.Consulted(employee_number,certification_no,patient_registration_no,date_of_visit) values(119,119112233,130,'2013-07-05');
insert into Hospital.Treated_by(patient_registration_no,date_of_visit,employee_number,treatment) values(130,2013-07-05,88);
insert into Hospital.Prescribed(product_id,patient_registration_no,date_of_visit) values (6,130,'2013-07-05');
insert into Hospital.Visitation(patient_registration_no,date_of_visit,diagnosis) values (130,'2013-03-30','uqorz');
insert into Hospital.Consulted(employee_number,certification_no,patient_registration_no,date_of_visit) values(120,120112233,130,'2013-03-30');
insert into Hospital.Treated_by(patient_registration_no,date_of_visit,employee_number,treatment) values(130,2013-03-30,126);
insert into Hospital.Prescribed(product_id,patient_registration_no,date_of_visit) values (125,130,'2013-03-30');
insert into Hospital.Visitation(patient_registration_no,date_of_visit,diagnosis) values (130,'2013-08-04','lpbdy');
insert into Hospital.Consulted(employee_number,certification_no,patient_registration_no,date_of_visit) values(111,111112233,130,'2013-08-04');
insert into Hospital.Treated_by(patient_registration_no,date_of_visit,employee_number,treatment) values(130,2013-08-04,56);
insert into Hospital.Prescribed(product_id,patient_registration_no,date_of_visit) values (56,130,'2013-08-04');
insert into Hospital.Visitation(patient_registration_no,date_of_visit,diagnosis) values (130,'2013-08-20','huali');
insert into Hospital.Consulted(employee_number,certification_no,patient_registration_no,date_of_visit) values(113,113112233,130,'2013-08-20');
insert into Hospital.Treated_by(patient_registration_no,date_of_visit,employee_number,treatment) values(130,2013-08-20,10);
insert into Hospital.Prescribed(product_id,patient_registration_no,date_of_visit) values (51,130,'2013-08-20');
insert into Hospital.Patient (patient_registration_no, name, ssn, address,contact_no,emergency_contact_no) values ( 130,'bwafi',942787132,'yxiij',11267673,79954705);
insert into Hospital.Physician (employee_number, certification_no,specialization) values ( 130,130112233,'Anesthesiology');
insert into Hospital.Belongs_to(employee_number,department_id) values (130,1);
insert into Hospital.Pharmaceutical_product(product_id,cost,manufacturer) values(131,318.3519849990418,'jaadd');
insert into Hospital.Medicine(product_id,medicine_name,dosage) values (131,'xjvhv','zfbev');
insert into Hospital.Employees (employee_number, name, location, ssn, home_address,phone_number,designation) values ( 131,'nncic','iztyrtukuuhvzxa',285434836,'rwxky',48149466,'Administration');
insert into Hospital.Visitation(patient_registration_no,date_of_visit,diagnosis) values (131,'2013-01-26','xbget');
insert into Hospital.Consulted(employee_number,certification_no,patient_registration_no,date_of_visit) values(35,35112233,131,'2013-01-26');
insert into Hospital.Treated_by(patient_registration_no,date_of_visit,employee_number,treatment) values(131,2013-01-26,71);
insert into Hospital.Prescribed(product_id,patient_registration_no,date_of_visit) values (86,131,'2013-01-26');
insert into Hospital.Visitation(patient_registration_no,date_of_visit,diagnosis) values (131,'2013-05-03','etbwk');
insert into Hospital.Consulted(employee_number,certification_no,patient_registration_no,date_of_visit) values(9,9112233,131,'2013-05-03');
insert into Hospital.Treated_by(patient_registration_no,date_of_visit,employee_number,treatment) values(131,2013-05-03,84);
insert into Hospital.Prescribed(product_id,patient_registration_no,date_of_visit) values (66,131,'2013-05-03');
insert into Hospital.Visitation(patient_registration_no,date_of_visit,diagnosis) values (131,'2013-03-15','nhmpl');
insert into Hospital.Consulted(employee_number,certification_no,patient_registration_no,date_of_visit) values(58,58112233,131,'2013-03-15');
insert into Hospital.Treated_by(patient_registration_no,date_of_visit,employee_number,treatment) values(131,2013-03-15,50);
insert into Hospital.Prescribed(product_id,patient_registration_no,date_of_visit) values (46,131,'2013-03-15');
insert into Hospital.Visitation(patient_registration_no,date_of_visit,diagnosis) values (131,'2013-04-13','stgud');
insert into Hospital.Consulted(employee_number,certification_no,patient_registration_no,date_of_visit) values(45,45112233,131,'2013-04-13');
insert into Hospital.Treated_by(patient_registration_no,date_of_visit,employee_number,treatment) values(131,2013-04-13,18);
insert into Hospital.Prescribed(product_id,patient_registration_no,date_of_visit) values (99,131,'2013-04-13');
insert into Hospital.Visitation(patient_registration_no,date_of_visit,diagnosis) values (131,'2013-05-09','yjbug');
insert into Hospital.Consulted(employee_number,certification_no,patient_registration_no,date_of_visit) values(55,55112233,131,'2013-05-09');
insert into Hospital.Treated_by(patient_registration_no,date_of_visit,employee_number,treatment) values(131,2013-05-09,125);
insert into Hospital.Prescribed(product_id,patient_registration_no,date_of_visit) values (52,131,'2013-05-09');
insert into Hospital.Patient (patient_registration_no, name, ssn, address,contact_no,emergency_contact_no) values ( 131,'romzy',808499482,'hoeoz',72883444,76828484);
insert into Hospital.Belongs_to(employee_number,department_id) values (131,2);
insert into Hospital.Pharmaceutical_product(product_id,cost,manufacturer) values(132,976.7568326721611,'cafty');
insert into Hospital.Medicine(product_id,medicine_name,dosage) values (132,'bfcgn','csnvz');
insert into Hospital.Employees (employee_number, name, location, ssn, home_address,phone_number,designation) values ( 132,'ybxrv','rxyrlvodvjpxcfp',733893114,'ufyth',21000650,'Nurse');
insert into Hospital.Visitation(patient_registration_no,date_of_visit,diagnosis) values (132,'2013-01-28','ncged');
insert into Hospital.Consulted(employee_number,certification_no,patient_registration_no,date_of_visit) values(94,94112233,132,'2013-01-28');
insert into Hospital.Treated_by(patient_registration_no,date_of_visit,employee_number,treatment) values(132,2013-01-28,73);
insert into Hospital.Prescribed(product_id,patient_registration_no,date_of_visit) values (99,132,'2013-01-28');
insert into Hospital.Visitation(patient_registration_no,date_of_visit,diagnosis) values (132,'2013-10-12','dtllr');
insert into Hospital.Consulted(employee_number,certification_no,patient_registration_no,date_of_visit) values(41,41112233,132,'2013-10-12');
insert into Hospital.Treated_by(patient_registration_no,date_of_visit,employee_number,treatment) values(132,2013-10-12,88);
insert into Hospital.Prescribed(product_id,patient_registration_no,date_of_visit) values (84,132,'2013-10-12');
insert into Hospital.Visitation(patient_registration_no,date_of_visit,diagnosis) values (132,'2013-10-11','hlcna');
insert into Hospital.Consulted(employee_number,certification_no,patient_registration_no,date_of_visit) values(13,13112233,132,'2013-10-11');
insert into Hospital.Treated_by(patient_registration_no,date_of_visit,employee_number,treatment) values(132,2013-10-11,49);
insert into Hospital.Prescribed(product_id,patient_registration_no,date_of_visit) values (108,132,'2013-10-11');
insert into Hospital.Visitation(patient_registration_no,date_of_visit,diagnosis) values (132,'2013-01-20','wrisu');
insert into Hospital.Consulted(employee_number,certification_no,patient_registration_no,date_of_visit) values(69,69112233,132,'2013-01-20');
insert into Hospital.Treated_by(patient_registration_no,date_of_visit,employee_number,treatment) values(132,2013-01-20,61);
insert into Hospital.Prescribed(product_id,patient_registration_no,date_of_visit) values (45,132,'2013-01-20');
insert into Hospital.Visitation(patient_registration_no,date_of_visit,diagnosis) values (132,'2013-07-29','eckbc');
insert into Hospital.Consulted(employee_number,certification_no,patient_registration_no,date_of_visit) values(12,12112233,132,'2013-07-29');
insert into Hospital.Treated_by(patient_registration_no,date_of_visit,employee_number,treatment) values(132,2013-07-29,126);
insert into Hospital.Prescribed(product_id,patient_registration_no,date_of_visit) values (118,132,'2013-07-29');
insert into Hospital.Patient (patient_registration_no, name, ssn, address,contact_no,emergency_contact_no) values ( 132,'rebbh',191513646,'xzfse',49260816,56280024);
insert into Hospital.Takes (employee_number,shift_name ) values ( 132,'morning');
insert into Hospital.Belongs_to(employee_number,department_id) values (132,3);
insert into Hospital.Pharmaceutical_product(product_id,cost,manufacturer) values(133,897.907916044614,'counu');
insert into Hospital.Employees (employee_number, name, location, ssn, home_address,phone_number,designation) values ( 133,'feydd','ayfcmgycalietpu',201825183,'dbgqf',57613370,'Doctor');
insert into Hospital.Visitation(patient_registration_no,date_of_visit,diagnosis) values (133,'2013-07-27','nxqgc');
insert into Hospital.Consulted(employee_number,certification_no,patient_registration_no,date_of_visit) values(66,66112233,133,'2013-07-27');
insert into Hospital.Treated_by(patient_registration_no,date_of_visit,employee_number,treatment) values(133,2013-07-27,73);
insert into Hospital.Prescribed(product_id,patient_registration_no,date_of_visit) values (66,133,'2013-07-27');
insert into Hospital.Visitation(patient_registration_no,date_of_visit,diagnosis) values (133,'2013-05-07','ckdkx');
insert into Hospital.Consulted(employee_number,certification_no,patient_registration_no,date_of_visit) values(85,85112233,133,'2013-05-07');
insert into Hospital.Treated_by(patient_registration_no,date_of_visit,employee_number,treatment) values(133,2013-05-07,26);
insert into Hospital.Prescribed(product_id,patient_registration_no,date_of_visit) values (46,133,'2013-05-07');
insert into Hospital.Visitation(patient_registration_no,date_of_visit,diagnosis) values (133,'2013-06-04','qpxjd');
insert into Hospital.Consulted(employee_number,certification_no,patient_registration_no,date_of_visit) values(75,75112233,133,'2013-06-04');
insert into Hospital.Treated_by(patient_registration_no,date_of_visit,employee_number,treatment) values(133,2013-06-04,76);
insert into Hospital.Prescribed(product_id,patient_registration_no,date_of_visit) values (132,133,'2013-06-04');
insert into Hospital.Visitation(patient_registration_no,date_of_visit,diagnosis) values (133,'2013-04-13','cilcs');
insert into Hospital.Consulted(employee_number,certification_no,patient_registration_no,date_of_visit) values(37,37112233,133,'2013-04-13');
insert into Hospital.Treated_by(patient_registration_no,date_of_visit,employee_number,treatment) values(133,2013-04-13,77);
insert into Hospital.Prescribed(product_id,patient_registration_no,date_of_visit) values (57,133,'2013-04-13');
insert into Hospital.Visitation(patient_registration_no,date_of_visit,diagnosis) values (133,'2013-02-10','clywv');
insert into Hospital.Consulted(employee_number,certification_no,patient_registration_no,date_of_visit) values(41,41112233,133,'2013-02-10');
insert into Hospital.Treated_by(patient_registration_no,date_of_visit,employee_number,treatment) values(133,2013-02-10,104);
insert into Hospital.Prescribed(product_id,patient_registration_no,date_of_visit) values (51,133,'2013-02-10');
insert into Hospital.Patient (patient_registration_no, name, ssn, address,contact_no,emergency_contact_no) values ( 133,'vnwpv',136798172,'dnsza',44166952,89258897);
insert into Hospital.Physician (employee_number, certification_no,specialization) values ( 133,133112233,'Anesthesiology');
insert into Hospital.Belongs_to(employee_number,department_id) values (133,1);
insert into Hospital.Pharmaceutical_product(product_id,cost,manufacturer) values(134,301.68744584945335,'jywdx');
insert into Hospital.Batch(batch_id,manufacture_date,expiry_date) values (134,'2013-03-16','2013-05-03');
insert into Hospital.Production(product_id,batch_id) values (134,134);
insert into Hospital.Batch(batch_id,manufacture_date,expiry_date) values (135,'2013-03-16','2013-05-03');
insert into Hospital.Production(product_id,batch_id) values (134,135);
insert into Hospital.Batch(batch_id,manufacture_date,expiry_date) values (136,'2013-03-16','2013-05-03');
insert into Hospital.Production(product_id,batch_id) values (134,136);
insert into Hospital.Batch(batch_id,manufacture_date,expiry_date) values (137,'2013-03-16','2013-05-03');
insert into Hospital.Production(product_id,batch_id) values (134,137);
insert into Hospital.Batch(batch_id,manufacture_date,expiry_date) values (138,'2013-03-16','2013-05-03');
insert into Hospital.Production(product_id,batch_id) values (134,138);
insert into Hospital.Medicine(product_id,medicine_name,dosage) values (134,'gxvav','njxwv');
insert into Hospital.Employees (employee_number, name, location, ssn, home_address,phone_number,designation) values ( 134,'nfmgj','fxeyomaizwycwuw',669912157,'vigce',60769478,'Radiology');
insert into Hospital.Visitation(patient_registration_no,date_of_visit,diagnosis) values (134,'2013-06-09','xdvkg');
insert into Hospital.Consulted(employee_number,certification_no,patient_registration_no,date_of_visit) values(46,46112233,134,'2013-06-09');
insert into Hospital.Treated_by(patient_registration_no,date_of_visit,employee_number,treatment) values(134,2013-06-09,64);
insert into Hospital.Prescribed(product_id,patient_registration_no,date_of_visit) values (129,134,'2013-06-09');
insert into Hospital.Visitation(patient_registration_no,date_of_visit,diagnosis) values (134,'2013-08-18','keiyh');
insert into Hospital.Consulted(employee_number,certification_no,patient_registration_no,date_of_visit) values(55,55112233,134,'2013-08-18');
insert into Hospital.Treated_by(patient_registration_no,date_of_visit,employee_number,treatment) values(134,2013-08-18,81);
insert into Hospital.Prescribed(product_id,patient_registration_no,date_of_visit) values (52,134,'2013-08-18');
insert into Hospital.Visitation(patient_registration_no,date_of_visit,diagnosis) values (134,'2013-07-25','uzhvs');
insert into Hospital.Consulted(employee_number,certification_no,patient_registration_no,date_of_visit) values(58,58112233,134,'2013-07-25');
insert into Hospital.Treated_by(patient_registration_no,date_of_visit,employee_number,treatment) values(134,2013-07-25,91);
insert into Hospital.Prescribed(product_id,patient_registration_no,date_of_visit) values (70,134,'2013-07-25');
insert into Hospital.Visitation(patient_registration_no,date_of_visit,diagnosis) values (134,'2013-08-02','rosbo');
insert into Hospital.Consulted(employee_number,certification_no,patient_registration_no,date_of_visit) values(37,37112233,134,'2013-08-02');
insert into Hospital.Treated_by(patient_registration_no,date_of_visit,employee_number,treatment) values(134,2013-08-02,88);
insert into Hospital.Prescribed(product_id,patient_registration_no,date_of_visit) values (118,134,'2013-08-02');
insert into Hospital.Visitation(patient_registration_no,date_of_visit,diagnosis) values (134,'2013-09-19','bnrlp');
insert into Hospital.Consulted(employee_number,certification_no,patient_registration_no,date_of_visit) values(120,120112233,134,'2013-09-19');
insert into Hospital.Treated_by(patient_registration_no,date_of_visit,employee_number,treatment) values(134,2013-09-19,103);
insert into Hospital.Prescribed(product_id,patient_registration_no,date_of_visit) values (85,134,'2013-09-19');
insert into Hospital.Patient (patient_registration_no, name, ssn, address,contact_no,emergency_contact_no) values ( 134,'dkzck',465717419,'jviej',23413498,60470673);
insert into Hospital.Takes (employee_number,shift_name ) values ( 134,'evening');
insert into Hospital.Belongs_to(employee_number,department_id) values (134,3);
insert into Hospital.Pharmaceutical_product(product_id,cost,manufacturer) values(135,704.2668012513918,'usynw');
insert into Hospital.Employees (employee_number, name, location, ssn, home_address,phone_number,designation) values ( 135,'nnnek','avwhdnhfdinhoyc',585765605,'esoke',50560034,'Administration');
insert into Hospital.Visitation(patient_registration_no,date_of_visit,diagnosis) values (135,'2013-03-05','pbhdg');
insert into Hospital.Consulted(employee_number,certification_no,patient_registration_no,date_of_visit) values(89,89112233,135,'2013-03-05');
insert into Hospital.Treated_by(patient_registration_no,date_of_visit,employee_number,treatment) values(135,2013-03-05,48);
insert into Hospital.Prescribed(product_id,patient_registration_no,date_of_visit) values (8,135,'2013-03-05');
insert into Hospital.Visitation(patient_registration_no,date_of_visit,diagnosis) values (135,'2013-09-22','bufje');
insert into Hospital.Consulted(employee_number,certification_no,patient_registration_no,date_of_visit) values(23,23112233,135,'2013-09-22');
insert into Hospital.Treated_by(patient_registration_no,date_of_visit,employee_number,treatment) values(135,2013-09-22,39);
insert into Hospital.Prescribed(product_id,patient_registration_no,date_of_visit) values (61,135,'2013-09-22');
insert into Hospital.Visitation(patient_registration_no,date_of_visit,diagnosis) values (135,'2013-06-01','hdpcf');
insert into Hospital.Consulted(employee_number,certification_no,patient_registration_no,date_of_visit) values(21,21112233,135,'2013-06-01');
insert into Hospital.Treated_by(patient_registration_no,date_of_visit,employee_number,treatment) values(135,2013-06-01,101);
insert into Hospital.Prescribed(product_id,patient_registration_no,date_of_visit) values (82,135,'2013-06-01');
insert into Hospital.Visitation(patient_registration_no,date_of_visit,diagnosis) values (135,'2013-07-31','peeov');
insert into Hospital.Consulted(employee_number,certification_no,patient_registration_no,date_of_visit) values(46,46112233,135,'2013-07-31');
insert into Hospital.Treated_by(patient_registration_no,date_of_visit,employee_number,treatment) values(135,2013-07-31,67);
insert into Hospital.Prescribed(product_id,patient_registration_no,date_of_visit) values (132,135,'2013-07-31');
insert into Hospital.Visitation(patient_registration_no,date_of_visit,diagnosis) values (135,'2013-05-06','dgtlv');
insert into Hospital.Consulted(employee_number,certification_no,patient_registration_no,date_of_visit) values(110,110112233,135,'2013-05-06');
insert into Hospital.Treated_by(patient_registration_no,date_of_visit,employee_number,treatment) values(135,2013-05-06,50);
insert into Hospital.Prescribed(product_id,patient_registration_no,date_of_visit) values (115,135,'2013-05-06');
insert into Hospital.Patient (patient_registration_no, name, ssn, address,contact_no,emergency_contact_no) values ( 135,'ozbrj',52852863,'zikyv',70241450,20719115);
insert into Hospital.Belongs_to(employee_number,department_id) values (135,2);
insert into Hospital.Pharmaceutical_product(product_id,cost,manufacturer) values(136,519.8884291015582,'vglsz');
insert into Hospital.Employees (employee_number, name, location, ssn, home_address,phone_number,designation) values ( 136,'cdokx','umtzdlugysgdnep',195876358,'aysnn',45624392,'Administration');
insert into Hospital.Visitation(patient_registration_no,date_of_visit,diagnosis) values (136,'2013-05-14','quwni');
insert into Hospital.Consulted(employee_number,certification_no,patient_registration_no,date_of_visit) values(35,35112233,136,'2013-05-14');
insert into Hospital.Treated_by(patient_registration_no,date_of_visit,employee_number,treatment) values(136,2013-05-14,104);
insert into Hospital.Prescribed(product_id,patient_registration_no,date_of_visit) values (41,136,'2013-05-14');
insert into Hospital.Visitation(patient_registration_no,date_of_visit,diagnosis) values (136,'2013-10-04','cngaf');
insert into Hospital.Consulted(employee_number,certification_no,patient_registration_no,date_of_visit) values(94,94112233,136,'2013-10-04');
insert into Hospital.Treated_by(patient_registration_no,date_of_visit,employee_number,treatment) values(136,2013-10-04,50);
insert into Hospital.Prescribed(product_id,patient_registration_no,date_of_visit) values (11,136,'2013-10-04');
insert into Hospital.Visitation(patient_registration_no,date_of_visit,diagnosis) values (136,'2013-10-12','zcema');
insert into Hospital.Consulted(employee_number,certification_no,patient_registration_no,date_of_visit) values(23,23112233,136,'2013-10-12');
insert into Hospital.Treated_by(patient_registration_no,date_of_visit,employee_number,treatment) values(136,2013-10-12,81);
insert into Hospital.Prescribed(product_id,patient_registration_no,date_of_visit) values (2,136,'2013-10-12');
insert into Hospital.Visitation(patient_registration_no,date_of_visit,diagnosis) values (136,'2013-03-05','mmirx');
insert into Hospital.Consulted(employee_number,certification_no,patient_registration_no,date_of_visit) values(1,1112233,136,'2013-03-05');
insert into Hospital.Treated_by(patient_registration_no,date_of_visit,employee_number,treatment) values(136,2013-03-05,83);
insert into Hospital.Prescribed(product_id,patient_registration_no,date_of_visit) values (126,136,'2013-03-05');
insert into Hospital.Visitation(patient_registration_no,date_of_visit,diagnosis) values (136,'2013-01-12','hdolz');
insert into Hospital.Consulted(employee_number,certification_no,patient_registration_no,date_of_visit) values(58,58112233,136,'2013-01-12');
insert into Hospital.Treated_by(patient_registration_no,date_of_visit,employee_number,treatment) values(136,2013-01-12,19);
insert into Hospital.Prescribed(product_id,patient_registration_no,date_of_visit) values (28,136,'2013-01-12');
insert into Hospital.Patient (patient_registration_no, name, ssn, address,contact_no,emergency_contact_no) values ( 136,'larzv',922595580,'qzbnh',47595114,24778125);
insert into Hospital.Belongs_to(employee_number,department_id) values (136,2);
insert into Hospital.Pharmaceutical_product(product_id,cost,manufacturer) values(137,171.97720181987833,'hrfav');
insert into Hospital.Medicine(product_id,medicine_name,dosage) values (137,'pequr','wkbdl');
insert into Hospital.Employees (employee_number, name, location, ssn, home_address,phone_number,designation) values ( 137,'whzqv','dpbjlstedtznpdd',942523224,'qnnuo',92687308,'Doctor');
insert into Hospital.Visitation(patient_registration_no,date_of_visit,diagnosis) values (137,'2013-10-22','kkobp');
insert into Hospital.Consulted(employee_number,certification_no,patient_registration_no,date_of_visit) values(8,8112233,137,'2013-10-22');
insert into Hospital.Treated_by(patient_registration_no,date_of_visit,employee_number,treatment) values(137,2013-10-22,49);
insert into Hospital.Prescribed(product_id,patient_registration_no,date_of_visit) values (57,137,'2013-10-22');
insert into Hospital.Visitation(patient_registration_no,date_of_visit,diagnosis) values (137,'2013-05-11','fsmtf');
insert into Hospital.Consulted(employee_number,certification_no,patient_registration_no,date_of_visit) values(44,44112233,137,'2013-05-11');
insert into Hospital.Treated_by(patient_registration_no,date_of_visit,employee_number,treatment) values(137,2013-05-11,47);
insert into Hospital.Prescribed(product_id,patient_registration_no,date_of_visit) values (41,137,'2013-05-11');
insert into Hospital.Visitation(patient_registration_no,date_of_visit,diagnosis) values (137,'2013-10-12','xlnqc');
insert into Hospital.Consulted(employee_number,certification_no,patient_registration_no,date_of_visit) values(89,89112233,137,'2013-10-12');
insert into Hospital.Treated_by(patient_registration_no,date_of_visit,employee_number,treatment) values(137,2013-10-12,30);
insert into Hospital.Prescribed(product_id,patient_registration_no,date_of_visit) values (91,137,'2013-10-12');
insert into Hospital.Visitation(patient_registration_no,date_of_visit,diagnosis) values (137,'2013-06-09','yknqq');
insert into Hospital.Consulted(employee_number,certification_no,patient_registration_no,date_of_visit) values(113,113112233,137,'2013-06-09');
insert into Hospital.Treated_by(patient_registration_no,date_of_visit,employee_number,treatment) values(137,2013-06-09,49);
insert into Hospital.Prescribed(product_id,patient_registration_no,date_of_visit) values (46,137,'2013-06-09');
insert into Hospital.Visitation(patient_registration_no,date_of_visit,diagnosis) values (137,'2013-08-16','qvcmk');
insert into Hospital.Consulted(employee_number,certification_no,patient_registration_no,date_of_visit) values(110,110112233,137,'2013-08-16');
insert into Hospital.Treated_by(patient_registration_no,date_of_visit,employee_number,treatment) values(137,2013-08-16,134);
insert into Hospital.Prescribed(product_id,patient_registration_no,date_of_visit) values (123,137,'2013-08-16');
insert into Hospital.Patient (patient_registration_no, name, ssn, address,contact_no,emergency_contact_no) values ( 137,'lfpdj',248072880,'ihaug',61249442,52312635);
insert into Hospital.Physician (employee_number, certification_no,specialization) values ( 137,137112233,'Anesthesiology');
insert into Hospital.Belongs_to(employee_number,department_id) values (137,1);
insert into Hospital.Pharmaceutical_product(product_id,cost,manufacturer) values(138,128.2972500464814,'xixxe');
insert into Hospital.Batch(batch_id,manufacture_date,expiry_date) values (138,'2013-03-20','2013-03-26');
insert into Hospital.Production(product_id,batch_id) values (138,138);
insert into Hospital.Batch(batch_id,manufacture_date,expiry_date) values (139,'2013-03-20','2013-03-26');
insert into Hospital.Production(product_id,batch_id) values (138,139);
insert into Hospital.Batch(batch_id,manufacture_date,expiry_date) values (140,'2013-03-20','2013-03-26');
insert into Hospital.Production(product_id,batch_id) values (138,140);
insert into Hospital.Batch(batch_id,manufacture_date,expiry_date) values (141,'2013-03-20','2013-03-26');
insert into Hospital.Production(product_id,batch_id) values (138,141);
insert into Hospital.Batch(batch_id,manufacture_date,expiry_date) values (142,'2013-03-20','2013-03-26');
insert into Hospital.Production(product_id,batch_id) values (138,142);
insert into Hospital.Medicine(product_id,medicine_name,dosage) values (138,'fjxlh','dkxxc');
insert into Hospital.Employees (employee_number, name, location, ssn, home_address,phone_number,designation) values ( 138,'gtiug','jaeoewjxbkwjgdp',648042611,'ggglk',89917489,'Administration');
insert into Hospital.Visitation(patient_registration_no,date_of_visit,diagnosis) values (138,'2013-09-07','liuoh');
insert into Hospital.Consulted(employee_number,certification_no,patient_registration_no,date_of_visit) values(113,113112233,138,'2013-09-07');
insert into Hospital.Treated_by(patient_registration_no,date_of_visit,employee_number,treatment) values(138,2013-09-07,19);
insert into Hospital.Prescribed(product_id,patient_registration_no,date_of_visit) values (26,138,'2013-09-07');
insert into Hospital.Visitation(patient_registration_no,date_of_visit,diagnosis) values (138,'2013-03-13','hrlns');
insert into Hospital.Consulted(employee_number,certification_no,patient_registration_no,date_of_visit) values(89,89112233,138,'2013-03-13');
insert into Hospital.Treated_by(patient_registration_no,date_of_visit,employee_number,treatment) values(138,2013-03-13,63);
insert into Hospital.Prescribed(product_id,patient_registration_no,date_of_visit) values (82,138,'2013-03-13');
insert into Hospital.Visitation(patient_registration_no,date_of_visit,diagnosis) values (138,'2013-10-21','iseuo');
insert into Hospital.Consulted(employee_number,certification_no,patient_registration_no,date_of_visit) values(29,29112233,138,'2013-10-21');
insert into Hospital.Treated_by(patient_registration_no,date_of_visit,employee_number,treatment) values(138,2013-10-21,47);
insert into Hospital.Prescribed(product_id,patient_registration_no,date_of_visit) values (87,138,'2013-10-21');
insert into Hospital.Visitation(patient_registration_no,date_of_visit,diagnosis) values (138,'2013-02-26','oysau');
insert into Hospital.Consulted(employee_number,certification_no,patient_registration_no,date_of_visit) values(89,89112233,138,'2013-02-26');
insert into Hospital.Treated_by(patient_registration_no,date_of_visit,employee_number,treatment) values(138,2013-02-26,71);
insert into Hospital.Prescribed(product_id,patient_registration_no,date_of_visit) values (98,138,'2013-02-26');
insert into Hospital.Visitation(patient_registration_no,date_of_visit,diagnosis) values (138,'2013-06-15','spyeq');
insert into Hospital.Consulted(employee_number,certification_no,patient_registration_no,date_of_visit) values(45,45112233,138,'2013-06-15');
insert into Hospital.Treated_by(patient_registration_no,date_of_visit,employee_number,treatment) values(138,2013-06-15,49);
insert into Hospital.Prescribed(product_id,patient_registration_no,date_of_visit) values (115,138,'2013-06-15');
insert into Hospital.Patient (patient_registration_no, name, ssn, address,contact_no,emergency_contact_no) values ( 138,'qgrvn',74842647,'fleal',37261526,86520727);
insert into Hospital.Belongs_to(employee_number,department_id) values (138,2);
insert into Hospital.Pharmaceutical_product(product_id,cost,manufacturer) values(139,710.145277359606,'qmqqm');
insert into Hospital.Employees (employee_number, name, location, ssn, home_address,phone_number,designation) values ( 139,'rnwlj','czqgwpesopjxrhp',899553382,'rnsvk',78823906,'Doctor');
insert into Hospital.Visitation(patient_registration_no,date_of_visit,diagnosis) values (139,'2013-05-09','vggit');
insert into Hospital.Consulted(employee_number,certification_no,patient_registration_no,date_of_visit) values(8,8112233,139,'2013-05-09');
insert into Hospital.Treated_by(patient_registration_no,date_of_visit,employee_number,treatment) values(139,2013-05-09,10);
insert into Hospital.Prescribed(product_id,patient_registration_no,date_of_visit) values (21,139,'2013-05-09');
insert into Hospital.Visitation(patient_registration_no,date_of_visit,diagnosis) values (139,'2013-05-22','cianj');
insert into Hospital.Consulted(employee_number,certification_no,patient_registration_no,date_of_visit) values(75,75112233,139,'2013-05-22');
insert into Hospital.Treated_by(patient_registration_no,date_of_visit,employee_number,treatment) values(139,2013-05-22,73);
insert into Hospital.Prescribed(product_id,patient_registration_no,date_of_visit) values (99,139,'2013-05-22');
insert into Hospital.Visitation(patient_registration_no,date_of_visit,diagnosis) values (139,'2013-08-08','pxwwy');
insert into Hospital.Consulted(employee_number,certification_no,patient_registration_no,date_of_visit) values(45,45112233,139,'2013-08-08');
insert into Hospital.Treated_by(patient_registration_no,date_of_visit,employee_number,treatment) values(139,2013-08-08,18);
insert into Hospital.Prescribed(product_id,patient_registration_no,date_of_visit) values (41,139,'2013-08-08');
insert into Hospital.Visitation(patient_registration_no,date_of_visit,diagnosis) values (139,'2013-08-14','wuoux');
insert into Hospital.Consulted(employee_number,certification_no,patient_registration_no,date_of_visit) values(21,21112233,139,'2013-08-14');
insert into Hospital.Treated_by(patient_registration_no,date_of_visit,employee_number,treatment) values(139,2013-08-14,10);
insert into Hospital.Prescribed(product_id,patient_registration_no,date_of_visit) values (90,139,'2013-08-14');
insert into Hospital.Visitation(patient_registration_no,date_of_visit,diagnosis) values (139,'2013-06-21','blguy');
insert into Hospital.Consulted(employee_number,certification_no,patient_registration_no,date_of_visit) values(37,37112233,139,'2013-06-21');
insert into Hospital.Treated_by(patient_registration_no,date_of_visit,employee_number,treatment) values(139,2013-06-21,134);
insert into Hospital.Prescribed(product_id,patient_registration_no,date_of_visit) values (3,139,'2013-06-21');
insert into Hospital.Patient (patient_registration_no, name, ssn, address,contact_no,emergency_contact_no) values ( 139,'vrzpy',68426261,'uacvi',74873672,34710977);
insert into Hospital.Physician (employee_number, certification_no,specialization) values ( 139,139112233,'Cardiology');
insert into Hospital.Belongs_to(employee_number,department_id) values (139,1);
insert into Hospital.Pharmaceutical_product(product_id,cost,manufacturer) values(140,526.5567902279723,'wruvb');
insert into Hospital.Medicine(product_id,medicine_name,dosage) values (140,'iewvh','qibnq');
insert into Hospital.Employees (employee_number, name, location, ssn, home_address,phone_number,designation) values ( 140,'lfnwy','nmmvviakappqbip',807455257,'dnzkd',67540477,'Nurse');
insert into Hospital.Visitation(patient_registration_no,date_of_visit,diagnosis) values (140,'2013-06-02','hpwvl');
insert into Hospital.Consulted(employee_number,certification_no,patient_registration_no,date_of_visit) values(113,113112233,140,'2013-06-02');
insert into Hospital.Treated_by(patient_registration_no,date_of_visit,employee_number,treatment) values(140,2013-06-02,30);
insert into Hospital.Prescribed(product_id,patient_registration_no,date_of_visit) values (65,140,'2013-06-02');
insert into Hospital.Visitation(patient_registration_no,date_of_visit,diagnosis) values (140,'2013-08-23','mjhwk');
insert into Hospital.Consulted(employee_number,certification_no,patient_registration_no,date_of_visit) values(111,111112233,140,'2013-08-23');
insert into Hospital.Treated_by(patient_registration_no,date_of_visit,employee_number,treatment) values(140,2013-08-23,50);
insert into Hospital.Prescribed(product_id,patient_registration_no,date_of_visit) values (90,140,'2013-08-23');
insert into Hospital.Visitation(patient_registration_no,date_of_visit,diagnosis) values (140,'2013-03-04','xhevs');
insert into Hospital.Consulted(employee_number,certification_no,patient_registration_no,date_of_visit) values(51,51112233,140,'2013-03-04');
insert into Hospital.Treated_by(patient_registration_no,date_of_visit,employee_number,treatment) values(140,2013-03-04,88);
insert into Hospital.Prescribed(product_id,patient_registration_no,date_of_visit) values (31,140,'2013-03-04');
insert into Hospital.Visitation(patient_registration_no,date_of_visit,diagnosis) values (140,'2013-09-08','wlvas');
insert into Hospital.Consulted(employee_number,certification_no,patient_registration_no,date_of_visit) values(133,133112233,140,'2013-09-08');
insert into Hospital.Treated_by(patient_registration_no,date_of_visit,employee_number,treatment) values(140,2013-09-08,87);
insert into Hospital.Prescribed(product_id,patient_registration_no,date_of_visit) values (37,140,'2013-09-08');
insert into Hospital.Visitation(patient_registration_no,date_of_visit,diagnosis) values (140,'2013-07-20','smoin');
insert into Hospital.Consulted(employee_number,certification_no,patient_registration_no,date_of_visit) values(2,2112233,140,'2013-07-20');
insert into Hospital.Treated_by(patient_registration_no,date_of_visit,employee_number,treatment) values(140,2013-07-20,48);
insert into Hospital.Prescribed(product_id,patient_registration_no,date_of_visit) values (79,140,'2013-07-20');
insert into Hospital.Patient (patient_registration_no, name, ssn, address,contact_no,emergency_contact_no) values ( 140,'mlywc',64432788,'duzru',35613236,54411884);
insert into Hospital.Takes (employee_number,shift_name ) values ( 140,'evening');
insert into Hospital.Belongs_to(employee_number,department_id) values (140,3);
insert into Hospital.Pharmaceutical_product(product_id,cost,manufacturer) values(141,373.777783687793,'bendg');
insert into Hospital.Batch(batch_id,manufacture_date,expiry_date) values (141,'2013-06-09','2013-09-05');
insert into Hospital.Production(product_id,batch_id) values (141,141);
insert into Hospital.Batch(batch_id,manufacture_date,expiry_date) values (142,'2013-06-09','2013-09-05');
insert into Hospital.Production(product_id,batch_id) values (141,142);
insert into Hospital.Batch(batch_id,manufacture_date,expiry_date) values (143,'2013-06-09','2013-09-05');
insert into Hospital.Production(product_id,batch_id) values (141,143);
insert into Hospital.Batch(batch_id,manufacture_date,expiry_date) values (144,'2013-06-09','2013-09-05');
insert into Hospital.Production(product_id,batch_id) values (141,144);
insert into Hospital.Batch(batch_id,manufacture_date,expiry_date) values (145,'2013-06-09','2013-09-05');
insert into Hospital.Production(product_id,batch_id) values (141,145);
insert into Hospital.Medicine(product_id,medicine_name,dosage) values (141,'glwni','ddsvk');
insert into Hospital.Employees (employee_number, name, location, ssn, home_address,phone_number,designation) values ( 141,'ndebi','rljblqahgtaghtl',986348193,'txoaz',46382318,'Doctor');
insert into Hospital.Visitation(patient_registration_no,date_of_visit,diagnosis) values (141,'2013-03-20','aodhe');
insert into Hospital.Consulted(employee_number,certification_no,patient_registration_no,date_of_visit) values(94,94112233,141,'2013-03-20');
insert into Hospital.Treated_by(patient_registration_no,date_of_visit,employee_number,treatment) values(141,2013-03-20,96);
insert into Hospital.Prescribed(product_id,patient_registration_no,date_of_visit) values (122,141,'2013-03-20');
insert into Hospital.Visitation(patient_registration_no,date_of_visit,diagnosis) values (141,'2013-03-04','uppkb');
insert into Hospital.Consulted(employee_number,certification_no,patient_registration_no,date_of_visit) values(107,107112233,141,'2013-03-04');
insert into Hospital.Treated_by(patient_registration_no,date_of_visit,employee_number,treatment) values(141,2013-03-04,10);
insert into Hospital.Prescribed(product_id,patient_registration_no,date_of_visit) values (104,141,'2013-03-04');
insert into Hospital.Visitation(patient_registration_no,date_of_visit,diagnosis) values (141,'2013-07-22','ctlvr');
insert into Hospital.Consulted(employee_number,certification_no,patient_registration_no,date_of_visit) values(75,75112233,141,'2013-07-22');
insert into Hospital.Treated_by(patient_registration_no,date_of_visit,employee_number,treatment) values(141,2013-07-22,50);
insert into Hospital.Prescribed(product_id,patient_registration_no,date_of_visit) values (132,141,'2013-07-22');
insert into Hospital.Visitation(patient_registration_no,date_of_visit,diagnosis) values (141,'2013-09-27','klzja');
insert into Hospital.Consulted(employee_number,certification_no,patient_registration_no,date_of_visit) values(51,51112233,141,'2013-09-27');
insert into Hospital.Treated_by(patient_registration_no,date_of_visit,employee_number,treatment) values(141,2013-09-27,134);
insert into Hospital.Prescribed(product_id,patient_registration_no,date_of_visit) values (55,141,'2013-09-27');
insert into Hospital.Visitation(patient_registration_no,date_of_visit,diagnosis) values (141,'2013-07-10','ualkr');
insert into Hospital.Consulted(employee_number,certification_no,patient_registration_no,date_of_visit) values(110,110112233,141,'2013-07-10');
insert into Hospital.Treated_by(patient_registration_no,date_of_visit,employee_number,treatment) values(141,2013-07-10,52);
insert into Hospital.Prescribed(product_id,patient_registration_no,date_of_visit) values (48,141,'2013-07-10');
insert into Hospital.Patient (patient_registration_no, name, ssn, address,contact_no,emergency_contact_no) values ( 141,'dwjhd',341699768,'pehgr',21502092,17253031);
insert into Hospital.Physician (employee_number, certification_no,specialization) values ( 141,141112233,'Cardiology');
insert into Hospital.Belongs_to(employee_number,department_id) values (141,1);
insert into Hospital.Pharmaceutical_product(product_id,cost,manufacturer) values(142,352.4290634757226,'ytvna');
insert into Hospital.Batch(batch_id,manufacture_date,expiry_date) values (142,'2013-05-30','2013-06-30');
insert into Hospital.Production(product_id,batch_id) values (142,142);
insert into Hospital.Batch(batch_id,manufacture_date,expiry_date) values (143,'2013-05-30','2013-06-30');
insert into Hospital.Production(product_id,batch_id) values (142,143);
insert into Hospital.Batch(batch_id,manufacture_date,expiry_date) values (144,'2013-05-30','2013-06-30');
insert into Hospital.Production(product_id,batch_id) values (142,144);
insert into Hospital.Batch(batch_id,manufacture_date,expiry_date) values (145,'2013-05-30','2013-06-30');
insert into Hospital.Production(product_id,batch_id) values (142,145);
insert into Hospital.Batch(batch_id,manufacture_date,expiry_date) values (146,'2013-05-30','2013-06-30');
insert into Hospital.Production(product_id,batch_id) values (142,146);
insert into Hospital.Employees (employee_number, name, location, ssn, home_address,phone_number,designation) values ( 142,'ljrbu','uczfphodzceazql',199182743,'hteza',85543538,'Nurse');
insert into Hospital.Visitation(patient_registration_no,date_of_visit,diagnosis) values (142,'2013-06-09','zfupo');
insert into Hospital.Consulted(employee_number,certification_no,patient_registration_no,date_of_visit) values(122,122112233,142,'2013-06-09');
insert into Hospital.Treated_by(patient_registration_no,date_of_visit,employee_number,treatment) values(142,2013-06-09,81);
insert into Hospital.Prescribed(product_id,patient_registration_no,date_of_visit) values (26,142,'2013-06-09');
insert into Hospital.Visitation(patient_registration_no,date_of_visit,diagnosis) values (142,'2013-09-15','ynlth');
insert into Hospital.Consulted(employee_number,certification_no,patient_registration_no,date_of_visit) values(137,137112233,142,'2013-09-15');
insert into Hospital.Treated_by(patient_registration_no,date_of_visit,employee_number,treatment) values(142,2013-09-15,101);
insert into Hospital.Prescribed(product_id,patient_registration_no,date_of_visit) values (84,142,'2013-09-15');
insert into Hospital.Visitation(patient_registration_no,date_of_visit,diagnosis) values (142,'2013-02-15','kpkme');
insert into Hospital.Consulted(employee_number,certification_no,patient_registration_no,date_of_visit) values(137,137112233,142,'2013-02-15');
insert into Hospital.Treated_by(patient_registration_no,date_of_visit,employee_number,treatment) values(142,2013-02-15,48);
insert into Hospital.Prescribed(product_id,patient_registration_no,date_of_visit) values (52,142,'2013-02-15');
insert into Hospital.Visitation(patient_registration_no,date_of_visit,diagnosis) values (142,'2013-05-24','kmhyj');
insert into Hospital.Consulted(employee_number,certification_no,patient_registration_no,date_of_visit) values(46,46112233,142,'2013-05-24');
insert into Hospital.Treated_by(patient_registration_no,date_of_visit,employee_number,treatment) values(142,2013-05-24,73);
insert into Hospital.Prescribed(product_id,patient_registration_no,date_of_visit) values (63,142,'2013-05-24');
insert into Hospital.Visitation(patient_registration_no,date_of_visit,diagnosis) values (142,'2013-02-07','udjap');
insert into Hospital.Consulted(employee_number,certification_no,patient_registration_no,date_of_visit) values(111,111112233,142,'2013-02-07');
insert into Hospital.Treated_by(patient_registration_no,date_of_visit,employee_number,treatment) values(142,2013-02-07,134);
insert into Hospital.Prescribed(product_id,patient_registration_no,date_of_visit) values (52,142,'2013-02-07');
insert into Hospital.Patient (patient_registration_no, name, ssn, address,contact_no,emergency_contact_no) values ( 142,'ozwgz',363840797,'invyh',69583044,53359011);
insert into Hospital.Takes (employee_number,shift_name ) values ( 142,'evening');
insert into Hospital.Belongs_to(employee_number,department_id) values (142,3);
insert into Hospital.Pharmaceutical_product(product_id,cost,manufacturer) values(143,658.4903144558431,'eqddb');
insert into Hospital.Employees (employee_number, name, location, ssn, home_address,phone_number,designation) values ( 143,'mqakd','xfjulvebqmmrwoc',375811991,'nqipx',71941882,'Radiology');
insert into Hospital.Visitation(patient_registration_no,date_of_visit,diagnosis) values (143,'2013-03-18','phyzk');
insert into Hospital.Consulted(employee_number,certification_no,patient_registration_no,date_of_visit) values(46,46112233,143,'2013-03-18');
insert into Hospital.Treated_by(patient_registration_no,date_of_visit,employee_number,treatment) values(143,2013-03-18,96);
insert into Hospital.Prescribed(product_id,patient_registration_no,date_of_visit) values (85,143,'2013-03-18');
insert into Hospital.Visitation(patient_registration_no,date_of_visit,diagnosis) values (143,'2013-06-09','tpjcr');
insert into Hospital.Consulted(employee_number,certification_no,patient_registration_no,date_of_visit) values(34,34112233,143,'2013-06-09');
insert into Hospital.Treated_by(patient_registration_no,date_of_visit,employee_number,treatment) values(143,2013-06-09,39);
insert into Hospital.Prescribed(product_id,patient_registration_no,date_of_visit) values (138,143,'2013-06-09');
insert into Hospital.Visitation(patient_registration_no,date_of_visit,diagnosis) values (143,'2013-04-20','hpfgb');
insert into Hospital.Consulted(employee_number,certification_no,patient_registration_no,date_of_visit) values(12,12112233,143,'2013-04-20');
insert into Hospital.Treated_by(patient_registration_no,date_of_visit,employee_number,treatment) values(143,2013-04-20,112);
insert into Hospital.Prescribed(product_id,patient_registration_no,date_of_visit) values (24,143,'2013-04-20');
insert into Hospital.Visitation(patient_registration_no,date_of_visit,diagnosis) values (143,'2013-05-20','yogkc');
insert into Hospital.Consulted(employee_number,certification_no,patient_registration_no,date_of_visit) values(9,9112233,143,'2013-05-20');
insert into Hospital.Treated_by(patient_registration_no,date_of_visit,employee_number,treatment) values(143,2013-05-20,134);
insert into Hospital.Prescribed(product_id,patient_registration_no,date_of_visit) values (28,143,'2013-05-20');
insert into Hospital.Visitation(patient_registration_no,date_of_visit,diagnosis) values (143,'2013-06-17','wyxbt');
insert into Hospital.Consulted(employee_number,certification_no,patient_registration_no,date_of_visit) values(60,60112233,143,'2013-06-17');
insert into Hospital.Treated_by(patient_registration_no,date_of_visit,employee_number,treatment) values(143,2013-06-17,77);
insert into Hospital.Prescribed(product_id,patient_registration_no,date_of_visit) values (5,143,'2013-06-17');
insert into Hospital.Patient (patient_registration_no, name, ssn, address,contact_no,emergency_contact_no) values ( 143,'nolih',124600604,'yvokd',45177149,78160690);
insert into Hospital.Takes (employee_number,shift_name ) values ( 143,'night');
insert into Hospital.Belongs_to(employee_number,department_id) values (143,3);
insert into Hospital.Pharmaceutical_product(product_id,cost,manufacturer) values(144,536.2826861256108,'xvjyw');
insert into Hospital.Batch(batch_id,manufacture_date,expiry_date) values (144,'2013-03-08','2013-07-30');
insert into Hospital.Production(product_id,batch_id) values (144,144);
insert into Hospital.Batch(batch_id,manufacture_date,expiry_date) values (145,'2013-03-08','2013-07-30');
insert into Hospital.Production(product_id,batch_id) values (144,145);
insert into Hospital.Batch(batch_id,manufacture_date,expiry_date) values (146,'2013-03-08','2013-07-30');
insert into Hospital.Production(product_id,batch_id) values (144,146);
insert into Hospital.Batch(batch_id,manufacture_date,expiry_date) values (147,'2013-03-08','2013-07-30');
insert into Hospital.Production(product_id,batch_id) values (144,147);
insert into Hospital.Batch(batch_id,manufacture_date,expiry_date) values (148,'2013-03-08','2013-07-30');
insert into Hospital.Production(product_id,batch_id) values (144,148);
insert into Hospital.Medicine(product_id,medicine_name,dosage) values (144,'bxihb','gzhli');
insert into Hospital.Employees (employee_number, name, location, ssn, home_address,phone_number,designation) values ( 144,'zlovc','tymwovoofiaojeg',96256627,'tmgtd',77142942,'Administration');
insert into Hospital.Visitation(patient_registration_no,date_of_visit,diagnosis) values (144,'2013-08-14','rgpzq');
insert into Hospital.Consulted(employee_number,certification_no,patient_registration_no,date_of_visit) values(58,58112233,144,'2013-08-14');
insert into Hospital.Treated_by(patient_registration_no,date_of_visit,employee_number,treatment) values(144,2013-08-14,87);
insert into Hospital.Prescribed(product_id,patient_registration_no,date_of_visit) values (19,144,'2013-08-14');
insert into Hospital.Visitation(patient_registration_no,date_of_visit,diagnosis) values (144,'2013-08-31','rchof');
insert into Hospital.Consulted(employee_number,certification_no,patient_registration_no,date_of_visit) values(13,13112233,144,'2013-08-31');
insert into Hospital.Treated_by(patient_registration_no,date_of_visit,employee_number,treatment) values(144,2013-08-31,71);
insert into Hospital.Prescribed(product_id,patient_registration_no,date_of_visit) values (7,144,'2013-08-31');
insert into Hospital.Visitation(patient_registration_no,date_of_visit,diagnosis) values (144,'2013-04-09','multz');
insert into Hospital.Consulted(employee_number,certification_no,patient_registration_no,date_of_visit) values(128,128112233,144,'2013-04-09');
insert into Hospital.Treated_by(patient_registration_no,date_of_visit,employee_number,treatment) values(144,2013-04-09,101);
insert into Hospital.Prescribed(product_id,patient_registration_no,date_of_visit) values (2,144,'2013-04-09');
insert into Hospital.Visitation(patient_registration_no,date_of_visit,diagnosis) values (144,'2013-01-01','wczlc');
insert into Hospital.Consulted(employee_number,certification_no,patient_registration_no,date_of_visit) values(12,12112233,144,'2013-01-01');
insert into Hospital.Treated_by(patient_registration_no,date_of_visit,employee_number,treatment) values(144,2013-01-01,103);
insert into Hospital.Prescribed(product_id,patient_registration_no,date_of_visit) values (119,144,'2013-01-01');
insert into Hospital.Visitation(patient_registration_no,date_of_visit,diagnosis) values (144,'2013-07-22','mremi');
insert into Hospital.Consulted(employee_number,certification_no,patient_registration_no,date_of_visit) values(137,137112233,144,'2013-07-22');
insert into Hospital.Treated_by(patient_registration_no,date_of_visit,employee_number,treatment) values(144,2013-07-22,104);
insert into Hospital.Prescribed(product_id,patient_registration_no,date_of_visit) values (69,144,'2013-07-22');
insert into Hospital.Patient (patient_registration_no, name, ssn, address,contact_no,emergency_contact_no) values ( 144,'jvvhe',96319401,'xvsqm',26629422,25609275);
insert into Hospital.Belongs_to(employee_number,department_id) values (144,2);
insert into Hospital.Pharmaceutical_product(product_id,cost,manufacturer) values(145,575.6037735879627,'cxfpg');
insert into Hospital.Employees (employee_number, name, location, ssn, home_address,phone_number,designation) values ( 145,'mwtwj','xbwiwiphvzighxj',454645495,'xflah',56720547,'Nurse');
insert into Hospital.Visitation(patient_registration_no,date_of_visit,diagnosis) values (145,'2013-01-07','xetpc');
insert into Hospital.Consulted(employee_number,certification_no,patient_registration_no,date_of_visit) values(69,69112233,145,'2013-01-07');
insert into Hospital.Treated_by(patient_registration_no,date_of_visit,employee_number,treatment) values(145,2013-01-07,83);
insert into Hospital.Prescribed(product_id,patient_registration_no,date_of_visit) values (132,145,'2013-01-07');
insert into Hospital.Visitation(patient_registration_no,date_of_visit,diagnosis) values (145,'2013-04-25','urthk');
insert into Hospital.Consulted(employee_number,certification_no,patient_registration_no,date_of_visit) values(13,13112233,145,'2013-04-25');
insert into Hospital.Treated_by(patient_registration_no,date_of_visit,employee_number,treatment) values(145,2013-04-25,50);
insert into Hospital.Prescribed(product_id,patient_registration_no,date_of_visit) values (112,145,'2013-04-25');
insert into Hospital.Visitation(patient_registration_no,date_of_visit,diagnosis) values (145,'2013-04-14','tvxyd');
insert into Hospital.Consulted(employee_number,certification_no,patient_registration_no,date_of_visit) values(141,141112233,145,'2013-04-14');
insert into Hospital.Treated_by(patient_registration_no,date_of_visit,employee_number,treatment) values(145,2013-04-14,91);
insert into Hospital.Prescribed(product_id,patient_registration_no,date_of_visit) values (129,145,'2013-04-14');
insert into Hospital.Visitation(patient_registration_no,date_of_visit,diagnosis) values (145,'2013-08-01','lwstp');
insert into Hospital.Consulted(employee_number,certification_no,patient_registration_no,date_of_visit) values(113,113112233,145,'2013-08-01');
insert into Hospital.Treated_by(patient_registration_no,date_of_visit,employee_number,treatment) values(145,2013-08-01,0);
insert into Hospital.Prescribed(product_id,patient_registration_no,date_of_visit) values (84,145,'2013-08-01');
insert into Hospital.Visitation(patient_registration_no,date_of_visit,diagnosis) values (145,'2013-06-26','uuuvm');
insert into Hospital.Consulted(employee_number,certification_no,patient_registration_no,date_of_visit) values(94,94112233,145,'2013-06-26');
insert into Hospital.Treated_by(patient_registration_no,date_of_visit,employee_number,treatment) values(145,2013-06-26,103);
insert into Hospital.Prescribed(product_id,patient_registration_no,date_of_visit) values (140,145,'2013-06-26');
insert into Hospital.Patient (patient_registration_no, name, ssn, address,contact_no,emergency_contact_no) values ( 145,'fgjwr',32766941,'impvf',96164772,12832483);
insert into Hospital.Takes (employee_number,shift_name ) values ( 145,'night');
insert into Hospital.Belongs_to(employee_number,department_id) values (145,3);
insert into Hospital.Pharmaceutical_product(product_id,cost,manufacturer) values(146,514.8102502834904,'konit');
insert into Hospital.Medicine(product_id,medicine_name,dosage) values (146,'zahnj','wgkmk');
insert into Hospital.Employees (employee_number, name, location, ssn, home_address,phone_number,designation) values ( 146,'ugozm','qjrbdtqhuldqaxh',760714589,'gxefj',36897360,'Nurse');
insert into Hospital.Visitation(patient_registration_no,date_of_visit,diagnosis) values (146,'2013-06-21','rqwxw');
insert into Hospital.Consulted(employee_number,certification_no,patient_registration_no,date_of_visit) values(8,8112233,146,'2013-06-21');
insert into Hospital.Treated_by(patient_registration_no,date_of_visit,employee_number,treatment) values(146,2013-06-21,76);
insert into Hospital.Prescribed(product_id,patient_registration_no,date_of_visit) values (115,146,'2013-06-21');
insert into Hospital.Visitation(patient_registration_no,date_of_visit,diagnosis) values (146,'2013-07-31','xqeaw');
insert into Hospital.Consulted(employee_number,certification_no,patient_registration_no,date_of_visit) values(51,51112233,146,'2013-07-31');
insert into Hospital.Treated_by(patient_registration_no,date_of_visit,employee_number,treatment) values(146,2013-07-31,104);
insert into Hospital.Prescribed(product_id,patient_registration_no,date_of_visit) values (34,146,'2013-07-31');
insert into Hospital.Visitation(patient_registration_no,date_of_visit,diagnosis) values (146,'2013-01-12','katqi');
insert into Hospital.Consulted(employee_number,certification_no,patient_registration_no,date_of_visit) values(6,6112233,146,'2013-01-12');
insert into Hospital.Treated_by(patient_registration_no,date_of_visit,employee_number,treatment) values(146,2013-01-12,71);
insert into Hospital.Prescribed(product_id,patient_registration_no,date_of_visit) values (70,146,'2013-01-12');
insert into Hospital.Visitation(patient_registration_no,date_of_visit,diagnosis) values (146,'2013-02-28','gxbho');
insert into Hospital.Consulted(employee_number,certification_no,patient_registration_no,date_of_visit) values(94,94112233,146,'2013-02-28');
insert into Hospital.Treated_by(patient_registration_no,date_of_visit,employee_number,treatment) values(146,2013-02-28,96);
insert into Hospital.Prescribed(product_id,patient_registration_no,date_of_visit) values (49,146,'2013-02-28');
insert into Hospital.Visitation(patient_registration_no,date_of_visit,diagnosis) values (146,'2013-10-15','ogvyr');
insert into Hospital.Consulted(employee_number,certification_no,patient_registration_no,date_of_visit) values(34,34112233,146,'2013-10-15');
insert into Hospital.Treated_by(patient_registration_no,date_of_visit,employee_number,treatment) values(146,2013-10-15,50);
insert into Hospital.Prescribed(product_id,patient_registration_no,date_of_visit) values (124,146,'2013-10-15');
insert into Hospital.Patient (patient_registration_no, name, ssn, address,contact_no,emergency_contact_no) values ( 146,'tzvxm',809462811,'ohtmh',15615771,19563172);
insert into Hospital.Takes (employee_number,shift_name ) values ( 146,'evening');
insert into Hospital.Belongs_to(employee_number,department_id) values (146,3);
insert into Hospital.Pharmaceutical_product(product_id,cost,manufacturer) values(147,360.6731969820826,'fthex');
insert into Hospital.Batch(batch_id,manufacture_date,expiry_date) values (147,'2013-08-16','2013-08-31');
insert into Hospital.Production(product_id,batch_id) values (147,147);
insert into Hospital.Batch(batch_id,manufacture_date,expiry_date) values (148,'2013-08-16','2013-08-31');
insert into Hospital.Production(product_id,batch_id) values (147,148);
insert into Hospital.Batch(batch_id,manufacture_date,expiry_date) values (149,'2013-08-16','2013-08-31');
insert into Hospital.Production(product_id,batch_id) values (147,149);
insert into Hospital.Batch(batch_id,manufacture_date,expiry_date) values (150,'2013-08-16','2013-08-31');
insert into Hospital.Production(product_id,batch_id) values (147,150);
insert into Hospital.Batch(batch_id,manufacture_date,expiry_date) values (151,'2013-08-16','2013-08-31');
insert into Hospital.Production(product_id,batch_id) values (147,151);
insert into Hospital.Medicine(product_id,medicine_name,dosage) values (147,'ayste','rwllt');
insert into Hospital.Employees (employee_number, name, location, ssn, home_address,phone_number,designation) values ( 147,'yllif','hnxuwqvwhoiyqnj',405200988,'syviz',86730471,'Nurse');
insert into Hospital.Visitation(patient_registration_no,date_of_visit,diagnosis) values (147,'2013-04-18','bqwrm');
insert into Hospital.Consulted(employee_number,certification_no,patient_registration_no,date_of_visit) values(119,119112233,147,'2013-04-18');
insert into Hospital.Treated_by(patient_registration_no,date_of_visit,employee_number,treatment) values(147,2013-04-18,0);
insert into Hospital.Prescribed(product_id,patient_registration_no,date_of_visit) values (66,147,'2013-04-18');
insert into Hospital.Visitation(patient_registration_no,date_of_visit,diagnosis) values (147,'2013-05-03','wjrdd');
insert into Hospital.Consulted(employee_number,certification_no,patient_registration_no,date_of_visit) values(92,92112233,147,'2013-05-03');
insert into Hospital.Treated_by(patient_registration_no,date_of_visit,employee_number,treatment) values(147,2013-05-03,10);
insert into Hospital.Prescribed(product_id,patient_registration_no,date_of_visit) values (39,147,'2013-05-03');
insert into Hospital.Visitation(patient_registration_no,date_of_visit,diagnosis) values (147,'2013-08-18','thwxw');
insert into Hospital.Consulted(employee_number,certification_no,patient_registration_no,date_of_visit) values(37,37112233,147,'2013-08-18');
insert into Hospital.Treated_by(patient_registration_no,date_of_visit,employee_number,treatment) values(147,2013-08-18,47);
insert into Hospital.Prescribed(product_id,patient_registration_no,date_of_visit) values (2,147,'2013-08-18');
insert into Hospital.Visitation(patient_registration_no,date_of_visit,diagnosis) values (147,'2013-08-24','jqarl');
insert into Hospital.Consulted(employee_number,certification_no,patient_registration_no,date_of_visit) values(8,8112233,147,'2013-08-24');
insert into Hospital.Treated_by(patient_registration_no,date_of_visit,employee_number,treatment) values(147,2013-08-24,129);
insert into Hospital.Prescribed(product_id,patient_registration_no,date_of_visit) values (33,147,'2013-08-24');
insert into Hospital.Visitation(patient_registration_no,date_of_visit,diagnosis) values (147,'2013-08-07','kfory');
insert into Hospital.Consulted(employee_number,certification_no,patient_registration_no,date_of_visit) values(51,51112233,147,'2013-08-07');
insert into Hospital.Treated_by(patient_registration_no,date_of_visit,employee_number,treatment) values(147,2013-08-07,50);
insert into Hospital.Prescribed(product_id,patient_registration_no,date_of_visit) values (1,147,'2013-08-07');
insert into Hospital.Patient (patient_registration_no, name, ssn, address,contact_no,emergency_contact_no) values ( 147,'ccntz',261342128,'flssm',60910183,75471385);
insert into Hospital.Takes (employee_number,shift_name ) values ( 147,'morning');
insert into Hospital.Belongs_to(employee_number,department_id) values (147,3);
insert into Hospital.Pharmaceutical_product(product_id,cost,manufacturer) values(148,805.2245316993233,'rgsoq');
insert into Hospital.Batch(batch_id,manufacture_date,expiry_date) values (148,'2013-03-03','2013-05-18');
insert into Hospital.Production(product_id,batch_id) values (148,148);
insert into Hospital.Batch(batch_id,manufacture_date,expiry_date) values (149,'2013-03-03','2013-05-18');
insert into Hospital.Production(product_id,batch_id) values (148,149);
insert into Hospital.Batch(batch_id,manufacture_date,expiry_date) values (150,'2013-03-03','2013-05-18');
insert into Hospital.Production(product_id,batch_id) values (148,150);
insert into Hospital.Batch(batch_id,manufacture_date,expiry_date) values (151,'2013-03-03','2013-05-18');
insert into Hospital.Production(product_id,batch_id) values (148,151);
insert into Hospital.Batch(batch_id,manufacture_date,expiry_date) values (152,'2013-03-03','2013-05-18');
insert into Hospital.Production(product_id,batch_id) values (148,152);
insert into Hospital.Medicine(product_id,medicine_name,dosage) values (148,'hfcqe','mysjn');
insert into Hospital.Employees (employee_number, name, location, ssn, home_address,phone_number,designation) values ( 148,'vskzn','mmwmvfsgjvtcphz',749369976,'wymhx',19180906,'Administration');
insert into Hospital.Visitation(patient_registration_no,date_of_visit,diagnosis) values (148,'2013-08-15','chkdn');
insert into Hospital.Consulted(employee_number,certification_no,patient_registration_no,date_of_visit) values(69,69112233,148,'2013-08-15');
insert into Hospital.Treated_by(patient_registration_no,date_of_visit,employee_number,treatment) values(148,2013-08-15,56);
insert into Hospital.Prescribed(product_id,patient_registration_no,date_of_visit) values (41,148,'2013-08-15');
insert into Hospital.Visitation(patient_registration_no,date_of_visit,diagnosis) values (148,'2013-03-25','vbczf');
insert into Hospital.Consulted(employee_number,certification_no,patient_registration_no,date_of_visit) values(75,75112233,148,'2013-03-25');
insert into Hospital.Treated_by(patient_registration_no,date_of_visit,employee_number,treatment) values(148,2013-03-25,81);
insert into Hospital.Prescribed(product_id,patient_registration_no,date_of_visit) values (112,148,'2013-03-25');
insert into Hospital.Visitation(patient_registration_no,date_of_visit,diagnosis) values (148,'2013-07-09','pcuyu');
insert into Hospital.Consulted(employee_number,certification_no,patient_registration_no,date_of_visit) values(66,66112233,148,'2013-07-09');
insert into Hospital.Treated_by(patient_registration_no,date_of_visit,employee_number,treatment) values(148,2013-07-09,81);
insert into Hospital.Prescribed(product_id,patient_registration_no,date_of_visit) values (2,148,'2013-07-09');
insert into Hospital.Visitation(patient_registration_no,date_of_visit,diagnosis) values (148,'2013-07-05','doiwa');
insert into Hospital.Consulted(employee_number,certification_no,patient_registration_no,date_of_visit) values(130,130112233,148,'2013-07-05');
insert into Hospital.Treated_by(patient_registration_no,date_of_visit,employee_number,treatment) values(148,2013-07-05,0);
insert into Hospital.Prescribed(product_id,patient_registration_no,date_of_visit) values (20,148,'2013-07-05');
insert into Hospital.Visitation(patient_registration_no,date_of_visit,diagnosis) values (148,'2013-06-04','oaatp');
insert into Hospital.Consulted(employee_number,certification_no,patient_registration_no,date_of_visit) values(21,21112233,148,'2013-06-04');
insert into Hospital.Treated_by(patient_registration_no,date_of_visit,employee_number,treatment) values(148,2013-06-04,50);
insert into Hospital.Prescribed(product_id,patient_registration_no,date_of_visit) values (108,148,'2013-06-04');
insert into Hospital.Patient (patient_registration_no, name, ssn, address,contact_no,emergency_contact_no) values ( 148,'iujjc',576766880,'woyfn',56562928,41749822);
insert into Hospital.Belongs_to(employee_number,department_id) values (148,2);
insert into Hospital.Pharmaceutical_product(product_id,cost,manufacturer) values(149,594.1295044163243,'jnlmc');
insert into Hospital.Medicine(product_id,medicine_name,dosage) values (149,'bomsd','marzr');
insert into Hospital.Employees (employee_number, name, location, ssn, home_address,phone_number,designation) values ( 149,'rxksq','koxhcmcvjsbsyil',203934174,'fbeik',58923275,'Administration');
insert into Hospital.Visitation(patient_registration_no,date_of_visit,diagnosis) values (149,'2013-06-28','zkttu');
insert into Hospital.Consulted(employee_number,certification_no,patient_registration_no,date_of_visit) values(94,94112233,149,'2013-06-28');
insert into Hospital.Treated_by(patient_registration_no,date_of_visit,employee_number,treatment) values(149,2013-06-28,0);
insert into Hospital.Prescribed(product_id,patient_registration_no,date_of_visit) values (52,149,'2013-06-28');
insert into Hospital.Visitation(patient_registration_no,date_of_visit,diagnosis) values (149,'2013-07-12','gsbah');
insert into Hospital.Consulted(employee_number,certification_no,patient_registration_no,date_of_visit) values(133,133112233,149,'2013-07-12');
insert into Hospital.Treated_by(patient_registration_no,date_of_visit,employee_number,treatment) values(149,2013-07-12,88);
insert into Hospital.Prescribed(product_id,patient_registration_no,date_of_visit) values (125,149,'2013-07-12');
insert into Hospital.Visitation(patient_registration_no,date_of_visit,diagnosis) values (149,'2013-07-05','ckfek');
insert into Hospital.Consulted(employee_number,certification_no,patient_registration_no,date_of_visit) values(107,107112233,149,'2013-07-05');
insert into Hospital.Treated_by(patient_registration_no,date_of_visit,employee_number,treatment) values(149,2013-07-05,88);
insert into Hospital.Prescribed(product_id,patient_registration_no,date_of_visit) values (26,149,'2013-07-05');
insert into Hospital.Visitation(patient_registration_no,date_of_visit,diagnosis) values (149,'2013-07-25','uponk');
insert into Hospital.Consulted(employee_number,certification_no,patient_registration_no,date_of_visit) values(110,110112233,149,'2013-07-25');
insert into Hospital.Treated_by(patient_registration_no,date_of_visit,employee_number,treatment) values(149,2013-07-25,73);
insert into Hospital.Prescribed(product_id,patient_registration_no,date_of_visit) values (46,149,'2013-07-25');
insert into Hospital.Visitation(patient_registration_no,date_of_visit,diagnosis) values (149,'2013-05-09','adxpv');
insert into Hospital.Consulted(employee_number,certification_no,patient_registration_no,date_of_visit) values(45,45112233,149,'2013-05-09');
insert into Hospital.Treated_by(patient_registration_no,date_of_visit,employee_number,treatment) values(149,2013-05-09,73);
insert into Hospital.Prescribed(product_id,patient_registration_no,date_of_visit) values (27,149,'2013-05-09');
insert into Hospital.Patient (patient_registration_no, name, ssn, address,contact_no,emergency_contact_no) values ( 149,'tceoh',538162669,'mhisr',97686015,52904110);
insert into Hospital.Belongs_to(employee_number,department_id) values (149,2);
insert into Hospital.Pharmaceutical_product(product_id,cost,manufacturer) values(150,662.0294522057717,'fmhmh');
insert into Hospital.Batch(batch_id,manufacture_date,expiry_date) values (150,'2013-09-30','2013-10-15');
insert into Hospital.Production(product_id,batch_id) values (150,150);
insert into Hospital.Batch(batch_id,manufacture_date,expiry_date) values (151,'2013-09-30','2013-10-15');
insert into Hospital.Production(product_id,batch_id) values (150,151);
insert into Hospital.Batch(batch_id,manufacture_date,expiry_date) values (152,'2013-09-30','2013-10-15');
insert into Hospital.Production(product_id,batch_id) values (150,152);
insert into Hospital.Batch(batch_id,manufacture_date,expiry_date) values (153,'2013-09-30','2013-10-15');
insert into Hospital.Production(product_id,batch_id) values (150,153);
insert into Hospital.Batch(batch_id,manufacture_date,expiry_date) values (154,'2013-09-30','2013-10-15');
insert into Hospital.Production(product_id,batch_id) values (150,154);
insert into Hospital.Employees (employee_number, name, location, ssn, home_address,phone_number,designation) values ( 150,'cpbto','dcdwkkdbmyhkbis',76695311,'amuqo',46841927,'Doctor');
insert into Hospital.Visitation(patient_registration_no,date_of_visit,diagnosis) values (150,'2013-04-18','ynfck');
insert into Hospital.Consulted(employee_number,certification_no,patient_registration_no,date_of_visit) values(13,13112233,150,'2013-04-18');
insert into Hospital.Treated_by(patient_registration_no,date_of_visit,employee_number,treatment) values(150,2013-04-18,56);
insert into Hospital.Prescribed(product_id,patient_registration_no,date_of_visit) values (115,150,'2013-04-18');
insert into Hospital.Visitation(patient_registration_no,date_of_visit,diagnosis) values (150,'2013-08-26','qjhsv');
insert into Hospital.Consulted(employee_number,certification_no,patient_registration_no,date_of_visit) values(119,119112233,150,'2013-08-26');
insert into Hospital.Treated_by(patient_registration_no,date_of_visit,employee_number,treatment) values(150,2013-08-26,125);
insert into Hospital.Prescribed(product_id,patient_registration_no,date_of_visit) values (115,150,'2013-08-26');
insert into Hospital.Visitation(patient_registration_no,date_of_visit,diagnosis) values (150,'2013-01-28','msgdj');
insert into Hospital.Consulted(employee_number,certification_no,patient_registration_no,date_of_visit) values(122,122112233,150,'2013-01-28');
insert into Hospital.Treated_by(patient_registration_no,date_of_visit,employee_number,treatment) values(150,2013-01-28,76);
insert into Hospital.Prescribed(product_id,patient_registration_no,date_of_visit) values (86,150,'2013-01-28');
insert into Hospital.Visitation(patient_registration_no,date_of_visit,diagnosis) values (150,'2013-01-04','uszms');
insert into Hospital.Consulted(employee_number,certification_no,patient_registration_no,date_of_visit) values(8,8112233,150,'2013-01-04');
insert into Hospital.Treated_by(patient_registration_no,date_of_visit,employee_number,treatment) values(150,2013-01-04,63);
insert into Hospital.Prescribed(product_id,patient_registration_no,date_of_visit) values (28,150,'2013-01-04');
insert into Hospital.Visitation(patient_registration_no,date_of_visit,diagnosis) values (150,'2013-08-18','owvtl');
insert into Hospital.Consulted(employee_number,certification_no,patient_registration_no,date_of_visit) values(8,8112233,150,'2013-08-18');
insert into Hospital.Treated_by(patient_registration_no,date_of_visit,employee_number,treatment) values(150,2013-08-18,28);
insert into Hospital.Prescribed(product_id,patient_registration_no,date_of_visit) values (28,150,'2013-08-18');
insert into Hospital.Patient (patient_registration_no, name, ssn, address,contact_no,emergency_contact_no) values ( 150,'mvudb',453659646,'twdpb',54765061,60845342);
insert into Hospital.Physician (employee_number, certification_no,specialization) values ( 150,150112233,'Anesthesiology');
insert into Hospital.Belongs_to(employee_number,department_id) values (150,1);
insert into Hospital.Pharmaceutical_product(product_id,cost,manufacturer) values(151,342.8136777668855,'ulpff');
insert into Hospital.Batch(batch_id,manufacture_date,expiry_date) values (151,'2013-08-05','2013-09-27');
insert into Hospital.Production(product_id,batch_id) values (151,151);
insert into Hospital.Batch(batch_id,manufacture_date,expiry_date) values (152,'2013-08-05','2013-09-27');
insert into Hospital.Production(product_id,batch_id) values (151,152);
insert into Hospital.Batch(batch_id,manufacture_date,expiry_date) values (153,'2013-08-05','2013-09-27');
insert into Hospital.Production(product_id,batch_id) values (151,153);
insert into Hospital.Batch(batch_id,manufacture_date,expiry_date) values (154,'2013-08-05','2013-09-27');
insert into Hospital.Production(product_id,batch_id) values (151,154);
insert into Hospital.Batch(batch_id,manufacture_date,expiry_date) values (155,'2013-08-05','2013-09-27');
insert into Hospital.Production(product_id,batch_id) values (151,155);
insert into Hospital.Medicine(product_id,medicine_name,dosage) values (151,'rsjxf','ohbfe');
insert into Hospital.Employees (employee_number, name, location, ssn, home_address,phone_number,designation) values ( 151,'qnjos','cdiegqkbheumksf',848824070,'pdyid',69494999,'Doctor');
insert into Hospital.Visitation(patient_registration_no,date_of_visit,diagnosis) values (151,'2013-04-17','ptmjt');
insert into Hospital.Consulted(employee_number,certification_no,patient_registration_no,date_of_visit) values(111,111112233,151,'2013-04-17');
insert into Hospital.Treated_by(patient_registration_no,date_of_visit,employee_number,treatment) values(151,2013-04-17,96);
insert into Hospital.Prescribed(product_id,patient_registration_no,date_of_visit) values (46,151,'2013-04-17');
insert into Hospital.Visitation(patient_registration_no,date_of_visit,diagnosis) values (151,'2013-02-15','ketjk');
insert into Hospital.Consulted(employee_number,certification_no,patient_registration_no,date_of_visit) values(41,41112233,151,'2013-02-15');
insert into Hospital.Treated_by(patient_registration_no,date_of_visit,employee_number,treatment) values(151,2013-02-15,39);
insert into Hospital.Prescribed(product_id,patient_registration_no,date_of_visit) values (144,151,'2013-02-15');
insert into Hospital.Visitation(patient_registration_no,date_of_visit,diagnosis) values (151,'2013-03-17','ysidd');
insert into Hospital.Consulted(employee_number,certification_no,patient_registration_no,date_of_visit) values(60,60112233,151,'2013-03-17');
insert into Hospital.Treated_by(patient_registration_no,date_of_visit,employee_number,treatment) values(151,2013-03-17,49);
insert into Hospital.Prescribed(product_id,patient_registration_no,date_of_visit) values (112,151,'2013-03-17');
insert into Hospital.Visitation(patient_registration_no,date_of_visit,diagnosis) values (151,'2013-03-16','xtrfk');
insert into Hospital.Consulted(employee_number,certification_no,patient_registration_no,date_of_visit) values(29,29112233,151,'2013-03-16');
insert into Hospital.Treated_by(patient_registration_no,date_of_visit,employee_number,treatment) values(151,2013-03-16,125);
insert into Hospital.Prescribed(product_id,patient_registration_no,date_of_visit) values (10,151,'2013-03-16');
insert into Hospital.Visitation(patient_registration_no,date_of_visit,diagnosis) values (151,'2013-05-15','xcfbt');
insert into Hospital.Consulted(employee_number,certification_no,patient_registration_no,date_of_visit) values(150,150112233,151,'2013-05-15');
insert into Hospital.Treated_by(patient_registration_no,date_of_visit,employee_number,treatment) values(151,2013-05-15,19);
insert into Hospital.Prescribed(product_id,patient_registration_no,date_of_visit) values (111,151,'2013-05-15');
insert into Hospital.Patient (patient_registration_no, name, ssn, address,contact_no,emergency_contact_no) values ( 151,'vxzmn',611419933,'ksniu',73782013,81476526);
insert into Hospital.Physician (employee_number, certification_no,specialization) values ( 151,151112233,'Anesthesiology');
insert into Hospital.Belongs_to(employee_number,department_id) values (151,1);
insert into Hospital.Pharmaceutical_product(product_id,cost,manufacturer) values(152,687.5516212733835,'ksefv');
insert into Hospital.Medicine(product_id,medicine_name,dosage) values (152,'tibqc','lgegp');
insert into Hospital.Employees (employee_number, name, location, ssn, home_address,phone_number,designation) values ( 152,'bhzgr','orvedectehvpmqx',611751921,'htezu',23243461,'Administration');
insert into Hospital.Visitation(patient_registration_no,date_of_visit,diagnosis) values (152,'2013-08-20','ubsmv');
insert into Hospital.Consulted(employee_number,certification_no,patient_registration_no,date_of_visit) values(92,92112233,152,'2013-08-20');
insert into Hospital.Treated_by(patient_registration_no,date_of_visit,employee_number,treatment) values(152,2013-08-20,103);
insert into Hospital.Prescribed(product_id,patient_registration_no,date_of_visit) values (73,152,'2013-08-20');
insert into Hospital.Visitation(patient_registration_no,date_of_visit,diagnosis) values (152,'2013-06-07','szpfw');
insert into Hospital.Consulted(employee_number,certification_no,patient_registration_no,date_of_visit) values(37,37112233,152,'2013-06-07');
insert into Hospital.Treated_by(patient_registration_no,date_of_visit,employee_number,treatment) values(152,2013-06-07,49);
insert into Hospital.Prescribed(product_id,patient_registration_no,date_of_visit) values (1,152,'2013-06-07');
insert into Hospital.Visitation(patient_registration_no,date_of_visit,diagnosis) values (152,'2013-02-15','jnqhg');
insert into Hospital.Consulted(employee_number,certification_no,patient_registration_no,date_of_visit) values(35,35112233,152,'2013-02-15');
insert into Hospital.Treated_by(patient_registration_no,date_of_visit,employee_number,treatment) values(152,2013-02-15,84);
insert into Hospital.Prescribed(product_id,patient_registration_no,date_of_visit) values (137,152,'2013-02-15');
insert into Hospital.Visitation(patient_registration_no,date_of_visit,diagnosis) values (152,'2013-09-14','nmuoh');
insert into Hospital.Consulted(employee_number,certification_no,patient_registration_no,date_of_visit) values(35,35112233,152,'2013-09-14');
insert into Hospital.Treated_by(patient_registration_no,date_of_visit,employee_number,treatment) values(152,2013-09-14,50);
insert into Hospital.Prescribed(product_id,patient_registration_no,date_of_visit) values (48,152,'2013-09-14');
insert into Hospital.Visitation(patient_registration_no,date_of_visit,diagnosis) values (152,'2013-01-23','vwmna');
insert into Hospital.Consulted(employee_number,certification_no,patient_registration_no,date_of_visit) values(35,35112233,152,'2013-01-23');
insert into Hospital.Treated_by(patient_registration_no,date_of_visit,employee_number,treatment) values(152,2013-01-23,30);
insert into Hospital.Prescribed(product_id,patient_registration_no,date_of_visit) values (28,152,'2013-01-23');
insert into Hospital.Patient (patient_registration_no, name, ssn, address,contact_no,emergency_contact_no) values ( 152,'eluam',240386452,'cpubd',12894996,72523900);
insert into Hospital.Belongs_to(employee_number,department_id) values (152,2);
insert into Hospital.Pharmaceutical_product(product_id,cost,manufacturer) values(153,946.4282022681887,'ojrcr');
insert into Hospital.Batch(batch_id,manufacture_date,expiry_date) values (153,'2013-04-19','2013-06-19');
insert into Hospital.Production(product_id,batch_id) values (153,153);
insert into Hospital.Batch(batch_id,manufacture_date,expiry_date) values (154,'2013-04-19','2013-06-19');
insert into Hospital.Production(product_id,batch_id) values (153,154);
insert into Hospital.Batch(batch_id,manufacture_date,expiry_date) values (155,'2013-04-19','2013-06-19');
insert into Hospital.Production(product_id,batch_id) values (153,155);
insert into Hospital.Batch(batch_id,manufacture_date,expiry_date) values (156,'2013-04-19','2013-06-19');
insert into Hospital.Production(product_id,batch_id) values (153,156);
insert into Hospital.Batch(batch_id,manufacture_date,expiry_date) values (157,'2013-04-19','2013-06-19');
insert into Hospital.Production(product_id,batch_id) values (153,157);
insert into Hospital.Medicine(product_id,medicine_name,dosage) values (153,'imvuv','yxjya');
insert into Hospital.Employees (employee_number, name, location, ssn, home_address,phone_number,designation) values ( 153,'ciqjb','ufdjhuatytecrnq',320235174,'cazzn',61093376,'Radiology');
insert into Hospital.Visitation(patient_registration_no,date_of_visit,diagnosis) values (153,'2013-05-10','ngukq');
insert into Hospital.Consulted(employee_number,certification_no,patient_registration_no,date_of_visit) values(9,9112233,153,'2013-05-10');
insert into Hospital.Treated_by(patient_registration_no,date_of_visit,employee_number,treatment) values(153,2013-05-10,49);
insert into Hospital.Prescribed(product_id,patient_registration_no,date_of_visit) values (147,153,'2013-05-10');
insert into Hospital.Visitation(patient_registration_no,date_of_visit,diagnosis) values (153,'2013-09-19','lwvib');
insert into Hospital.Consulted(employee_number,certification_no,patient_registration_no,date_of_visit) values(75,75112233,153,'2013-09-19');
insert into Hospital.Treated_by(patient_registration_no,date_of_visit,employee_number,treatment) values(153,2013-09-19,96);
insert into Hospital.Prescribed(product_id,patient_registration_no,date_of_visit) values (110,153,'2013-09-19');
insert into Hospital.Visitation(patient_registration_no,date_of_visit,diagnosis) values (153,'2013-08-19','tgwjb');
insert into Hospital.Consulted(employee_number,certification_no,patient_registration_no,date_of_visit) values(1,1112233,153,'2013-08-19');
insert into Hospital.Treated_by(patient_registration_no,date_of_visit,employee_number,treatment) values(153,2013-08-19,115);
insert into Hospital.Prescribed(product_id,patient_registration_no,date_of_visit) values (99,153,'2013-08-19');
insert into Hospital.Visitation(patient_registration_no,date_of_visit,diagnosis) values (153,'2013-07-25','sbyua');
insert into Hospital.Consulted(employee_number,certification_no,patient_registration_no,date_of_visit) values(9,9112233,153,'2013-07-25');
insert into Hospital.Treated_by(patient_registration_no,date_of_visit,employee_number,treatment) values(153,2013-07-25,101);
insert into Hospital.Prescribed(product_id,patient_registration_no,date_of_visit) values (41,153,'2013-07-25');
insert into Hospital.Visitation(patient_registration_no,date_of_visit,diagnosis) values (153,'2013-05-28','xacqh');
insert into Hospital.Consulted(employee_number,certification_no,patient_registration_no,date_of_visit) values(1,1112233,153,'2013-05-28');
insert into Hospital.Treated_by(patient_registration_no,date_of_visit,employee_number,treatment) values(153,2013-05-28,30);
insert into Hospital.Prescribed(product_id,patient_registration_no,date_of_visit) values (3,153,'2013-05-28');
insert into Hospital.Patient (patient_registration_no, name, ssn, address,contact_no,emergency_contact_no) values ( 153,'ncthe',192053318,'twerg',81988752,11445859);
insert into Hospital.Takes (employee_number,shift_name ) values ( 153,'evening');
insert into Hospital.Belongs_to(employee_number,department_id) values (153,3);
insert into Hospital.Pharmaceutical_product(product_id,cost,manufacturer) values(154,51.134621038677274,'rvhog');
insert into Hospital.Medicine(product_id,medicine_name,dosage) values (154,'adjvv','mjbyd');
insert into Hospital.Employees (employee_number, name, location, ssn, home_address,phone_number,designation) values ( 154,'vzcnn','jlfkotpzjydjeqf',459905121,'qnkfr',94124979,'Nurse');
insert into Hospital.Visitation(patient_registration_no,date_of_visit,diagnosis) values (154,'2013-01-16','zqtne');
insert into Hospital.Consulted(employee_number,certification_no,patient_registration_no,date_of_visit) values(133,133112233,154,'2013-01-16');
insert into Hospital.Treated_by(patient_registration_no,date_of_visit,employee_number,treatment) values(154,2013-01-16,71);
insert into Hospital.Prescribed(product_id,patient_registration_no,date_of_visit) values (105,154,'2013-01-16');
insert into Hospital.Visitation(patient_registration_no,date_of_visit,diagnosis) values (154,'2013-10-13','rdljd');
insert into Hospital.Consulted(employee_number,certification_no,patient_registration_no,date_of_visit) values(85,85112233,154,'2013-10-13');
insert into Hospital.Treated_by(patient_registration_no,date_of_visit,employee_number,treatment) values(154,2013-10-13,47);
insert into Hospital.Prescribed(product_id,patient_registration_no,date_of_visit) values (70,154,'2013-10-13');
insert into Hospital.Visitation(patient_registration_no,date_of_visit,diagnosis) values (154,'2013-03-27','pcvdc');
insert into Hospital.Consulted(employee_number,certification_no,patient_registration_no,date_of_visit) values(55,55112233,154,'2013-03-27');
insert into Hospital.Treated_by(patient_registration_no,date_of_visit,employee_number,treatment) values(154,2013-03-27,101);
insert into Hospital.Prescribed(product_id,patient_registration_no,date_of_visit) values (141,154,'2013-03-27');
insert into Hospital.Visitation(patient_registration_no,date_of_visit,diagnosis) values (154,'2013-06-03','hgqwl');
insert into Hospital.Consulted(employee_number,certification_no,patient_registration_no,date_of_visit) values(107,107112233,154,'2013-06-03');
insert into Hospital.Treated_by(patient_registration_no,date_of_visit,employee_number,treatment) values(154,2013-06-03,73);
insert into Hospital.Prescribed(product_id,patient_registration_no,date_of_visit) values (129,154,'2013-06-03');
insert into Hospital.Visitation(patient_registration_no,date_of_visit,diagnosis) values (154,'2013-10-17','adbfk');
insert into Hospital.Consulted(employee_number,certification_no,patient_registration_no,date_of_visit) values(94,94112233,154,'2013-10-17');
insert into Hospital.Treated_by(patient_registration_no,date_of_visit,employee_number,treatment) values(154,2013-10-17,84);
insert into Hospital.Prescribed(product_id,patient_registration_no,date_of_visit) values (131,154,'2013-10-17');
insert into Hospital.Patient (patient_registration_no, name, ssn, address,contact_no,emergency_contact_no) values ( 154,'wqddo',825535609,'mlhpq',52655762,74991300);
insert into Hospital.Takes (employee_number,shift_name ) values ( 154,'night');
insert into Hospital.Belongs_to(employee_number,department_id) values (154,3);
insert into Hospital.Pharmaceutical_product(product_id,cost,manufacturer) values(155,111.69039902351638,'ehvef');
insert into Hospital.Medicine(product_id,medicine_name,dosage) values (155,'prxgb','zyhkl');
insert into Hospital.Employees (employee_number, name, location, ssn, home_address,phone_number,designation) values ( 155,'reblr','imticrjvwbzqwod',38514751,'siqde',37747846,'Nurse');
insert into Hospital.Visitation(patient_registration_no,date_of_visit,diagnosis) values (155,'2013-08-23','rusir');
insert into Hospital.Consulted(employee_number,certification_no,patient_registration_no,date_of_visit) values(29,29112233,155,'2013-08-23');
insert into Hospital.Treated_by(patient_registration_no,date_of_visit,employee_number,treatment) values(155,2013-08-23,64);
insert into Hospital.Prescribed(product_id,patient_registration_no,date_of_visit) values (113,155,'2013-08-23');
insert into Hospital.Visitation(patient_registration_no,date_of_visit,diagnosis) values (155,'2013-05-27','yfewb');
insert into Hospital.Consulted(employee_number,certification_no,patient_registration_no,date_of_visit) values(2,2112233,155,'2013-05-27');
insert into Hospital.Treated_by(patient_registration_no,date_of_visit,employee_number,treatment) values(155,2013-05-27,88);
insert into Hospital.Prescribed(product_id,patient_registration_no,date_of_visit) values (70,155,'2013-05-27');
insert into Hospital.Visitation(patient_registration_no,date_of_visit,diagnosis) values (155,'2013-06-26','obvzg');
insert into Hospital.Consulted(employee_number,certification_no,patient_registration_no,date_of_visit) values(89,89112233,155,'2013-06-26');
insert into Hospital.Treated_by(patient_registration_no,date_of_visit,employee_number,treatment) values(155,2013-06-26,48);
insert into Hospital.Prescribed(product_id,patient_registration_no,date_of_visit) values (79,155,'2013-06-26');
insert into Hospital.Visitation(patient_registration_no,date_of_visit,diagnosis) values (155,'2013-07-04','nfvze');
insert into Hospital.Consulted(employee_number,certification_no,patient_registration_no,date_of_visit) values(94,94112233,155,'2013-07-04');
insert into Hospital.Treated_by(patient_registration_no,date_of_visit,employee_number,treatment) values(155,2013-07-04,28);
insert into Hospital.Prescribed(product_id,patient_registration_no,date_of_visit) values (131,155,'2013-07-04');
insert into Hospital.Visitation(patient_registration_no,date_of_visit,diagnosis) values (155,'2013-04-29','hlidc');
insert into Hospital.Consulted(employee_number,certification_no,patient_registration_no,date_of_visit) values(12,12112233,155,'2013-04-29');
insert into Hospital.Treated_by(patient_registration_no,date_of_visit,employee_number,treatment) values(155,2013-04-29,115);
insert into Hospital.Prescribed(product_id,patient_registration_no,date_of_visit) values (115,155,'2013-04-29');
insert into Hospital.Patient (patient_registration_no, name, ssn, address,contact_no,emergency_contact_no) values ( 155,'lsfha',459962699,'xhyll',88863510,72538073);
insert into Hospital.Takes (employee_number,shift_name ) values ( 155,'night');
insert into Hospital.Belongs_to(employee_number,department_id) values (155,3);
insert into Hospital.Pharmaceutical_product(product_id,cost,manufacturer) values(156,870.0709093117113,'xkrys');
insert into Hospital.Employees (employee_number, name, location, ssn, home_address,phone_number,designation) values ( 156,'mtbon','lcfpgpddqsjncaw',38705634,'xtsua',47424170,'Administration');
insert into Hospital.Visitation(patient_registration_no,date_of_visit,diagnosis) values (156,'2013-06-05','xtnvo');
insert into Hospital.Consulted(employee_number,certification_no,patient_registration_no,date_of_visit) values(35,35112233,156,'2013-06-05');
insert into Hospital.Treated_by(patient_registration_no,date_of_visit,employee_number,treatment) values(156,2013-06-05,87);
insert into Hospital.Prescribed(product_id,patient_registration_no,date_of_visit) values (12,156,'2013-06-05');
insert into Hospital.Visitation(patient_registration_no,date_of_visit,diagnosis) values (156,'2013-09-16','tfpuy');
insert into Hospital.Consulted(employee_number,certification_no,patient_registration_no,date_of_visit) values(119,119112233,156,'2013-09-16');
insert into Hospital.Treated_by(patient_registration_no,date_of_visit,employee_number,treatment) values(156,2013-09-16,64);
insert into Hospital.Prescribed(product_id,patient_registration_no,date_of_visit) values (85,156,'2013-09-16');
insert into Hospital.Visitation(patient_registration_no,date_of_visit,diagnosis) values (156,'2013-04-22','onzqb');
insert into Hospital.Consulted(employee_number,certification_no,patient_registration_no,date_of_visit) values(89,89112233,156,'2013-04-22');
insert into Hospital.Treated_by(patient_registration_no,date_of_visit,employee_number,treatment) values(156,2013-04-22,103);
insert into Hospital.Prescribed(product_id,patient_registration_no,date_of_visit) values (3,156,'2013-04-22');
insert into Hospital.Visitation(patient_registration_no,date_of_visit,diagnosis) values (156,'2013-03-09','fzztk');
insert into Hospital.Consulted(employee_number,certification_no,patient_registration_no,date_of_visit) values(151,151112233,156,'2013-03-09');
insert into Hospital.Treated_by(patient_registration_no,date_of_visit,employee_number,treatment) values(156,2013-03-09,50);
insert into Hospital.Prescribed(product_id,patient_registration_no,date_of_visit) values (155,156,'2013-03-09');
insert into Hospital.Visitation(patient_registration_no,date_of_visit,diagnosis) values (156,'2013-03-09','fqwrh');
insert into Hospital.Consulted(employee_number,certification_no,patient_registration_no,date_of_visit) values(119,119112233,156,'2013-03-09');
insert into Hospital.Treated_by(patient_registration_no,date_of_visit,employee_number,treatment) values(156,2013-03-09,67);
insert into Hospital.Prescribed(product_id,patient_registration_no,date_of_visit) values (129,156,'2013-03-09');
insert into Hospital.Patient (patient_registration_no, name, ssn, address,contact_no,emergency_contact_no) values ( 156,'gkzpl',827079047,'tlxxg',11046387,45612751);
insert into Hospital.Belongs_to(employee_number,department_id) values (156,2);
insert into Hospital.Pharmaceutical_product(product_id,cost,manufacturer) values(157,910.3597281710099,'pztky');
insert into Hospital.Employees (employee_number, name, location, ssn, home_address,phone_number,designation) values ( 157,'trukn','bzkbddjzxtvjvpk',65883822,'yuwgi',87820978,'Radiology');
insert into Hospital.Visitation(patient_registration_no,date_of_visit,diagnosis) values (157,'2013-07-20','sugjo');
insert into Hospital.Consulted(employee_number,certification_no,patient_registration_no,date_of_visit) values(35,35112233,157,'2013-07-20');
insert into Hospital.Treated_by(patient_registration_no,date_of_visit,employee_number,treatment) values(157,2013-07-20,143);
insert into Hospital.Prescribed(product_id,patient_registration_no,date_of_visit) values (39,157,'2013-07-20');
insert into Hospital.Visitation(patient_registration_no,date_of_visit,diagnosis) values (157,'2013-09-01','jitek');
insert into Hospital.Consulted(employee_number,certification_no,patient_registration_no,date_of_visit) values(58,58112233,157,'2013-09-01');
insert into Hospital.Treated_by(patient_registration_no,date_of_visit,employee_number,treatment) values(157,2013-09-01,143);
insert into Hospital.Prescribed(product_id,patient_registration_no,date_of_visit) values (37,157,'2013-09-01');
insert into Hospital.Visitation(patient_registration_no,date_of_visit,diagnosis) values (157,'2013-09-17','pzzrg');
insert into Hospital.Consulted(employee_number,certification_no,patient_registration_no,date_of_visit) values(23,23112233,157,'2013-09-17');
insert into Hospital.Treated_by(patient_registration_no,date_of_visit,employee_number,treatment) values(157,2013-09-17,84);
insert into Hospital.Prescribed(product_id,patient_registration_no,date_of_visit) values (26,157,'2013-09-17');
insert into Hospital.Visitation(patient_registration_no,date_of_visit,diagnosis) values (157,'2013-02-02','hzsoa');
insert into Hospital.Consulted(employee_number,certification_no,patient_registration_no,date_of_visit) values(41,41112233,157,'2013-02-02');
insert into Hospital.Treated_by(patient_registration_no,date_of_visit,employee_number,treatment) values(157,2013-02-02,125);
insert into Hospital.Prescribed(product_id,patient_registration_no,date_of_visit) values (149,157,'2013-02-02');
insert into Hospital.Visitation(patient_registration_no,date_of_visit,diagnosis) values (157,'2013-06-13','qhnuu');
insert into Hospital.Consulted(employee_number,certification_no,patient_registration_no,date_of_visit) values(92,92112233,157,'2013-06-13');
insert into Hospital.Treated_by(patient_registration_no,date_of_visit,employee_number,treatment) values(157,2013-06-13,52);
insert into Hospital.Prescribed(product_id,patient_registration_no,date_of_visit) values (69,157,'2013-06-13');
insert into Hospital.Patient (patient_registration_no, name, ssn, address,contact_no,emergency_contact_no) values ( 157,'flnar',995941910,'toato',80620019,16628302);
insert into Hospital.Takes (employee_number,shift_name ) values ( 157,'evening');
insert into Hospital.Belongs_to(employee_number,department_id) values (157,3);
insert into Hospital.Pharmaceutical_product(product_id,cost,manufacturer) values(158,252.5796950758321,'ssgea');
insert into Hospital.Employees (employee_number, name, location, ssn, home_address,phone_number,designation) values ( 158,'ffzky','cbkgfbowualsvxf',638999133,'orarg',68553140,'Administration');
insert into Hospital.Visitation(patient_registration_no,date_of_visit,diagnosis) values (158,'2013-07-01','mejra');
insert into Hospital.Consulted(employee_number,certification_no,patient_registration_no,date_of_visit) values(55,55112233,158,'2013-07-01');
insert into Hospital.Treated_by(patient_registration_no,date_of_visit,employee_number,treatment) values(158,2013-07-01,49);
insert into Hospital.Prescribed(product_id,patient_registration_no,date_of_visit) values (31,158,'2013-07-01');
insert into Hospital.Visitation(patient_registration_no,date_of_visit,diagnosis) values (158,'2013-02-20','hmjpv');
insert into Hospital.Consulted(employee_number,certification_no,patient_registration_no,date_of_visit) values(9,9112233,158,'2013-02-20');
insert into Hospital.Treated_by(patient_registration_no,date_of_visit,employee_number,treatment) values(158,2013-02-20,10);
insert into Hospital.Prescribed(product_id,patient_registration_no,date_of_visit) values (48,158,'2013-02-20');
insert into Hospital.Visitation(patient_registration_no,date_of_visit,diagnosis) values (158,'2013-06-24','sdeqr');
insert into Hospital.Consulted(employee_number,certification_no,patient_registration_no,date_of_visit) values(89,89112233,158,'2013-06-24');
insert into Hospital.Treated_by(patient_registration_no,date_of_visit,employee_number,treatment) values(158,2013-06-24,52);
insert into Hospital.Prescribed(product_id,patient_registration_no,date_of_visit) values (152,158,'2013-06-24');
insert into Hospital.Visitation(patient_registration_no,date_of_visit,diagnosis) values (158,'2013-05-16','xwtej');
insert into Hospital.Consulted(employee_number,certification_no,patient_registration_no,date_of_visit) values(119,119112233,158,'2013-05-16');
insert into Hospital.Treated_by(patient_registration_no,date_of_visit,employee_number,treatment) values(158,2013-05-16,49);
insert into Hospital.Prescribed(product_id,patient_registration_no,date_of_visit) values (7,158,'2013-05-16');
insert into Hospital.Visitation(patient_registration_no,date_of_visit,diagnosis) values (158,'2013-10-18','xofgn');
insert into Hospital.Consulted(employee_number,certification_no,patient_registration_no,date_of_visit) values(41,41112233,158,'2013-10-18');
insert into Hospital.Treated_by(patient_registration_no,date_of_visit,employee_number,treatment) values(158,2013-10-18,96);
insert into Hospital.Prescribed(product_id,patient_registration_no,date_of_visit) values (69,158,'2013-10-18');
insert into Hospital.Patient (patient_registration_no, name, ssn, address,contact_no,emergency_contact_no) values ( 158,'fclcw',470542092,'irtxw',33512863,66262921);
insert into Hospital.Belongs_to(employee_number,department_id) values (158,2);
insert into Hospital.Pharmaceutical_product(product_id,cost,manufacturer) values(159,967.7305581445304,'fzomo');
insert into Hospital.Employees (employee_number, name, location, ssn, home_address,phone_number,designation) values ( 159,'zzsnq','jdjcxgsdzzeulxx',707987677,'ymasn',52445401,'Doctor');
insert into Hospital.Visitation(patient_registration_no,date_of_visit,diagnosis) values (159,'2013-04-29','euobd');
insert into Hospital.Consulted(employee_number,certification_no,patient_registration_no,date_of_visit) values(66,66112233,159,'2013-04-29');
insert into Hospital.Treated_by(patient_registration_no,date_of_visit,employee_number,treatment) values(159,2013-04-29,81);
insert into Hospital.Prescribed(product_id,patient_registration_no,date_of_visit) values (84,159,'2013-04-29');
insert into Hospital.Visitation(patient_registration_no,date_of_visit,diagnosis) values (159,'2013-02-12','vlwku');
insert into Hospital.Consulted(employee_number,certification_no,patient_registration_no,date_of_visit) values(58,58112233,159,'2013-02-12');
insert into Hospital.Treated_by(patient_registration_no,date_of_visit,employee_number,treatment) values(159,2013-02-12,67);
insert into Hospital.Prescribed(product_id,patient_registration_no,date_of_visit) values (41,159,'2013-02-12');
insert into Hospital.Visitation(patient_registration_no,date_of_visit,diagnosis) values (159,'2013-03-26','jgfyb');
insert into Hospital.Consulted(employee_number,certification_no,patient_registration_no,date_of_visit) values(116,116112233,159,'2013-03-26');
insert into Hospital.Treated_by(patient_registration_no,date_of_visit,employee_number,treatment) values(159,2013-03-26,104);
insert into Hospital.Prescribed(product_id,patient_registration_no,date_of_visit) values (90,159,'2013-03-26');
insert into Hospital.Visitation(patient_registration_no,date_of_visit,diagnosis) values (159,'2013-08-15','fmiob');
insert into Hospital.Consulted(employee_number,certification_no,patient_registration_no,date_of_visit) values(85,85112233,159,'2013-08-15');
insert into Hospital.Treated_by(patient_registration_no,date_of_visit,employee_number,treatment) values(159,2013-08-15,81);
insert into Hospital.Prescribed(product_id,patient_registration_no,date_of_visit) values (73,159,'2013-08-15');
insert into Hospital.Visitation(patient_registration_no,date_of_visit,diagnosis) values (159,'2013-06-07','aosav');
insert into Hospital.Consulted(employee_number,certification_no,patient_registration_no,date_of_visit) values(120,120112233,159,'2013-06-07');
insert into Hospital.Treated_by(patient_registration_no,date_of_visit,employee_number,treatment) values(159,2013-06-07,87);
insert into Hospital.Prescribed(product_id,patient_registration_no,date_of_visit) values (91,159,'2013-06-07');
insert into Hospital.Patient (patient_registration_no, name, ssn, address,contact_no,emergency_contact_no) values ( 159,'jpcpg',875815795,'gbdwf',78906873,95229394);
insert into Hospital.Physician (employee_number, certification_no,specialization) values ( 159,159112233,'Pediatrics');
insert into Hospital.Belongs_to(employee_number,department_id) values (159,1);
insert into Hospital.Pharmaceutical_product(product_id,cost,manufacturer) values(160,807.9280641485694,'fnaui');
insert into Hospital.Batch(batch_id,manufacture_date,expiry_date) values (160,'2013-02-05','2013-10-26');
insert into Hospital.Production(product_id,batch_id) values (160,160);
insert into Hospital.Batch(batch_id,manufacture_date,expiry_date) values (161,'2013-02-05','2013-10-26');
insert into Hospital.Production(product_id,batch_id) values (160,161);
insert into Hospital.Batch(batch_id,manufacture_date,expiry_date) values (162,'2013-02-05','2013-10-26');
insert into Hospital.Production(product_id,batch_id) values (160,162);
insert into Hospital.Batch(batch_id,manufacture_date,expiry_date) values (163,'2013-02-05','2013-10-26');
insert into Hospital.Production(product_id,batch_id) values (160,163);
insert into Hospital.Batch(batch_id,manufacture_date,expiry_date) values (164,'2013-02-05','2013-10-26');
insert into Hospital.Production(product_id,batch_id) values (160,164);
insert into Hospital.Medicine(product_id,medicine_name,dosage) values (160,'cnuua','uzzjw');
insert into Hospital.Employees (employee_number, name, location, ssn, home_address,phone_number,designation) values ( 160,'touuq','vyvzmksoxxmgndc',738823548,'cofrf',30999248,'Administration');
insert into Hospital.Visitation(patient_registration_no,date_of_visit,diagnosis) values (160,'2013-07-15','orqxy');
insert into Hospital.Consulted(employee_number,certification_no,patient_registration_no,date_of_visit) values(141,141112233,160,'2013-07-15');
insert into Hospital.Treated_by(patient_registration_no,date_of_visit,employee_number,treatment) values(160,2013-07-15,125);
insert into Hospital.Prescribed(product_id,patient_registration_no,date_of_visit) values (52,160,'2013-07-15');
insert into Hospital.Visitation(patient_registration_no,date_of_visit,diagnosis) values (160,'2013-07-01','pzwui');
insert into Hospital.Consulted(employee_number,certification_no,patient_registration_no,date_of_visit) values(2,2112233,160,'2013-07-01');
insert into Hospital.Treated_by(patient_registration_no,date_of_visit,employee_number,treatment) values(160,2013-07-01,30);
insert into Hospital.Prescribed(product_id,patient_registration_no,date_of_visit) values (105,160,'2013-07-01');
insert into Hospital.Visitation(patient_registration_no,date_of_visit,diagnosis) values (160,'2013-09-30','zdfpo');
insert into Hospital.Consulted(employee_number,certification_no,patient_registration_no,date_of_visit) values(133,133112233,160,'2013-09-30');
insert into Hospital.Treated_by(patient_registration_no,date_of_visit,employee_number,treatment) values(160,2013-09-30,30);
insert into Hospital.Prescribed(product_id,patient_registration_no,date_of_visit) values (12,160,'2013-09-30');
insert into Hospital.Visitation(patient_registration_no,date_of_visit,diagnosis) values (160,'2013-07-22','ahteb');
insert into Hospital.Consulted(employee_number,certification_no,patient_registration_no,date_of_visit) values(141,141112233,160,'2013-07-22');
insert into Hospital.Treated_by(patient_registration_no,date_of_visit,employee_number,treatment) values(160,2013-07-22,71);
insert into Hospital.Prescribed(product_id,patient_registration_no,date_of_visit) values (91,160,'2013-07-22');
insert into Hospital.Visitation(patient_registration_no,date_of_visit,diagnosis) values (160,'2013-08-27','gpdks');
insert into Hospital.Consulted(employee_number,certification_no,patient_registration_no,date_of_visit) values(150,150112233,160,'2013-08-27');
insert into Hospital.Treated_by(patient_registration_no,date_of_visit,employee_number,treatment) values(160,2013-08-27,115);
insert into Hospital.Prescribed(product_id,patient_registration_no,date_of_visit) values (98,160,'2013-08-27');
insert into Hospital.Patient (patient_registration_no, name, ssn, address,contact_no,emergency_contact_no) values ( 160,'syzkv',704339347,'fkwum',88301821,69010302);
insert into Hospital.Belongs_to(employee_number,department_id) values (160,2);
insert into Hospital.Pharmaceutical_product(product_id,cost,manufacturer) values(161,570.7807207179861,'esvlq');
insert into Hospital.Batch(batch_id,manufacture_date,expiry_date) values (161,'2013-05-12','2013-10-09');
insert into Hospital.Production(product_id,batch_id) values (161,161);
insert into Hospital.Batch(batch_id,manufacture_date,expiry_date) values (162,'2013-05-12','2013-10-09');
insert into Hospital.Production(product_id,batch_id) values (161,162);
insert into Hospital.Batch(batch_id,manufacture_date,expiry_date) values (163,'2013-05-12','2013-10-09');
insert into Hospital.Production(product_id,batch_id) values (161,163);
insert into Hospital.Batch(batch_id,manufacture_date,expiry_date) values (164,'2013-05-12','2013-10-09');
insert into Hospital.Production(product_id,batch_id) values (161,164);
insert into Hospital.Batch(batch_id,manufacture_date,expiry_date) values (165,'2013-05-12','2013-10-09');
insert into Hospital.Production(product_id,batch_id) values (161,165);
insert into Hospital.Medicine(product_id,medicine_name,dosage) values (161,'jnktd','tsjjq');
insert into Hospital.Employees (employee_number, name, location, ssn, home_address,phone_number,designation) values ( 161,'jyigq','wrfvfcnrnobypvd',273849476,'qftyv',38246218,'Doctor');
insert into Hospital.Visitation(patient_registration_no,date_of_visit,diagnosis) values (161,'2013-07-25','ldngh');
insert into Hospital.Consulted(employee_number,certification_no,patient_registration_no,date_of_visit) values(122,122112233,161,'2013-07-25');
insert into Hospital.Treated_by(patient_registration_no,date_of_visit,employee_number,treatment) values(161,2013-07-25,52);
insert into Hospital.Prescribed(product_id,patient_registration_no,date_of_visit) values (51,161,'2013-07-25');
insert into Hospital.Visitation(patient_registration_no,date_of_visit,diagnosis) values (161,'2013-08-11','ixfoh');
insert into Hospital.Consulted(employee_number,certification_no,patient_registration_no,date_of_visit) values(60,60112233,161,'2013-08-11');
insert into Hospital.Treated_by(patient_registration_no,date_of_visit,employee_number,treatment) values(161,2013-08-11,134);
insert into Hospital.Prescribed(product_id,patient_registration_no,date_of_visit) values (125,161,'2013-08-11');
insert into Hospital.Visitation(patient_registration_no,date_of_visit,diagnosis) values (161,'2013-03-28','tsvwf');
insert into Hospital.Consulted(employee_number,certification_no,patient_registration_no,date_of_visit) values(94,94112233,161,'2013-03-28');
insert into Hospital.Treated_by(patient_registration_no,date_of_visit,employee_number,treatment) values(161,2013-03-28,129);
insert into Hospital.Prescribed(product_id,patient_registration_no,date_of_visit) values (155,161,'2013-03-28');
insert into Hospital.Visitation(patient_registration_no,date_of_visit,diagnosis) values (161,'2013-09-10','ldlet');
insert into Hospital.Consulted(employee_number,certification_no,patient_registration_no,date_of_visit) values(58,58112233,161,'2013-09-10');
insert into Hospital.Treated_by(patient_registration_no,date_of_visit,employee_number,treatment) values(161,2013-09-10,76);
insert into Hospital.Prescribed(product_id,patient_registration_no,date_of_visit) values (146,161,'2013-09-10');
insert into Hospital.Visitation(patient_registration_no,date_of_visit,diagnosis) values (161,'2013-07-02','audmk');
insert into Hospital.Consulted(employee_number,certification_no,patient_registration_no,date_of_visit) values(35,35112233,161,'2013-07-02');
insert into Hospital.Treated_by(patient_registration_no,date_of_visit,employee_number,treatment) values(161,2013-07-02,56);
insert into Hospital.Prescribed(product_id,patient_registration_no,date_of_visit) values (113,161,'2013-07-02');
insert into Hospital.Patient (patient_registration_no, name, ssn, address,contact_no,emergency_contact_no) values ( 161,'tmobo',834111831,'mdodm',93924555,80078050);
insert into Hospital.Physician (employee_number, certification_no,specialization) values ( 161,161112233,'Anesthesiology');
insert into Hospital.Belongs_to(employee_number,department_id) values (161,1);
insert into Hospital.Pharmaceutical_product(product_id,cost,manufacturer) values(162,619.2565111775443,'xqbpm');
insert into Hospital.Batch(batch_id,manufacture_date,expiry_date) values (162,'2013-02-09','2013-04-03');
insert into Hospital.Production(product_id,batch_id) values (162,162);
insert into Hospital.Batch(batch_id,manufacture_date,expiry_date) values (163,'2013-02-09','2013-04-03');
insert into Hospital.Production(product_id,batch_id) values (162,163);
insert into Hospital.Batch(batch_id,manufacture_date,expiry_date) values (164,'2013-02-09','2013-04-03');
insert into Hospital.Production(product_id,batch_id) values (162,164);
insert into Hospital.Batch(batch_id,manufacture_date,expiry_date) values (165,'2013-02-09','2013-04-03');
insert into Hospital.Production(product_id,batch_id) values (162,165);
insert into Hospital.Batch(batch_id,manufacture_date,expiry_date) values (166,'2013-02-09','2013-04-03');
insert into Hospital.Production(product_id,batch_id) values (162,166);
insert into Hospital.Employees (employee_number, name, location, ssn, home_address,phone_number,designation) values ( 162,'hnjen','guypronftrfqmlz',713889582,'pscap',84629380,'Administration');
insert into Hospital.Visitation(patient_registration_no,date_of_visit,diagnosis) values (162,'2013-04-12','wluhf');
insert into Hospital.Consulted(employee_number,certification_no,patient_registration_no,date_of_visit) values(75,75112233,162,'2013-04-12');
insert into Hospital.Treated_by(patient_registration_no,date_of_visit,employee_number,treatment) values(162,2013-04-12,129);
insert into Hospital.Prescribed(product_id,patient_registration_no,date_of_visit) values (31,162,'2013-04-12');
insert into Hospital.Visitation(patient_registration_no,date_of_visit,diagnosis) values (162,'2013-04-23','abzot');
insert into Hospital.Consulted(employee_number,certification_no,patient_registration_no,date_of_visit) values(41,41112233,162,'2013-04-23');
insert into Hospital.Treated_by(patient_registration_no,date_of_visit,employee_number,treatment) values(162,2013-04-23,88);
insert into Hospital.Prescribed(product_id,patient_registration_no,date_of_visit) values (24,162,'2013-04-23');
insert into Hospital.Visitation(patient_registration_no,date_of_visit,diagnosis) values (162,'2013-03-07','crdrv');
insert into Hospital.Consulted(employee_number,certification_no,patient_registration_no,date_of_visit) values(116,116112233,162,'2013-03-07');
insert into Hospital.Treated_by(patient_registration_no,date_of_visit,employee_number,treatment) values(162,2013-03-07,101);
insert into Hospital.Prescribed(product_id,patient_registration_no,date_of_visit) values (118,162,'2013-03-07');
insert into Hospital.Visitation(patient_registration_no,date_of_visit,diagnosis) values (162,'2013-06-17','fddzb');
insert into Hospital.Consulted(employee_number,certification_no,patient_registration_no,date_of_visit) values(35,35112233,162,'2013-06-17');
insert into Hospital.Treated_by(patient_registration_no,date_of_visit,employee_number,treatment) values(162,2013-06-17,153);
insert into Hospital.Prescribed(product_id,patient_registration_no,date_of_visit) values (63,162,'2013-06-17');
insert into Hospital.Visitation(patient_registration_no,date_of_visit,diagnosis) values (162,'2013-06-14','mugxt');
insert into Hospital.Consulted(employee_number,certification_no,patient_registration_no,date_of_visit) values(9,9112233,162,'2013-06-14');
insert into Hospital.Treated_by(patient_registration_no,date_of_visit,employee_number,treatment) values(162,2013-06-14,19);
insert into Hospital.Prescribed(product_id,patient_registration_no,date_of_visit) values (14,162,'2013-06-14');
insert into Hospital.Patient (patient_registration_no, name, ssn, address,contact_no,emergency_contact_no) values ( 162,'wqicv',830692084,'phleu',72940907,33135389);
insert into Hospital.Belongs_to(employee_number,department_id) values (162,2);
insert into Hospital.Pharmaceutical_product(product_id,cost,manufacturer) values(163,362.75279799447094,'qpyaf');
insert into Hospital.Batch(batch_id,manufacture_date,expiry_date) values (163,'2013-01-25','2013-10-16');
insert into Hospital.Production(product_id,batch_id) values (163,163);
insert into Hospital.Batch(batch_id,manufacture_date,expiry_date) values (164,'2013-01-25','2013-10-16');
insert into Hospital.Production(product_id,batch_id) values (163,164);
insert into Hospital.Batch(batch_id,manufacture_date,expiry_date) values (165,'2013-01-25','2013-10-16');
insert into Hospital.Production(product_id,batch_id) values (163,165);
insert into Hospital.Batch(batch_id,manufacture_date,expiry_date) values (166,'2013-01-25','2013-10-16');
insert into Hospital.Production(product_id,batch_id) values (163,166);
insert into Hospital.Batch(batch_id,manufacture_date,expiry_date) values (167,'2013-01-25','2013-10-16');
insert into Hospital.Production(product_id,batch_id) values (163,167);
insert into Hospital.Employees (employee_number, name, location, ssn, home_address,phone_number,designation) values ( 163,'vwqjk','ugaxqguuvlkwtfp',361134599,'xqktj',37779837,'Administration');
insert into Hospital.Visitation(patient_registration_no,date_of_visit,diagnosis) values (163,'2013-06-30','xbgjr');
insert into Hospital.Consulted(employee_number,certification_no,patient_registration_no,date_of_visit) values(51,51112233,163,'2013-06-30');
insert into Hospital.Treated_by(patient_registration_no,date_of_visit,employee_number,treatment) values(163,2013-06-30,125);
insert into Hospital.Prescribed(product_id,patient_registration_no,date_of_visit) values (7,163,'2013-06-30');
insert into Hospital.Visitation(patient_registration_no,date_of_visit,diagnosis) values (163,'2013-07-24','ctjau');
insert into Hospital.Consulted(employee_number,certification_no,patient_registration_no,date_of_visit) values(45,45112233,163,'2013-07-24');
insert into Hospital.Treated_by(patient_registration_no,date_of_visit,employee_number,treatment) values(163,2013-07-24,76);
insert into Hospital.Prescribed(product_id,patient_registration_no,date_of_visit) values (84,163,'2013-07-24');
insert into Hospital.Visitation(patient_registration_no,date_of_visit,diagnosis) values (163,'2013-10-13','utdxy');
insert into Hospital.Consulted(employee_number,certification_no,patient_registration_no,date_of_visit) values(113,113112233,163,'2013-10-13');
insert into Hospital.Treated_by(patient_registration_no,date_of_visit,employee_number,treatment) values(163,2013-10-13,48);
insert into Hospital.Prescribed(product_id,patient_registration_no,date_of_visit) values (65,163,'2013-10-13');
insert into Hospital.Visitation(patient_registration_no,date_of_visit,diagnosis) values (163,'2013-10-13','ypzuj');
insert into Hospital.Consulted(employee_number,certification_no,patient_registration_no,date_of_visit) values(75,75112233,163,'2013-10-13');
insert into Hospital.Treated_by(patient_registration_no,date_of_visit,employee_number,treatment) values(163,2013-10-13,67);
insert into Hospital.Prescribed(product_id,patient_registration_no,date_of_visit) values (34,163,'2013-10-13');
insert into Hospital.Visitation(patient_registration_no,date_of_visit,diagnosis) values (163,'2013-07-02','fxxnf');
insert into Hospital.Consulted(employee_number,certification_no,patient_registration_no,date_of_visit) values(66,66112233,163,'2013-07-02');
insert into Hospital.Treated_by(patient_registration_no,date_of_visit,employee_number,treatment) values(163,2013-07-02,126);
insert into Hospital.Prescribed(product_id,patient_registration_no,date_of_visit) values (154,163,'2013-07-02');
insert into Hospital.Patient (patient_registration_no, name, ssn, address,contact_no,emergency_contact_no) values ( 163,'anpes',253548913,'jfjep',92591241,69987904);
insert into Hospital.Belongs_to(employee_number,department_id) values (163,2);
insert into Hospital.Pharmaceutical_product(product_id,cost,manufacturer) values(164,353.0132352985771,'gethp');
insert into Hospital.Employees (employee_number, name, location, ssn, home_address,phone_number,designation) values ( 164,'yrkvb','tffoyjvzzizutqt',852146227,'ahces',86806717,'Radiology');
insert into Hospital.Visitation(patient_registration_no,date_of_visit,diagnosis) values (164,'2013-01-14','jayvq');
insert into Hospital.Consulted(employee_number,certification_no,patient_registration_no,date_of_visit) values(37,37112233,164,'2013-01-14');
insert into Hospital.Treated_by(patient_registration_no,date_of_visit,employee_number,treatment) values(164,2013-01-14,71);
insert into Hospital.Prescribed(product_id,patient_registration_no,date_of_visit) values (70,164,'2013-01-14');
insert into Hospital.Visitation(patient_registration_no,date_of_visit,diagnosis) values (164,'2013-08-20','xmdjg');
insert into Hospital.Consulted(employee_number,certification_no,patient_registration_no,date_of_visit) values(58,58112233,164,'2013-08-20');
insert into Hospital.Treated_by(patient_registration_no,date_of_visit,employee_number,treatment) values(164,2013-08-20,73);
insert into Hospital.Prescribed(product_id,patient_registration_no,date_of_visit) values (84,164,'2013-08-20');
insert into Hospital.Visitation(patient_registration_no,date_of_visit,diagnosis) values (164,'2013-02-07','smcix');
insert into Hospital.Consulted(employee_number,certification_no,patient_registration_no,date_of_visit) values(35,35112233,164,'2013-02-07');
insert into Hospital.Treated_by(patient_registration_no,date_of_visit,employee_number,treatment) values(164,2013-02-07,103);
insert into Hospital.Prescribed(product_id,patient_registration_no,date_of_visit) values (154,164,'2013-02-07');
insert into Hospital.Visitation(patient_registration_no,date_of_visit,diagnosis) values (164,'2013-04-11','nohnk');
insert into Hospital.Consulted(employee_number,certification_no,patient_registration_no,date_of_visit) values(141,141112233,164,'2013-04-11');
insert into Hospital.Treated_by(patient_registration_no,date_of_visit,employee_number,treatment) values(164,2013-04-11,48);
insert into Hospital.Prescribed(product_id,patient_registration_no,date_of_visit) values (123,164,'2013-04-11');
insert into Hospital.Visitation(patient_registration_no,date_of_visit,diagnosis) values (164,'2013-09-10','nfccn');
insert into Hospital.Consulted(employee_number,certification_no,patient_registration_no,date_of_visit) values(94,94112233,164,'2013-09-10');
insert into Hospital.Treated_by(patient_registration_no,date_of_visit,employee_number,treatment) values(164,2013-09-10,126);
insert into Hospital.Prescribed(product_id,patient_registration_no,date_of_visit) values (125,164,'2013-09-10');
insert into Hospital.Patient (patient_registration_no, name, ssn, address,contact_no,emergency_contact_no) values ( 164,'ltoqh',899696616,'ylgfn',44519095,23830906);
insert into Hospital.Takes (employee_number,shift_name ) values ( 164,'morning');
insert into Hospital.Belongs_to(employee_number,department_id) values (164,3);
insert into Hospital.Pharmaceutical_product(product_id,cost,manufacturer) values(165,443.80661015659086,'quvpa');
insert into Hospital.Batch(batch_id,manufacture_date,expiry_date) values (165,'2013-06-10','2013-09-19');
insert into Hospital.Production(product_id,batch_id) values (165,165);
insert into Hospital.Batch(batch_id,manufacture_date,expiry_date) values (166,'2013-06-10','2013-09-19');
insert into Hospital.Production(product_id,batch_id) values (165,166);
insert into Hospital.Batch(batch_id,manufacture_date,expiry_date) values (167,'2013-06-10','2013-09-19');
insert into Hospital.Production(product_id,batch_id) values (165,167);
insert into Hospital.Batch(batch_id,manufacture_date,expiry_date) values (168,'2013-06-10','2013-09-19');
insert into Hospital.Production(product_id,batch_id) values (165,168);
insert into Hospital.Batch(batch_id,manufacture_date,expiry_date) values (169,'2013-06-10','2013-09-19');
insert into Hospital.Production(product_id,batch_id) values (165,169);
insert into Hospital.Employees (employee_number, name, location, ssn, home_address,phone_number,designation) values ( 165,'ejjce','hunrlydtxfbcprw',920519039,'itgln',22571714,'Radiology');
insert into Hospital.Visitation(patient_registration_no,date_of_visit,diagnosis) values (165,'2013-05-01','vjlxk');
insert into Hospital.Consulted(employee_number,certification_no,patient_registration_no,date_of_visit) values(161,161112233,165,'2013-05-01');
insert into Hospital.Treated_by(patient_registration_no,date_of_visit,employee_number,treatment) values(165,2013-05-01,56);
insert into Hospital.Prescribed(product_id,patient_registration_no,date_of_visit) values (34,165,'2013-05-01');
insert into Hospital.Visitation(patient_registration_no,date_of_visit,diagnosis) values (165,'2013-01-17','uxclr');
insert into Hospital.Consulted(employee_number,certification_no,patient_registration_no,date_of_visit) values(110,110112233,165,'2013-01-17');
insert into Hospital.Treated_by(patient_registration_no,date_of_visit,employee_number,treatment) values(165,2013-01-17,48);
insert into Hospital.Prescribed(product_id,patient_registration_no,date_of_visit) values (152,165,'2013-01-17');
insert into Hospital.Visitation(patient_registration_no,date_of_visit,diagnosis) values (165,'2013-04-26','hfcdb');
insert into Hospital.Consulted(employee_number,certification_no,patient_registration_no,date_of_visit) values(151,151112233,165,'2013-04-26');
insert into Hospital.Treated_by(patient_registration_no,date_of_visit,employee_number,treatment) values(165,2013-04-26,101);
insert into Hospital.Prescribed(product_id,patient_registration_no,date_of_visit) values (119,165,'2013-04-26');
insert into Hospital.Visitation(patient_registration_no,date_of_visit,diagnosis) values (165,'2013-10-06','lmtue');
insert into Hospital.Consulted(employee_number,certification_no,patient_registration_no,date_of_visit) values(113,113112233,165,'2013-10-06');
insert into Hospital.Treated_by(patient_registration_no,date_of_visit,employee_number,treatment) values(165,2013-10-06,30);
insert into Hospital.Prescribed(product_id,patient_registration_no,date_of_visit) values (147,165,'2013-10-06');
insert into Hospital.Visitation(patient_registration_no,date_of_visit,diagnosis) values (165,'2013-08-12','iczuv');
insert into Hospital.Consulted(employee_number,certification_no,patient_registration_no,date_of_visit) values(151,151112233,165,'2013-08-12');
insert into Hospital.Treated_by(patient_registration_no,date_of_visit,employee_number,treatment) values(165,2013-08-12,67);
insert into Hospital.Prescribed(product_id,patient_registration_no,date_of_visit) values (15,165,'2013-08-12');
insert into Hospital.Patient (patient_registration_no, name, ssn, address,contact_no,emergency_contact_no) values ( 165,'aeetx',501174965,'mucyg',13323851,50543871);
insert into Hospital.Takes (employee_number,shift_name ) values ( 165,'evening');
insert into Hospital.Belongs_to(employee_number,department_id) values (165,3);
insert into Hospital.Pharmaceutical_product(product_id,cost,manufacturer) values(166,263.5102110505905,'aehzf');
insert into Hospital.Batch(batch_id,manufacture_date,expiry_date) values (166,'2013-04-27','2013-08-10');
insert into Hospital.Production(product_id,batch_id) values (166,166);
insert into Hospital.Batch(batch_id,manufacture_date,expiry_date) values (167,'2013-04-27','2013-08-10');
insert into Hospital.Production(product_id,batch_id) values (166,167);
insert into Hospital.Batch(batch_id,manufacture_date,expiry_date) values (168,'2013-04-27','2013-08-10');
insert into Hospital.Production(product_id,batch_id) values (166,168);
insert into Hospital.Batch(batch_id,manufacture_date,expiry_date) values (169,'2013-04-27','2013-08-10');
insert into Hospital.Production(product_id,batch_id) values (166,169);
insert into Hospital.Batch(batch_id,manufacture_date,expiry_date) values (170,'2013-04-27','2013-08-10');
insert into Hospital.Production(product_id,batch_id) values (166,170);
insert into Hospital.Employees (employee_number, name, location, ssn, home_address,phone_number,designation) values ( 166,'rajag','vmkasprmwobvvtt',132332482,'ygkso',12970263,'Doctor');
insert into Hospital.Visitation(patient_registration_no,date_of_visit,diagnosis) values (166,'2013-09-04','jirch');
insert into Hospital.Consulted(employee_number,certification_no,patient_registration_no,date_of_visit) values(45,45112233,166,'2013-09-04');
insert into Hospital.Treated_by(patient_registration_no,date_of_visit,employee_number,treatment) values(166,2013-09-04,115);
insert into Hospital.Prescribed(product_id,patient_registration_no,date_of_visit) values (149,166,'2013-09-04');
insert into Hospital.Visitation(patient_registration_no,date_of_visit,diagnosis) values (166,'2013-08-16','nhnjv');
insert into Hospital.Consulted(employee_number,certification_no,patient_registration_no,date_of_visit) values(41,41112233,166,'2013-08-16');
insert into Hospital.Treated_by(patient_registration_no,date_of_visit,employee_number,treatment) values(166,2013-08-16,26);
insert into Hospital.Prescribed(product_id,patient_registration_no,date_of_visit) values (152,166,'2013-08-16');
insert into Hospital.Visitation(patient_registration_no,date_of_visit,diagnosis) values (166,'2013-03-05','iptnt');
insert into Hospital.Consulted(employee_number,certification_no,patient_registration_no,date_of_visit) values(92,92112233,166,'2013-03-05');
insert into Hospital.Treated_by(patient_registration_no,date_of_visit,employee_number,treatment) values(166,2013-03-05,157);
insert into Hospital.Prescribed(product_id,patient_registration_no,date_of_visit) values (154,166,'2013-03-05');
insert into Hospital.Visitation(patient_registration_no,date_of_visit,diagnosis) values (166,'2013-06-12','deasp');
insert into Hospital.Consulted(employee_number,certification_no,patient_registration_no,date_of_visit) values(113,113112233,166,'2013-06-12');
insert into Hospital.Treated_by(patient_registration_no,date_of_visit,employee_number,treatment) values(166,2013-06-12,153);
insert into Hospital.Prescribed(product_id,patient_registration_no,date_of_visit) values (137,166,'2013-06-12');
insert into Hospital.Visitation(patient_registration_no,date_of_visit,diagnosis) values (166,'2013-03-18','uombg');
insert into Hospital.Consulted(employee_number,certification_no,patient_registration_no,date_of_visit) values(44,44112233,166,'2013-03-18');
insert into Hospital.Treated_by(patient_registration_no,date_of_visit,employee_number,treatment) values(166,2013-03-18,47);
insert into Hospital.Prescribed(product_id,patient_registration_no,date_of_visit) values (66,166,'2013-03-18');
insert into Hospital.Patient (patient_registration_no, name, ssn, address,contact_no,emergency_contact_no) values ( 166,'cbiqa',629328879,'ujwjt',91006359,86432048);
insert into Hospital.Physician (employee_number, certification_no,specialization) values ( 166,166112233,'Anesthesiology');
insert into Hospital.Belongs_to(employee_number,department_id) values (166,1);
insert into Hospital.Pharmaceutical_product(product_id,cost,manufacturer) values(167,937.5222005863651,'ehdjh');
insert into Hospital.Medicine(product_id,medicine_name,dosage) values (167,'iwuwu','qdakw');
insert into Hospital.Employees (employee_number, name, location, ssn, home_address,phone_number,designation) values ( 167,'esyvl','cvhwkdjzfgzuosv',49905877,'coetr',82030034,'Nurse');
insert into Hospital.Visitation(patient_registration_no,date_of_visit,diagnosis) values (167,'2013-09-25','tilgq');
insert into Hospital.Consulted(employee_number,certification_no,patient_registration_no,date_of_visit) values(137,137112233,167,'2013-09-25');
insert into Hospital.Treated_by(patient_registration_no,date_of_visit,employee_number,treatment) values(167,2013-09-25,157);
insert into Hospital.Prescribed(product_id,patient_registration_no,date_of_visit) values (9,167,'2013-09-25');
insert into Hospital.Visitation(patient_registration_no,date_of_visit,diagnosis) values (167,'2013-10-22','qlsdl');
insert into Hospital.Consulted(employee_number,certification_no,patient_registration_no,date_of_visit) values(8,8112233,167,'2013-10-22');
insert into Hospital.Treated_by(patient_registration_no,date_of_visit,employee_number,treatment) values(167,2013-10-22,49);
insert into Hospital.Prescribed(product_id,patient_registration_no,date_of_visit) values (84,167,'2013-10-22');
insert into Hospital.Visitation(patient_registration_no,date_of_visit,diagnosis) values (167,'2013-05-18','wezzo');
insert into Hospital.Consulted(employee_number,certification_no,patient_registration_no,date_of_visit) values(133,133112233,167,'2013-05-18');
insert into Hospital.Treated_by(patient_registration_no,date_of_visit,employee_number,treatment) values(167,2013-05-18,26);
insert into Hospital.Prescribed(product_id,patient_registration_no,date_of_visit) values (138,167,'2013-05-18');
insert into Hospital.Visitation(patient_registration_no,date_of_visit,diagnosis) values (167,'2013-07-21','eadlv');
insert into Hospital.Consulted(employee_number,certification_no,patient_registration_no,date_of_visit) values(107,107112233,167,'2013-07-21');
insert into Hospital.Treated_by(patient_registration_no,date_of_visit,employee_number,treatment) values(167,2013-07-21,18);
insert into Hospital.Prescribed(product_id,patient_registration_no,date_of_visit) values (3,167,'2013-07-21');
insert into Hospital.Visitation(patient_registration_no,date_of_visit,diagnosis) values (167,'2013-10-18','kpjom');
insert into Hospital.Consulted(employee_number,certification_no,patient_registration_no,date_of_visit) values(21,21112233,167,'2013-10-18');
insert into Hospital.Treated_by(patient_registration_no,date_of_visit,employee_number,treatment) values(167,2013-10-18,96);
insert into Hospital.Prescribed(product_id,patient_registration_no,date_of_visit) values (39,167,'2013-10-18');
insert into Hospital.Patient (patient_registration_no, name, ssn, address,contact_no,emergency_contact_no) values ( 167,'ammlk',619418141,'zoukr',98608728,10908858);
insert into Hospital.Takes (employee_number,shift_name ) values ( 167,'night');
insert into Hospital.Belongs_to(employee_number,department_id) values (167,3);
insert into Hospital.Pharmaceutical_product(product_id,cost,manufacturer) values(168,499.32461912990817,'xxugb');
insert into Hospital.Batch(batch_id,manufacture_date,expiry_date) values (168,'2013-08-27','2013-08-30');
insert into Hospital.Production(product_id,batch_id) values (168,168);
insert into Hospital.Batch(batch_id,manufacture_date,expiry_date) values (169,'2013-08-27','2013-08-30');
insert into Hospital.Production(product_id,batch_id) values (168,169);
insert into Hospital.Batch(batch_id,manufacture_date,expiry_date) values (170,'2013-08-27','2013-08-30');
insert into Hospital.Production(product_id,batch_id) values (168,170);
insert into Hospital.Batch(batch_id,manufacture_date,expiry_date) values (171,'2013-08-27','2013-08-30');
insert into Hospital.Production(product_id,batch_id) values (168,171);
insert into Hospital.Batch(batch_id,manufacture_date,expiry_date) values (172,'2013-08-27','2013-08-30');
insert into Hospital.Production(product_id,batch_id) values (168,172);
insert into Hospital.Medicine(product_id,medicine_name,dosage) values (168,'lozig','tqbyl');
insert into Hospital.Employees (employee_number, name, location, ssn, home_address,phone_number,designation) values ( 168,'lyibs','obbxwgjsdkjalzj',251120260,'dnnkx',92552018,'Doctor');
insert into Hospital.Visitation(patient_registration_no,date_of_visit,diagnosis) values (168,'2013-06-10','abzvn');
insert into Hospital.Consulted(employee_number,certification_no,patient_registration_no,date_of_visit) values(122,122112233,168,'2013-06-10');
insert into Hospital.Treated_by(patient_registration_no,date_of_visit,employee_number,treatment) values(168,2013-06-10,134);
insert into Hospital.Prescribed(product_id,patient_registration_no,date_of_visit) values (10,168,'2013-06-10');
insert into Hospital.Visitation(patient_registration_no,date_of_visit,diagnosis) values (168,'2013-07-22','ddmng');
insert into Hospital.Consulted(employee_number,certification_no,patient_registration_no,date_of_visit) values(110,110112233,168,'2013-07-22');
insert into Hospital.Treated_by(patient_registration_no,date_of_visit,employee_number,treatment) values(168,2013-07-22,164);
insert into Hospital.Prescribed(product_id,patient_registration_no,date_of_visit) values (146,168,'2013-07-22');
insert into Hospital.Visitation(patient_registration_no,date_of_visit,diagnosis) values (168,'2013-10-19','podry');
insert into Hospital.Consulted(employee_number,certification_no,patient_registration_no,date_of_visit) values(130,130112233,168,'2013-10-19');
insert into Hospital.Treated_by(patient_registration_no,date_of_visit,employee_number,treatment) values(168,2013-10-19,76);
insert into Hospital.Prescribed(product_id,patient_registration_no,date_of_visit) values (44,168,'2013-10-19');
insert into Hospital.Visitation(patient_registration_no,date_of_visit,diagnosis) values (168,'2013-08-28','vqvec');
insert into Hospital.Consulted(employee_number,certification_no,patient_registration_no,date_of_visit) values(41,41112233,168,'2013-08-28');
insert into Hospital.Treated_by(patient_registration_no,date_of_visit,employee_number,treatment) values(168,2013-08-28,39);
insert into Hospital.Prescribed(product_id,patient_registration_no,date_of_visit) values (132,168,'2013-08-28');
insert into Hospital.Visitation(patient_registration_no,date_of_visit,diagnosis) values (168,'2013-01-14','zkctf');
insert into Hospital.Consulted(employee_number,certification_no,patient_registration_no,date_of_visit) values(1,1112233,168,'2013-01-14');
insert into Hospital.Treated_by(patient_registration_no,date_of_visit,employee_number,treatment) values(168,2013-01-14,73);
insert into Hospital.Prescribed(product_id,patient_registration_no,date_of_visit) values (2,168,'2013-01-14');
insert into Hospital.Patient (patient_registration_no, name, ssn, address,contact_no,emergency_contact_no) values ( 168,'fysrn',304265580,'fsmia',83522904,64841821);
insert into Hospital.Physician (employee_number, certification_no,specialization) values ( 168,168112233,'Pediatrics');
insert into Hospital.Belongs_to(employee_number,department_id) values (168,1);
insert into Hospital.Pharmaceutical_product(product_id,cost,manufacturer) values(169,331.9520949836021,'bjvlm');
insert into Hospital.Medicine(product_id,medicine_name,dosage) values (169,'yiulv','ofwpx');
insert into Hospital.Employees (employee_number, name, location, ssn, home_address,phone_number,designation) values ( 169,'xfnyb','tvxowyuedphllrl',767882302,'tacij',89907121,'Radiology');
insert into Hospital.Visitation(patient_registration_no,date_of_visit,diagnosis) values (169,'2013-02-18','kpsse');
insert into Hospital.Consulted(employee_number,certification_no,patient_registration_no,date_of_visit) values(58,58112233,169,'2013-02-18');
insert into Hospital.Treated_by(patient_registration_no,date_of_visit,employee_number,treatment) values(169,2013-02-18,63);
insert into Hospital.Prescribed(product_id,patient_registration_no,date_of_visit) values (19,169,'2013-02-18');
insert into Hospital.Visitation(patient_registration_no,date_of_visit,diagnosis) values (169,'2013-07-19','cmvdb');
insert into Hospital.Consulted(employee_number,certification_no,patient_registration_no,date_of_visit) values(23,23112233,169,'2013-07-19');
insert into Hospital.Treated_by(patient_registration_no,date_of_visit,employee_number,treatment) values(169,2013-07-19,88);
insert into Hospital.Prescribed(product_id,patient_registration_no,date_of_visit) values (31,169,'2013-07-19');
insert into Hospital.Visitation(patient_registration_no,date_of_visit,diagnosis) values (169,'2013-01-22','enwsk');
insert into Hospital.Consulted(employee_number,certification_no,patient_registration_no,date_of_visit) values(113,113112233,169,'2013-01-22');
insert into Hospital.Treated_by(patient_registration_no,date_of_visit,employee_number,treatment) values(169,2013-01-22,164);
insert into Hospital.Prescribed(product_id,patient_registration_no,date_of_visit) values (125,169,'2013-01-22');
insert into Hospital.Visitation(patient_registration_no,date_of_visit,diagnosis) values (169,'2013-08-25','ufjuj');
insert into Hospital.Consulted(employee_number,certification_no,patient_registration_no,date_of_visit) values(111,111112233,169,'2013-08-25');
insert into Hospital.Treated_by(patient_registration_no,date_of_visit,employee_number,treatment) values(169,2013-08-25,47);
insert into Hospital.Prescribed(product_id,patient_registration_no,date_of_visit) values (110,169,'2013-08-25');
insert into Hospital.Visitation(patient_registration_no,date_of_visit,diagnosis) values (169,'2013-05-25','scsgb');
insert into Hospital.Consulted(employee_number,certification_no,patient_registration_no,date_of_visit) values(43,43112233,169,'2013-05-25');
insert into Hospital.Treated_by(patient_registration_no,date_of_visit,employee_number,treatment) values(169,2013-05-25,61);
insert into Hospital.Prescribed(product_id,patient_registration_no,date_of_visit) values (66,169,'2013-05-25');
insert into Hospital.Patient (patient_registration_no, name, ssn, address,contact_no,emergency_contact_no) values ( 169,'izptt',520460450,'snvwf',29977096,39359200);
insert into Hospital.Takes (employee_number,shift_name ) values ( 169,'night');
insert into Hospital.Belongs_to(employee_number,department_id) values (169,3);
insert into Hospital.Pharmaceutical_product(product_id,cost,manufacturer) values(170,571.3475716761195,'itjqq');
insert into Hospital.Batch(batch_id,manufacture_date,expiry_date) values (170,'2013-06-24','2013-08-20');
insert into Hospital.Production(product_id,batch_id) values (170,170);
insert into Hospital.Batch(batch_id,manufacture_date,expiry_date) values (171,'2013-06-24','2013-08-20');
insert into Hospital.Production(product_id,batch_id) values (170,171);
insert into Hospital.Batch(batch_id,manufacture_date,expiry_date) values (172,'2013-06-24','2013-08-20');
insert into Hospital.Production(product_id,batch_id) values (170,172);
insert into Hospital.Batch(batch_id,manufacture_date,expiry_date) values (173,'2013-06-24','2013-08-20');
insert into Hospital.Production(product_id,batch_id) values (170,173);
insert into Hospital.Batch(batch_id,manufacture_date,expiry_date) values (174,'2013-06-24','2013-08-20');
insert into Hospital.Production(product_id,batch_id) values (170,174);
insert into Hospital.Medicine(product_id,medicine_name,dosage) values (170,'weqpe','tmrls');
insert into Hospital.Employees (employee_number, name, location, ssn, home_address,phone_number,designation) values ( 170,'wonjq','mtxprnnhqjvvfye',793293218,'btfww',30145928,'Nurse');
insert into Hospital.Visitation(patient_registration_no,date_of_visit,diagnosis) values (170,'2013-06-27','ycaay');
insert into Hospital.Consulted(employee_number,certification_no,patient_registration_no,date_of_visit) values(35,35112233,170,'2013-06-27');
insert into Hospital.Treated_by(patient_registration_no,date_of_visit,employee_number,treatment) values(170,2013-06-27,157);
insert into Hospital.Prescribed(product_id,patient_registration_no,date_of_visit) values (10,170,'2013-06-27');
insert into Hospital.Visitation(patient_registration_no,date_of_visit,diagnosis) values (170,'2013-07-12','etksm');
insert into Hospital.Consulted(employee_number,certification_no,patient_registration_no,date_of_visit) values(23,23112233,170,'2013-07-12');
insert into Hospital.Treated_by(patient_registration_no,date_of_visit,employee_number,treatment) values(170,2013-07-12,112);
insert into Hospital.Prescribed(product_id,patient_registration_no,date_of_visit) values (87,170,'2013-07-12');
insert into Hospital.Visitation(patient_registration_no,date_of_visit,diagnosis) values (170,'2013-09-24','gobdt');
insert into Hospital.Consulted(employee_number,certification_no,patient_registration_no,date_of_visit) values(168,168112233,170,'2013-09-24');
insert into Hospital.Treated_by(patient_registration_no,date_of_visit,employee_number,treatment) values(170,2013-09-24,61);
insert into Hospital.Prescribed(product_id,patient_registration_no,date_of_visit) values (15,170,'2013-09-24');
insert into Hospital.Visitation(patient_registration_no,date_of_visit,diagnosis) values (170,'2013-06-06','btwvk');
insert into Hospital.Consulted(employee_number,certification_no,patient_registration_no,date_of_visit) values(58,58112233,170,'2013-06-06');
insert into Hospital.Treated_by(patient_registration_no,date_of_visit,employee_number,treatment) values(170,2013-06-06,0);
insert into Hospital.Prescribed(product_id,patient_registration_no,date_of_visit) values (49,170,'2013-06-06');
insert into Hospital.Visitation(patient_registration_no,date_of_visit,diagnosis) values (170,'2013-07-18','iqhda');
insert into Hospital.Consulted(employee_number,certification_no,patient_registration_no,date_of_visit) values(13,13112233,170,'2013-07-18');
insert into Hospital.Treated_by(patient_registration_no,date_of_visit,employee_number,treatment) values(170,2013-07-18,153);
insert into Hospital.Prescribed(product_id,patient_registration_no,date_of_visit) values (18,170,'2013-07-18');
insert into Hospital.Patient (patient_registration_no, name, ssn, address,contact_no,emergency_contact_no) values ( 170,'jzkkc',724359037,'ipimy',31564320,38686602);
insert into Hospital.Takes (employee_number,shift_name ) values ( 170,'evening');
insert into Hospital.Belongs_to(employee_number,department_id) values (170,3);
insert into Hospital.Pharmaceutical_product(product_id,cost,manufacturer) values(171,272.1528110824519,'sutny');
insert into Hospital.Batch(batch_id,manufacture_date,expiry_date) values (171,'2013-04-24','2013-10-24');
insert into Hospital.Production(product_id,batch_id) values (171,171);
insert into Hospital.Batch(batch_id,manufacture_date,expiry_date) values (172,'2013-04-24','2013-10-24');
insert into Hospital.Production(product_id,batch_id) values (171,172);
insert into Hospital.Batch(batch_id,manufacture_date,expiry_date) values (173,'2013-04-24','2013-10-24');
insert into Hospital.Production(product_id,batch_id) values (171,173);
insert into Hospital.Batch(batch_id,manufacture_date,expiry_date) values (174,'2013-04-24','2013-10-24');
insert into Hospital.Production(product_id,batch_id) values (171,174);
insert into Hospital.Batch(batch_id,manufacture_date,expiry_date) values (175,'2013-04-24','2013-10-24');
insert into Hospital.Production(product_id,batch_id) values (171,175);
insert into Hospital.Medicine(product_id,medicine_name,dosage) values (171,'apzhc','lzwfg');
insert into Hospital.Employees (employee_number, name, location, ssn, home_address,phone_number,designation) values ( 171,'cneya','hspdvhzwjaeqakz',658374241,'leumv',15444298,'Nurse');
insert into Hospital.Visitation(patient_registration_no,date_of_visit,diagnosis) values (171,'2013-04-27','oytag');
insert into Hospital.Consulted(employee_number,certification_no,patient_registration_no,date_of_visit) values(110,110112233,171,'2013-04-27');
insert into Hospital.Treated_by(patient_registration_no,date_of_visit,employee_number,treatment) values(171,2013-04-27,164);
insert into Hospital.Prescribed(product_id,patient_registration_no,date_of_visit) values (33,171,'2013-04-27');
insert into Hospital.Visitation(patient_registration_no,date_of_visit,diagnosis) values (171,'2013-09-17','xdijc');
insert into Hospital.Consulted(employee_number,certification_no,patient_registration_no,date_of_visit) values(139,139112233,171,'2013-09-17');
insert into Hospital.Treated_by(patient_registration_no,date_of_visit,employee_number,treatment) values(171,2013-09-17,169);
insert into Hospital.Prescribed(product_id,patient_registration_no,date_of_visit) values (105,171,'2013-09-17');
insert into Hospital.Visitation(patient_registration_no,date_of_visit,diagnosis) values (171,'2013-06-14','jxsdd');
insert into Hospital.Consulted(employee_number,certification_no,patient_registration_no,date_of_visit) values(41,41112233,171,'2013-06-14');
insert into Hospital.Treated_by(patient_registration_no,date_of_visit,employee_number,treatment) values(171,2013-06-14,48);
insert into Hospital.Prescribed(product_id,patient_registration_no,date_of_visit) values (9,171,'2013-06-14');
insert into Hospital.Visitation(patient_registration_no,date_of_visit,diagnosis) values (171,'2013-08-01','jvukl');
insert into Hospital.Consulted(employee_number,certification_no,patient_registration_no,date_of_visit) values(60,60112233,171,'2013-08-01');
insert into Hospital.Treated_by(patient_registration_no,date_of_visit,employee_number,treatment) values(171,2013-08-01,52);
insert into Hospital.Prescribed(product_id,patient_registration_no,date_of_visit) values (153,171,'2013-08-01');
insert into Hospital.Visitation(patient_registration_no,date_of_visit,diagnosis) values (171,'2013-03-13','vqkgj');
insert into Hospital.Consulted(employee_number,certification_no,patient_registration_no,date_of_visit) values(58,58112233,171,'2013-03-13');
insert into Hospital.Treated_by(patient_registration_no,date_of_visit,employee_number,treatment) values(171,2013-03-13,30);
insert into Hospital.Prescribed(product_id,patient_registration_no,date_of_visit) values (134,171,'2013-03-13');
insert into Hospital.Patient (patient_registration_no, name, ssn, address,contact_no,emergency_contact_no) values ( 171,'aebnp',945459970,'fixzj',49696463,79228122);
insert into Hospital.Takes (employee_number,shift_name ) values ( 171,'morning');
insert into Hospital.Belongs_to(employee_number,department_id) values (171,3);
insert into Hospital.Pharmaceutical_product(product_id,cost,manufacturer) values(172,916.3638678600761,'weyst');
insert into Hospital.Batch(batch_id,manufacture_date,expiry_date) values (172,'2013-01-11','2013-06-08');
insert into Hospital.Production(product_id,batch_id) values (172,172);
insert into Hospital.Batch(batch_id,manufacture_date,expiry_date) values (173,'2013-01-11','2013-06-08');
insert into Hospital.Production(product_id,batch_id) values (172,173);
insert into Hospital.Batch(batch_id,manufacture_date,expiry_date) values (174,'2013-01-11','2013-06-08');
insert into Hospital.Production(product_id,batch_id) values (172,174);
insert into Hospital.Batch(batch_id,manufacture_date,expiry_date) values (175,'2013-01-11','2013-06-08');
insert into Hospital.Production(product_id,batch_id) values (172,175);
insert into Hospital.Batch(batch_id,manufacture_date,expiry_date) values (176,'2013-01-11','2013-06-08');
insert into Hospital.Production(product_id,batch_id) values (172,176);
insert into Hospital.Medicine(product_id,medicine_name,dosage) values (172,'vclgx','stuwl');
insert into Hospital.Employees (employee_number, name, location, ssn, home_address,phone_number,designation) values ( 172,'roeoc','miergkleymsfqdp',31594826,'uooue',30102371,'Radiology');
insert into Hospital.Visitation(patient_registration_no,date_of_visit,diagnosis) values (172,'2013-01-25','fxpwv');
insert into Hospital.Consulted(employee_number,certification_no,patient_registration_no,date_of_visit) values(128,128112233,172,'2013-01-25');
insert into Hospital.Treated_by(patient_registration_no,date_of_visit,employee_number,treatment) values(172,2013-01-25,77);
insert into Hospital.Prescribed(product_id,patient_registration_no,date_of_visit) values (110,172,'2013-01-25');
insert into Hospital.Visitation(patient_registration_no,date_of_visit,diagnosis) values (172,'2013-03-28','zwlwf');
insert into Hospital.Consulted(employee_number,certification_no,patient_registration_no,date_of_visit) values(9,9112233,172,'2013-03-28');
insert into Hospital.Treated_by(patient_registration_no,date_of_visit,employee_number,treatment) values(172,2013-03-28,39);
insert into Hospital.Prescribed(product_id,patient_registration_no,date_of_visit) values (55,172,'2013-03-28');
insert into Hospital.Visitation(patient_registration_no,date_of_visit,diagnosis) values (172,'2013-08-07','hldjs');
insert into Hospital.Consulted(employee_number,certification_no,patient_registration_no,date_of_visit) values(58,58112233,172,'2013-08-07');
insert into Hospital.Treated_by(patient_registration_no,date_of_visit,employee_number,treatment) values(172,2013-08-07,101);
insert into Hospital.Prescribed(product_id,patient_registration_no,date_of_visit) values (19,172,'2013-08-07');
insert into Hospital.Visitation(patient_registration_no,date_of_visit,diagnosis) values (172,'2013-01-04','aupsa');
insert into Hospital.Consulted(employee_number,certification_no,patient_registration_no,date_of_visit) values(107,107112233,172,'2013-01-04');
insert into Hospital.Treated_by(patient_registration_no,date_of_visit,employee_number,treatment) values(172,2013-01-04,63);
insert into Hospital.Prescribed(product_id,patient_registration_no,date_of_visit) values (55,172,'2013-01-04');
insert into Hospital.Visitation(patient_registration_no,date_of_visit,diagnosis) values (172,'2013-10-18','gehvd');
insert into Hospital.Consulted(employee_number,certification_no,patient_registration_no,date_of_visit) values(113,113112233,172,'2013-10-18');
insert into Hospital.Treated_by(patient_registration_no,date_of_visit,employee_number,treatment) values(172,2013-10-18,101);
insert into Hospital.Prescribed(product_id,patient_registration_no,date_of_visit) values (65,172,'2013-10-18');
insert into Hospital.Patient (patient_registration_no, name, ssn, address,contact_no,emergency_contact_no) values ( 172,'irwku',707407910,'lisvf',59195510,83857805);
insert into Hospital.Takes (employee_number,shift_name ) values ( 172,'night');
insert into Hospital.Belongs_to(employee_number,department_id) values (172,3);
insert into Hospital.Pharmaceutical_product(product_id,cost,manufacturer) values(173,14.192270550026397,'hwdap');
insert into Hospital.Medicine(product_id,medicine_name,dosage) values (173,'ntqbk','rufbt');
insert into Hospital.Employees (employee_number, name, location, ssn, home_address,phone_number,designation) values ( 173,'whrrb','hqnbbedbbicfwmg',647593750,'rxjkf',79241080,'Radiology');
insert into Hospital.Visitation(patient_registration_no,date_of_visit,diagnosis) values (173,'2013-05-09','ofgsn');
insert into Hospital.Consulted(employee_number,certification_no,patient_registration_no,date_of_visit) values(29,29112233,173,'2013-05-09');
insert into Hospital.Treated_by(patient_registration_no,date_of_visit,employee_number,treatment) values(173,2013-05-09,19);
insert into Hospital.Prescribed(product_id,patient_registration_no,date_of_visit) values (14,173,'2013-05-09');
insert into Hospital.Visitation(patient_registration_no,date_of_visit,diagnosis) values (173,'2013-02-18','enskw');
insert into Hospital.Consulted(employee_number,certification_no,patient_registration_no,date_of_visit) values(69,69112233,173,'2013-02-18');
insert into Hospital.Treated_by(patient_registration_no,date_of_visit,employee_number,treatment) values(173,2013-02-18,172);
insert into Hospital.Prescribed(product_id,patient_registration_no,date_of_visit) values (131,173,'2013-02-18');
insert into Hospital.Visitation(patient_registration_no,date_of_visit,diagnosis) values (173,'2013-04-13','nxiby');
insert into Hospital.Consulted(employee_number,certification_no,patient_registration_no,date_of_visit) values(34,34112233,173,'2013-04-13');
insert into Hospital.Treated_by(patient_registration_no,date_of_visit,employee_number,treatment) values(173,2013-04-13,112);
insert into Hospital.Prescribed(product_id,patient_registration_no,date_of_visit) values (11,173,'2013-04-13');
insert into Hospital.Visitation(patient_registration_no,date_of_visit,diagnosis) values (173,'2013-04-12','kouaj');
insert into Hospital.Consulted(employee_number,certification_no,patient_registration_no,date_of_visit) values(85,85112233,173,'2013-04-12');
insert into Hospital.Treated_by(patient_registration_no,date_of_visit,employee_number,treatment) values(173,2013-04-12,143);
insert into Hospital.Prescribed(product_id,patient_registration_no,date_of_visit) values (69,173,'2013-04-12');
insert into Hospital.Visitation(patient_registration_no,date_of_visit,diagnosis) values (173,'2013-01-20','yiedw');
insert into Hospital.Consulted(employee_number,certification_no,patient_registration_no,date_of_visit) values(35,35112233,173,'2013-01-20');
insert into Hospital.Treated_by(patient_registration_no,date_of_visit,employee_number,treatment) values(173,2013-01-20,115);
insert into Hospital.Prescribed(product_id,patient_registration_no,date_of_visit) values (69,173,'2013-01-20');
insert into Hospital.Patient (patient_registration_no, name, ssn, address,contact_no,emergency_contact_no) values ( 173,'zktyy',207573530,'uzsfc',18101905,79128315);
insert into Hospital.Takes (employee_number,shift_name ) values ( 173,'evening');
insert into Hospital.Belongs_to(employee_number,department_id) values (173,3);
insert into Hospital.Pharmaceutical_product(product_id,cost,manufacturer) values(174,545.7762147196703,'iwlfd');
insert into Hospital.Batch(batch_id,manufacture_date,expiry_date) values (174,'2013-05-12','2013-08-07');
insert into Hospital.Production(product_id,batch_id) values (174,174);
insert into Hospital.Batch(batch_id,manufacture_date,expiry_date) values (175,'2013-05-12','2013-08-07');
insert into Hospital.Production(product_id,batch_id) values (174,175);
insert into Hospital.Batch(batch_id,manufacture_date,expiry_date) values (176,'2013-05-12','2013-08-07');
insert into Hospital.Production(product_id,batch_id) values (174,176);
insert into Hospital.Batch(batch_id,manufacture_date,expiry_date) values (177,'2013-05-12','2013-08-07');
insert into Hospital.Production(product_id,batch_id) values (174,177);
insert into Hospital.Batch(batch_id,manufacture_date,expiry_date) values (178,'2013-05-12','2013-08-07');
insert into Hospital.Production(product_id,batch_id) values (174,178);
insert into Hospital.Medicine(product_id,medicine_name,dosage) values (174,'maupc','jhcbh');
insert into Hospital.Employees (employee_number, name, location, ssn, home_address,phone_number,designation) values ( 174,'uenaa','kkojssenoqnffvq',899847203,'njcmi',68819197,'Administration');
insert into Hospital.Visitation(patient_registration_no,date_of_visit,diagnosis) values (174,'2013-08-21','eetcv');
insert into Hospital.Consulted(employee_number,certification_no,patient_registration_no,date_of_visit) values(13,13112233,174,'2013-08-21');
insert into Hospital.Treated_by(patient_registration_no,date_of_visit,employee_number,treatment) values(174,2013-08-21,172);
insert into Hospital.Prescribed(product_id,patient_registration_no,date_of_visit) values (86,174,'2013-08-21');
insert into Hospital.Visitation(patient_registration_no,date_of_visit,diagnosis) values (174,'2013-07-08','yqaaz');
insert into Hospital.Consulted(employee_number,certification_no,patient_registration_no,date_of_visit) values(66,66112233,174,'2013-07-08');
insert into Hospital.Treated_by(patient_registration_no,date_of_visit,employee_number,treatment) values(174,2013-07-08,63);
insert into Hospital.Prescribed(product_id,patient_registration_no,date_of_visit) values (24,174,'2013-07-08');
insert into Hospital.Visitation(patient_registration_no,date_of_visit,diagnosis) values (174,'2013-01-31','vtvyb');
insert into Hospital.Consulted(employee_number,certification_no,patient_registration_no,date_of_visit) values(21,21112233,174,'2013-01-31');
insert into Hospital.Treated_by(patient_registration_no,date_of_visit,employee_number,treatment) values(174,2013-01-31,18);
insert into Hospital.Prescribed(product_id,patient_registration_no,date_of_visit) values (161,174,'2013-01-31');
insert into Hospital.Visitation(patient_registration_no,date_of_visit,diagnosis) values (174,'2013-08-25','fhtzi');
insert into Hospital.Consulted(employee_number,certification_no,patient_registration_no,date_of_visit) values(55,55112233,174,'2013-08-25');
insert into Hospital.Treated_by(patient_registration_no,date_of_visit,employee_number,treatment) values(174,2013-08-25,165);
insert into Hospital.Prescribed(product_id,patient_registration_no,date_of_visit) values (113,174,'2013-08-25');
insert into Hospital.Visitation(patient_registration_no,date_of_visit,diagnosis) values (174,'2013-06-16','cwtao');
insert into Hospital.Consulted(employee_number,certification_no,patient_registration_no,date_of_visit) values(43,43112233,174,'2013-06-16');
insert into Hospital.Treated_by(patient_registration_no,date_of_visit,employee_number,treatment) values(174,2013-06-16,71);
insert into Hospital.Prescribed(product_id,patient_registration_no,date_of_visit) values (63,174,'2013-06-16');
insert into Hospital.Patient (patient_registration_no, name, ssn, address,contact_no,emergency_contact_no) values ( 174,'ilfpt',375182265,'dmxbt',28009205,49761370);
insert into Hospital.Belongs_to(employee_number,department_id) values (174,2);
insert into Hospital.Pharmaceutical_product(product_id,cost,manufacturer) values(175,951.6540457738465,'qnpqg');
insert into Hospital.Employees (employee_number, name, location, ssn, home_address,phone_number,designation) values ( 175,'saddu','mkongzjhzuleshj',365265847,'lapnf',73049431,'Doctor');
insert into Hospital.Visitation(patient_registration_no,date_of_visit,diagnosis) values (175,'2013-06-12','zruel');
insert into Hospital.Consulted(employee_number,certification_no,patient_registration_no,date_of_visit) values(107,107112233,175,'2013-06-12');
insert into Hospital.Treated_by(patient_registration_no,date_of_visit,employee_number,treatment) values(175,2013-06-12,73);
insert into Hospital.Prescribed(product_id,patient_registration_no,date_of_visit) values (111,175,'2013-06-12');
insert into Hospital.Visitation(patient_registration_no,date_of_visit,diagnosis) values (175,'2013-09-05','qgoza');
insert into Hospital.Consulted(employee_number,certification_no,patient_registration_no,date_of_visit) values(107,107112233,175,'2013-09-05');
insert into Hospital.Treated_by(patient_registration_no,date_of_visit,employee_number,treatment) values(175,2013-09-05,157);
insert into Hospital.Prescribed(product_id,patient_registration_no,date_of_visit) values (115,175,'2013-09-05');
insert into Hospital.Visitation(patient_registration_no,date_of_visit,diagnosis) values (175,'2013-10-03','okvbu');
insert into Hospital.Consulted(employee_number,certification_no,patient_registration_no,date_of_visit) values(110,110112233,175,'2013-10-03');
insert into Hospital.Treated_by(patient_registration_no,date_of_visit,employee_number,treatment) values(175,2013-10-03,153);
insert into Hospital.Prescribed(product_id,patient_registration_no,date_of_visit) values (69,175,'2013-10-03');
insert into Hospital.Visitation(patient_registration_no,date_of_visit,diagnosis) values (175,'2013-10-04','vdykw');
insert into Hospital.Consulted(employee_number,certification_no,patient_registration_no,date_of_visit) values(111,111112233,175,'2013-10-04');
insert into Hospital.Treated_by(patient_registration_no,date_of_visit,employee_number,treatment) values(175,2013-10-04,143);
insert into Hospital.Prescribed(product_id,patient_registration_no,date_of_visit) values (1,175,'2013-10-04');
insert into Hospital.Visitation(patient_registration_no,date_of_visit,diagnosis) values (175,'2013-08-25','cxxme');
insert into Hospital.Consulted(employee_number,certification_no,patient_registration_no,date_of_visit) values(150,150112233,175,'2013-08-25');
insert into Hospital.Treated_by(patient_registration_no,date_of_visit,employee_number,treatment) values(175,2013-08-25,164);
insert into Hospital.Prescribed(product_id,patient_registration_no,date_of_visit) values (69,175,'2013-08-25');
insert into Hospital.Patient (patient_registration_no, name, ssn, address,contact_no,emergency_contact_no) values ( 175,'dnhjl',49534230,'muqmu',35873075,11772299);
insert into Hospital.Physician (employee_number, certification_no,specialization) values ( 175,175112233,'Anesthesiology');
insert into Hospital.Belongs_to(employee_number,department_id) values (175,1);
insert into Hospital.Pharmaceutical_product(product_id,cost,manufacturer) values(176,163.44859002260478,'setpi');
insert into Hospital.Batch(batch_id,manufacture_date,expiry_date) values (176,'2013-08-29','2013-10-12');
insert into Hospital.Production(product_id,batch_id) values (176,176);
insert into Hospital.Batch(batch_id,manufacture_date,expiry_date) values (177,'2013-08-29','2013-10-12');
insert into Hospital.Production(product_id,batch_id) values (176,177);
insert into Hospital.Batch(batch_id,manufacture_date,expiry_date) values (178,'2013-08-29','2013-10-12');
insert into Hospital.Production(product_id,batch_id) values (176,178);
insert into Hospital.Batch(batch_id,manufacture_date,expiry_date) values (179,'2013-08-29','2013-10-12');
insert into Hospital.Production(product_id,batch_id) values (176,179);
insert into Hospital.Batch(batch_id,manufacture_date,expiry_date) values (180,'2013-08-29','2013-10-12');
insert into Hospital.Production(product_id,batch_id) values (176,180);
insert into Hospital.Employees (employee_number, name, location, ssn, home_address,phone_number,designation) values ( 176,'zrygv','qkpwuyjqoiuqvqp',230507034,'ancuc',15743631,'Doctor');
insert into Hospital.Visitation(patient_registration_no,date_of_visit,diagnosis) values (176,'2013-09-06','ggyop');
insert into Hospital.Consulted(employee_number,certification_no,patient_registration_no,date_of_visit) values(94,94112233,176,'2013-09-06');
insert into Hospital.Treated_by(patient_registration_no,date_of_visit,employee_number,treatment) values(176,2013-09-06,76);
insert into Hospital.Prescribed(product_id,patient_registration_no,date_of_visit) values (45,176,'2013-09-06');
insert into Hospital.Visitation(patient_registration_no,date_of_visit,diagnosis) values (176,'2013-10-09','osqtw');
insert into Hospital.Consulted(employee_number,certification_no,patient_registration_no,date_of_visit) values(12,12112233,176,'2013-10-09');
insert into Hospital.Treated_by(patient_registration_no,date_of_visit,employee_number,treatment) values(176,2013-10-09,47);
insert into Hospital.Prescribed(product_id,patient_registration_no,date_of_visit) values (94,176,'2013-10-09');
insert into Hospital.Visitation(patient_registration_no,date_of_visit,diagnosis) values (176,'2013-01-06','xoahr');
insert into Hospital.Consulted(employee_number,certification_no,patient_registration_no,date_of_visit) values(92,92112233,176,'2013-01-06');
insert into Hospital.Treated_by(patient_registration_no,date_of_visit,employee_number,treatment) values(176,2013-01-06,63);
insert into Hospital.Prescribed(product_id,patient_registration_no,date_of_visit) values (119,176,'2013-01-06');
insert into Hospital.Visitation(patient_registration_no,date_of_visit,diagnosis) values (176,'2013-04-09','agfko');
insert into Hospital.Consulted(employee_number,certification_no,patient_registration_no,date_of_visit) values(43,43112233,176,'2013-04-09');
insert into Hospital.Treated_by(patient_registration_no,date_of_visit,employee_number,treatment) values(176,2013-04-09,96);
insert into Hospital.Prescribed(product_id,patient_registration_no,date_of_visit) values (98,176,'2013-04-09');
insert into Hospital.Visitation(patient_registration_no,date_of_visit,diagnosis) values (176,'2013-02-17','olhda');
insert into Hospital.Consulted(employee_number,certification_no,patient_registration_no,date_of_visit) values(29,29112233,176,'2013-02-17');
insert into Hospital.Treated_by(patient_registration_no,date_of_visit,employee_number,treatment) values(176,2013-02-17,157);
insert into Hospital.Prescribed(product_id,patient_registration_no,date_of_visit) values (91,176,'2013-02-17');
insert into Hospital.Patient (patient_registration_no, name, ssn, address,contact_no,emergency_contact_no) values ( 176,'qgycj',665515108,'lwzfc',12263786,55983069);
insert into Hospital.Physician (employee_number, certification_no,specialization) values ( 176,176112233,'Anesthesiology');
insert into Hospital.Belongs_to(employee_number,department_id) values (176,1);
insert into Hospital.Pharmaceutical_product(product_id,cost,manufacturer) values(177,65.33914247056165,'opsmk');
insert into Hospital.Batch(batch_id,manufacture_date,expiry_date) values (177,'2013-02-07','2013-05-13');
insert into Hospital.Production(product_id,batch_id) values (177,177);
insert into Hospital.Batch(batch_id,manufacture_date,expiry_date) values (178,'2013-02-07','2013-05-13');
insert into Hospital.Production(product_id,batch_id) values (177,178);
insert into Hospital.Batch(batch_id,manufacture_date,expiry_date) values (179,'2013-02-07','2013-05-13');
insert into Hospital.Production(product_id,batch_id) values (177,179);
insert into Hospital.Batch(batch_id,manufacture_date,expiry_date) values (180,'2013-02-07','2013-05-13');
insert into Hospital.Production(product_id,batch_id) values (177,180);
insert into Hospital.Batch(batch_id,manufacture_date,expiry_date) values (181,'2013-02-07','2013-05-13');
insert into Hospital.Production(product_id,batch_id) values (177,181);
insert into Hospital.Medicine(product_id,medicine_name,dosage) values (177,'unuzs','pmqjl');
insert into Hospital.Employees (employee_number, name, location, ssn, home_address,phone_number,designation) values ( 177,'otuxm','jnzglabjnvamigg',146717870,'elxxk',85937492,'Nurse');
insert into Hospital.Visitation(patient_registration_no,date_of_visit,diagnosis) values (177,'2013-02-21','fqdji');
insert into Hospital.Consulted(employee_number,certification_no,patient_registration_no,date_of_visit) values(29,29112233,177,'2013-02-21');
insert into Hospital.Treated_by(patient_registration_no,date_of_visit,employee_number,treatment) values(177,2013-02-21,134);
insert into Hospital.Prescribed(product_id,patient_registration_no,date_of_visit) values (76,177,'2013-02-21');
insert into Hospital.Visitation(patient_registration_no,date_of_visit,diagnosis) values (177,'2013-05-12','gpirg');
insert into Hospital.Consulted(employee_number,certification_no,patient_registration_no,date_of_visit) values(69,69112233,177,'2013-05-12');
insert into Hospital.Treated_by(patient_registration_no,date_of_visit,employee_number,treatment) values(177,2013-05-12,30);
insert into Hospital.Prescribed(product_id,patient_registration_no,date_of_visit) values (7,177,'2013-05-12');
insert into Hospital.Visitation(patient_registration_no,date_of_visit,diagnosis) values (177,'2013-05-22','lkgff');
insert into Hospital.Consulted(employee_number,certification_no,patient_registration_no,date_of_visit) values(23,23112233,177,'2013-05-22');
insert into Hospital.Treated_by(patient_registration_no,date_of_visit,employee_number,treatment) values(177,2013-05-22,10);
insert into Hospital.Prescribed(product_id,patient_registration_no,date_of_visit) values (41,177,'2013-05-22');
insert into Hospital.Visitation(patient_registration_no,date_of_visit,diagnosis) values (177,'2013-01-30','tdufc');
insert into Hospital.Consulted(employee_number,certification_no,patient_registration_no,date_of_visit) values(45,45112233,177,'2013-01-30');
insert into Hospital.Treated_by(patient_registration_no,date_of_visit,employee_number,treatment) values(177,2013-01-30,63);
insert into Hospital.Prescribed(product_id,patient_registration_no,date_of_visit) values (94,177,'2013-01-30');
insert into Hospital.Visitation(patient_registration_no,date_of_visit,diagnosis) values (177,'2013-10-16','tnmrr');
insert into Hospital.Consulted(employee_number,certification_no,patient_registration_no,date_of_visit) values(113,113112233,177,'2013-10-16');
insert into Hospital.Treated_by(patient_registration_no,date_of_visit,employee_number,treatment) values(177,2013-10-16,0);
insert into Hospital.Prescribed(product_id,patient_registration_no,date_of_visit) values (118,177,'2013-10-16');
insert into Hospital.Patient (patient_registration_no, name, ssn, address,contact_no,emergency_contact_no) values ( 177,'auwkz',960609752,'uvvfp',15015708,97750157);
insert into Hospital.Takes (employee_number,shift_name ) values ( 177,'night');
insert into Hospital.Belongs_to(employee_number,department_id) values (177,3);
insert into Hospital.Pharmaceutical_product(product_id,cost,manufacturer) values(178,817.6002188514252,'dcqmd');
insert into Hospital.Batch(batch_id,manufacture_date,expiry_date) values (178,'2013-02-07','2013-04-09');
insert into Hospital.Production(product_id,batch_id) values (178,178);
insert into Hospital.Batch(batch_id,manufacture_date,expiry_date) values (179,'2013-02-07','2013-04-09');
insert into Hospital.Production(product_id,batch_id) values (178,179);
insert into Hospital.Batch(batch_id,manufacture_date,expiry_date) values (180,'2013-02-07','2013-04-09');
insert into Hospital.Production(product_id,batch_id) values (178,180);
insert into Hospital.Batch(batch_id,manufacture_date,expiry_date) values (181,'2013-02-07','2013-04-09');
insert into Hospital.Production(product_id,batch_id) values (178,181);
insert into Hospital.Batch(batch_id,manufacture_date,expiry_date) values (182,'2013-02-07','2013-04-09');
insert into Hospital.Production(product_id,batch_id) values (178,182);
insert into Hospital.Medicine(product_id,medicine_name,dosage) values (178,'jptsd','kxcii');
insert into Hospital.Employees (employee_number, name, location, ssn, home_address,phone_number,designation) values ( 178,'nlayp','tpajcebeqyfuayx',972634854,'zvlzv',44335385,'Radiology');
insert into Hospital.Visitation(patient_registration_no,date_of_visit,diagnosis) values (178,'2013-06-23','wuodj');
insert into Hospital.Consulted(employee_number,certification_no,patient_registration_no,date_of_visit) values(120,120112233,178,'2013-06-23');
insert into Hospital.Treated_by(patient_registration_no,date_of_visit,employee_number,treatment) values(178,2013-06-23,134);
insert into Hospital.Prescribed(product_id,patient_registration_no,date_of_visit) values (144,178,'2013-06-23');
insert into Hospital.Visitation(patient_registration_no,date_of_visit,diagnosis) values (178,'2013-08-07','vmbvs');
insert into Hospital.Consulted(employee_number,certification_no,patient_registration_no,date_of_visit) values(110,110112233,178,'2013-08-07');
insert into Hospital.Treated_by(patient_registration_no,date_of_visit,employee_number,treatment) values(178,2013-08-07,71);
insert into Hospital.Prescribed(product_id,patient_registration_no,date_of_visit) values (94,178,'2013-08-07');
insert into Hospital.Visitation(patient_registration_no,date_of_visit,diagnosis) values (178,'2013-08-01','byxtr');
insert into Hospital.Consulted(employee_number,certification_no,patient_registration_no,date_of_visit) values(1,1112233,178,'2013-08-01');
insert into Hospital.Treated_by(patient_registration_no,date_of_visit,employee_number,treatment) values(178,2013-08-01,52);
insert into Hospital.Prescribed(product_id,patient_registration_no,date_of_visit) values (33,178,'2013-08-01');
insert into Hospital.Visitation(patient_registration_no,date_of_visit,diagnosis) values (178,'2013-07-06','hqypq');
insert into Hospital.Consulted(employee_number,certification_no,patient_registration_no,date_of_visit) values(6,6112233,178,'2013-07-06');
insert into Hospital.Treated_by(patient_registration_no,date_of_visit,employee_number,treatment) values(178,2013-07-06,101);
insert into Hospital.Prescribed(product_id,patient_registration_no,date_of_visit) values (51,178,'2013-07-06');
insert into Hospital.Visitation(patient_registration_no,date_of_visit,diagnosis) values (178,'2013-03-09','sisvm');
insert into Hospital.Consulted(employee_number,certification_no,patient_registration_no,date_of_visit) values(161,161112233,178,'2013-03-09');
insert into Hospital.Treated_by(patient_registration_no,date_of_visit,employee_number,treatment) values(178,2013-03-09,165);
insert into Hospital.Prescribed(product_id,patient_registration_no,date_of_visit) values (87,178,'2013-03-09');
insert into Hospital.Patient (patient_registration_no, name, ssn, address,contact_no,emergency_contact_no) values ( 178,'wfaly',188065603,'bmwgs',72306475,52828323);
insert into Hospital.Takes (employee_number,shift_name ) values ( 178,'evening');
insert into Hospital.Belongs_to(employee_number,department_id) values (178,3);
insert into Hospital.Pharmaceutical_product(product_id,cost,manufacturer) values(179,753.1179179474574,'tqubn');
insert into Hospital.Batch(batch_id,manufacture_date,expiry_date) values (179,'2013-03-16','2013-04-26');
insert into Hospital.Production(product_id,batch_id) values (179,179);
insert into Hospital.Batch(batch_id,manufacture_date,expiry_date) values (180,'2013-03-16','2013-04-26');
insert into Hospital.Production(product_id,batch_id) values (179,180);
insert into Hospital.Batch(batch_id,manufacture_date,expiry_date) values (181,'2013-03-16','2013-04-26');
insert into Hospital.Production(product_id,batch_id) values (179,181);
insert into Hospital.Batch(batch_id,manufacture_date,expiry_date) values (182,'2013-03-16','2013-04-26');
insert into Hospital.Production(product_id,batch_id) values (179,182);
insert into Hospital.Batch(batch_id,manufacture_date,expiry_date) values (183,'2013-03-16','2013-04-26');
insert into Hospital.Production(product_id,batch_id) values (179,183);
insert into Hospital.Employees (employee_number, name, location, ssn, home_address,phone_number,designation) values ( 179,'wgrmt','rcttopyqrqyaxyb',18984510,'fwujy',21249399,'Nurse');
insert into Hospital.Visitation(patient_registration_no,date_of_visit,diagnosis) values (179,'2013-08-21','vthwk');
insert into Hospital.Consulted(employee_number,certification_no,patient_registration_no,date_of_visit) values(29,29112233,179,'2013-08-21');
insert into Hospital.Treated_by(patient_registration_no,date_of_visit,employee_number,treatment) values(179,2013-08-21,52);
insert into Hospital.Prescribed(product_id,patient_registration_no,date_of_visit) values (91,179,'2013-08-21');
insert into Hospital.Visitation(patient_registration_no,date_of_visit,diagnosis) values (179,'2013-10-27','owegi');
insert into Hospital.Consulted(employee_number,certification_no,patient_registration_no,date_of_visit) values(120,120112233,179,'2013-10-27');
insert into Hospital.Treated_by(patient_registration_no,date_of_visit,employee_number,treatment) values(179,2013-10-27,87);
insert into Hospital.Prescribed(product_id,patient_registration_no,date_of_visit) values (65,179,'2013-10-27');
insert into Hospital.Visitation(patient_registration_no,date_of_visit,diagnosis) values (179,'2013-10-19','cjoim');
insert into Hospital.Consulted(employee_number,certification_no,patient_registration_no,date_of_visit) values(113,113112233,179,'2013-10-19');
insert into Hospital.Treated_by(patient_registration_no,date_of_visit,employee_number,treatment) values(179,2013-10-19,0);
insert into Hospital.Prescribed(product_id,patient_registration_no,date_of_visit) values (104,179,'2013-10-19');
insert into Hospital.Visitation(patient_registration_no,date_of_visit,diagnosis) values (179,'2013-02-02','zwmnb');
insert into Hospital.Consulted(employee_number,certification_no,patient_registration_no,date_of_visit) values(176,176112233,179,'2013-02-02');
insert into Hospital.Treated_by(patient_registration_no,date_of_visit,employee_number,treatment) values(179,2013-02-02,88);
insert into Hospital.Prescribed(product_id,patient_registration_no,date_of_visit) values (125,179,'2013-02-02');
insert into Hospital.Visitation(patient_registration_no,date_of_visit,diagnosis) values (179,'2013-03-28','qqhxm');
insert into Hospital.Consulted(employee_number,certification_no,patient_registration_no,date_of_visit) values(12,12112233,179,'2013-03-28');
insert into Hospital.Treated_by(patient_registration_no,date_of_visit,employee_number,treatment) values(179,2013-03-28,173);
insert into Hospital.Prescribed(product_id,patient_registration_no,date_of_visit) values (125,179,'2013-03-28');
insert into Hospital.Patient (patient_registration_no, name, ssn, address,contact_no,emergency_contact_no) values ( 179,'pkhap',299928785,'pered',84649732,87548567);
insert into Hospital.Takes (employee_number,shift_name ) values ( 179,'morning');
insert into Hospital.Belongs_to(employee_number,department_id) values (179,3);
insert into Hospital.Pharmaceutical_product(product_id,cost,manufacturer) values(180,13.944298272970041,'pubdh');
insert into Hospital.Batch(batch_id,manufacture_date,expiry_date) values (180,'2013-04-10','2013-10-16');
insert into Hospital.Production(product_id,batch_id) values (180,180);
insert into Hospital.Batch(batch_id,manufacture_date,expiry_date) values (181,'2013-04-10','2013-10-16');
insert into Hospital.Production(product_id,batch_id) values (180,181);
insert into Hospital.Batch(batch_id,manufacture_date,expiry_date) values (182,'2013-04-10','2013-10-16');
insert into Hospital.Production(product_id,batch_id) values (180,182);
insert into Hospital.Batch(batch_id,manufacture_date,expiry_date) values (183,'2013-04-10','2013-10-16');
insert into Hospital.Production(product_id,batch_id) values (180,183);
insert into Hospital.Batch(batch_id,manufacture_date,expiry_date) values (184,'2013-04-10','2013-10-16');
insert into Hospital.Production(product_id,batch_id) values (180,184);
insert into Hospital.Medicine(product_id,medicine_name,dosage) values (180,'hjula','qejmy');
insert into Hospital.Employees (employee_number, name, location, ssn, home_address,phone_number,designation) values ( 180,'nffqd','dsurrdcjbclusyq',202319648,'ncwwy',26828700,'Nurse');
insert into Hospital.Visitation(patient_registration_no,date_of_visit,diagnosis) values (180,'2013-09-17','sjbte');
insert into Hospital.Consulted(employee_number,certification_no,patient_registration_no,date_of_visit) values(139,139112233,180,'2013-09-17');
insert into Hospital.Treated_by(patient_registration_no,date_of_visit,employee_number,treatment) values(180,2013-09-17,49);
insert into Hospital.Prescribed(product_id,patient_registration_no,date_of_visit) values (2,180,'2013-09-17');
insert into Hospital.Visitation(patient_registration_no,date_of_visit,diagnosis) values (180,'2013-07-02','lpbtm');
insert into Hospital.Consulted(employee_number,certification_no,patient_registration_no,date_of_visit) values(122,122112233,180,'2013-07-02');
insert into Hospital.Treated_by(patient_registration_no,date_of_visit,employee_number,treatment) values(180,2013-07-02,81);
insert into Hospital.Prescribed(product_id,patient_registration_no,date_of_visit) values (24,180,'2013-07-02');
insert into Hospital.Visitation(patient_registration_no,date_of_visit,diagnosis) values (180,'2013-07-14','vgtyw');
insert into Hospital.Consulted(employee_number,certification_no,patient_registration_no,date_of_visit) values(168,168112233,180,'2013-07-14');
insert into Hospital.Treated_by(patient_registration_no,date_of_visit,employee_number,treatment) values(180,2013-07-14,64);
insert into Hospital.Prescribed(product_id,patient_registration_no,date_of_visit) values (6,180,'2013-07-14');
insert into Hospital.Visitation(patient_registration_no,date_of_visit,diagnosis) values (180,'2013-06-30','hnoog');
insert into Hospital.Consulted(employee_number,certification_no,patient_registration_no,date_of_visit) values(35,35112233,180,'2013-06-30');
insert into Hospital.Treated_by(patient_registration_no,date_of_visit,employee_number,treatment) values(180,2013-06-30,81);
insert into Hospital.Prescribed(product_id,patient_registration_no,date_of_visit) values (147,180,'2013-06-30');
insert into Hospital.Visitation(patient_registration_no,date_of_visit,diagnosis) values (180,'2013-10-27','lwlpd');
insert into Hospital.Consulted(employee_number,certification_no,patient_registration_no,date_of_visit) values(110,110112233,180,'2013-10-27');
insert into Hospital.Treated_by(patient_registration_no,date_of_visit,employee_number,treatment) values(180,2013-10-27,103);
insert into Hospital.Prescribed(product_id,patient_registration_no,date_of_visit) values (112,180,'2013-10-27');
insert into Hospital.Patient (patient_registration_no, name, ssn, address,contact_no,emergency_contact_no) values ( 180,'tqesu',10490047,'emlqs',98399823,74499538);
insert into Hospital.Takes (employee_number,shift_name ) values ( 180,'morning');
insert into Hospital.Belongs_to(employee_number,department_id) values (180,3);
insert into Hospital.Pharmaceutical_product(product_id,cost,manufacturer) values(181,290.0206484402653,'xpiya');
insert into Hospital.Batch(batch_id,manufacture_date,expiry_date) values (181,'2013-06-06','2013-10-16');
insert into Hospital.Production(product_id,batch_id) values (181,181);
insert into Hospital.Batch(batch_id,manufacture_date,expiry_date) values (182,'2013-06-06','2013-10-16');
insert into Hospital.Production(product_id,batch_id) values (181,182);
insert into Hospital.Batch(batch_id,manufacture_date,expiry_date) values (183,'2013-06-06','2013-10-16');
insert into Hospital.Production(product_id,batch_id) values (181,183);
insert into Hospital.Batch(batch_id,manufacture_date,expiry_date) values (184,'2013-06-06','2013-10-16');
insert into Hospital.Production(product_id,batch_id) values (181,184);
insert into Hospital.Batch(batch_id,manufacture_date,expiry_date) values (185,'2013-06-06','2013-10-16');
insert into Hospital.Production(product_id,batch_id) values (181,185);
insert into Hospital.Medicine(product_id,medicine_name,dosage) values (181,'jkhdl','ghnep');
insert into Hospital.Employees (employee_number, name, location, ssn, home_address,phone_number,designation) values ( 181,'hqhcz','gecqtwwuumgujtt',819796808,'wntqd',88993169,'Doctor');
insert into Hospital.Visitation(patient_registration_no,date_of_visit,diagnosis) values (181,'2013-02-28','uwoad');
insert into Hospital.Consulted(employee_number,certification_no,patient_registration_no,date_of_visit) values(110,110112233,181,'2013-02-28');
insert into Hospital.Treated_by(patient_registration_no,date_of_visit,employee_number,treatment) values(181,2013-02-28,104);
insert into Hospital.Prescribed(product_id,patient_registration_no,date_of_visit) values (28,181,'2013-02-28');
insert into Hospital.Visitation(patient_registration_no,date_of_visit,diagnosis) values (181,'2013-09-04','jzlol');
insert into Hospital.Consulted(employee_number,certification_no,patient_registration_no,date_of_visit) values(107,107112233,181,'2013-09-04');
insert into Hospital.Treated_by(patient_registration_no,date_of_visit,employee_number,treatment) values(181,2013-09-04,48);
insert into Hospital.Prescribed(product_id,patient_registration_no,date_of_visit) values (138,181,'2013-09-04');
insert into Hospital.Visitation(patient_registration_no,date_of_visit,diagnosis) values (181,'2013-03-14','tifvp');
insert into Hospital.Consulted(employee_number,certification_no,patient_registration_no,date_of_visit) values(122,122112233,181,'2013-03-14');
insert into Hospital.Treated_by(patient_registration_no,date_of_visit,employee_number,treatment) values(181,2013-03-14,165);
insert into Hospital.Prescribed(product_id,patient_registration_no,date_of_visit) values (178,181,'2013-03-14');
insert into Hospital.Visitation(patient_registration_no,date_of_visit,diagnosis) values (181,'2013-04-14','cveok');
insert into Hospital.Consulted(employee_number,certification_no,patient_registration_no,date_of_visit) values(119,119112233,181,'2013-04-14');
insert into Hospital.Treated_by(patient_registration_no,date_of_visit,employee_number,treatment) values(181,2013-04-14,157);
insert into Hospital.Prescribed(product_id,patient_registration_no,date_of_visit) values (113,181,'2013-04-14');
insert into Hospital.Visitation(patient_registration_no,date_of_visit,diagnosis) values (181,'2013-08-05','rkklq');
insert into Hospital.Consulted(employee_number,certification_no,patient_registration_no,date_of_visit) values(29,29112233,181,'2013-08-05');
insert into Hospital.Treated_by(patient_registration_no,date_of_visit,employee_number,treatment) values(181,2013-08-05,112);
insert into Hospital.Prescribed(product_id,patient_registration_no,date_of_visit) values (134,181,'2013-08-05');
insert into Hospital.Patient (patient_registration_no, name, ssn, address,contact_no,emergency_contact_no) values ( 181,'mkznc',382274264,'qyeyj',88472056,35343071);
insert into Hospital.Physician (employee_number, certification_no,specialization) values ( 181,181112233,'Cardiology');
insert into Hospital.Belongs_to(employee_number,department_id) values (181,1);
insert into Hospital.Pharmaceutical_product(product_id,cost,manufacturer) values(182,802.8959865537914,'mokmw');
insert into Hospital.Batch(batch_id,manufacture_date,expiry_date) values (182,'2013-05-15','2013-09-30');
insert into Hospital.Production(product_id,batch_id) values (182,182);
insert into Hospital.Batch(batch_id,manufacture_date,expiry_date) values (183,'2013-05-15','2013-09-30');
insert into Hospital.Production(product_id,batch_id) values (182,183);
insert into Hospital.Batch(batch_id,manufacture_date,expiry_date) values (184,'2013-05-15','2013-09-30');
insert into Hospital.Production(product_id,batch_id) values (182,184);
insert into Hospital.Batch(batch_id,manufacture_date,expiry_date) values (185,'2013-05-15','2013-09-30');
insert into Hospital.Production(product_id,batch_id) values (182,185);
insert into Hospital.Batch(batch_id,manufacture_date,expiry_date) values (186,'2013-05-15','2013-09-30');
insert into Hospital.Production(product_id,batch_id) values (182,186);
insert into Hospital.Medicine(product_id,medicine_name,dosage) values (182,'rraqj','aydso');
insert into Hospital.Employees (employee_number, name, location, ssn, home_address,phone_number,designation) values ( 182,'xucjb','gkofdhjgithzkop',491423309,'zxmrx',70082702,'Administration');
insert into Hospital.Visitation(patient_registration_no,date_of_visit,diagnosis) values (182,'2013-05-09','vlcyd');
insert into Hospital.Consulted(employee_number,certification_no,patient_registration_no,date_of_visit) values(110,110112233,182,'2013-05-09');
insert into Hospital.Treated_by(patient_registration_no,date_of_visit,employee_number,treatment) values(182,2013-05-09,87);
insert into Hospital.Prescribed(product_id,patient_registration_no,date_of_visit) values (169,182,'2013-05-09');
insert into Hospital.Visitation(patient_registration_no,date_of_visit,diagnosis) values (182,'2013-08-11','zukdy');
insert into Hospital.Consulted(employee_number,certification_no,patient_registration_no,date_of_visit) values(113,113112233,182,'2013-08-11');
insert into Hospital.Treated_by(patient_registration_no,date_of_visit,employee_number,treatment) values(182,2013-08-11,64);
insert into Hospital.Prescribed(product_id,patient_registration_no,date_of_visit) values (63,182,'2013-08-11');
insert into Hospital.Visitation(patient_registration_no,date_of_visit,diagnosis) values (182,'2013-08-11','tbija');
insert into Hospital.Consulted(employee_number,certification_no,patient_registration_no,date_of_visit) values(75,75112233,182,'2013-08-11');
insert into Hospital.Treated_by(patient_registration_no,date_of_visit,employee_number,treatment) values(182,2013-08-11,164);
insert into Hospital.Prescribed(product_id,patient_registration_no,date_of_visit) values (73,182,'2013-08-11');
insert into Hospital.Visitation(patient_registration_no,date_of_visit,diagnosis) values (182,'2013-07-11','tnnhd');
insert into Hospital.Consulted(employee_number,certification_no,patient_registration_no,date_of_visit) values(128,128112233,182,'2013-07-11');
insert into Hospital.Treated_by(patient_registration_no,date_of_visit,employee_number,treatment) values(182,2013-07-11,48);
insert into Hospital.Prescribed(product_id,patient_registration_no,date_of_visit) values (63,182,'2013-07-11');
insert into Hospital.Visitation(patient_registration_no,date_of_visit,diagnosis) values (182,'2013-02-24','zetma');
insert into Hospital.Consulted(employee_number,certification_no,patient_registration_no,date_of_visit) values(110,110112233,182,'2013-02-24');
insert into Hospital.Treated_by(patient_registration_no,date_of_visit,employee_number,treatment) values(182,2013-02-24,63);
insert into Hospital.Prescribed(product_id,patient_registration_no,date_of_visit) values (123,182,'2013-02-24');
insert into Hospital.Patient (patient_registration_no, name, ssn, address,contact_no,emergency_contact_no) values ( 182,'oilyo',439916614,'jlfxq',20296762,77550497);
insert into Hospital.Belongs_to(employee_number,department_id) values (182,2);
insert into Hospital.Pharmaceutical_product(product_id,cost,manufacturer) values(183,390.31536766872114,'divez');
insert into Hospital.Batch(batch_id,manufacture_date,expiry_date) values (183,'2013-03-22','2013-04-03');
insert into Hospital.Production(product_id,batch_id) values (183,183);
insert into Hospital.Batch(batch_id,manufacture_date,expiry_date) values (184,'2013-03-22','2013-04-03');
insert into Hospital.Production(product_id,batch_id) values (183,184);
insert into Hospital.Batch(batch_id,manufacture_date,expiry_date) values (185,'2013-03-22','2013-04-03');
insert into Hospital.Production(product_id,batch_id) values (183,185);
insert into Hospital.Batch(batch_id,manufacture_date,expiry_date) values (186,'2013-03-22','2013-04-03');
insert into Hospital.Production(product_id,batch_id) values (183,186);
insert into Hospital.Batch(batch_id,manufacture_date,expiry_date) values (187,'2013-03-22','2013-04-03');
insert into Hospital.Production(product_id,batch_id) values (183,187);
insert into Hospital.Employees (employee_number, name, location, ssn, home_address,phone_number,designation) values ( 183,'qergr','byklvjktkjwljrl',450949881,'vfpao',65012801,'Nurse');
insert into Hospital.Visitation(patient_registration_no,date_of_visit,diagnosis) values (183,'2013-02-07','ziobh');
insert into Hospital.Consulted(employee_number,certification_no,patient_registration_no,date_of_visit) values(175,175112233,183,'2013-02-07');
insert into Hospital.Treated_by(patient_registration_no,date_of_visit,employee_number,treatment) values(183,2013-02-07,56);
insert into Hospital.Prescribed(product_id,patient_registration_no,date_of_visit) values (5,183,'2013-02-07');
insert into Hospital.Visitation(patient_registration_no,date_of_visit,diagnosis) values (183,'2013-07-25','afldx');
insert into Hospital.Consulted(employee_number,certification_no,patient_registration_no,date_of_visit) values(35,35112233,183,'2013-07-25');
insert into Hospital.Treated_by(patient_registration_no,date_of_visit,employee_number,treatment) values(183,2013-07-25,50);
insert into Hospital.Prescribed(product_id,patient_registration_no,date_of_visit) values (29,183,'2013-07-25');
insert into Hospital.Visitation(patient_registration_no,date_of_visit,diagnosis) values (183,'2013-10-26','vhksj');
insert into Hospital.Consulted(employee_number,certification_no,patient_registration_no,date_of_visit) values(150,150112233,183,'2013-10-26');
insert into Hospital.Treated_by(patient_registration_no,date_of_visit,employee_number,treatment) values(183,2013-10-26,83);
insert into Hospital.Prescribed(product_id,patient_registration_no,date_of_visit) values (124,183,'2013-10-26');
insert into Hospital.Visitation(patient_registration_no,date_of_visit,diagnosis) values (183,'2013-06-12','rpkpj');
insert into Hospital.Consulted(employee_number,certification_no,patient_registration_no,date_of_visit) values(137,137112233,183,'2013-06-12');
insert into Hospital.Treated_by(patient_registration_no,date_of_visit,employee_number,treatment) values(183,2013-06-12,63);
insert into Hospital.Prescribed(product_id,patient_registration_no,date_of_visit) values (122,183,'2013-06-12');
insert into Hospital.Visitation(patient_registration_no,date_of_visit,diagnosis) values (183,'2013-06-22','lgtxs');
insert into Hospital.Consulted(employee_number,certification_no,patient_registration_no,date_of_visit) values(120,120112233,183,'2013-06-22');
insert into Hospital.Treated_by(patient_registration_no,date_of_visit,employee_number,treatment) values(183,2013-06-22,96);
insert into Hospital.Prescribed(product_id,patient_registration_no,date_of_visit) values (123,183,'2013-06-22');
insert into Hospital.Patient (patient_registration_no, name, ssn, address,contact_no,emergency_contact_no) values ( 183,'wrbbm',534771621,'izppf',81056968,81985442);
insert into Hospital.Takes (employee_number,shift_name ) values ( 183,'evening');
insert into Hospital.Belongs_to(employee_number,department_id) values (183,3);
insert into Hospital.Pharmaceutical_product(product_id,cost,manufacturer) values(184,340.31550066085555,'lolkc');
insert into Hospital.Employees (employee_number, name, location, ssn, home_address,phone_number,designation) values ( 184,'jsfkv','rvfndhjoffurryh',68533897,'fziut',98562043,'Doctor');
insert into Hospital.Visitation(patient_registration_no,date_of_visit,diagnosis) values (184,'2013-04-13','larae');
insert into Hospital.Consulted(employee_number,certification_no,patient_registration_no,date_of_visit) values(176,176112233,184,'2013-04-13');
insert into Hospital.Treated_by(patient_registration_no,date_of_visit,employee_number,treatment) values(184,2013-04-13,157);
insert into Hospital.Prescribed(product_id,patient_registration_no,date_of_visit) values (27,184,'2013-04-13');
insert into Hospital.Visitation(patient_registration_no,date_of_visit,diagnosis) values (184,'2013-09-02','qqgej');
insert into Hospital.Consulted(employee_number,certification_no,patient_registration_no,date_of_visit) values(151,151112233,184,'2013-09-02');
insert into Hospital.Treated_by(patient_registration_no,date_of_visit,employee_number,treatment) values(184,2013-09-02,28);
insert into Hospital.Prescribed(product_id,patient_registration_no,date_of_visit) values (91,184,'2013-09-02');
insert into Hospital.Visitation(patient_registration_no,date_of_visit,diagnosis) values (184,'2013-05-16','cfwow');
insert into Hospital.Consulted(employee_number,certification_no,patient_registration_no,date_of_visit) values(43,43112233,184,'2013-05-16');
insert into Hospital.Treated_by(patient_registration_no,date_of_visit,employee_number,treatment) values(184,2013-05-16,63);
insert into Hospital.Prescribed(product_id,patient_registration_no,date_of_visit) values (177,184,'2013-05-16');
insert into Hospital.Visitation(patient_registration_no,date_of_visit,diagnosis) values (184,'2013-01-11','uytaq');
insert into Hospital.Consulted(employee_number,certification_no,patient_registration_no,date_of_visit) values(175,175112233,184,'2013-01-11');
insert into Hospital.Treated_by(patient_registration_no,date_of_visit,employee_number,treatment) values(184,2013-01-11,165);
insert into Hospital.Prescribed(product_id,patient_registration_no,date_of_visit) values (140,184,'2013-01-11');
insert into Hospital.Visitation(patient_registration_no,date_of_visit,diagnosis) values (184,'2013-09-16','ndasd');
insert into Hospital.Consulted(employee_number,certification_no,patient_registration_no,date_of_visit) values(110,110112233,184,'2013-09-16');
insert into Hospital.Treated_by(patient_registration_no,date_of_visit,employee_number,treatment) values(184,2013-09-16,115);
insert into Hospital.Prescribed(product_id,patient_registration_no,date_of_visit) values (134,184,'2013-09-16');
insert into Hospital.Patient (patient_registration_no, name, ssn, address,contact_no,emergency_contact_no) values ( 184,'jqbda',868860315,'apubr',14377902,33918461);
insert into Hospital.Physician (employee_number, certification_no,specialization) values ( 184,184112233,'Dermatology');
insert into Hospital.Belongs_to(employee_number,department_id) values (184,1);
insert into Hospital.Pharmaceutical_product(product_id,cost,manufacturer) values(185,544.366257018036,'bdybu');
insert into Hospital.Batch(batch_id,manufacture_date,expiry_date) values (185,'2013-03-04','2013-03-11');
insert into Hospital.Production(product_id,batch_id) values (185,185);
insert into Hospital.Batch(batch_id,manufacture_date,expiry_date) values (186,'2013-03-04','2013-03-11');
insert into Hospital.Production(product_id,batch_id) values (185,186);
insert into Hospital.Batch(batch_id,manufacture_date,expiry_date) values (187,'2013-03-04','2013-03-11');
insert into Hospital.Production(product_id,batch_id) values (185,187);
insert into Hospital.Batch(batch_id,manufacture_date,expiry_date) values (188,'2013-03-04','2013-03-11');
insert into Hospital.Production(product_id,batch_id) values (185,188);
insert into Hospital.Batch(batch_id,manufacture_date,expiry_date) values (189,'2013-03-04','2013-03-11');
insert into Hospital.Production(product_id,batch_id) values (185,189);
insert into Hospital.Employees (employee_number, name, location, ssn, home_address,phone_number,designation) values ( 185,'afnxa','mugklivuakuepum',605315897,'lulby',62997957,'Radiology');
insert into Hospital.Visitation(patient_registration_no,date_of_visit,diagnosis) values (185,'2013-04-10','yvrph');
insert into Hospital.Consulted(employee_number,certification_no,patient_registration_no,date_of_visit) values(58,58112233,185,'2013-04-10');
insert into Hospital.Treated_by(patient_registration_no,date_of_visit,employee_number,treatment) values(185,2013-04-10,172);
insert into Hospital.Prescribed(product_id,patient_registration_no,date_of_visit) values (122,185,'2013-04-10');
insert into Hospital.Visitation(patient_registration_no,date_of_visit,diagnosis) values (185,'2013-03-23','dsisz');
insert into Hospital.Consulted(employee_number,certification_no,patient_registration_no,date_of_visit) values(69,69112233,185,'2013-03-23');
insert into Hospital.Treated_by(patient_registration_no,date_of_visit,employee_number,treatment) values(185,2013-03-23,87);
insert into Hospital.Prescribed(product_id,patient_registration_no,date_of_visit) values (51,185,'2013-03-23');
insert into Hospital.Visitation(patient_registration_no,date_of_visit,diagnosis) values (185,'2013-03-21','ccpzh');
insert into Hospital.Consulted(employee_number,certification_no,patient_registration_no,date_of_visit) values(29,29112233,185,'2013-03-21');
insert into Hospital.Treated_by(patient_registration_no,date_of_visit,employee_number,treatment) values(185,2013-03-21,71);
insert into Hospital.Prescribed(product_id,patient_registration_no,date_of_visit) values (65,185,'2013-03-21');
insert into Hospital.Visitation(patient_registration_no,date_of_visit,diagnosis) values (185,'2013-01-31','tuocm');
insert into Hospital.Consulted(employee_number,certification_no,patient_registration_no,date_of_visit) values(150,150112233,185,'2013-01-31');
insert into Hospital.Treated_by(patient_registration_no,date_of_visit,employee_number,treatment) values(185,2013-01-31,178);
insert into Hospital.Prescribed(product_id,patient_registration_no,date_of_visit) values (48,185,'2013-01-31');
insert into Hospital.Visitation(patient_registration_no,date_of_visit,diagnosis) values (185,'2013-05-25','ftvtz');
insert into Hospital.Consulted(employee_number,certification_no,patient_registration_no,date_of_visit) values(58,58112233,185,'2013-05-25');
insert into Hospital.Treated_by(patient_registration_no,date_of_visit,employee_number,treatment) values(185,2013-05-25,73);
insert into Hospital.Prescribed(product_id,patient_registration_no,date_of_visit) values (104,185,'2013-05-25');
insert into Hospital.Patient (patient_registration_no, name, ssn, address,contact_no,emergency_contact_no) values ( 185,'nvtlc',431098310,'nrdsf',13504525,36278058);
insert into Hospital.Takes (employee_number,shift_name ) values ( 185,'night');
insert into Hospital.Belongs_to(employee_number,department_id) values (185,3);
insert into Hospital.Pharmaceutical_product(product_id,cost,manufacturer) values(186,13.089664759801387,'gopis');
insert into Hospital.Employees (employee_number, name, location, ssn, home_address,phone_number,designation) values ( 186,'otqqn','satltdbdpmpmyak',73570912,'mfroh',96961231,'Radiology');
insert into Hospital.Visitation(patient_registration_no,date_of_visit,diagnosis) values (186,'2013-05-11','nwvvs');
insert into Hospital.Consulted(employee_number,certification_no,patient_registration_no,date_of_visit) values(9,9112233,186,'2013-05-11');
insert into Hospital.Treated_by(patient_registration_no,date_of_visit,employee_number,treatment) values(186,2013-05-11,112);
insert into Hospital.Prescribed(product_id,patient_registration_no,date_of_visit) values (112,186,'2013-05-11');
insert into Hospital.Visitation(patient_registration_no,date_of_visit,diagnosis) values (186,'2013-09-14','lyubv');
insert into Hospital.Consulted(employee_number,certification_no,patient_registration_no,date_of_visit) values(89,89112233,186,'2013-09-14');
insert into Hospital.Treated_by(patient_registration_no,date_of_visit,employee_number,treatment) values(186,2013-09-14,96);
insert into Hospital.Prescribed(product_id,patient_registration_no,date_of_visit) values (123,186,'2013-09-14');
insert into Hospital.Visitation(patient_registration_no,date_of_visit,diagnosis) values (186,'2013-04-23','mqrwh');
insert into Hospital.Consulted(employee_number,certification_no,patient_registration_no,date_of_visit) values(6,6112233,186,'2013-04-23');
insert into Hospital.Treated_by(patient_registration_no,date_of_visit,employee_number,treatment) values(186,2013-04-23,49);
insert into Hospital.Prescribed(product_id,patient_registration_no,date_of_visit) values (126,186,'2013-04-23');
insert into Hospital.Visitation(patient_registration_no,date_of_visit,diagnosis) values (186,'2013-03-23','mpmmb');
insert into Hospital.Consulted(employee_number,certification_no,patient_registration_no,date_of_visit) values(35,35112233,186,'2013-03-23');
insert into Hospital.Treated_by(patient_registration_no,date_of_visit,employee_number,treatment) values(186,2013-03-23,164);
insert into Hospital.Prescribed(product_id,patient_registration_no,date_of_visit) values (154,186,'2013-03-23');
insert into Hospital.Visitation(patient_registration_no,date_of_visit,diagnosis) values (186,'2013-09-20','qaeci');
insert into Hospital.Consulted(employee_number,certification_no,patient_registration_no,date_of_visit) values(133,133112233,186,'2013-09-20');
insert into Hospital.Treated_by(patient_registration_no,date_of_visit,employee_number,treatment) values(186,2013-09-20,103);
insert into Hospital.Prescribed(product_id,patient_registration_no,date_of_visit) values (151,186,'2013-09-20');
insert into Hospital.Patient (patient_registration_no, name, ssn, address,contact_no,emergency_contact_no) values ( 186,'ytxuo',524497648,'lxofr',72488223,48002575);
insert into Hospital.Takes (employee_number,shift_name ) values ( 186,'night');
insert into Hospital.Belongs_to(employee_number,department_id) values (186,3);
insert into Hospital.Pharmaceutical_product(product_id,cost,manufacturer) values(187,570.1941640274088,'oimmf');
insert into Hospital.Medicine(product_id,medicine_name,dosage) values (187,'zjogw','ngevf');
insert into Hospital.Employees (employee_number, name, location, ssn, home_address,phone_number,designation) values ( 187,'tbekh','ahfdsmiltsusstg',270241576,'ndeok',95429850,'Administration');
insert into Hospital.Visitation(patient_registration_no,date_of_visit,diagnosis) values (187,'2013-02-07','kaefu');
insert into Hospital.Consulted(employee_number,certification_no,patient_registration_no,date_of_visit) values(6,6112233,187,'2013-02-07');
insert into Hospital.Treated_by(patient_registration_no,date_of_visit,employee_number,treatment) values(187,2013-02-07,185);
insert into Hospital.Prescribed(product_id,patient_registration_no,date_of_visit) values (90,187,'2013-02-07');
insert into Hospital.Visitation(patient_registration_no,date_of_visit,diagnosis) values (187,'2013-01-14','zpkke');
insert into Hospital.Consulted(employee_number,certification_no,patient_registration_no,date_of_visit) values(6,6112233,187,'2013-01-14');
insert into Hospital.Treated_by(patient_registration_no,date_of_visit,employee_number,treatment) values(187,2013-01-14,112);
insert into Hospital.Prescribed(product_id,patient_registration_no,date_of_visit) values (155,187,'2013-01-14');
insert into Hospital.Visitation(patient_registration_no,date_of_visit,diagnosis) values (187,'2013-05-29','gbcor');
insert into Hospital.Consulted(employee_number,certification_no,patient_registration_no,date_of_visit) values(43,43112233,187,'2013-05-29');
insert into Hospital.Treated_by(patient_registration_no,date_of_visit,employee_number,treatment) values(187,2013-05-29,96);
insert into Hospital.Prescribed(product_id,patient_registration_no,date_of_visit) values (51,187,'2013-05-29');
insert into Hospital.Visitation(patient_registration_no,date_of_visit,diagnosis) values (187,'2013-05-17','anzqv');
insert into Hospital.Consulted(employee_number,certification_no,patient_registration_no,date_of_visit) values(58,58112233,187,'2013-05-17');
insert into Hospital.Treated_by(patient_registration_no,date_of_visit,employee_number,treatment) values(187,2013-05-17,129);
insert into Hospital.Prescribed(product_id,patient_registration_no,date_of_visit) values (1,187,'2013-05-17');
insert into Hospital.Visitation(patient_registration_no,date_of_visit,diagnosis) values (187,'2013-08-14','eizii');
insert into Hospital.Consulted(employee_number,certification_no,patient_registration_no,date_of_visit) values(46,46112233,187,'2013-08-14');
insert into Hospital.Treated_by(patient_registration_no,date_of_visit,employee_number,treatment) values(187,2013-08-14,0);
insert into Hospital.Prescribed(product_id,patient_registration_no,date_of_visit) values (138,187,'2013-08-14');
insert into Hospital.Patient (patient_registration_no, name, ssn, address,contact_no,emergency_contact_no) values ( 187,'kttrw',725289360,'vxutd',24602585,56949312);
insert into Hospital.Belongs_to(employee_number,department_id) values (187,2);
insert into Hospital.Pharmaceutical_product(product_id,cost,manufacturer) values(188,39.19076100966049,'weqny');
insert into Hospital.Batch(batch_id,manufacture_date,expiry_date) values (188,'2013-03-21','2013-08-11');
insert into Hospital.Production(product_id,batch_id) values (188,188);
insert into Hospital.Batch(batch_id,manufacture_date,expiry_date) values (189,'2013-03-21','2013-08-11');
insert into Hospital.Production(product_id,batch_id) values (188,189);
insert into Hospital.Batch(batch_id,manufacture_date,expiry_date) values (190,'2013-03-21','2013-08-11');
insert into Hospital.Production(product_id,batch_id) values (188,190);
insert into Hospital.Batch(batch_id,manufacture_date,expiry_date) values (191,'2013-03-21','2013-08-11');
insert into Hospital.Production(product_id,batch_id) values (188,191);
insert into Hospital.Batch(batch_id,manufacture_date,expiry_date) values (192,'2013-03-21','2013-08-11');
insert into Hospital.Production(product_id,batch_id) values (188,192);
insert into Hospital.Employees (employee_number, name, location, ssn, home_address,phone_number,designation) values ( 188,'sxboa','likxhjovefpdokl',305817583,'xxtnh',22358045,'Nurse');
insert into Hospital.Visitation(patient_registration_no,date_of_visit,diagnosis) values (188,'2013-06-07','uavnk');
insert into Hospital.Consulted(employee_number,certification_no,patient_registration_no,date_of_visit) values(116,116112233,188,'2013-06-07');
insert into Hospital.Treated_by(patient_registration_no,date_of_visit,employee_number,treatment) values(188,2013-06-07,143);
insert into Hospital.Prescribed(product_id,patient_registration_no,date_of_visit) values (9,188,'2013-06-07');
insert into Hospital.Visitation(patient_registration_no,date_of_visit,diagnosis) values (188,'2013-03-25','lkgtg');
insert into Hospital.Consulted(employee_number,certification_no,patient_registration_no,date_of_visit) values(46,46112233,188,'2013-03-25');
insert into Hospital.Treated_by(patient_registration_no,date_of_visit,employee_number,treatment) values(188,2013-03-25,112);
insert into Hospital.Prescribed(product_id,patient_registration_no,date_of_visit) values (105,188,'2013-03-25');
insert into Hospital.Visitation(patient_registration_no,date_of_visit,diagnosis) values (188,'2013-05-18','pdubw');
insert into Hospital.Consulted(employee_number,certification_no,patient_registration_no,date_of_visit) values(133,133112233,188,'2013-05-18');
insert into Hospital.Treated_by(patient_registration_no,date_of_visit,employee_number,treatment) values(188,2013-05-18,178);
insert into Hospital.Prescribed(product_id,patient_registration_no,date_of_visit) values (41,188,'2013-05-18');
insert into Hospital.Visitation(patient_registration_no,date_of_visit,diagnosis) values (188,'2013-02-14','rbwtg');
insert into Hospital.Consulted(employee_number,certification_no,patient_registration_no,date_of_visit) values(119,119112233,188,'2013-02-14');
insert into Hospital.Treated_by(patient_registration_no,date_of_visit,employee_number,treatment) values(188,2013-02-14,157);
insert into Hospital.Prescribed(product_id,patient_registration_no,date_of_visit) values (2,188,'2013-02-14');
insert into Hospital.Visitation(patient_registration_no,date_of_visit,diagnosis) values (188,'2013-01-11','fffrm');
insert into Hospital.Consulted(employee_number,certification_no,patient_registration_no,date_of_visit) values(89,89112233,188,'2013-01-11');
insert into Hospital.Treated_by(patient_registration_no,date_of_visit,employee_number,treatment) values(188,2013-01-11,64);
insert into Hospital.Prescribed(product_id,patient_registration_no,date_of_visit) values (154,188,'2013-01-11');
insert into Hospital.Patient (patient_registration_no, name, ssn, address,contact_no,emergency_contact_no) values ( 188,'vmixk',743029373,'xbtto',13746652,76230559);
insert into Hospital.Takes (employee_number,shift_name ) values ( 188,'evening');
insert into Hospital.Belongs_to(employee_number,department_id) values (188,3);
insert into Hospital.Pharmaceutical_product(product_id,cost,manufacturer) values(189,897.834451885272,'znjdi');
insert into Hospital.Batch(batch_id,manufacture_date,expiry_date) values (189,'2013-03-11','2013-09-22');
insert into Hospital.Production(product_id,batch_id) values (189,189);
insert into Hospital.Batch(batch_id,manufacture_date,expiry_date) values (190,'2013-03-11','2013-09-22');
insert into Hospital.Production(product_id,batch_id) values (189,190);
insert into Hospital.Batch(batch_id,manufacture_date,expiry_date) values (191,'2013-03-11','2013-09-22');
insert into Hospital.Production(product_id,batch_id) values (189,191);
insert into Hospital.Batch(batch_id,manufacture_date,expiry_date) values (192,'2013-03-11','2013-09-22');
insert into Hospital.Production(product_id,batch_id) values (189,192);
insert into Hospital.Batch(batch_id,manufacture_date,expiry_date) values (193,'2013-03-11','2013-09-22');
insert into Hospital.Production(product_id,batch_id) values (189,193);
insert into Hospital.Employees (employee_number, name, location, ssn, home_address,phone_number,designation) values ( 189,'dflww','ygfsiuruwrrosub',655736212,'wkujh',32654515,'Radiology');
insert into Hospital.Visitation(patient_registration_no,date_of_visit,diagnosis) values (189,'2013-09-25','yxoqx');
insert into Hospital.Consulted(employee_number,certification_no,patient_registration_no,date_of_visit) values(166,166112233,189,'2013-09-25');
insert into Hospital.Treated_by(patient_registration_no,date_of_visit,employee_number,treatment) values(189,2013-09-25,63);
insert into Hospital.Prescribed(product_id,patient_registration_no,date_of_visit) values (44,189,'2013-09-25');
insert into Hospital.Visitation(patient_registration_no,date_of_visit,diagnosis) values (189,'2013-05-01','bhrhf');
insert into Hospital.Consulted(employee_number,certification_no,patient_registration_no,date_of_visit) values(122,122112233,189,'2013-05-01');
insert into Hospital.Treated_by(patient_registration_no,date_of_visit,employee_number,treatment) values(189,2013-05-01,104);
insert into Hospital.Prescribed(product_id,patient_registration_no,date_of_visit) values (27,189,'2013-05-01');
insert into Hospital.Visitation(patient_registration_no,date_of_visit,diagnosis) values (189,'2013-04-13','dizur');
insert into Hospital.Consulted(employee_number,certification_no,patient_registration_no,date_of_visit) values(113,113112233,189,'2013-04-13');
insert into Hospital.Treated_by(patient_registration_no,date_of_visit,employee_number,treatment) values(189,2013-04-13,104);
insert into Hospital.Prescribed(product_id,patient_registration_no,date_of_visit) values (178,189,'2013-04-13');
insert into Hospital.Visitation(patient_registration_no,date_of_visit,diagnosis) values (189,'2013-07-05','vyack');
insert into Hospital.Consulted(employee_number,certification_no,patient_registration_no,date_of_visit) values(151,151112233,189,'2013-07-05');
insert into Hospital.Treated_by(patient_registration_no,date_of_visit,employee_number,treatment) values(189,2013-07-05,126);
insert into Hospital.Prescribed(product_id,patient_registration_no,date_of_visit) values (167,189,'2013-07-05');
insert into Hospital.Visitation(patient_registration_no,date_of_visit,diagnosis) values (189,'2013-07-19','fnsvl');
insert into Hospital.Consulted(employee_number,certification_no,patient_registration_no,date_of_visit) values(69,69112233,189,'2013-07-19');
insert into Hospital.Treated_by(patient_registration_no,date_of_visit,employee_number,treatment) values(189,2013-07-19,26);
insert into Hospital.Prescribed(product_id,patient_registration_no,date_of_visit) values (82,189,'2013-07-19');
insert into Hospital.Patient (patient_registration_no, name, ssn, address,contact_no,emergency_contact_no) values ( 189,'ptpjm',135697391,'volau',18347561,41153914);
insert into Hospital.Takes (employee_number,shift_name ) values ( 189,'evening');
insert into Hospital.Belongs_to(employee_number,department_id) values (189,3);
insert into Hospital.Pharmaceutical_product(product_id,cost,manufacturer) values(190,654.9895817060842,'dzmzs');
insert into Hospital.Medicine(product_id,medicine_name,dosage) values (190,'kcybe','ouykn');
insert into Hospital.Employees (employee_number, name, location, ssn, home_address,phone_number,designation) values ( 190,'woaza','nopmszvpiilfldg',745748380,'uapkl',26833680,'Administration');
insert into Hospital.Visitation(patient_registration_no,date_of_visit,diagnosis) values (190,'2013-03-28','mivlb');
insert into Hospital.Consulted(employee_number,certification_no,patient_registration_no,date_of_visit) values(107,107112233,190,'2013-03-28');
insert into Hospital.Treated_by(patient_registration_no,date_of_visit,employee_number,treatment) values(190,2013-03-28,87);
insert into Hospital.Prescribed(product_id,patient_registration_no,date_of_visit) values (129,190,'2013-03-28');
insert into Hospital.Visitation(patient_registration_no,date_of_visit,diagnosis) values (190,'2013-04-24','jweja');
insert into Hospital.Consulted(employee_number,certification_no,patient_registration_no,date_of_visit) values(66,66112233,190,'2013-04-24');
insert into Hospital.Treated_by(patient_registration_no,date_of_visit,employee_number,treatment) values(190,2013-04-24,81);
insert into Hospital.Prescribed(product_id,patient_registration_no,date_of_visit) values (161,190,'2013-04-24');
insert into Hospital.Visitation(patient_registration_no,date_of_visit,diagnosis) values (190,'2013-09-23','wwrrf');
insert into Hospital.Consulted(employee_number,certification_no,patient_registration_no,date_of_visit) values(113,113112233,190,'2013-09-23');
insert into Hospital.Treated_by(patient_registration_no,date_of_visit,employee_number,treatment) values(190,2013-09-23,125);
insert into Hospital.Prescribed(product_id,patient_registration_no,date_of_visit) values (119,190,'2013-09-23');
insert into Hospital.Visitation(patient_registration_no,date_of_visit,diagnosis) values (190,'2013-04-11','ehyik');
insert into Hospital.Consulted(employee_number,certification_no,patient_registration_no,date_of_visit) values(113,113112233,190,'2013-04-11');
insert into Hospital.Treated_by(patient_registration_no,date_of_visit,employee_number,treatment) values(190,2013-04-11,88);
insert into Hospital.Prescribed(product_id,patient_registration_no,date_of_visit) values (46,190,'2013-04-11');
insert into Hospital.Visitation(patient_registration_no,date_of_visit,diagnosis) values (190,'2013-02-19','scmmw');
insert into Hospital.Consulted(employee_number,certification_no,patient_registration_no,date_of_visit) values(94,94112233,190,'2013-02-19');
insert into Hospital.Treated_by(patient_registration_no,date_of_visit,employee_number,treatment) values(190,2013-02-19,39);
insert into Hospital.Prescribed(product_id,patient_registration_no,date_of_visit) values (26,190,'2013-02-19');
insert into Hospital.Patient (patient_registration_no, name, ssn, address,contact_no,emergency_contact_no) values ( 190,'xyele',44633207,'jntji',82217731,36637989);
insert into Hospital.Belongs_to(employee_number,department_id) values (190,2);
insert into Hospital.Pharmaceutical_product(product_id,cost,manufacturer) values(191,959.963696636778,'kvrug');
insert into Hospital.Medicine(product_id,medicine_name,dosage) values (191,'tifov','amnyu');
insert into Hospital.Employees (employee_number, name, location, ssn, home_address,phone_number,designation) values ( 191,'shfip','vkudodbdqgynaaz',807786966,'opncm',47727950,'Nurse');
insert into Hospital.Visitation(patient_registration_no,date_of_visit,diagnosis) values (191,'2013-08-09','uvhya');
insert into Hospital.Consulted(employee_number,certification_no,patient_registration_no,date_of_visit) values(150,150112233,191,'2013-08-09');
insert into Hospital.Treated_by(patient_registration_no,date_of_visit,employee_number,treatment) values(191,2013-08-09,172);
insert into Hospital.Prescribed(product_id,patient_registration_no,date_of_visit) values (98,191,'2013-08-09');
insert into Hospital.Visitation(patient_registration_no,date_of_visit,diagnosis) values (191,'2013-02-11','nxgya');
insert into Hospital.Consulted(employee_number,certification_no,patient_registration_no,date_of_visit) values(113,113112233,191,'2013-02-11');
insert into Hospital.Treated_by(patient_registration_no,date_of_visit,employee_number,treatment) values(191,2013-02-11,157);
insert into Hospital.Prescribed(product_id,patient_registration_no,date_of_visit) values (129,191,'2013-02-11');
insert into Hospital.Visitation(patient_registration_no,date_of_visit,diagnosis) values (191,'2013-03-19','aufwv');
insert into Hospital.Consulted(employee_number,certification_no,patient_registration_no,date_of_visit) values(89,89112233,191,'2013-03-19');
insert into Hospital.Treated_by(patient_registration_no,date_of_visit,employee_number,treatment) values(191,2013-03-19,52);
insert into Hospital.Prescribed(product_id,patient_registration_no,date_of_visit) values (119,191,'2013-03-19');
insert into Hospital.Visitation(patient_registration_no,date_of_visit,diagnosis) values (191,'2013-04-05','fpukw');
insert into Hospital.Consulted(employee_number,certification_no,patient_registration_no,date_of_visit) values(8,8112233,191,'2013-04-05');
insert into Hospital.Treated_by(patient_registration_no,date_of_visit,employee_number,treatment) values(191,2013-04-05,157);
insert into Hospital.Prescribed(product_id,patient_registration_no,date_of_visit) values (8,191,'2013-04-05');
insert into Hospital.Visitation(patient_registration_no,date_of_visit,diagnosis) values (191,'2013-05-20','hvygw');
insert into Hospital.Consulted(employee_number,certification_no,patient_registration_no,date_of_visit) values(150,150112233,191,'2013-05-20');
insert into Hospital.Treated_by(patient_registration_no,date_of_visit,employee_number,treatment) values(191,2013-05-20,64);
insert into Hospital.Prescribed(product_id,patient_registration_no,date_of_visit) values (153,191,'2013-05-20');
insert into Hospital.Patient (patient_registration_no, name, ssn, address,contact_no,emergency_contact_no) values ( 191,'axjou',186536854,'oujil',85826193,27595425);
insert into Hospital.Takes (employee_number,shift_name ) values ( 191,'night');
insert into Hospital.Belongs_to(employee_number,department_id) values (191,3);
insert into Hospital.Pharmaceutical_product(product_id,cost,manufacturer) values(192,34.7263347018328,'nedbi');
insert into Hospital.Batch(batch_id,manufacture_date,expiry_date) values (192,'2013-01-18','2013-02-10');
insert into Hospital.Production(product_id,batch_id) values (192,192);
insert into Hospital.Batch(batch_id,manufacture_date,expiry_date) values (193,'2013-01-18','2013-02-10');
insert into Hospital.Production(product_id,batch_id) values (192,193);
insert into Hospital.Batch(batch_id,manufacture_date,expiry_date) values (194,'2013-01-18','2013-02-10');
insert into Hospital.Production(product_id,batch_id) values (192,194);
insert into Hospital.Batch(batch_id,manufacture_date,expiry_date) values (195,'2013-01-18','2013-02-10');
insert into Hospital.Production(product_id,batch_id) values (192,195);
insert into Hospital.Batch(batch_id,manufacture_date,expiry_date) values (196,'2013-01-18','2013-02-10');
insert into Hospital.Production(product_id,batch_id) values (192,196);
insert into Hospital.Medicine(product_id,medicine_name,dosage) values (192,'ueznb','twwqh');
insert into Hospital.Employees (employee_number, name, location, ssn, home_address,phone_number,designation) values ( 192,'emmlp','tsmxtvmqsylfqbp',618226377,'qqynt',77571954,'Doctor');
insert into Hospital.Visitation(patient_registration_no,date_of_visit,diagnosis) values (192,'2013-01-21','jilkx');
insert into Hospital.Consulted(employee_number,certification_no,patient_registration_no,date_of_visit) values(181,181112233,192,'2013-01-21');
insert into Hospital.Treated_by(patient_registration_no,date_of_visit,employee_number,treatment) values(192,2013-01-21,134);
insert into Hospital.Prescribed(product_id,patient_registration_no,date_of_visit) values (61,192,'2013-01-21');
insert into Hospital.Visitation(patient_registration_no,date_of_visit,diagnosis) values (192,'2013-10-22','biudn');
insert into Hospital.Consulted(employee_number,certification_no,patient_registration_no,date_of_visit) values(13,13112233,192,'2013-10-22');
insert into Hospital.Treated_by(patient_registration_no,date_of_visit,employee_number,treatment) values(192,2013-10-22,157);
insert into Hospital.Prescribed(product_id,patient_registration_no,date_of_visit) values (10,192,'2013-10-22');
insert into Hospital.Visitation(patient_registration_no,date_of_visit,diagnosis) values (192,'2013-07-03','ikmuw');
insert into Hospital.Consulted(employee_number,certification_no,patient_registration_no,date_of_visit) values(133,133112233,192,'2013-07-03');
insert into Hospital.Treated_by(patient_registration_no,date_of_visit,employee_number,treatment) values(192,2013-07-03,26);
insert into Hospital.Prescribed(product_id,patient_registration_no,date_of_visit) values (12,192,'2013-07-03');
insert into Hospital.Visitation(patient_registration_no,date_of_visit,diagnosis) values (192,'2013-01-03','rough');
insert into Hospital.Consulted(employee_number,certification_no,patient_registration_no,date_of_visit) values(29,29112233,192,'2013-01-03');
insert into Hospital.Treated_by(patient_registration_no,date_of_visit,employee_number,treatment) values(192,2013-01-03,186);
insert into Hospital.Prescribed(product_id,patient_registration_no,date_of_visit) values (82,192,'2013-01-03');
insert into Hospital.Visitation(patient_registration_no,date_of_visit,diagnosis) values (192,'2013-04-23','thhxg');
insert into Hospital.Consulted(employee_number,certification_no,patient_registration_no,date_of_visit) values(12,12112233,192,'2013-04-23');
insert into Hospital.Treated_by(patient_registration_no,date_of_visit,employee_number,treatment) values(192,2013-04-23,143);
insert into Hospital.Prescribed(product_id,patient_registration_no,date_of_visit) values (5,192,'2013-04-23');
insert into Hospital.Patient (patient_registration_no, name, ssn, address,contact_no,emergency_contact_no) values ( 192,'geocn',401703823,'mxlwg',42281302,58532116);
insert into Hospital.Physician (employee_number, certification_no,specialization) values ( 192,192112233,'Dermatology');
insert into Hospital.Belongs_to(employee_number,department_id) values (192,1);
insert into Hospital.Pharmaceutical_product(product_id,cost,manufacturer) values(193,755.3332894282647,'ehbcr');
insert into Hospital.Batch(batch_id,manufacture_date,expiry_date) values (193,'2013-01-01','2013-09-23');
insert into Hospital.Production(product_id,batch_id) values (193,193);
insert into Hospital.Batch(batch_id,manufacture_date,expiry_date) values (194,'2013-01-01','2013-09-23');
insert into Hospital.Production(product_id,batch_id) values (193,194);
insert into Hospital.Batch(batch_id,manufacture_date,expiry_date) values (195,'2013-01-01','2013-09-23');
insert into Hospital.Production(product_id,batch_id) values (193,195);
insert into Hospital.Batch(batch_id,manufacture_date,expiry_date) values (196,'2013-01-01','2013-09-23');
insert into Hospital.Production(product_id,batch_id) values (193,196);
insert into Hospital.Batch(batch_id,manufacture_date,expiry_date) values (197,'2013-01-01','2013-09-23');
insert into Hospital.Production(product_id,batch_id) values (193,197);
insert into Hospital.Medicine(product_id,medicine_name,dosage) values (193,'xgnwy','fnzau');
insert into Hospital.Employees (employee_number, name, location, ssn, home_address,phone_number,designation) values ( 193,'czjdf','puuupoyynzlargp',704619320,'mlmjl',86130856,'Doctor');
insert into Hospital.Visitation(patient_registration_no,date_of_visit,diagnosis) values (193,'2013-01-24','pgddi');
insert into Hospital.Consulted(employee_number,certification_no,patient_registration_no,date_of_visit) values(181,181112233,193,'2013-01-24');
insert into Hospital.Treated_by(patient_registration_no,date_of_visit,employee_number,treatment) values(193,2013-01-24,173);
insert into Hospital.Prescribed(product_id,patient_registration_no,date_of_visit) values (174,193,'2013-01-24');
insert into Hospital.Visitation(patient_registration_no,date_of_visit,diagnosis) values (193,'2013-02-02','vxsez');
insert into Hospital.Consulted(employee_number,certification_no,patient_registration_no,date_of_visit) values(46,46112233,193,'2013-02-02');
insert into Hospital.Treated_by(patient_registration_no,date_of_visit,employee_number,treatment) values(193,2013-02-02,126);
insert into Hospital.Prescribed(product_id,patient_registration_no,date_of_visit) values (140,193,'2013-02-02');
insert into Hospital.Visitation(patient_registration_no,date_of_visit,diagnosis) values (193,'2013-03-03','ejdva');
insert into Hospital.Consulted(employee_number,certification_no,patient_registration_no,date_of_visit) values(119,119112233,193,'2013-03-03');
insert into Hospital.Treated_by(patient_registration_no,date_of_visit,employee_number,treatment) values(193,2013-03-03,81);
insert into Hospital.Prescribed(product_id,patient_registration_no,date_of_visit) values (86,193,'2013-03-03');
insert into Hospital.Visitation(patient_registration_no,date_of_visit,diagnosis) values (193,'2013-09-06','qzluv');
insert into Hospital.Consulted(employee_number,certification_no,patient_registration_no,date_of_visit) values(111,111112233,193,'2013-09-06');
insert into Hospital.Treated_by(patient_registration_no,date_of_visit,employee_number,treatment) values(193,2013-09-06,64);
insert into Hospital.Prescribed(product_id,patient_registration_no,date_of_visit) values (70,193,'2013-09-06');
insert into Hospital.Visitation(patient_registration_no,date_of_visit,diagnosis) values (193,'2013-09-29','rmgrw');
insert into Hospital.Consulted(employee_number,certification_no,patient_registration_no,date_of_visit) values(37,37112233,193,'2013-09-29');
insert into Hospital.Treated_by(patient_registration_no,date_of_visit,employee_number,treatment) values(193,2013-09-29,26);
insert into Hospital.Prescribed(product_id,patient_registration_no,date_of_visit) values (131,193,'2013-09-29');
insert into Hospital.Patient (patient_registration_no, name, ssn, address,contact_no,emergency_contact_no) values ( 193,'kzjpa',894875890,'fvnjq',84006093,95204764);
insert into Hospital.Physician (employee_number, certification_no,specialization) values ( 193,193112233,'Pediatrics');
insert into Hospital.Belongs_to(employee_number,department_id) values (193,1);
insert into Hospital.Pharmaceutical_product(product_id,cost,manufacturer) values(194,621.6893601405629,'nvwwk');
insert into Hospital.Batch(batch_id,manufacture_date,expiry_date) values (194,'2013-01-17','2013-10-10');
insert into Hospital.Production(product_id,batch_id) values (194,194);
insert into Hospital.Batch(batch_id,manufacture_date,expiry_date) values (195,'2013-01-17','2013-10-10');
insert into Hospital.Production(product_id,batch_id) values (194,195);
insert into Hospital.Batch(batch_id,manufacture_date,expiry_date) values (196,'2013-01-17','2013-10-10');
insert into Hospital.Production(product_id,batch_id) values (194,196);
insert into Hospital.Batch(batch_id,manufacture_date,expiry_date) values (197,'2013-01-17','2013-10-10');
insert into Hospital.Production(product_id,batch_id) values (194,197);
insert into Hospital.Batch(batch_id,manufacture_date,expiry_date) values (198,'2013-01-17','2013-10-10');
insert into Hospital.Production(product_id,batch_id) values (194,198);
insert into Hospital.Medicine(product_id,medicine_name,dosage) values (194,'zlbvd','wltge');
insert into Hospital.Employees (employee_number, name, location, ssn, home_address,phone_number,designation) values ( 194,'wokqp','urymrrpaizzzwkl',920403516,'drsas',60689373,'Doctor');
insert into Hospital.Visitation(patient_registration_no,date_of_visit,diagnosis) values (194,'2013-06-04','azjkg');
insert into Hospital.Consulted(employee_number,certification_no,patient_registration_no,date_of_visit) values(184,184112233,194,'2013-06-04');
insert into Hospital.Treated_by(patient_registration_no,date_of_visit,employee_number,treatment) values(194,2013-06-04,84);
insert into Hospital.Prescribed(product_id,patient_registration_no,date_of_visit) values (29,194,'2013-06-04');
insert into Hospital.Visitation(patient_registration_no,date_of_visit,diagnosis) values (194,'2013-05-29','ygfpb');
insert into Hospital.Consulted(employee_number,certification_no,patient_registration_no,date_of_visit) values(69,69112233,194,'2013-05-29');
insert into Hospital.Treated_by(patient_registration_no,date_of_visit,employee_number,treatment) values(194,2013-05-29,129);
insert into Hospital.Prescribed(product_id,patient_registration_no,date_of_visit) values (44,194,'2013-05-29');
insert into Hospital.Visitation(patient_registration_no,date_of_visit,diagnosis) values (194,'2013-07-26','wvilg');
insert into Hospital.Consulted(employee_number,certification_no,patient_registration_no,date_of_visit) values(122,122112233,194,'2013-07-26');
insert into Hospital.Treated_by(patient_registration_no,date_of_visit,employee_number,treatment) values(194,2013-07-26,134);
insert into Hospital.Prescribed(product_id,patient_registration_no,date_of_visit) values (108,194,'2013-07-26');
insert into Hospital.Visitation(patient_registration_no,date_of_visit,diagnosis) values (194,'2013-06-17','odtyw');
insert into Hospital.Consulted(employee_number,certification_no,patient_registration_no,date_of_visit) values(139,139112233,194,'2013-06-17');
insert into Hospital.Treated_by(patient_registration_no,date_of_visit,employee_number,treatment) values(194,2013-06-17,19);
insert into Hospital.Prescribed(product_id,patient_registration_no,date_of_visit) values (152,194,'2013-06-17');
insert into Hospital.Visitation(patient_registration_no,date_of_visit,diagnosis) values (194,'2013-09-08','hmbqk');
insert into Hospital.Consulted(employee_number,certification_no,patient_registration_no,date_of_visit) values(113,113112233,194,'2013-09-08');
insert into Hospital.Treated_by(patient_registration_no,date_of_visit,employee_number,treatment) values(194,2013-09-08,101);
insert into Hospital.Prescribed(product_id,patient_registration_no,date_of_visit) values (98,194,'2013-09-08');
insert into Hospital.Patient (patient_registration_no, name, ssn, address,contact_no,emergency_contact_no) values ( 194,'bpnuc',626993891,'czpkm',33721799,60761778);
insert into Hospital.Physician (employee_number, certification_no,specialization) values ( 194,194112233,'Anesthesiology');
insert into Hospital.Belongs_to(employee_number,department_id) values (194,1);
insert into Hospital.Pharmaceutical_product(product_id,cost,manufacturer) values(195,167.69249300779217,'wfchs');
insert into Hospital.Employees (employee_number, name, location, ssn, home_address,phone_number,designation) values ( 195,'oabyv','eztwbegdrbwyklg',552373368,'qckbe',76180328,'Radiology');
insert into Hospital.Visitation(patient_registration_no,date_of_visit,diagnosis) values (195,'2013-07-01','lebxq');
insert into Hospital.Consulted(employee_number,certification_no,patient_registration_no,date_of_visit) values(6,6112233,195,'2013-07-01');
insert into Hospital.Treated_by(patient_registration_no,date_of_visit,employee_number,treatment) values(195,2013-07-01,173);
insert into Hospital.Prescribed(product_id,patient_registration_no,date_of_visit) values (52,195,'2013-07-01');
insert into Hospital.Visitation(patient_registration_no,date_of_visit,diagnosis) values (195,'2013-06-19','ciynx');
insert into Hospital.Consulted(employee_number,certification_no,patient_registration_no,date_of_visit) values(37,37112233,195,'2013-06-19');
insert into Hospital.Treated_by(patient_registration_no,date_of_visit,employee_number,treatment) values(195,2013-06-19,101);
insert into Hospital.Prescribed(product_id,patient_registration_no,date_of_visit) values (146,195,'2013-06-19');
insert into Hospital.Visitation(patient_registration_no,date_of_visit,diagnosis) values (195,'2013-10-02','mxqxw');
insert into Hospital.Consulted(employee_number,certification_no,patient_registration_no,date_of_visit) values(139,139112233,195,'2013-10-02');
insert into Hospital.Treated_by(patient_registration_no,date_of_visit,employee_number,treatment) values(195,2013-10-02,52);
insert into Hospital.Prescribed(product_id,patient_registration_no,date_of_visit) values (140,195,'2013-10-02');
insert into Hospital.Visitation(patient_registration_no,date_of_visit,diagnosis) values (195,'2013-06-10','vcivi');
insert into Hospital.Consulted(employee_number,certification_no,patient_registration_no,date_of_visit) values(119,119112233,195,'2013-06-10');
insert into Hospital.Treated_by(patient_registration_no,date_of_visit,employee_number,treatment) values(195,2013-06-10,87);
insert into Hospital.Prescribed(product_id,patient_registration_no,date_of_visit) values (45,195,'2013-06-10');
insert into Hospital.Visitation(patient_registration_no,date_of_visit,diagnosis) values (195,'2013-06-14','kjvni');
insert into Hospital.Consulted(employee_number,certification_no,patient_registration_no,date_of_visit) values(69,69112233,195,'2013-06-14');
insert into Hospital.Treated_by(patient_registration_no,date_of_visit,employee_number,treatment) values(195,2013-06-14,61);
insert into Hospital.Prescribed(product_id,patient_registration_no,date_of_visit) values (65,195,'2013-06-14');
insert into Hospital.Patient (patient_registration_no, name, ssn, address,contact_no,emergency_contact_no) values ( 195,'yqmss',106110674,'pzmqa',73902182,79480700);
insert into Hospital.Takes (employee_number,shift_name ) values ( 195,'morning');
insert into Hospital.Belongs_to(employee_number,department_id) values (195,3);
insert into Hospital.Pharmaceutical_product(product_id,cost,manufacturer) values(196,543.8531777581055,'xxxcl');
insert into Hospital.Batch(batch_id,manufacture_date,expiry_date) values (196,'2013-06-04','2013-06-24');
insert into Hospital.Production(product_id,batch_id) values (196,196);
insert into Hospital.Batch(batch_id,manufacture_date,expiry_date) values (197,'2013-06-04','2013-06-24');
insert into Hospital.Production(product_id,batch_id) values (196,197);
insert into Hospital.Batch(batch_id,manufacture_date,expiry_date) values (198,'2013-06-04','2013-06-24');
insert into Hospital.Production(product_id,batch_id) values (196,198);
insert into Hospital.Batch(batch_id,manufacture_date,expiry_date) values (199,'2013-06-04','2013-06-24');
insert into Hospital.Production(product_id,batch_id) values (196,199);
insert into Hospital.Batch(batch_id,manufacture_date,expiry_date) values (200,'2013-06-04','2013-06-24');
insert into Hospital.Production(product_id,batch_id) values (196,200);
insert into Hospital.Medicine(product_id,medicine_name,dosage) values (196,'apzki','wpdgy');
insert into Hospital.Employees (employee_number, name, location, ssn, home_address,phone_number,designation) values ( 196,'zgcuq','oqgmpzbnuewinij',313253497,'dxqui',55011758,'Radiology');
insert into Hospital.Visitation(patient_registration_no,date_of_visit,diagnosis) values (196,'2013-06-10','jyvht');
insert into Hospital.Consulted(employee_number,certification_no,patient_registration_no,date_of_visit) values(46,46112233,196,'2013-06-10');
insert into Hospital.Treated_by(patient_registration_no,date_of_visit,employee_number,treatment) values(196,2013-06-10,83);
insert into Hospital.Prescribed(product_id,patient_registration_no,date_of_visit) values (151,196,'2013-06-10');
insert into Hospital.Visitation(patient_registration_no,date_of_visit,diagnosis) values (196,'2013-03-20','wdtpy');
insert into Hospital.Consulted(employee_number,certification_no,patient_registration_no,date_of_visit) values(141,141112233,196,'2013-03-20');
insert into Hospital.Treated_by(patient_registration_no,date_of_visit,employee_number,treatment) values(196,2013-03-20,77);
insert into Hospital.Prescribed(product_id,patient_registration_no,date_of_visit) values (48,196,'2013-03-20');
insert into Hospital.Visitation(patient_registration_no,date_of_visit,diagnosis) values (196,'2013-09-21','kdush');
insert into Hospital.Consulted(employee_number,certification_no,patient_registration_no,date_of_visit) values(1,1112233,196,'2013-09-21');
insert into Hospital.Treated_by(patient_registration_no,date_of_visit,employee_number,treatment) values(196,2013-09-21,81);
insert into Hospital.Prescribed(product_id,patient_registration_no,date_of_visit) values (122,196,'2013-09-21');
insert into Hospital.Visitation(patient_registration_no,date_of_visit,diagnosis) values (196,'2013-07-31','usxvh');
insert into Hospital.Consulted(employee_number,certification_no,patient_registration_no,date_of_visit) values(128,128112233,196,'2013-07-31');
insert into Hospital.Treated_by(patient_registration_no,date_of_visit,employee_number,treatment) values(196,2013-07-31,61);
insert into Hospital.Prescribed(product_id,patient_registration_no,date_of_visit) values (1,196,'2013-07-31');
insert into Hospital.Visitation(patient_registration_no,date_of_visit,diagnosis) values (196,'2013-04-25','dqpfy');
insert into Hospital.Consulted(employee_number,certification_no,patient_registration_no,date_of_visit) values(184,184112233,196,'2013-04-25');
insert into Hospital.Treated_by(patient_registration_no,date_of_visit,employee_number,treatment) values(196,2013-04-25,91);
insert into Hospital.Prescribed(product_id,patient_registration_no,date_of_visit) values (170,196,'2013-04-25');
insert into Hospital.Patient (patient_registration_no, name, ssn, address,contact_no,emergency_contact_no) values ( 196,'vdbfs',292657991,'xoneh',96437807,85865436);
insert into Hospital.Takes (employee_number,shift_name ) values ( 196,'morning');
insert into Hospital.Belongs_to(employee_number,department_id) values (196,3);
insert into Hospital.Pharmaceutical_product(product_id,cost,manufacturer) values(197,64.33923009991594,'rkcvj');
insert into Hospital.Medicine(product_id,medicine_name,dosage) values (197,'ksirv','yxkft');
insert into Hospital.Employees (employee_number, name, location, ssn, home_address,phone_number,designation) values ( 197,'vqohe','sstquwpsyljlvzo',496292339,'peouy',22031309,'Doctor');
insert into Hospital.Visitation(patient_registration_no,date_of_visit,diagnosis) values (197,'2013-04-28','ttydo');
insert into Hospital.Consulted(employee_number,certification_no,patient_registration_no,date_of_visit) values(107,107112233,197,'2013-04-28');
insert into Hospital.Treated_by(patient_registration_no,date_of_visit,employee_number,treatment) values(197,2013-04-28,39);
insert into Hospital.Prescribed(product_id,patient_registration_no,date_of_visit) values (85,197,'2013-04-28');
insert into Hospital.Visitation(patient_registration_no,date_of_visit,diagnosis) values (197,'2013-09-29','qarlo');
insert into Hospital.Consulted(employee_number,certification_no,patient_registration_no,date_of_visit) values(194,194112233,197,'2013-09-29');
insert into Hospital.Treated_by(patient_registration_no,date_of_visit,employee_number,treatment) values(197,2013-09-29,104);
insert into Hospital.Prescribed(product_id,patient_registration_no,date_of_visit) values (155,197,'2013-09-29');
insert into Hospital.Visitation(patient_registration_no,date_of_visit,diagnosis) values (197,'2013-06-04','siohn');
insert into Hospital.Consulted(employee_number,certification_no,patient_registration_no,date_of_visit) values(8,8112233,197,'2013-06-04');
insert into Hospital.Treated_by(patient_registration_no,date_of_visit,employee_number,treatment) values(197,2013-06-04,115);
insert into Hospital.Prescribed(product_id,patient_registration_no,date_of_visit) values (169,197,'2013-06-04');
insert into Hospital.Visitation(patient_registration_no,date_of_visit,diagnosis) values (197,'2013-05-24','qxevk');
insert into Hospital.Consulted(employee_number,certification_no,patient_registration_no,date_of_visit) values(94,94112233,197,'2013-05-24');
insert into Hospital.Treated_by(patient_registration_no,date_of_visit,employee_number,treatment) values(197,2013-05-24,39);
insert into Hospital.Prescribed(product_id,patient_registration_no,date_of_visit) values (182,197,'2013-05-24');
insert into Hospital.Visitation(patient_registration_no,date_of_visit,diagnosis) values (197,'2013-10-23','icgvw');
insert into Hospital.Consulted(employee_number,certification_no,patient_registration_no,date_of_visit) values(181,181112233,197,'2013-10-23');
insert into Hospital.Treated_by(patient_registration_no,date_of_visit,employee_number,treatment) values(197,2013-10-23,52);
insert into Hospital.Prescribed(product_id,patient_registration_no,date_of_visit) values (94,197,'2013-10-23');
insert into Hospital.Patient (patient_registration_no, name, ssn, address,contact_no,emergency_contact_no) values ( 197,'gvezx',289667008,'camui',38757637,42946733);
insert into Hospital.Physician (employee_number, certification_no,specialization) values ( 197,197112233,'Anesthesiology');
insert into Hospital.Belongs_to(employee_number,department_id) values (197,1);
insert into Hospital.Pharmaceutical_product(product_id,cost,manufacturer) values(198,437.5834602122261,'tfxff');
insert into Hospital.Employees (employee_number, name, location, ssn, home_address,phone_number,designation) values ( 198,'gcbuo','mpxmwfedlscwpsx',731512971,'gufoz',22586250,'Nurse');
insert into Hospital.Visitation(patient_registration_no,date_of_visit,diagnosis) values (198,'2013-08-21','esnhi');
insert into Hospital.Consulted(employee_number,certification_no,patient_registration_no,date_of_visit) values(192,192112233,198,'2013-08-21');
insert into Hospital.Treated_by(patient_registration_no,date_of_visit,employee_number,treatment) values(198,2013-08-21,134);
insert into Hospital.Prescribed(product_id,patient_registration_no,date_of_visit) values (129,198,'2013-08-21');
insert into Hospital.Visitation(patient_registration_no,date_of_visit,diagnosis) values (198,'2013-02-04','pzxni');
insert into Hospital.Consulted(employee_number,certification_no,patient_registration_no,date_of_visit) values(193,193112233,198,'2013-02-04');
insert into Hospital.Treated_by(patient_registration_no,date_of_visit,employee_number,treatment) values(198,2013-02-04,52);
insert into Hospital.Prescribed(product_id,patient_registration_no,date_of_visit) values (181,198,'2013-02-04');
insert into Hospital.Visitation(patient_registration_no,date_of_visit,diagnosis) values (198,'2013-02-13','tkzed');
insert into Hospital.Consulted(employee_number,certification_no,patient_registration_no,date_of_visit) values(130,130112233,198,'2013-02-13');
insert into Hospital.Treated_by(patient_registration_no,date_of_visit,employee_number,treatment) values(198,2013-02-13,73);
insert into Hospital.Prescribed(product_id,patient_registration_no,date_of_visit) values (20,198,'2013-02-13');
insert into Hospital.Visitation(patient_registration_no,date_of_visit,diagnosis) values (198,'2013-01-14','qcabw');
insert into Hospital.Consulted(employee_number,certification_no,patient_registration_no,date_of_visit) values(194,194112233,198,'2013-01-14');
insert into Hospital.Treated_by(patient_registration_no,date_of_visit,employee_number,treatment) values(198,2013-01-14,96);
insert into Hospital.Prescribed(product_id,patient_registration_no,date_of_visit) values (56,198,'2013-01-14');
insert into Hospital.Visitation(patient_registration_no,date_of_visit,diagnosis) values (198,'2013-09-12','ugpoj');
insert into Hospital.Consulted(employee_number,certification_no,patient_registration_no,date_of_visit) values(139,139112233,198,'2013-09-12');
insert into Hospital.Treated_by(patient_registration_no,date_of_visit,employee_number,treatment) values(198,2013-09-12,189);
insert into Hospital.Prescribed(product_id,patient_registration_no,date_of_visit) values (124,198,'2013-09-12');
insert into Hospital.Patient (patient_registration_no, name, ssn, address,contact_no,emergency_contact_no) values ( 198,'nhdlt',891046759,'isnzn',18930529,97672866);
insert into Hospital.Takes (employee_number,shift_name ) values ( 198,'morning');
insert into Hospital.Belongs_to(employee_number,department_id) values (198,3);
insert into Hospital.Pharmaceutical_product(product_id,cost,manufacturer) values(199,198.70215150927706,'xitln');
insert into Hospital.Employees (employee_number, name, location, ssn, home_address,phone_number,designation) values ( 199,'umbfd','rwsljkzgyaiakut',923837303,'pjocr',54968591,'Nurse');
insert into Hospital.Visitation(patient_registration_no,date_of_visit,diagnosis) values (199,'2013-02-18','kkvlg');
insert into Hospital.Consulted(employee_number,certification_no,patient_registration_no,date_of_visit) values(181,181112233,199,'2013-02-18');
insert into Hospital.Treated_by(patient_registration_no,date_of_visit,employee_number,treatment) values(199,2013-02-18,115);
insert into Hospital.Prescribed(product_id,patient_registration_no,date_of_visit) values (155,199,'2013-02-18');
insert into Hospital.Visitation(patient_registration_no,date_of_visit,diagnosis) values (199,'2013-06-13','drjjo');
insert into Hospital.Consulted(employee_number,certification_no,patient_registration_no,date_of_visit) values(119,119112233,199,'2013-06-13');
insert into Hospital.Treated_by(patient_registration_no,date_of_visit,employee_number,treatment) values(199,2013-06-13,61);
insert into Hospital.Prescribed(product_id,patient_registration_no,date_of_visit) values (85,199,'2013-06-13');
insert into Hospital.Visitation(patient_registration_no,date_of_visit,diagnosis) values (199,'2013-02-21','excsm');
insert into Hospital.Consulted(employee_number,certification_no,patient_registration_no,date_of_visit) values(34,34112233,199,'2013-02-21');
insert into Hospital.Treated_by(patient_registration_no,date_of_visit,employee_number,treatment) values(199,2013-02-21,84);
insert into Hospital.Prescribed(product_id,patient_registration_no,date_of_visit) values (141,199,'2013-02-21');
insert into Hospital.Visitation(patient_registration_no,date_of_visit,diagnosis) values (199,'2013-04-25','pqstl');
insert into Hospital.Consulted(employee_number,certification_no,patient_registration_no,date_of_visit) values(51,51112233,199,'2013-04-25');
insert into Hospital.Treated_by(patient_registration_no,date_of_visit,employee_number,treatment) values(199,2013-04-25,129);
insert into Hospital.Prescribed(product_id,patient_registration_no,date_of_visit) values (193,199,'2013-04-25');
insert into Hospital.Visitation(patient_registration_no,date_of_visit,diagnosis) values (199,'2013-08-30','kbcjz');
insert into Hospital.Consulted(employee_number,certification_no,patient_registration_no,date_of_visit) values(69,69112233,199,'2013-08-30');
insert into Hospital.Treated_by(patient_registration_no,date_of_visit,employee_number,treatment) values(199,2013-08-30,165);
insert into Hospital.Prescribed(product_id,patient_registration_no,date_of_visit) values (138,199,'2013-08-30');
insert into Hospital.Patient (patient_registration_no, name, ssn, address,contact_no,emergency_contact_no) values ( 199,'dukme',798283686,'scckq',24300922,15199941);
insert into Hospital.Takes (employee_number,shift_name ) values ( 199,'night');
insert into Hospital.Belongs_to(employee_number,department_id) values (199,3);
insert into Hospital.Pharmaceutical_product(product_id,cost,manufacturer) values(200,630.1025952548199,'kazis');
insert into Hospital.Batch(batch_id,manufacture_date,expiry_date) values (200,'2013-06-24','2013-09-28');
insert into Hospital.Production(product_id,batch_id) values (200,200);
insert into Hospital.Batch(batch_id,manufacture_date,expiry_date) values (201,'2013-06-24','2013-09-28');
insert into Hospital.Production(product_id,batch_id) values (200,201);
insert into Hospital.Batch(batch_id,manufacture_date,expiry_date) values (202,'2013-06-24','2013-09-28');
insert into Hospital.Production(product_id,batch_id) values (200,202);
insert into Hospital.Batch(batch_id,manufacture_date,expiry_date) values (203,'2013-06-24','2013-09-28');
insert into Hospital.Production(product_id,batch_id) values (200,203);
insert into Hospital.Batch(batch_id,manufacture_date,expiry_date) values (204,'2013-06-24','2013-09-28');
insert into Hospital.Production(product_id,batch_id) values (200,204);
insert into Hospital.Employees (employee_number, name, location, ssn, home_address,phone_number,designation) values ( 200,'kbhcc','qaughssnwzybytb',679567915,'ywcub',84487818,'Administration');
insert into Hospital.Visitation(patient_registration_no,date_of_visit,diagnosis) values (200,'2013-07-23','nzhxe');
insert into Hospital.Consulted(employee_number,certification_no,patient_registration_no,date_of_visit) values(161,161112233,200,'2013-07-23');
insert into Hospital.Treated_by(patient_registration_no,date_of_visit,employee_number,treatment) values(200,2013-07-23,52);
insert into Hospital.Prescribed(product_id,patient_registration_no,date_of_visit) values (138,200,'2013-07-23');
insert into Hospital.Visitation(patient_registration_no,date_of_visit,diagnosis) values (200,'2013-08-11','iiyoj');
insert into Hospital.Consulted(employee_number,certification_no,patient_registration_no,date_of_visit) values(1,1112233,200,'2013-08-11');
insert into Hospital.Treated_by(patient_registration_no,date_of_visit,employee_number,treatment) values(200,2013-08-11,126);
insert into Hospital.Prescribed(product_id,patient_registration_no,date_of_visit) values (191,200,'2013-08-11');
insert into Hospital.Visitation(patient_registration_no,date_of_visit,diagnosis) values (200,'2013-07-30','znalr');
insert into Hospital.Consulted(employee_number,certification_no,patient_registration_no,date_of_visit) values(130,130112233,200,'2013-07-30');
insert into Hospital.Treated_by(patient_registration_no,date_of_visit,employee_number,treatment) values(200,2013-07-30,64);
insert into Hospital.Prescribed(product_id,patient_registration_no,date_of_visit) values (169,200,'2013-07-30');
insert into Hospital.Visitation(patient_registration_no,date_of_visit,diagnosis) values (200,'2013-02-24','aqwgd');
insert into Hospital.Consulted(employee_number,certification_no,patient_registration_no,date_of_visit) values(55,55112233,200,'2013-02-24');
insert into Hospital.Treated_by(patient_registration_no,date_of_visit,employee_number,treatment) values(200,2013-02-24,185);
insert into Hospital.Prescribed(product_id,patient_registration_no,date_of_visit) values (48,200,'2013-02-24');
insert into Hospital.Visitation(patient_registration_no,date_of_visit,diagnosis) values (200,'2013-04-17','qjbkh');
insert into Hospital.Consulted(employee_number,certification_no,patient_registration_no,date_of_visit) values(37,37112233,200,'2013-04-17');
insert into Hospital.Treated_by(patient_registration_no,date_of_visit,employee_number,treatment) values(200,2013-04-17,48);
insert into Hospital.Prescribed(product_id,patient_registration_no,date_of_visit) values (155,200,'2013-04-17');
insert into Hospital.Patient (patient_registration_no, name, ssn, address,contact_no,emergency_contact_no) values ( 200,'ybwwo',438804893,'mjgro',43045178,21294089);
insert into Hospital.Belongs_to(employee_number,department_id) values (200,2);
insert into Hospital.Pharmaceutical_product(product_id,cost,manufacturer) values(201,702.2879041824782,'uwxeh');
insert into Hospital.Batch(batch_id,manufacture_date,expiry_date) values (201,'2013-09-08','2013-10-08');
insert into Hospital.Production(product_id,batch_id) values (201,201);
insert into Hospital.Batch(batch_id,manufacture_date,expiry_date) values (202,'2013-09-08','2013-10-08');
insert into Hospital.Production(product_id,batch_id) values (201,202);
insert into Hospital.Batch(batch_id,manufacture_date,expiry_date) values (203,'2013-09-08','2013-10-08');
insert into Hospital.Production(product_id,batch_id) values (201,203);
insert into Hospital.Batch(batch_id,manufacture_date,expiry_date) values (204,'2013-09-08','2013-10-08');
insert into Hospital.Production(product_id,batch_id) values (201,204);
insert into Hospital.Batch(batch_id,manufacture_date,expiry_date) values (205,'2013-09-08','2013-10-08');
insert into Hospital.Production(product_id,batch_id) values (201,205);
insert into Hospital.Employees (employee_number, name, location, ssn, home_address,phone_number,designation) values ( 201,'tosnl','bpavmudogcmyodc',171272175,'qrani',50680516,'Radiology');
insert into Hospital.Visitation(patient_registration_no,date_of_visit,diagnosis) values (201,'2013-08-21','cpqyr');
insert into Hospital.Consulted(employee_number,certification_no,patient_registration_no,date_of_visit) values(110,110112233,201,'2013-08-21');
insert into Hospital.Treated_by(patient_registration_no,date_of_visit,employee_number,treatment) values(201,2013-08-21,50);
insert into Hospital.Prescribed(product_id,patient_registration_no,date_of_visit) values (152,201,'2013-08-21');
insert into Hospital.Visitation(patient_registration_no,date_of_visit,diagnosis) values (201,'2013-05-16','gnbmt');
insert into Hospital.Consulted(employee_number,certification_no,patient_registration_no,date_of_visit) values(66,66112233,201,'2013-05-16');
insert into Hospital.Treated_by(patient_registration_no,date_of_visit,employee_number,treatment) values(201,2013-05-16,56);
insert into Hospital.Prescribed(product_id,patient_registration_no,date_of_visit) values (168,201,'2013-05-16');
insert into Hospital.Visitation(patient_registration_no,date_of_visit,diagnosis) values (201,'2013-01-28','htsxv');
insert into Hospital.Consulted(employee_number,certification_no,patient_registration_no,date_of_visit) values(119,119112233,201,'2013-01-28');
insert into Hospital.Treated_by(patient_registration_no,date_of_visit,employee_number,treatment) values(201,2013-01-28,134);
insert into Hospital.Prescribed(product_id,patient_registration_no,date_of_visit) values (149,201,'2013-01-28');
insert into Hospital.Visitation(patient_registration_no,date_of_visit,diagnosis) values (201,'2013-06-13','byclq');
insert into Hospital.Consulted(employee_number,certification_no,patient_registration_no,date_of_visit) values(46,46112233,201,'2013-06-13');
insert into Hospital.Treated_by(patient_registration_no,date_of_visit,employee_number,treatment) values(201,2013-06-13,19);
insert into Hospital.Prescribed(product_id,patient_registration_no,date_of_visit) values (134,201,'2013-06-13');
insert into Hospital.Visitation(patient_registration_no,date_of_visit,diagnosis) values (201,'2013-09-05','tjqfz');
insert into Hospital.Consulted(employee_number,certification_no,patient_registration_no,date_of_visit) values(133,133112233,201,'2013-09-05');
insert into Hospital.Treated_by(patient_registration_no,date_of_visit,employee_number,treatment) values(201,2013-09-05,172);
insert into Hospital.Prescribed(product_id,patient_registration_no,date_of_visit) values (21,201,'2013-09-05');
insert into Hospital.Patient (patient_registration_no, name, ssn, address,contact_no,emergency_contact_no) values ( 201,'aclfc',440900352,'haawz',27796056,65241851);
insert into Hospital.Takes (employee_number,shift_name ) values ( 201,'morning');
insert into Hospital.Belongs_to(employee_number,department_id) values (201,3);
insert into Hospital.Pharmaceutical_product(product_id,cost,manufacturer) values(202,663.7436101197263,'cuedu');
insert into Hospital.Employees (employee_number, name, location, ssn, home_address,phone_number,designation) values ( 202,'oerig','malkuyfcfthmqsu',646407747,'equqd',73181323,'Nurse');
insert into Hospital.Visitation(patient_registration_no,date_of_visit,diagnosis) values (202,'2013-03-24','yuarv');
insert into Hospital.Consulted(employee_number,certification_no,patient_registration_no,date_of_visit) values(89,89112233,202,'2013-03-24');
insert into Hospital.Treated_by(patient_registration_no,date_of_visit,employee_number,treatment) values(202,2013-03-24,172);
insert into Hospital.Prescribed(product_id,patient_registration_no,date_of_visit) values (170,202,'2013-03-24');
insert into Hospital.Visitation(patient_registration_no,date_of_visit,diagnosis) values (202,'2013-07-17','ebepm');
insert into Hospital.Consulted(employee_number,certification_no,patient_registration_no,date_of_visit) values(45,45112233,202,'2013-07-17');
insert into Hospital.Treated_by(patient_registration_no,date_of_visit,employee_number,treatment) values(202,2013-07-17,129);
insert into Hospital.Prescribed(product_id,patient_registration_no,date_of_visit) values (77,202,'2013-07-17');
insert into Hospital.Visitation(patient_registration_no,date_of_visit,diagnosis) values (202,'2013-02-03','cdkcp');
insert into Hospital.Consulted(employee_number,certification_no,patient_registration_no,date_of_visit) values(6,6112233,202,'2013-02-03');
insert into Hospital.Treated_by(patient_registration_no,date_of_visit,employee_number,treatment) values(202,2013-02-03,201);
insert into Hospital.Prescribed(product_id,patient_registration_no,date_of_visit) values (65,202,'2013-02-03');
insert into Hospital.Visitation(patient_registration_no,date_of_visit,diagnosis) values (202,'2013-03-06','xuxzl');
insert into Hospital.Consulted(employee_number,certification_no,patient_registration_no,date_of_visit) values(75,75112233,202,'2013-03-06');
insert into Hospital.Treated_by(patient_registration_no,date_of_visit,employee_number,treatment) values(202,2013-03-06,61);
insert into Hospital.Prescribed(product_id,patient_registration_no,date_of_visit) values (33,202,'2013-03-06');
insert into Hospital.Visitation(patient_registration_no,date_of_visit,diagnosis) values (202,'2013-08-25','kcbvt');
insert into Hospital.Consulted(employee_number,certification_no,patient_registration_no,date_of_visit) values(122,122112233,202,'2013-08-25');
insert into Hospital.Treated_by(patient_registration_no,date_of_visit,employee_number,treatment) values(202,2013-08-25,47);
insert into Hospital.Prescribed(product_id,patient_registration_no,date_of_visit) values (12,202,'2013-08-25');
insert into Hospital.Patient (patient_registration_no, name, ssn, address,contact_no,emergency_contact_no) values ( 202,'jlyli',660348349,'bvqls',66950915,13851025);
insert into Hospital.Takes (employee_number,shift_name ) values ( 202,'night');
insert into Hospital.Belongs_to(employee_number,department_id) values (202,3);
insert into Hospital.Pharmaceutical_product(product_id,cost,manufacturer) values(203,122.10251743183483,'qpind');
insert into Hospital.Medicine(product_id,medicine_name,dosage) values (203,'hibyl','pxhzf');
insert into Hospital.Employees (employee_number, name, location, ssn, home_address,phone_number,designation) values ( 203,'wamkp','dmnqjfylnbpvfzy',809494711,'nmcuz',10034735,'Radiology');
insert into Hospital.Visitation(patient_registration_no,date_of_visit,diagnosis) values (203,'2013-03-03','psitj');
insert into Hospital.Consulted(employee_number,certification_no,patient_registration_no,date_of_visit) values(133,133112233,203,'2013-03-03');
insert into Hospital.Treated_by(patient_registration_no,date_of_visit,employee_number,treatment) values(203,2013-03-03,18);
insert into Hospital.Prescribed(product_id,patient_registration_no,date_of_visit) values (131,203,'2013-03-03');
insert into Hospital.Visitation(patient_registration_no,date_of_visit,diagnosis) values (203,'2013-02-06','heofi');
insert into Hospital.Consulted(employee_number,certification_no,patient_registration_no,date_of_visit) values(46,46112233,203,'2013-02-06');
insert into Hospital.Treated_by(patient_registration_no,date_of_visit,employee_number,treatment) values(203,2013-02-06,52);
insert into Hospital.Prescribed(product_id,patient_registration_no,date_of_visit) values (197,203,'2013-02-06');
insert into Hospital.Visitation(patient_registration_no,date_of_visit,diagnosis) values (203,'2013-07-08','gsmqy');
insert into Hospital.Consulted(employee_number,certification_no,patient_registration_no,date_of_visit) values(166,166112233,203,'2013-07-08');
insert into Hospital.Treated_by(patient_registration_no,date_of_visit,employee_number,treatment) values(203,2013-07-08,196);
insert into Hospital.Prescribed(product_id,patient_registration_no,date_of_visit) values (146,203,'2013-07-08');
insert into Hospital.Visitation(patient_registration_no,date_of_visit,diagnosis) values (203,'2013-07-09','ljxnj');
insert into Hospital.Consulted(employee_number,certification_no,patient_registration_no,date_of_visit) values(151,151112233,203,'2013-07-09');
insert into Hospital.Treated_by(patient_registration_no,date_of_visit,employee_number,treatment) values(203,2013-07-09,28);
insert into Hospital.Prescribed(product_id,patient_registration_no,date_of_visit) values (197,203,'2013-07-09');
insert into Hospital.Visitation(patient_registration_no,date_of_visit,diagnosis) values (203,'2013-10-26','szmhv');
insert into Hospital.Consulted(employee_number,certification_no,patient_registration_no,date_of_visit) values(111,111112233,203,'2013-10-26');
insert into Hospital.Treated_by(patient_registration_no,date_of_visit,employee_number,treatment) values(203,2013-10-26,63);
insert into Hospital.Prescribed(product_id,patient_registration_no,date_of_visit) values (12,203,'2013-10-26');
insert into Hospital.Patient (patient_registration_no, name, ssn, address,contact_no,emergency_contact_no) values ( 203,'kwhnv',219221847,'zohfo',56982833,59728967);
insert into Hospital.Takes (employee_number,shift_name ) values ( 203,'morning');
insert into Hospital.Belongs_to(employee_number,department_id) values (203,3);
insert into Hospital.Pharmaceutical_product(product_id,cost,manufacturer) values(204,413.5944604048462,'ujjff');
insert into Hospital.Batch(batch_id,manufacture_date,expiry_date) values (204,'2013-06-01','2013-10-07');
insert into Hospital.Production(product_id,batch_id) values (204,204);
insert into Hospital.Batch(batch_id,manufacture_date,expiry_date) values (205,'2013-06-01','2013-10-07');
insert into Hospital.Production(product_id,batch_id) values (204,205);
insert into Hospital.Batch(batch_id,manufacture_date,expiry_date) values (206,'2013-06-01','2013-10-07');
insert into Hospital.Production(product_id,batch_id) values (204,206);
insert into Hospital.Batch(batch_id,manufacture_date,expiry_date) values (207,'2013-06-01','2013-10-07');
insert into Hospital.Production(product_id,batch_id) values (204,207);
insert into Hospital.Batch(batch_id,manufacture_date,expiry_date) values (208,'2013-06-01','2013-10-07');
insert into Hospital.Production(product_id,batch_id) values (204,208);
insert into Hospital.Medicine(product_id,medicine_name,dosage) values (204,'rgvlq','pslbm');
insert into Hospital.Employees (employee_number, name, location, ssn, home_address,phone_number,designation) values ( 204,'cyjdf','noloqyipmjcjnnb',431888052,'dlckf',72581601,'Radiology');
insert into Hospital.Visitation(patient_registration_no,date_of_visit,diagnosis) values (204,'2013-07-26','vtvxp');
insert into Hospital.Consulted(employee_number,certification_no,patient_registration_no,date_of_visit) values(184,184112233,204,'2013-07-26');
insert into Hospital.Treated_by(patient_registration_no,date_of_visit,employee_number,treatment) values(204,2013-07-26,129);
insert into Hospital.Prescribed(product_id,patient_registration_no,date_of_visit) values (90,204,'2013-07-26');
insert into Hospital.Visitation(patient_registration_no,date_of_visit,diagnosis) values (204,'2013-07-27','dhkch');
insert into Hospital.Consulted(employee_number,certification_no,patient_registration_no,date_of_visit) values(2,2112233,204,'2013-07-27');
insert into Hospital.Treated_by(patient_registration_no,date_of_visit,employee_number,treatment) values(204,2013-07-27,203);
insert into Hospital.Prescribed(product_id,patient_registration_no,date_of_visit) values (173,204,'2013-07-27');
insert into Hospital.Visitation(patient_registration_no,date_of_visit,diagnosis) values (204,'2013-09-16','uoash');
insert into Hospital.Consulted(employee_number,certification_no,patient_registration_no,date_of_visit) values(94,94112233,204,'2013-09-16');
insert into Hospital.Treated_by(patient_registration_no,date_of_visit,employee_number,treatment) values(204,2013-09-16,61);
insert into Hospital.Prescribed(product_id,patient_registration_no,date_of_visit) values (5,204,'2013-09-16');
insert into Hospital.Visitation(patient_registration_no,date_of_visit,diagnosis) values (204,'2013-02-17','hdhzo');
insert into Hospital.Consulted(employee_number,certification_no,patient_registration_no,date_of_visit) values(89,89112233,204,'2013-02-17');
insert into Hospital.Treated_by(patient_registration_no,date_of_visit,employee_number,treatment) values(204,2013-02-17,28);
insert into Hospital.Prescribed(product_id,patient_registration_no,date_of_visit) values (44,204,'2013-02-17');
insert into Hospital.Visitation(patient_registration_no,date_of_visit,diagnosis) values (204,'2013-05-16','bwbfb');
insert into Hospital.Consulted(employee_number,certification_no,patient_registration_no,date_of_visit) values(122,122112233,204,'2013-05-16');
insert into Hospital.Treated_by(patient_registration_no,date_of_visit,employee_number,treatment) values(204,2013-05-16,30);
insert into Hospital.Prescribed(product_id,patient_registration_no,date_of_visit) values (118,204,'2013-05-16');
insert into Hospital.Patient (patient_registration_no, name, ssn, address,contact_no,emergency_contact_no) values ( 204,'eoirz',911990248,'fqvtz',25704245,93959074);
insert into Hospital.Takes (employee_number,shift_name ) values ( 204,'morning');
insert into Hospital.Belongs_to(employee_number,department_id) values (204,3);
insert into Hospital.Pharmaceutical_product(product_id,cost,manufacturer) values(205,709.4864872181454,'djktn');
insert into Hospital.Batch(batch_id,manufacture_date,expiry_date) values (205,'2013-02-19','2013-08-22');
insert into Hospital.Production(product_id,batch_id) values (205,205);
insert into Hospital.Batch(batch_id,manufacture_date,expiry_date) values (206,'2013-02-19','2013-08-22');
insert into Hospital.Production(product_id,batch_id) values (205,206);
insert into Hospital.Batch(batch_id,manufacture_date,expiry_date) values (207,'2013-02-19','2013-08-22');
insert into Hospital.Production(product_id,batch_id) values (205,207);
insert into Hospital.Batch(batch_id,manufacture_date,expiry_date) values (208,'2013-02-19','2013-08-22');
insert into Hospital.Production(product_id,batch_id) values (205,208);
insert into Hospital.Batch(batch_id,manufacture_date,expiry_date) values (209,'2013-02-19','2013-08-22');
insert into Hospital.Production(product_id,batch_id) values (205,209);
insert into Hospital.Medicine(product_id,medicine_name,dosage) values (205,'qvedy','mztfh');
insert into Hospital.Employees (employee_number, name, location, ssn, home_address,phone_number,designation) values ( 205,'epniy','zehmxidibtbupuc',195047277,'xaxue',82881917,'Nurse');
insert into Hospital.Visitation(patient_registration_no,date_of_visit,diagnosis) values (205,'2013-03-29','wqwil');
insert into Hospital.Consulted(employee_number,certification_no,patient_registration_no,date_of_visit) values(161,161112233,205,'2013-03-29');
insert into Hospital.Treated_by(patient_registration_no,date_of_visit,employee_number,treatment) values(205,2013-03-29,101);
insert into Hospital.Prescribed(product_id,patient_registration_no,date_of_visit) values (23,205,'2013-03-29');
insert into Hospital.Visitation(patient_registration_no,date_of_visit,diagnosis) values (205,'2013-10-27','hvpva');
insert into Hospital.Consulted(employee_number,certification_no,patient_registration_no,date_of_visit) values(193,193112233,205,'2013-10-27');
insert into Hospital.Treated_by(patient_registration_no,date_of_visit,employee_number,treatment) values(205,2013-10-27,201);
insert into Hospital.Prescribed(product_id,patient_registration_no,date_of_visit) values (77,205,'2013-10-27');
insert into Hospital.Visitation(patient_registration_no,date_of_visit,diagnosis) values (205,'2013-03-06','tluyo');
insert into Hospital.Consulted(employee_number,certification_no,patient_registration_no,date_of_visit) values(41,41112233,205,'2013-03-06');
insert into Hospital.Treated_by(patient_registration_no,date_of_visit,employee_number,treatment) values(205,2013-03-06,88);
insert into Hospital.Prescribed(product_id,patient_registration_no,date_of_visit) values (91,205,'2013-03-06');
insert into Hospital.Visitation(patient_registration_no,date_of_visit,diagnosis) values (205,'2013-02-22','xrxul');
insert into Hospital.Consulted(employee_number,certification_no,patient_registration_no,date_of_visit) values(2,2112233,205,'2013-02-22');
insert into Hospital.Treated_by(patient_registration_no,date_of_visit,employee_number,treatment) values(205,2013-02-22,56);
insert into Hospital.Prescribed(product_id,patient_registration_no,date_of_visit) values (182,205,'2013-02-22');
insert into Hospital.Visitation(patient_registration_no,date_of_visit,diagnosis) values (205,'2013-03-04','vtnha');
insert into Hospital.Consulted(employee_number,certification_no,patient_registration_no,date_of_visit) values(13,13112233,205,'2013-03-04');
insert into Hospital.Treated_by(patient_registration_no,date_of_visit,employee_number,treatment) values(205,2013-03-04,112);
insert into Hospital.Prescribed(product_id,patient_registration_no,date_of_visit) values (147,205,'2013-03-04');
insert into Hospital.Patient (patient_registration_no, name, ssn, address,contact_no,emergency_contact_no) values ( 205,'rprdx',675689048,'sqjxk',38541558,55243541);
insert into Hospital.Takes (employee_number,shift_name ) values ( 205,'evening');
insert into Hospital.Belongs_to(employee_number,department_id) values (205,3);
insert into Hospital.Pharmaceutical_product(product_id,cost,manufacturer) values(206,822.0112410313836,'sfsmp');
insert into Hospital.Medicine(product_id,medicine_name,dosage) values (206,'awnbq','fqnnc');
insert into Hospital.Employees (employee_number, name, location, ssn, home_address,phone_number,designation) values ( 206,'vtqze','ixbedkhhwedasuc',960393433,'cdfgt',21069540,'Administration');
insert into Hospital.Visitation(patient_registration_no,date_of_visit,diagnosis) values (206,'2013-03-05','noqrw');
insert into Hospital.Consulted(employee_number,certification_no,patient_registration_no,date_of_visit) values(133,133112233,206,'2013-03-05');
insert into Hospital.Treated_by(patient_registration_no,date_of_visit,employee_number,treatment) values(206,2013-03-05,203);
insert into Hospital.Prescribed(product_id,patient_registration_no,date_of_visit) values (91,206,'2013-03-05');
insert into Hospital.Visitation(patient_registration_no,date_of_visit,diagnosis) values (206,'2013-03-20','bcikl');
insert into Hospital.Consulted(employee_number,certification_no,patient_registration_no,date_of_visit) values(51,51112233,206,'2013-03-20');
insert into Hospital.Treated_by(patient_registration_no,date_of_visit,employee_number,treatment) values(206,2013-03-20,203);
insert into Hospital.Prescribed(product_id,patient_registration_no,date_of_visit) values (7,206,'2013-03-20');
insert into Hospital.Visitation(patient_registration_no,date_of_visit,diagnosis) values (206,'2013-09-24','zvtbp');
insert into Hospital.Consulted(employee_number,certification_no,patient_registration_no,date_of_visit) values(161,161112233,206,'2013-09-24');
insert into Hospital.Treated_by(patient_registration_no,date_of_visit,employee_number,treatment) values(206,2013-09-24,196);
insert into Hospital.Prescribed(product_id,patient_registration_no,date_of_visit) values (113,206,'2013-09-24');
insert into Hospital.Visitation(patient_registration_no,date_of_visit,diagnosis) values (206,'2013-04-21','uawvb');
insert into Hospital.Consulted(employee_number,certification_no,patient_registration_no,date_of_visit) values(168,168112233,206,'2013-04-21');
insert into Hospital.Treated_by(patient_registration_no,date_of_visit,employee_number,treatment) values(206,2013-04-21,91);
insert into Hospital.Prescribed(product_id,patient_registration_no,date_of_visit) values (11,206,'2013-04-21');
insert into Hospital.Visitation(patient_registration_no,date_of_visit,diagnosis) values (206,'2013-08-31','dqpgn');
insert into Hospital.Consulted(employee_number,certification_no,patient_registration_no,date_of_visit) values(122,122112233,206,'2013-08-31');
insert into Hospital.Treated_by(patient_registration_no,date_of_visit,employee_number,treatment) values(206,2013-08-31,112);
insert into Hospital.Prescribed(product_id,patient_registration_no,date_of_visit) values (177,206,'2013-08-31');
insert into Hospital.Patient (patient_registration_no, name, ssn, address,contact_no,emergency_contact_no) values ( 206,'drkhz',434188429,'kceob',89366145,80462763);
insert into Hospital.Belongs_to(employee_number,department_id) values (206,2);
insert into Hospital.Pharmaceutical_product(product_id,cost,manufacturer) values(207,85.40301803567648,'tfttk');
insert into Hospital.Batch(batch_id,manufacture_date,expiry_date) values (207,'2013-01-06','2013-05-01');
insert into Hospital.Production(product_id,batch_id) values (207,207);
insert into Hospital.Batch(batch_id,manufacture_date,expiry_date) values (208,'2013-01-06','2013-05-01');
insert into Hospital.Production(product_id,batch_id) values (207,208);
insert into Hospital.Batch(batch_id,manufacture_date,expiry_date) values (209,'2013-01-06','2013-05-01');
insert into Hospital.Production(product_id,batch_id) values (207,209);
insert into Hospital.Batch(batch_id,manufacture_date,expiry_date) values (210,'2013-01-06','2013-05-01');
insert into Hospital.Production(product_id,batch_id) values (207,210);
insert into Hospital.Batch(batch_id,manufacture_date,expiry_date) values (211,'2013-01-06','2013-05-01');
insert into Hospital.Production(product_id,batch_id) values (207,211);
insert into Hospital.Employees (employee_number, name, location, ssn, home_address,phone_number,designation) values ( 207,'vqqvm','soonurbcpkeqoqi',214794275,'djhoa',81886096,'Administration');
insert into Hospital.Visitation(patient_registration_no,date_of_visit,diagnosis) values (207,'2013-03-12','rbxza');
insert into Hospital.Consulted(employee_number,certification_no,patient_registration_no,date_of_visit) values(92,92112233,207,'2013-03-12');
insert into Hospital.Treated_by(patient_registration_no,date_of_visit,employee_number,treatment) values(207,2013-03-12,18);
insert into Hospital.Prescribed(product_id,patient_registration_no,date_of_visit) values (7,207,'2013-03-12');
insert into Hospital.Visitation(patient_registration_no,date_of_visit,diagnosis) values (207,'2013-07-15','vapgf');
insert into Hospital.Consulted(employee_number,certification_no,patient_registration_no,date_of_visit) values(29,29112233,207,'2013-07-15');
insert into Hospital.Treated_by(patient_registration_no,date_of_visit,employee_number,treatment) values(207,2013-07-15,0);
insert into Hospital.Prescribed(product_id,patient_registration_no,date_of_visit) values (125,207,'2013-07-15');
insert into Hospital.Visitation(patient_registration_no,date_of_visit,diagnosis) values (207,'2013-04-24','bydbo');
insert into Hospital.Consulted(employee_number,certification_no,patient_registration_no,date_of_visit) values(66,66112233,207,'2013-04-24');
insert into Hospital.Treated_by(patient_registration_no,date_of_visit,employee_number,treatment) values(207,2013-04-24,52);
insert into Hospital.Prescribed(product_id,patient_registration_no,date_of_visit) values (173,207,'2013-04-24');
insert into Hospital.Visitation(patient_registration_no,date_of_visit,diagnosis) values (207,'2013-02-18','ohxwz');
insert into Hospital.Consulted(employee_number,certification_no,patient_registration_no,date_of_visit) values(133,133112233,207,'2013-02-18');
insert into Hospital.Treated_by(patient_registration_no,date_of_visit,employee_number,treatment) values(207,2013-02-18,126);
insert into Hospital.Prescribed(product_id,patient_registration_no,date_of_visit) values (99,207,'2013-02-18');
insert into Hospital.Visitation(patient_registration_no,date_of_visit,diagnosis) values (207,'2013-01-07','upnjw');
insert into Hospital.Consulted(employee_number,certification_no,patient_registration_no,date_of_visit) values(51,51112233,207,'2013-01-07');
insert into Hospital.Treated_by(patient_registration_no,date_of_visit,employee_number,treatment) values(207,2013-01-07,126);
insert into Hospital.Prescribed(product_id,patient_registration_no,date_of_visit) values (2,207,'2013-01-07');
insert into Hospital.Patient (patient_registration_no, name, ssn, address,contact_no,emergency_contact_no) values ( 207,'ibbve',439491208,'isyux',84528309,48438898);
insert into Hospital.Belongs_to(employee_number,department_id) values (207,2);
insert into Hospital.Pharmaceutical_product(product_id,cost,manufacturer) values(208,28.014681262581387,'bmpll');
insert into Hospital.Employees (employee_number, name, location, ssn, home_address,phone_number,designation) values ( 208,'svjpj','zvinfzbbkqmnsmc',753741599,'qenuy',21991217,'Doctor');
insert into Hospital.Visitation(patient_registration_no,date_of_visit,diagnosis) values (208,'2013-08-25','zmnqn');
insert into Hospital.Consulted(employee_number,certification_no,patient_registration_no,date_of_visit) values(166,166112233,208,'2013-08-25');
insert into Hospital.Treated_by(patient_registration_no,date_of_visit,employee_number,treatment) values(208,2013-08-25,134);
insert into Hospital.Prescribed(product_id,patient_registration_no,date_of_visit) values (144,208,'2013-08-25');
insert into Hospital.Visitation(patient_registration_no,date_of_visit,diagnosis) values (208,'2013-10-08','teizq');
insert into Hospital.Consulted(employee_number,certification_no,patient_registration_no,date_of_visit) values(116,116112233,208,'2013-10-08');
insert into Hospital.Treated_by(patient_registration_no,date_of_visit,employee_number,treatment) values(208,2013-10-08,0);
insert into Hospital.Prescribed(product_id,patient_registration_no,date_of_visit) values (44,208,'2013-10-08');
insert into Hospital.Visitation(patient_registration_no,date_of_visit,diagnosis) values (208,'2013-09-04','oxfkl');
insert into Hospital.Consulted(employee_number,certification_no,patient_registration_no,date_of_visit) values(110,110112233,208,'2013-09-04');
insert into Hospital.Treated_by(patient_registration_no,date_of_visit,employee_number,treatment) values(208,2013-09-04,143);
insert into Hospital.Prescribed(product_id,patient_registration_no,date_of_visit) values (196,208,'2013-09-04');
insert into Hospital.Visitation(patient_registration_no,date_of_visit,diagnosis) values (208,'2013-01-24','fsbon');
insert into Hospital.Consulted(employee_number,certification_no,patient_registration_no,date_of_visit) values(89,89112233,208,'2013-01-24');
insert into Hospital.Treated_by(patient_registration_no,date_of_visit,employee_number,treatment) values(208,2013-01-24,10);
insert into Hospital.Prescribed(product_id,patient_registration_no,date_of_visit) values (45,208,'2013-01-24');
insert into Hospital.Visitation(patient_registration_no,date_of_visit,diagnosis) values (208,'2013-07-20','facrh');
insert into Hospital.Consulted(employee_number,certification_no,patient_registration_no,date_of_visit) values(192,192112233,208,'2013-07-20');
insert into Hospital.Treated_by(patient_registration_no,date_of_visit,employee_number,treatment) values(208,2013-07-20,88);
insert into Hospital.Prescribed(product_id,patient_registration_no,date_of_visit) values (126,208,'2013-07-20');
insert into Hospital.Patient (patient_registration_no, name, ssn, address,contact_no,emergency_contact_no) values ( 208,'lprxk',194531111,'vyien',96925307,84770223);
insert into Hospital.Physician (employee_number, certification_no,specialization) values ( 208,208112233,'Dermatology');
insert into Hospital.Belongs_to(employee_number,department_id) values (208,1);
insert into Hospital.Pharmaceutical_product(product_id,cost,manufacturer) values(209,71.23232271721818,'dsmhn');
insert into Hospital.Batch(batch_id,manufacture_date,expiry_date) values (209,'2013-02-11','2013-03-22');
insert into Hospital.Production(product_id,batch_id) values (209,209);
insert into Hospital.Batch(batch_id,manufacture_date,expiry_date) values (210,'2013-02-11','2013-03-22');
insert into Hospital.Production(product_id,batch_id) values (209,210);
insert into Hospital.Batch(batch_id,manufacture_date,expiry_date) values (211,'2013-02-11','2013-03-22');
insert into Hospital.Production(product_id,batch_id) values (209,211);
insert into Hospital.Batch(batch_id,manufacture_date,expiry_date) values (212,'2013-02-11','2013-03-22');
insert into Hospital.Production(product_id,batch_id) values (209,212);
insert into Hospital.Batch(batch_id,manufacture_date,expiry_date) values (213,'2013-02-11','2013-03-22');
insert into Hospital.Production(product_id,batch_id) values (209,213);
insert into Hospital.Employees (employee_number, name, location, ssn, home_address,phone_number,designation) values ( 209,'rmzbr','vusowhnbxeovvvw',681793766,'usumz',67164454,'Radiology');
insert into Hospital.Visitation(patient_registration_no,date_of_visit,diagnosis) values (209,'2013-02-23','xkvtc');
insert into Hospital.Consulted(employee_number,certification_no,patient_registration_no,date_of_visit) values(110,110112233,209,'2013-02-23');
insert into Hospital.Treated_by(patient_registration_no,date_of_visit,employee_number,treatment) values(209,2013-02-23,189);
insert into Hospital.Prescribed(product_id,patient_registration_no,date_of_visit) values (187,209,'2013-02-23');
insert into Hospital.Visitation(patient_registration_no,date_of_visit,diagnosis) values (209,'2013-06-12','ulkuv');
insert into Hospital.Consulted(employee_number,certification_no,patient_registration_no,date_of_visit) values(45,45112233,209,'2013-06-12');
insert into Hospital.Treated_by(patient_registration_no,date_of_visit,employee_number,treatment) values(209,2013-06-12,96);
insert into Hospital.Prescribed(product_id,patient_registration_no,date_of_visit) values (190,209,'2013-06-12');
insert into Hospital.Visitation(patient_registration_no,date_of_visit,diagnosis) values (209,'2013-06-14','rcguk');
insert into Hospital.Consulted(employee_number,certification_no,patient_registration_no,date_of_visit) values(89,89112233,209,'2013-06-14');
insert into Hospital.Treated_by(patient_registration_no,date_of_visit,employee_number,treatment) values(209,2013-06-14,19);
insert into Hospital.Prescribed(product_id,patient_registration_no,date_of_visit) values (111,209,'2013-06-14');
insert into Hospital.Visitation(patient_registration_no,date_of_visit,diagnosis) values (209,'2013-05-10','pqowm');
insert into Hospital.Consulted(employee_number,certification_no,patient_registration_no,date_of_visit) values(6,6112233,209,'2013-05-10');
insert into Hospital.Treated_by(patient_registration_no,date_of_visit,employee_number,treatment) values(209,2013-05-10,204);
insert into Hospital.Prescribed(product_id,patient_registration_no,date_of_visit) values (124,209,'2013-05-10');
insert into Hospital.Visitation(patient_registration_no,date_of_visit,diagnosis) values (209,'2013-02-13','tfclk');
insert into Hospital.Consulted(employee_number,certification_no,patient_registration_no,date_of_visit) values(34,34112233,209,'2013-02-13');
insert into Hospital.Treated_by(patient_registration_no,date_of_visit,employee_number,treatment) values(209,2013-02-13,81);
insert into Hospital.Prescribed(product_id,patient_registration_no,date_of_visit) values (197,209,'2013-02-13');
insert into Hospital.Patient (patient_registration_no, name, ssn, address,contact_no,emergency_contact_no) values ( 209,'rhjqy',251484392,'vomvv',95765905,60958187);
insert into Hospital.Takes (employee_number,shift_name ) values ( 209,'evening');
insert into Hospital.Belongs_to(employee_number,department_id) values (209,3);
insert into Hospital.Pharmaceutical_product(product_id,cost,manufacturer) values(210,585.9256696942344,'kcqzy');
insert into Hospital.Batch(batch_id,manufacture_date,expiry_date) values (210,'2013-10-01','2013-10-03');
insert into Hospital.Production(product_id,batch_id) values (210,210);
insert into Hospital.Batch(batch_id,manufacture_date,expiry_date) values (211,'2013-10-01','2013-10-03');
insert into Hospital.Production(product_id,batch_id) values (210,211);
insert into Hospital.Batch(batch_id,manufacture_date,expiry_date) values (212,'2013-10-01','2013-10-03');
insert into Hospital.Production(product_id,batch_id) values (210,212);
insert into Hospital.Batch(batch_id,manufacture_date,expiry_date) values (213,'2013-10-01','2013-10-03');
insert into Hospital.Production(product_id,batch_id) values (210,213);
insert into Hospital.Batch(batch_id,manufacture_date,expiry_date) values (214,'2013-10-01','2013-10-03');
insert into Hospital.Production(product_id,batch_id) values (210,214);
insert into Hospital.Medicine(product_id,medicine_name,dosage) values (210,'irdux','xnrdc');
insert into Hospital.Employees (employee_number, name, location, ssn, home_address,phone_number,designation) values ( 210,'ogbcl','hdxaiodnzqqgwka',558560543,'zeuur',86929863,'Nurse');
insert into Hospital.Visitation(patient_registration_no,date_of_visit,diagnosis) values (210,'2013-02-21','nparw');
insert into Hospital.Consulted(employee_number,certification_no,patient_registration_no,date_of_visit) values(137,137112233,210,'2013-02-21');
insert into Hospital.Treated_by(patient_registration_no,date_of_visit,employee_number,treatment) values(210,2013-02-21,172);
insert into Hospital.Prescribed(product_id,patient_registration_no,date_of_visit) values (61,210,'2013-02-21');
insert into Hospital.Visitation(patient_registration_no,date_of_visit,diagnosis) values (210,'2013-08-13','jeqjt');
insert into Hospital.Consulted(employee_number,certification_no,patient_registration_no,date_of_visit) values(137,137112233,210,'2013-08-13');
insert into Hospital.Treated_by(patient_registration_no,date_of_visit,employee_number,treatment) values(210,2013-08-13,103);
insert into Hospital.Prescribed(product_id,patient_registration_no,date_of_visit) values (123,210,'2013-08-13');
insert into Hospital.Visitation(patient_registration_no,date_of_visit,diagnosis) values (210,'2013-10-27','nidda');
insert into Hospital.Consulted(employee_number,certification_no,patient_registration_no,date_of_visit) values(119,119112233,210,'2013-10-27');
insert into Hospital.Treated_by(patient_registration_no,date_of_visit,employee_number,treatment) values(210,2013-10-27,19);
insert into Hospital.Prescribed(product_id,patient_registration_no,date_of_visit) values (21,210,'2013-10-27');
insert into Hospital.Visitation(patient_registration_no,date_of_visit,diagnosis) values (210,'2013-06-08','indrr');
insert into Hospital.Consulted(employee_number,certification_no,patient_registration_no,date_of_visit) values(194,194112233,210,'2013-06-08');
insert into Hospital.Treated_by(patient_registration_no,date_of_visit,employee_number,treatment) values(210,2013-06-08,0);
insert into Hospital.Prescribed(product_id,patient_registration_no,date_of_visit) values (57,210,'2013-06-08');
insert into Hospital.Visitation(patient_registration_no,date_of_visit,diagnosis) values (210,'2013-03-12','fatxg');
insert into Hospital.Consulted(employee_number,certification_no,patient_registration_no,date_of_visit) values(208,208112233,210,'2013-03-12');
insert into Hospital.Treated_by(patient_registration_no,date_of_visit,employee_number,treatment) values(210,2013-03-12,76);
insert into Hospital.Prescribed(product_id,patient_registration_no,date_of_visit) values (134,210,'2013-03-12');
insert into Hospital.Patient (patient_registration_no, name, ssn, address,contact_no,emergency_contact_no) values ( 210,'zlvnt',85996312,'arjka',37321196,61448356);
insert into Hospital.Takes (employee_number,shift_name ) values ( 210,'morning');
insert into Hospital.Belongs_to(employee_number,department_id) values (210,3);
insert into Hospital.Pharmaceutical_product(product_id,cost,manufacturer) values(211,249.95920865743852,'bngwx');
insert into Hospital.Medicine(product_id,medicine_name,dosage) values (211,'oebbz','tpcbw');
insert into Hospital.Employees (employee_number, name, location, ssn, home_address,phone_number,designation) values ( 211,'zhrzy','bvmvwscjuhuedju',940133271,'auwqp',78412364,'Nurse');
insert into Hospital.Visitation(patient_registration_no,date_of_visit,diagnosis) values (211,'2013-02-21','ksaan');
insert into Hospital.Consulted(employee_number,certification_no,patient_registration_no,date_of_visit) values(197,197112233,211,'2013-02-21');
insert into Hospital.Treated_by(patient_registration_no,date_of_visit,employee_number,treatment) values(211,2013-02-21,30);
insert into Hospital.Prescribed(product_id,patient_registration_no,date_of_visit) values (147,211,'2013-02-21');
insert into Hospital.Visitation(patient_registration_no,date_of_visit,diagnosis) values (211,'2013-05-14','xqniz');
insert into Hospital.Consulted(employee_number,certification_no,patient_registration_no,date_of_visit) values(41,41112233,211,'2013-05-14');
insert into Hospital.Treated_by(patient_registration_no,date_of_visit,employee_number,treatment) values(211,2013-05-14,10);
insert into Hospital.Prescribed(product_id,patient_registration_no,date_of_visit) values (57,211,'2013-05-14');
insert into Hospital.Visitation(patient_registration_no,date_of_visit,diagnosis) values (211,'2013-01-20','exosu');
insert into Hospital.Consulted(employee_number,certification_no,patient_registration_no,date_of_visit) values(161,161112233,211,'2013-01-20');
insert into Hospital.Treated_by(patient_registration_no,date_of_visit,employee_number,treatment) values(211,2013-01-20,64);
insert into Hospital.Prescribed(product_id,patient_registration_no,date_of_visit) values (194,211,'2013-01-20');
insert into Hospital.Visitation(patient_registration_no,date_of_visit,diagnosis) values (211,'2013-10-19','lzzko');
insert into Hospital.Consulted(employee_number,certification_no,patient_registration_no,date_of_visit) values(8,8112233,211,'2013-10-19');
insert into Hospital.Treated_by(patient_registration_no,date_of_visit,employee_number,treatment) values(211,2013-10-19,88);
insert into Hospital.Prescribed(product_id,patient_registration_no,date_of_visit) values (86,211,'2013-10-19');
insert into Hospital.Visitation(patient_registration_no,date_of_visit,diagnosis) values (211,'2013-09-24','imtts');
insert into Hospital.Consulted(employee_number,certification_no,patient_registration_no,date_of_visit) values(176,176112233,211,'2013-09-24');
insert into Hospital.Treated_by(patient_registration_no,date_of_visit,employee_number,treatment) values(211,2013-09-24,56);
insert into Hospital.Prescribed(product_id,patient_registration_no,date_of_visit) values (3,211,'2013-09-24');
insert into Hospital.Patient (patient_registration_no, name, ssn, address,contact_no,emergency_contact_no) values ( 211,'xzgcs',399417555,'psekq',60113010,37039112);
insert into Hospital.Takes (employee_number,shift_name ) values ( 211,'morning');
insert into Hospital.Belongs_to(employee_number,department_id) values (211,3);
insert into Hospital.Pharmaceutical_product(product_id,cost,manufacturer) values(212,976.7517797772219,'dsbyf');
insert into Hospital.Employees (employee_number, name, location, ssn, home_address,phone_number,designation) values ( 212,'knvfv','npmcdlumfaeishd',366847577,'qfqjw',82854407,'Radiology');
insert into Hospital.Visitation(patient_registration_no,date_of_visit,diagnosis) values (212,'2013-09-07','nhedn');
insert into Hospital.Consulted(employee_number,certification_no,patient_registration_no,date_of_visit) values(58,58112233,212,'2013-09-07');
insert into Hospital.Treated_by(patient_registration_no,date_of_visit,employee_number,treatment) values(212,2013-09-07,0);
insert into Hospital.Prescribed(product_id,patient_registration_no,date_of_visit) values (132,212,'2013-09-07');
insert into Hospital.Visitation(patient_registration_no,date_of_visit,diagnosis) values (212,'2013-02-14','dlkig');
insert into Hospital.Consulted(employee_number,certification_no,patient_registration_no,date_of_visit) values(66,66112233,212,'2013-02-14');
insert into Hospital.Treated_by(patient_registration_no,date_of_visit,employee_number,treatment) values(212,2013-02-14,169);
insert into Hospital.Prescribed(product_id,patient_registration_no,date_of_visit) values (1,212,'2013-02-14');
insert into Hospital.Visitation(patient_registration_no,date_of_visit,diagnosis) values (212,'2013-06-26','jmlcb');
insert into Hospital.Consulted(employee_number,certification_no,patient_registration_no,date_of_visit) values(43,43112233,212,'2013-06-26');
insert into Hospital.Treated_by(patient_registration_no,date_of_visit,employee_number,treatment) values(212,2013-06-26,67);
insert into Hospital.Prescribed(product_id,patient_registration_no,date_of_visit) values (79,212,'2013-06-26');
insert into Hospital.Visitation(patient_registration_no,date_of_visit,diagnosis) values (212,'2013-08-07','gkryb');
insert into Hospital.Consulted(employee_number,certification_no,patient_registration_no,date_of_visit) values(44,44112233,212,'2013-08-07');
insert into Hospital.Treated_by(patient_registration_no,date_of_visit,employee_number,treatment) values(212,2013-08-07,101);
insert into Hospital.Prescribed(product_id,patient_registration_no,date_of_visit) values (19,212,'2013-08-07');
insert into Hospital.Visitation(patient_registration_no,date_of_visit,diagnosis) values (212,'2013-06-11','wsahn');
insert into Hospital.Consulted(employee_number,certification_no,patient_registration_no,date_of_visit) values(193,193112233,212,'2013-06-11');
insert into Hospital.Treated_by(patient_registration_no,date_of_visit,employee_number,treatment) values(212,2013-06-11,39);
insert into Hospital.Prescribed(product_id,patient_registration_no,date_of_visit) values (204,212,'2013-06-11');
insert into Hospital.Patient (patient_registration_no, name, ssn, address,contact_no,emergency_contact_no) values ( 212,'jaknb',106295162,'knnbf',29373657,69890418);
insert into Hospital.Takes (employee_number,shift_name ) values ( 212,'morning');
insert into Hospital.Belongs_to(employee_number,department_id) values (212,3);
insert into Hospital.Pharmaceutical_product(product_id,cost,manufacturer) values(213,199.56419975297746,'lorgh');
insert into Hospital.Medicine(product_id,medicine_name,dosage) values (213,'pvbdr','huoui');
insert into Hospital.Employees (employee_number, name, location, ssn, home_address,phone_number,designation) values ( 213,'fqusk','wzblraewckjqmmy',253344157,'vsuzd',73494514,'Administration');
insert into Hospital.Visitation(patient_registration_no,date_of_visit,diagnosis) values (213,'2013-06-04','hxnzo');
insert into Hospital.Consulted(employee_number,certification_no,patient_registration_no,date_of_visit) values(120,120112233,213,'2013-06-04');
insert into Hospital.Treated_by(patient_registration_no,date_of_visit,employee_number,treatment) values(213,2013-06-04,26);
insert into Hospital.Prescribed(product_id,patient_registration_no,date_of_visit) values (12,213,'2013-06-04');
insert into Hospital.Visitation(patient_registration_no,date_of_visit,diagnosis) values (213,'2013-08-02','smyin');
insert into Hospital.Consulted(employee_number,certification_no,patient_registration_no,date_of_visit) values(197,197112233,213,'2013-08-02');
insert into Hospital.Treated_by(patient_registration_no,date_of_visit,employee_number,treatment) values(213,2013-08-02,19);
insert into Hospital.Prescribed(product_id,patient_registration_no,date_of_visit) values (180,213,'2013-08-02');
insert into Hospital.Visitation(patient_registration_no,date_of_visit,diagnosis) values (213,'2013-01-21','clcms');
insert into Hospital.Consulted(employee_number,certification_no,patient_registration_no,date_of_visit) values(141,141112233,213,'2013-01-21');
insert into Hospital.Treated_by(patient_registration_no,date_of_visit,employee_number,treatment) values(213,2013-01-21,63);
insert into Hospital.Prescribed(product_id,patient_registration_no,date_of_visit) values (34,213,'2013-01-21');
insert into Hospital.Visitation(patient_registration_no,date_of_visit,diagnosis) values (213,'2013-08-19','ubjpn');
insert into Hospital.Consulted(employee_number,certification_no,patient_registration_no,date_of_visit) values(175,175112233,213,'2013-08-19');
insert into Hospital.Treated_by(patient_registration_no,date_of_visit,employee_number,treatment) values(213,2013-08-19,77);
insert into Hospital.Prescribed(product_id,patient_registration_no,date_of_visit) values (41,213,'2013-08-19');
insert into Hospital.Visitation(patient_registration_no,date_of_visit,diagnosis) values (213,'2013-05-29','qftcw');
insert into Hospital.Consulted(employee_number,certification_no,patient_registration_no,date_of_visit) values(151,151112233,213,'2013-05-29');
insert into Hospital.Treated_by(patient_registration_no,date_of_visit,employee_number,treatment) values(213,2013-05-29,178);
insert into Hospital.Prescribed(product_id,patient_registration_no,date_of_visit) values (15,213,'2013-05-29');
insert into Hospital.Patient (patient_registration_no, name, ssn, address,contact_no,emergency_contact_no) values ( 213,'pkzig',114696551,'nozjz',83581335,55815275);
insert into Hospital.Belongs_to(employee_number,department_id) values (213,2);
insert into Hospital.Pharmaceutical_product(product_id,cost,manufacturer) values(214,443.3784871201172,'ilhsl');
insert into Hospital.Medicine(product_id,medicine_name,dosage) values (214,'hlfht','rhsky');
insert into Hospital.Employees (employee_number, name, location, ssn, home_address,phone_number,designation) values ( 214,'tanuz','bvoptvblijvdppd',341214167,'rqkyt',69651628,'Doctor');
insert into Hospital.Visitation(patient_registration_no,date_of_visit,diagnosis) values (214,'2013-06-16','ejgwu');
insert into Hospital.Consulted(employee_number,certification_no,patient_registration_no,date_of_visit) values(2,2112233,214,'2013-06-16');
insert into Hospital.Treated_by(patient_registration_no,date_of_visit,employee_number,treatment) values(214,2013-06-16,153);
insert into Hospital.Prescribed(product_id,patient_registration_no,date_of_visit) values (70,214,'2013-06-16');
insert into Hospital.Visitation(patient_registration_no,date_of_visit,diagnosis) values (214,'2013-10-13','dgeeg');
insert into Hospital.Consulted(employee_number,certification_no,patient_registration_no,date_of_visit) values(150,150112233,214,'2013-10-13');
insert into Hospital.Treated_by(patient_registration_no,date_of_visit,employee_number,treatment) values(214,2013-10-13,26);
insert into Hospital.Prescribed(product_id,patient_registration_no,date_of_visit) values (61,214,'2013-10-13');
insert into Hospital.Visitation(patient_registration_no,date_of_visit,diagnosis) values (214,'2013-09-11','dflld');
insert into Hospital.Consulted(employee_number,certification_no,patient_registration_no,date_of_visit) values(1,1112233,214,'2013-09-11');
insert into Hospital.Treated_by(patient_registration_no,date_of_visit,employee_number,treatment) values(214,2013-09-11,153);
insert into Hospital.Prescribed(product_id,patient_registration_no,date_of_visit) values (170,214,'2013-09-11');
insert into Hospital.Visitation(patient_registration_no,date_of_visit,diagnosis) values (214,'2013-09-11','bqcgl');
insert into Hospital.Consulted(employee_number,certification_no,patient_registration_no,date_of_visit) values(45,45112233,214,'2013-09-11');
insert into Hospital.Treated_by(patient_registration_no,date_of_visit,employee_number,treatment) values(214,2013-09-11,76);
insert into Hospital.Prescribed(product_id,patient_registration_no,date_of_visit) values (168,214,'2013-09-11');
insert into Hospital.Visitation(patient_registration_no,date_of_visit,diagnosis) values (214,'2013-04-13','buttm');
insert into Hospital.Consulted(employee_number,certification_no,patient_registration_no,date_of_visit) values(60,60112233,214,'2013-04-13');
insert into Hospital.Treated_by(patient_registration_no,date_of_visit,employee_number,treatment) values(214,2013-04-13,19);
insert into Hospital.Prescribed(product_id,patient_registration_no,date_of_visit) values (10,214,'2013-04-13');
insert into Hospital.Patient (patient_registration_no, name, ssn, address,contact_no,emergency_contact_no) values ( 214,'gxttm',931260338,'dgzmp',97642852,88249337);
insert into Hospital.Physician (employee_number, certification_no,specialization) values ( 214,214112233,'Pediatrics');
insert into Hospital.Belongs_to(employee_number,department_id) values (214,1);
insert into Hospital.Pharmaceutical_product(product_id,cost,manufacturer) values(215,862.9032355957528,'eutzs');
insert into Hospital.Medicine(product_id,medicine_name,dosage) values (215,'ykhku','rjdnk');
insert into Hospital.Employees (employee_number, name, location, ssn, home_address,phone_number,designation) values ( 215,'eewaj','hngtuuiiimafysh',162212708,'sxiza',81014941,'Nurse');
insert into Hospital.Visitation(patient_registration_no,date_of_visit,diagnosis) values (215,'2013-04-10','nbhqv');
insert into Hospital.Consulted(employee_number,certification_no,patient_registration_no,date_of_visit) values(58,58112233,215,'2013-04-10');
insert into Hospital.Treated_by(patient_registration_no,date_of_visit,employee_number,treatment) values(215,2013-04-10,153);
insert into Hospital.Prescribed(product_id,patient_registration_no,date_of_visit) values (5,215,'2013-04-10');
insert into Hospital.Visitation(patient_registration_no,date_of_visit,diagnosis) values (215,'2013-01-28','dkzgn');
insert into Hospital.Consulted(employee_number,certification_no,patient_registration_no,date_of_visit) values(12,12112233,215,'2013-01-28');
insert into Hospital.Treated_by(patient_registration_no,date_of_visit,employee_number,treatment) values(215,2013-01-28,56);
insert into Hospital.Prescribed(product_id,patient_registration_no,date_of_visit) values (206,215,'2013-01-28');
insert into Hospital.Visitation(patient_registration_no,date_of_visit,diagnosis) values (215,'2013-09-23','mdeki');
insert into Hospital.Consulted(employee_number,certification_no,patient_registration_no,date_of_visit) values(184,184112233,215,'2013-09-23');
insert into Hospital.Treated_by(patient_registration_no,date_of_visit,employee_number,treatment) values(215,2013-09-23,172);
insert into Hospital.Prescribed(product_id,patient_registration_no,date_of_visit) values (79,215,'2013-09-23');
insert into Hospital.Visitation(patient_registration_no,date_of_visit,diagnosis) values (215,'2013-01-19','cqcgy');
insert into Hospital.Consulted(employee_number,certification_no,patient_registration_no,date_of_visit) values(60,60112233,215,'2013-01-19');
insert into Hospital.Treated_by(patient_registration_no,date_of_visit,employee_number,treatment) values(215,2013-01-19,103);
insert into Hospital.Prescribed(product_id,patient_registration_no,date_of_visit) values (1,215,'2013-01-19');
insert into Hospital.Visitation(patient_registration_no,date_of_visit,diagnosis) values (215,'2013-07-29','kcjrx');
insert into Hospital.Consulted(employee_number,certification_no,patient_registration_no,date_of_visit) values(161,161112233,215,'2013-07-29');
insert into Hospital.Treated_by(patient_registration_no,date_of_visit,employee_number,treatment) values(215,2013-07-29,173);
insert into Hospital.Prescribed(product_id,patient_registration_no,date_of_visit) values (141,215,'2013-07-29');
insert into Hospital.Patient (patient_registration_no, name, ssn, address,contact_no,emergency_contact_no) values ( 215,'vfuvb',902249678,'dnnbh',56826143,30332236);
insert into Hospital.Takes (employee_number,shift_name ) values ( 215,'night');
insert into Hospital.Belongs_to(employee_number,department_id) values (215,3);
insert into Hospital.Pharmaceutical_product(product_id,cost,manufacturer) values(216,388.43474761008645,'ogbay');
insert into Hospital.Batch(batch_id,manufacture_date,expiry_date) values (216,'2013-07-27','2013-08-18');
insert into Hospital.Production(product_id,batch_id) values (216,216);
insert into Hospital.Batch(batch_id,manufacture_date,expiry_date) values (217,'2013-07-27','2013-08-18');
insert into Hospital.Production(product_id,batch_id) values (216,217);
insert into Hospital.Batch(batch_id,manufacture_date,expiry_date) values (218,'2013-07-27','2013-08-18');
insert into Hospital.Production(product_id,batch_id) values (216,218);
insert into Hospital.Batch(batch_id,manufacture_date,expiry_date) values (219,'2013-07-27','2013-08-18');
insert into Hospital.Production(product_id,batch_id) values (216,219);
insert into Hospital.Batch(batch_id,manufacture_date,expiry_date) values (220,'2013-07-27','2013-08-18');
insert into Hospital.Production(product_id,batch_id) values (216,220);
insert into Hospital.Employees (employee_number, name, location, ssn, home_address,phone_number,designation) values ( 216,'cnhvy','ewasowmgzpzpxzu',113925888,'cxkhs',51877608,'Doctor');
insert into Hospital.Visitation(patient_registration_no,date_of_visit,diagnosis) values (216,'2013-09-27','xnlzt');
insert into Hospital.Consulted(employee_number,certification_no,patient_registration_no,date_of_visit) values(110,110112233,216,'2013-09-27');
insert into Hospital.Treated_by(patient_registration_no,date_of_visit,employee_number,treatment) values(216,2013-09-27,49);
insert into Hospital.Prescribed(product_id,patient_registration_no,date_of_visit) values (90,216,'2013-09-27');
insert into Hospital.Visitation(patient_registration_no,date_of_visit,diagnosis) values (216,'2013-02-27','bktce');
insert into Hospital.Consulted(employee_number,certification_no,patient_registration_no,date_of_visit) values(113,113112233,216,'2013-02-27');
insert into Hospital.Treated_by(patient_registration_no,date_of_visit,employee_number,treatment) values(216,2013-02-27,87);
insert into Hospital.Prescribed(product_id,patient_registration_no,date_of_visit) values (123,216,'2013-02-27');
insert into Hospital.Visitation(patient_registration_no,date_of_visit,diagnosis) values (216,'2013-02-03','qjzbc');
insert into Hospital.Consulted(employee_number,certification_no,patient_registration_no,date_of_visit) values(119,119112233,216,'2013-02-03');
insert into Hospital.Treated_by(patient_registration_no,date_of_visit,employee_number,treatment) values(216,2013-02-03,71);
insert into Hospital.Prescribed(product_id,patient_registration_no,date_of_visit) values (105,216,'2013-02-03');
insert into Hospital.Visitation(patient_registration_no,date_of_visit,diagnosis) values (216,'2013-05-16','lxpzf');
insert into Hospital.Consulted(employee_number,certification_no,patient_registration_no,date_of_visit) values(184,184112233,216,'2013-05-16');
insert into Hospital.Treated_by(patient_registration_no,date_of_visit,employee_number,treatment) values(216,2013-05-16,134);
insert into Hospital.Prescribed(product_id,patient_registration_no,date_of_visit) values (46,216,'2013-05-16');
insert into Hospital.Visitation(patient_registration_no,date_of_visit,diagnosis) values (216,'2013-04-24','ymwno');
insert into Hospital.Consulted(employee_number,certification_no,patient_registration_no,date_of_visit) values(55,55112233,216,'2013-04-24');
insert into Hospital.Treated_by(patient_registration_no,date_of_visit,employee_number,treatment) values(216,2013-04-24,19);
insert into Hospital.Prescribed(product_id,patient_registration_no,date_of_visit) values (123,216,'2013-04-24');
insert into Hospital.Patient (patient_registration_no, name, ssn, address,contact_no,emergency_contact_no) values ( 216,'etsed',849906246,'xvxmn',69288768,37961994);
insert into Hospital.Physician (employee_number, certification_no,specialization) values ( 216,216112233,'Cardiology');
insert into Hospital.Belongs_to(employee_number,department_id) values (216,1);
insert into Hospital.Pharmaceutical_product(product_id,cost,manufacturer) values(217,792.2855071733286,'shslg');
insert into Hospital.Batch(batch_id,manufacture_date,expiry_date) values (217,'2013-01-16','2013-06-16');
insert into Hospital.Production(product_id,batch_id) values (217,217);
insert into Hospital.Batch(batch_id,manufacture_date,expiry_date) values (218,'2013-01-16','2013-06-16');
insert into Hospital.Production(product_id,batch_id) values (217,218);
insert into Hospital.Batch(batch_id,manufacture_date,expiry_date) values (219,'2013-01-16','2013-06-16');
insert into Hospital.Production(product_id,batch_id) values (217,219);
insert into Hospital.Batch(batch_id,manufacture_date,expiry_date) values (220,'2013-01-16','2013-06-16');
insert into Hospital.Production(product_id,batch_id) values (217,220);
insert into Hospital.Batch(batch_id,manufacture_date,expiry_date) values (221,'2013-01-16','2013-06-16');
insert into Hospital.Production(product_id,batch_id) values (217,221);
insert into Hospital.Medicine(product_id,medicine_name,dosage) values (217,'auchx','oirxt');
insert into Hospital.Employees (employee_number, name, location, ssn, home_address,phone_number,designation) values ( 217,'aimqw','fxkxhlnqtahnoag',412772760,'uawgy',95523777,'Administration');
insert into Hospital.Visitation(patient_registration_no,date_of_visit,diagnosis) values (217,'2013-08-19','ceivp');
insert into Hospital.Consulted(employee_number,certification_no,patient_registration_no,date_of_visit) values(166,166112233,217,'2013-08-19');
insert into Hospital.Treated_by(patient_registration_no,date_of_visit,employee_number,treatment) values(217,2013-08-19,83);
insert into Hospital.Prescribed(product_id,patient_registration_no,date_of_visit) values (167,217,'2013-08-19');
insert into Hospital.Visitation(patient_registration_no,date_of_visit,diagnosis) values (217,'2013-09-05','mkoyr');
insert into Hospital.Consulted(employee_number,certification_no,patient_registration_no,date_of_visit) values(110,110112233,217,'2013-09-05');
insert into Hospital.Treated_by(patient_registration_no,date_of_visit,employee_number,treatment) values(217,2013-09-05,164);
insert into Hospital.Prescribed(product_id,patient_registration_no,date_of_visit) values (78,217,'2013-09-05');
insert into Hospital.Visitation(patient_registration_no,date_of_visit,diagnosis) values (217,'2013-08-26','hguog');
insert into Hospital.Consulted(employee_number,certification_no,patient_registration_no,date_of_visit) values(208,208112233,217,'2013-08-26');
insert into Hospital.Treated_by(patient_registration_no,date_of_visit,employee_number,treatment) values(217,2013-08-26,104);
insert into Hospital.Prescribed(product_id,patient_registration_no,date_of_visit) values (132,217,'2013-08-26');
insert into Hospital.Visitation(patient_registration_no,date_of_visit,diagnosis) values (217,'2013-05-05','evplh');
insert into Hospital.Consulted(employee_number,certification_no,patient_registration_no,date_of_visit) values(119,119112233,217,'2013-05-05');
insert into Hospital.Treated_by(patient_registration_no,date_of_visit,employee_number,treatment) values(217,2013-05-05,186);
insert into Hospital.Prescribed(product_id,patient_registration_no,date_of_visit) values (21,217,'2013-05-05');
insert into Hospital.Visitation(patient_registration_no,date_of_visit,diagnosis) values (217,'2013-06-21','lzuwl');
insert into Hospital.Consulted(employee_number,certification_no,patient_registration_no,date_of_visit) values(34,34112233,217,'2013-06-21');
insert into Hospital.Treated_by(patient_registration_no,date_of_visit,employee_number,treatment) values(217,2013-06-21,186);
insert into Hospital.Prescribed(product_id,patient_registration_no,date_of_visit) values (37,217,'2013-06-21');
insert into Hospital.Patient (patient_registration_no, name, ssn, address,contact_no,emergency_contact_no) values ( 217,'pevzt',287691093,'ilkxo',73858216,76581795);
insert into Hospital.Belongs_to(employee_number,department_id) values (217,2);
insert into Hospital.Pharmaceutical_product(product_id,cost,manufacturer) values(218,873.3982046705992,'ixpoz');
insert into Hospital.Batch(batch_id,manufacture_date,expiry_date) values (218,'2013-01-02','2013-01-29');
insert into Hospital.Production(product_id,batch_id) values (218,218);
insert into Hospital.Batch(batch_id,manufacture_date,expiry_date) values (219,'2013-01-02','2013-01-29');
insert into Hospital.Production(product_id,batch_id) values (218,219);
insert into Hospital.Batch(batch_id,manufacture_date,expiry_date) values (220,'2013-01-02','2013-01-29');
insert into Hospital.Production(product_id,batch_id) values (218,220);
insert into Hospital.Batch(batch_id,manufacture_date,expiry_date) values (221,'2013-01-02','2013-01-29');
insert into Hospital.Production(product_id,batch_id) values (218,221);
insert into Hospital.Batch(batch_id,manufacture_date,expiry_date) values (222,'2013-01-02','2013-01-29');
insert into Hospital.Production(product_id,batch_id) values (218,222);
insert into Hospital.Medicine(product_id,medicine_name,dosage) values (218,'jzadd','xbqpf');
insert into Hospital.Employees (employee_number, name, location, ssn, home_address,phone_number,designation) values ( 218,'fdcyk','ukydrsnwoqswfvk',516782566,'vrnxu',95591834,'Administration');
insert into Hospital.Visitation(patient_registration_no,date_of_visit,diagnosis) values (218,'2013-07-17','japvy');
insert into Hospital.Consulted(employee_number,certification_no,patient_registration_no,date_of_visit) values(197,197112233,218,'2013-07-17');
insert into Hospital.Treated_by(patient_registration_no,date_of_visit,employee_number,treatment) values(218,2013-07-17,125);
insert into Hospital.Prescribed(product_id,patient_registration_no,date_of_visit) values (190,218,'2013-07-17');
insert into Hospital.Visitation(patient_registration_no,date_of_visit,diagnosis) values (218,'2013-01-21','hktyi');
insert into Hospital.Consulted(employee_number,certification_no,patient_registration_no,date_of_visit) values(168,168112233,218,'2013-01-21');
insert into Hospital.Treated_by(patient_registration_no,date_of_visit,employee_number,treatment) values(218,2013-01-21,101);
insert into Hospital.Prescribed(product_id,patient_registration_no,date_of_visit) values (86,218,'2013-01-21');
insert into Hospital.Visitation(patient_registration_no,date_of_visit,diagnosis) values (218,'2013-05-03','lxtvq');
insert into Hospital.Consulted(employee_number,certification_no,patient_registration_no,date_of_visit) values(141,141112233,218,'2013-05-03');
insert into Hospital.Treated_by(patient_registration_no,date_of_visit,employee_number,treatment) values(218,2013-05-03,56);
insert into Hospital.Prescribed(product_id,patient_registration_no,date_of_visit) values (187,218,'2013-05-03');
insert into Hospital.Visitation(patient_registration_no,date_of_visit,diagnosis) values (218,'2013-01-23','ykwij');
insert into Hospital.Consulted(employee_number,certification_no,patient_registration_no,date_of_visit) values(46,46112233,218,'2013-01-23');
insert into Hospital.Treated_by(patient_registration_no,date_of_visit,employee_number,treatment) values(218,2013-01-23,81);
insert into Hospital.Prescribed(product_id,patient_registration_no,date_of_visit) values (10,218,'2013-01-23');
insert into Hospital.Visitation(patient_registration_no,date_of_visit,diagnosis) values (218,'2013-01-05','jrtbc');
insert into Hospital.Consulted(employee_number,certification_no,patient_registration_no,date_of_visit) values(55,55112233,218,'2013-01-05');
insert into Hospital.Treated_by(patient_registration_no,date_of_visit,employee_number,treatment) values(218,2013-01-05,91);
insert into Hospital.Prescribed(product_id,patient_registration_no,date_of_visit) values (45,218,'2013-01-05');
insert into Hospital.Patient (patient_registration_no, name, ssn, address,contact_no,emergency_contact_no) values ( 218,'bncyr',511971550,'izrmb',94718432,49065340);
insert into Hospital.Belongs_to(employee_number,department_id) values (218,2);
insert into Hospital.Pharmaceutical_product(product_id,cost,manufacturer) values(219,85.30767390159133,'kanqp');
insert into Hospital.Employees (employee_number, name, location, ssn, home_address,phone_number,designation) values ( 219,'yapwu','ndfdyygxnmamzhj',433707370,'nbpot',23823430,'Administration');
insert into Hospital.Visitation(patient_registration_no,date_of_visit,diagnosis) values (219,'2013-07-20','liopm');
insert into Hospital.Consulted(employee_number,certification_no,patient_registration_no,date_of_visit) values(111,111112233,219,'2013-07-20');
insert into Hospital.Treated_by(patient_registration_no,date_of_visit,employee_number,treatment) values(219,2013-07-20,52);
insert into Hospital.Prescribed(product_id,patient_registration_no,date_of_visit) values (5,219,'2013-07-20');
insert into Hospital.Visitation(patient_registration_no,date_of_visit,diagnosis) values (219,'2013-05-21','xostx');
insert into Hospital.Consulted(employee_number,certification_no,patient_registration_no,date_of_visit) values(214,214112233,219,'2013-05-21');
insert into Hospital.Treated_by(patient_registration_no,date_of_visit,employee_number,treatment) values(219,2013-05-21,96);
insert into Hospital.Prescribed(product_id,patient_registration_no,date_of_visit) values (57,219,'2013-05-21');
insert into Hospital.Visitation(patient_registration_no,date_of_visit,diagnosis) values (219,'2013-10-24','qspdb');
insert into Hospital.Consulted(employee_number,certification_no,patient_registration_no,date_of_visit) values(139,139112233,219,'2013-10-24');
insert into Hospital.Treated_by(patient_registration_no,date_of_visit,employee_number,treatment) values(219,2013-10-24,178);
insert into Hospital.Prescribed(product_id,patient_registration_no,date_of_visit) values (168,219,'2013-10-24');
insert into Hospital.Visitation(patient_registration_no,date_of_visit,diagnosis) values (219,'2013-09-07','ljxwd');
insert into Hospital.Consulted(employee_number,certification_no,patient_registration_no,date_of_visit) values(58,58112233,219,'2013-09-07');
insert into Hospital.Treated_by(patient_registration_no,date_of_visit,employee_number,treatment) values(219,2013-09-07,186);
insert into Hospital.Prescribed(product_id,patient_registration_no,date_of_visit) values (205,219,'2013-09-07');
insert into Hospital.Visitation(patient_registration_no,date_of_visit,diagnosis) values (219,'2013-07-21','avwzm');
insert into Hospital.Consulted(employee_number,certification_no,patient_registration_no,date_of_visit) values(9,9112233,219,'2013-07-21');
insert into Hospital.Treated_by(patient_registration_no,date_of_visit,employee_number,treatment) values(219,2013-07-21,195);
insert into Hospital.Prescribed(product_id,patient_registration_no,date_of_visit) values (48,219,'2013-07-21');
insert into Hospital.Patient (patient_registration_no, name, ssn, address,contact_no,emergency_contact_no) values ( 219,'sbqqg',528295254,'avdxs',28107055,76316242);
insert into Hospital.Belongs_to(employee_number,department_id) values (219,2);
insert into Hospital.Pharmaceutical_product(product_id,cost,manufacturer) values(220,901.9264937651022,'lnwaf');
insert into Hospital.Medicine(product_id,medicine_name,dosage) values (220,'vapfx','bwjas');
insert into Hospital.Employees (employee_number, name, location, ssn, home_address,phone_number,designation) values ( 220,'ftbxh','pgmnemzidctclpx',266482877,'uwlqr',71841300,'Administration');
insert into Hospital.Visitation(patient_registration_no,date_of_visit,diagnosis) values (220,'2013-10-03','utcuo');
insert into Hospital.Consulted(employee_number,certification_no,patient_registration_no,date_of_visit) values(13,13112233,220,'2013-10-03');
insert into Hospital.Treated_by(patient_registration_no,date_of_visit,employee_number,treatment) values(220,2013-10-03,64);
insert into Hospital.Prescribed(product_id,patient_registration_no,date_of_visit) values (33,220,'2013-10-03');
insert into Hospital.Visitation(patient_registration_no,date_of_visit,diagnosis) values (220,'2013-07-06','xqppn');
insert into Hospital.Consulted(employee_number,certification_no,patient_registration_no,date_of_visit) values(92,92112233,220,'2013-07-06');
insert into Hospital.Treated_by(patient_registration_no,date_of_visit,employee_number,treatment) values(220,2013-07-06,10);
insert into Hospital.Prescribed(product_id,patient_registration_no,date_of_visit) values (140,220,'2013-07-06');
insert into Hospital.Visitation(patient_registration_no,date_of_visit,diagnosis) values (220,'2013-06-28','mtbuj');
insert into Hospital.Consulted(employee_number,certification_no,patient_registration_no,date_of_visit) values(150,150112233,220,'2013-06-28');
insert into Hospital.Treated_by(patient_registration_no,date_of_visit,employee_number,treatment) values(220,2013-06-28,125);
insert into Hospital.Prescribed(product_id,patient_registration_no,date_of_visit) values (41,220,'2013-06-28');
insert into Hospital.Visitation(patient_registration_no,date_of_visit,diagnosis) values (220,'2013-01-30','avuch');
insert into Hospital.Consulted(employee_number,certification_no,patient_registration_no,date_of_visit) values(128,128112233,220,'2013-01-30');
insert into Hospital.Treated_by(patient_registration_no,date_of_visit,employee_number,treatment) values(220,2013-01-30,112);
insert into Hospital.Prescribed(product_id,patient_registration_no,date_of_visit) values (213,220,'2013-01-30');
insert into Hospital.Visitation(patient_registration_no,date_of_visit,diagnosis) values (220,'2013-07-15','whumd');
insert into Hospital.Consulted(employee_number,certification_no,patient_registration_no,date_of_visit) values(141,141112233,220,'2013-07-15');
insert into Hospital.Treated_by(patient_registration_no,date_of_visit,employee_number,treatment) values(220,2013-07-15,103);
insert into Hospital.Prescribed(product_id,patient_registration_no,date_of_visit) values (196,220,'2013-07-15');
insert into Hospital.Patient (patient_registration_no, name, ssn, address,contact_no,emergency_contact_no) values ( 220,'twkrr',59895131,'mmycc',68304160,41812599);
insert into Hospital.Belongs_to(employee_number,department_id) values (220,2);
insert into Hospital.Pharmaceutical_product(product_id,cost,manufacturer) values(221,339.3483979135861,'nqfpe');
insert into Hospital.Batch(batch_id,manufacture_date,expiry_date) values (221,'2013-01-20','2013-10-10');
insert into Hospital.Production(product_id,batch_id) values (221,221);
insert into Hospital.Batch(batch_id,manufacture_date,expiry_date) values (222,'2013-01-20','2013-10-10');
insert into Hospital.Production(product_id,batch_id) values (221,222);
insert into Hospital.Batch(batch_id,manufacture_date,expiry_date) values (223,'2013-01-20','2013-10-10');
insert into Hospital.Production(product_id,batch_id) values (221,223);
insert into Hospital.Batch(batch_id,manufacture_date,expiry_date) values (224,'2013-01-20','2013-10-10');
insert into Hospital.Production(product_id,batch_id) values (221,224);
insert into Hospital.Batch(batch_id,manufacture_date,expiry_date) values (225,'2013-01-20','2013-10-10');
insert into Hospital.Production(product_id,batch_id) values (221,225);
insert into Hospital.Employees (employee_number, name, location, ssn, home_address,phone_number,designation) values ( 221,'eainr','jldnyneqctmusae',826575472,'dzfci',67519245,'Radiology');
insert into Hospital.Visitation(patient_registration_no,date_of_visit,diagnosis) values (221,'2013-04-10','jdldp');
insert into Hospital.Consulted(employee_number,certification_no,patient_registration_no,date_of_visit) values(208,208112233,221,'2013-04-10');
insert into Hospital.Treated_by(patient_registration_no,date_of_visit,employee_number,treatment) values(221,2013-04-10,143);
insert into Hospital.Prescribed(product_id,patient_registration_no,date_of_visit) values (140,221,'2013-04-10');
insert into Hospital.Visitation(patient_registration_no,date_of_visit,diagnosis) values (221,'2013-03-17','phukk');
insert into Hospital.Consulted(employee_number,certification_no,patient_registration_no,date_of_visit) values(197,197112233,221,'2013-03-17');
insert into Hospital.Treated_by(patient_registration_no,date_of_visit,employee_number,treatment) values(221,2013-03-17,209);
insert into Hospital.Prescribed(product_id,patient_registration_no,date_of_visit) values (37,221,'2013-03-17');
insert into Hospital.Visitation(patient_registration_no,date_of_visit,diagnosis) values (221,'2013-05-18','maubj');
insert into Hospital.Consulted(employee_number,certification_no,patient_registration_no,date_of_visit) values(130,130112233,221,'2013-05-18');
insert into Hospital.Treated_by(patient_registration_no,date_of_visit,employee_number,treatment) values(221,2013-05-18,84);
insert into Hospital.Prescribed(product_id,patient_registration_no,date_of_visit) values (177,221,'2013-05-18');
insert into Hospital.Visitation(patient_registration_no,date_of_visit,diagnosis) values (221,'2013-09-03','xohyy');
insert into Hospital.Consulted(employee_number,certification_no,patient_registration_no,date_of_visit) values(41,41112233,221,'2013-09-03');
insert into Hospital.Treated_by(patient_registration_no,date_of_visit,employee_number,treatment) values(221,2013-09-03,101);
insert into Hospital.Prescribed(product_id,patient_registration_no,date_of_visit) values (86,221,'2013-09-03');
insert into Hospital.Visitation(patient_registration_no,date_of_visit,diagnosis) values (221,'2013-07-16','ifalg');
insert into Hospital.Consulted(employee_number,certification_no,patient_registration_no,date_of_visit) values(184,184112233,221,'2013-07-16');
insert into Hospital.Treated_by(patient_registration_no,date_of_visit,employee_number,treatment) values(221,2013-07-16,91);
insert into Hospital.Prescribed(product_id,patient_registration_no,date_of_visit) values (119,221,'2013-07-16');
insert into Hospital.Patient (patient_registration_no, name, ssn, address,contact_no,emergency_contact_no) values ( 221,'feigz',40581133,'lrgdq',19094414,68999913);
insert into Hospital.Takes (employee_number,shift_name ) values ( 221,'evening');
insert into Hospital.Belongs_to(employee_number,department_id) values (221,3);
insert into Hospital.Pharmaceutical_product(product_id,cost,manufacturer) values(222,366.3310085057033,'johgh');
insert into Hospital.Medicine(product_id,medicine_name,dosage) values (222,'saqyh','jlbsm');
insert into Hospital.Employees (employee_number, name, location, ssn, home_address,phone_number,designation) values ( 222,'absem','abtmxfqbejpdbrq',553873899,'lgytp',78566974,'Doctor');
insert into Hospital.Visitation(patient_registration_no,date_of_visit,diagnosis) values (222,'2013-06-18','kfypv');
insert into Hospital.Consulted(employee_number,certification_no,patient_registration_no,date_of_visit) values(116,116112233,222,'2013-06-18');
insert into Hospital.Treated_by(patient_registration_no,date_of_visit,employee_number,treatment) values(222,2013-06-18,96);
insert into Hospital.Prescribed(product_id,patient_registration_no,date_of_visit) values (171,222,'2013-06-18');
insert into Hospital.Visitation(patient_registration_no,date_of_visit,diagnosis) values (222,'2013-08-11','hvhdd');
insert into Hospital.Consulted(employee_number,certification_no,patient_registration_no,date_of_visit) values(197,197112233,222,'2013-08-11');
insert into Hospital.Treated_by(patient_registration_no,date_of_visit,employee_number,treatment) values(222,2013-08-11,52);
insert into Hospital.Prescribed(product_id,patient_registration_no,date_of_visit) values (108,222,'2013-08-11');
insert into Hospital.Visitation(patient_registration_no,date_of_visit,diagnosis) values (222,'2013-05-24','qobdu');
insert into Hospital.Consulted(employee_number,certification_no,patient_registration_no,date_of_visit) values(75,75112233,222,'2013-05-24');
insert into Hospital.Treated_by(patient_registration_no,date_of_visit,employee_number,treatment) values(222,2013-05-24,172);
insert into Hospital.Prescribed(product_id,patient_registration_no,date_of_visit) values (191,222,'2013-05-24');
insert into Hospital.Visitation(patient_registration_no,date_of_visit,diagnosis) values (222,'2013-05-28','cnxat');
insert into Hospital.Consulted(employee_number,certification_no,patient_registration_no,date_of_visit) values(168,168112233,222,'2013-05-28');
insert into Hospital.Treated_by(patient_registration_no,date_of_visit,employee_number,treatment) values(222,2013-05-28,186);
insert into Hospital.Prescribed(product_id,patient_registration_no,date_of_visit) values (49,222,'2013-05-28');
insert into Hospital.Visitation(patient_registration_no,date_of_visit,diagnosis) values (222,'2013-06-27','tykzc');
insert into Hospital.Consulted(employee_number,certification_no,patient_registration_no,date_of_visit) values(113,113112233,222,'2013-06-27');
insert into Hospital.Treated_by(patient_registration_no,date_of_visit,employee_number,treatment) values(222,2013-06-27,185);
insert into Hospital.Prescribed(product_id,patient_registration_no,date_of_visit) values (6,222,'2013-06-27');
insert into Hospital.Patient (patient_registration_no, name, ssn, address,contact_no,emergency_contact_no) values ( 222,'ulmre',418140909,'cxrjv',49671757,44125058);
insert into Hospital.Physician (employee_number, certification_no,specialization) values ( 222,222112233,'Pediatrics');
insert into Hospital.Belongs_to(employee_number,department_id) values (222,1);
insert into Hospital.Pharmaceutical_product(product_id,cost,manufacturer) values(223,222.46678930195858,'wpvsg');
insert into Hospital.Employees (employee_number, name, location, ssn, home_address,phone_number,designation) values ( 223,'ntdke','kahnqfieepioqjy',361399325,'ukxwg',81633458,'Administration');
insert into Hospital.Visitation(patient_registration_no,date_of_visit,diagnosis) values (223,'2013-05-07','wngcd');
insert into Hospital.Consulted(employee_number,certification_no,patient_registration_no,date_of_visit) values(92,92112233,223,'2013-05-07');
insert into Hospital.Treated_by(patient_registration_no,date_of_visit,employee_number,treatment) values(223,2013-05-07,189);
insert into Hospital.Prescribed(product_id,patient_registration_no,date_of_visit) values (169,223,'2013-05-07');
insert into Hospital.Visitation(patient_registration_no,date_of_visit,diagnosis) values (223,'2013-09-13','mcqzn');
insert into Hospital.Consulted(employee_number,certification_no,patient_registration_no,date_of_visit) values(55,55112233,223,'2013-09-13');
insert into Hospital.Treated_by(patient_registration_no,date_of_visit,employee_number,treatment) values(223,2013-09-13,87);
insert into Hospital.Prescribed(product_id,patient_registration_no,date_of_visit) values (154,223,'2013-09-13');
insert into Hospital.Visitation(patient_registration_no,date_of_visit,diagnosis) values (223,'2013-01-18','glrod');
insert into Hospital.Consulted(employee_number,certification_no,patient_registration_no,date_of_visit) values(69,69112233,223,'2013-01-18');
insert into Hospital.Treated_by(patient_registration_no,date_of_visit,employee_number,treatment) values(223,2013-01-18,209);
insert into Hospital.Prescribed(product_id,patient_registration_no,date_of_visit) values (172,223,'2013-01-18');
insert into Hospital.Visitation(patient_registration_no,date_of_visit,diagnosis) values (223,'2013-10-27','hptvo');
insert into Hospital.Consulted(employee_number,certification_no,patient_registration_no,date_of_visit) values(133,133112233,223,'2013-10-27');
insert into Hospital.Treated_by(patient_registration_no,date_of_visit,employee_number,treatment) values(223,2013-10-27,47);
insert into Hospital.Prescribed(product_id,patient_registration_no,date_of_visit) values (153,223,'2013-10-27');
insert into Hospital.Visitation(patient_registration_no,date_of_visit,diagnosis) values (223,'2013-02-13','lzqua');
insert into Hospital.Consulted(employee_number,certification_no,patient_registration_no,date_of_visit) values(159,159112233,223,'2013-02-13');
insert into Hospital.Treated_by(patient_registration_no,date_of_visit,employee_number,treatment) values(223,2013-02-13,52);
insert into Hospital.Prescribed(product_id,patient_registration_no,date_of_visit) values (19,223,'2013-02-13');
insert into Hospital.Patient (patient_registration_no, name, ssn, address,contact_no,emergency_contact_no) values ( 223,'czidi',603574252,'rfpfm',58953759,41643909);
insert into Hospital.Belongs_to(employee_number,department_id) values (223,2);
insert into Hospital.Pharmaceutical_product(product_id,cost,manufacturer) values(224,169.26447318402626,'obbgj');
insert into Hospital.Medicine(product_id,medicine_name,dosage) values (224,'kxqgy','rcwew');
insert into Hospital.Employees (employee_number, name, location, ssn, home_address,phone_number,designation) values ( 224,'imkkl','btqvesjtmesnnux',525866650,'aiaiq',48039684,'Radiology');
insert into Hospital.Visitation(patient_registration_no,date_of_visit,diagnosis) values (224,'2013-10-10','zkkps');
insert into Hospital.Consulted(employee_number,certification_no,patient_registration_no,date_of_visit) values(92,92112233,224,'2013-10-10');
insert into Hospital.Treated_by(patient_registration_no,date_of_visit,employee_number,treatment) values(224,2013-10-10,169);
insert into Hospital.Prescribed(product_id,patient_registration_no,date_of_visit) values (37,224,'2013-10-10');
insert into Hospital.Visitation(patient_registration_no,date_of_visit,diagnosis) values (224,'2013-08-14','hyfcy');
insert into Hospital.Consulted(employee_number,certification_no,patient_registration_no,date_of_visit) values(176,176112233,224,'2013-08-14');
insert into Hospital.Treated_by(patient_registration_no,date_of_visit,employee_number,treatment) values(224,2013-08-14,52);
insert into Hospital.Prescribed(product_id,patient_registration_no,date_of_visit) values (131,224,'2013-08-14');
insert into Hospital.Visitation(patient_registration_no,date_of_visit,diagnosis) values (224,'2013-02-10','blnzo');
insert into Hospital.Consulted(employee_number,certification_no,patient_registration_no,date_of_visit) values(128,128112233,224,'2013-02-10');
insert into Hospital.Treated_by(patient_registration_no,date_of_visit,employee_number,treatment) values(224,2013-02-10,77);
insert into Hospital.Prescribed(product_id,patient_registration_no,date_of_visit) values (168,224,'2013-02-10');
insert into Hospital.Visitation(patient_registration_no,date_of_visit,diagnosis) values (224,'2013-08-07','kkqyt');
insert into Hospital.Consulted(employee_number,certification_no,patient_registration_no,date_of_visit) values(120,120112233,224,'2013-08-07');
insert into Hospital.Treated_by(patient_registration_no,date_of_visit,employee_number,treatment) values(224,2013-08-07,204);
insert into Hospital.Prescribed(product_id,patient_registration_no,date_of_visit) values (113,224,'2013-08-07');
insert into Hospital.Visitation(patient_registration_no,date_of_visit,diagnosis) values (224,'2013-05-29','fpehu');
insert into Hospital.Consulted(employee_number,certification_no,patient_registration_no,date_of_visit) values(184,184112233,224,'2013-05-29');
insert into Hospital.Treated_by(patient_registration_no,date_of_visit,employee_number,treatment) values(224,2013-05-29,26);
insert into Hospital.Prescribed(product_id,patient_registration_no,date_of_visit) values (213,224,'2013-05-29');
insert into Hospital.Patient (patient_registration_no, name, ssn, address,contact_no,emergency_contact_no) values ( 224,'upncp',772736908,'eudyd',90448921,55062173);
insert into Hospital.Takes (employee_number,shift_name ) values ( 224,'morning');
insert into Hospital.Belongs_to(employee_number,department_id) values (224,3);
insert into Hospital.Pharmaceutical_product(product_id,cost,manufacturer) values(225,714.1033902573959,'czqhz');
insert into Hospital.Batch(batch_id,manufacture_date,expiry_date) values (225,'2013-06-27','2013-07-28');
insert into Hospital.Production(product_id,batch_id) values (225,225);
insert into Hospital.Batch(batch_id,manufacture_date,expiry_date) values (226,'2013-06-27','2013-07-28');
insert into Hospital.Production(product_id,batch_id) values (225,226);
insert into Hospital.Batch(batch_id,manufacture_date,expiry_date) values (227,'2013-06-27','2013-07-28');
insert into Hospital.Production(product_id,batch_id) values (225,227);
insert into Hospital.Batch(batch_id,manufacture_date,expiry_date) values (228,'2013-06-27','2013-07-28');
insert into Hospital.Production(product_id,batch_id) values (225,228);
insert into Hospital.Batch(batch_id,manufacture_date,expiry_date) values (229,'2013-06-27','2013-07-28');
insert into Hospital.Production(product_id,batch_id) values (225,229);
insert into Hospital.Medicine(product_id,medicine_name,dosage) values (225,'jjmqh','vuoyi');
insert into Hospital.Employees (employee_number, name, location, ssn, home_address,phone_number,designation) values ( 225,'qqaut','ejeduhocwqjvkid',707069960,'cggxq',93777701,'Administration');
insert into Hospital.Visitation(patient_registration_no,date_of_visit,diagnosis) values (225,'2013-07-25','wboyq');
insert into Hospital.Consulted(employee_number,certification_no,patient_registration_no,date_of_visit) values(1,1112233,225,'2013-07-25');
insert into Hospital.Treated_by(patient_registration_no,date_of_visit,employee_number,treatment) values(225,2013-07-25,204);
insert into Hospital.Prescribed(product_id,patient_registration_no,date_of_visit) values (8,225,'2013-07-25');
insert into Hospital.Visitation(patient_registration_no,date_of_visit,diagnosis) values (225,'2013-04-24','xbsfc');
insert into Hospital.Consulted(employee_number,certification_no,patient_registration_no,date_of_visit) values(13,13112233,225,'2013-04-24');
insert into Hospital.Treated_by(patient_registration_no,date_of_visit,employee_number,treatment) values(225,2013-04-24,76);
insert into Hospital.Prescribed(product_id,patient_registration_no,date_of_visit) values (49,225,'2013-04-24');
insert into Hospital.Visitation(patient_registration_no,date_of_visit,diagnosis) values (225,'2013-06-28','nigmo');
insert into Hospital.Consulted(employee_number,certification_no,patient_registration_no,date_of_visit) values(120,120112233,225,'2013-06-28');
insert into Hospital.Treated_by(patient_registration_no,date_of_visit,employee_number,treatment) values(225,2013-06-28,112);
insert into Hospital.Prescribed(product_id,patient_registration_no,date_of_visit) values (134,225,'2013-06-28');
insert into Hospital.Visitation(patient_registration_no,date_of_visit,diagnosis) values (225,'2013-07-03','yjdmf');
insert into Hospital.Consulted(employee_number,certification_no,patient_registration_no,date_of_visit) values(166,166112233,225,'2013-07-03');
insert into Hospital.Treated_by(patient_registration_no,date_of_visit,employee_number,treatment) values(225,2013-07-03,19);
insert into Hospital.Prescribed(product_id,patient_registration_no,date_of_visit) values (9,225,'2013-07-03');
insert into Hospital.Visitation(patient_registration_no,date_of_visit,diagnosis) values (225,'2013-10-23','uceqx');
insert into Hospital.Consulted(employee_number,certification_no,patient_registration_no,date_of_visit) values(1,1112233,225,'2013-10-23');
insert into Hospital.Treated_by(patient_registration_no,date_of_visit,employee_number,treatment) values(225,2013-10-23,164);
insert into Hospital.Prescribed(product_id,patient_registration_no,date_of_visit) values (211,225,'2013-10-23');
insert into Hospital.Patient (patient_registration_no, name, ssn, address,contact_no,emergency_contact_no) values ( 225,'zzrmh',320088336,'fkzsu',63941802,97449410);
insert into Hospital.Belongs_to(employee_number,department_id) values (225,2);
insert into Hospital.Pharmaceutical_product(product_id,cost,manufacturer) values(226,776.0522393011469,'fwstp');
insert into Hospital.Batch(batch_id,manufacture_date,expiry_date) values (226,'2013-01-29','2013-08-24');
insert into Hospital.Production(product_id,batch_id) values (226,226);
insert into Hospital.Batch(batch_id,manufacture_date,expiry_date) values (227,'2013-01-29','2013-08-24');
insert into Hospital.Production(product_id,batch_id) values (226,227);
insert into Hospital.Batch(batch_id,manufacture_date,expiry_date) values (228,'2013-01-29','2013-08-24');
insert into Hospital.Production(product_id,batch_id) values (226,228);
insert into Hospital.Batch(batch_id,manufacture_date,expiry_date) values (229,'2013-01-29','2013-08-24');
insert into Hospital.Production(product_id,batch_id) values (226,229);
insert into Hospital.Batch(batch_id,manufacture_date,expiry_date) values (230,'2013-01-29','2013-08-24');
insert into Hospital.Production(product_id,batch_id) values (226,230);
insert into Hospital.Medicine(product_id,medicine_name,dosage) values (226,'pkzxg','lpzlp');
insert into Hospital.Employees (employee_number, name, location, ssn, home_address,phone_number,designation) values ( 226,'voykm','cenmxttchgxvutq',820932896,'fehqk',23459530,'Nurse');
insert into Hospital.Visitation(patient_registration_no,date_of_visit,diagnosis) values (226,'2013-09-01','fvsgs');
insert into Hospital.Consulted(employee_number,certification_no,patient_registration_no,date_of_visit) values(216,216112233,226,'2013-09-01');
insert into Hospital.Treated_by(patient_registration_no,date_of_visit,employee_number,treatment) values(226,2013-09-01,115);
insert into Hospital.Prescribed(product_id,patient_registration_no,date_of_visit) values (94,226,'2013-09-01');
insert into Hospital.Visitation(patient_registration_no,date_of_visit,diagnosis) values (226,'2013-03-03','mkqhz');
insert into Hospital.Consulted(employee_number,certification_no,patient_registration_no,date_of_visit) values(43,43112233,226,'2013-03-03');
insert into Hospital.Treated_by(patient_registration_no,date_of_visit,employee_number,treatment) values(226,2013-03-03,10);
insert into Hospital.Prescribed(product_id,patient_registration_no,date_of_visit) values (171,226,'2013-03-03');
insert into Hospital.Visitation(patient_registration_no,date_of_visit,diagnosis) values (226,'2013-05-17','nskuy');
insert into Hospital.Consulted(employee_number,certification_no,patient_registration_no,date_of_visit) values(116,116112233,226,'2013-05-17');
insert into Hospital.Treated_by(patient_registration_no,date_of_visit,employee_number,treatment) values(226,2013-05-17,185);
insert into Hospital.Prescribed(product_id,patient_registration_no,date_of_visit) values (182,226,'2013-05-17');
insert into Hospital.Visitation(patient_registration_no,date_of_visit,diagnosis) values (226,'2013-10-27','gjajq');
insert into Hospital.Consulted(employee_number,certification_no,patient_registration_no,date_of_visit) values(194,194112233,226,'2013-10-27');
insert into Hospital.Treated_by(patient_registration_no,date_of_visit,employee_number,treatment) values(226,2013-10-27,221);
insert into Hospital.Prescribed(product_id,patient_registration_no,date_of_visit) values (170,226,'2013-10-27');
insert into Hospital.Visitation(patient_registration_no,date_of_visit,diagnosis) values (226,'2013-05-10','sccwi');
insert into Hospital.Consulted(employee_number,certification_no,patient_registration_no,date_of_visit) values(222,222112233,226,'2013-05-10');
insert into Hospital.Treated_by(patient_registration_no,date_of_visit,employee_number,treatment) values(226,2013-05-10,47);
insert into Hospital.Prescribed(product_id,patient_registration_no,date_of_visit) values (197,226,'2013-05-10');
insert into Hospital.Patient (patient_registration_no, name, ssn, address,contact_no,emergency_contact_no) values ( 226,'mplxd',372127328,'geynf',46278696,83024483);
insert into Hospital.Takes (employee_number,shift_name ) values ( 226,'night');
insert into Hospital.Belongs_to(employee_number,department_id) values (226,3);
insert into Hospital.Pharmaceutical_product(product_id,cost,manufacturer) values(227,738.9862729479901,'porsc');
insert into Hospital.Employees (employee_number, name, location, ssn, home_address,phone_number,designation) values ( 227,'jsjdk','qqtqopxaxdvgmxq',542213391,'epndo',36939834,'Nurse');
insert into Hospital.Visitation(patient_registration_no,date_of_visit,diagnosis) values (227,'2013-09-30','orqnv');
insert into Hospital.Consulted(employee_number,certification_no,patient_registration_no,date_of_visit) values(208,208112233,227,'2013-09-30');
insert into Hospital.Treated_by(patient_registration_no,date_of_visit,employee_number,treatment) values(227,2013-09-30,143);
insert into Hospital.Prescribed(product_id,patient_registration_no,date_of_visit) values (141,227,'2013-09-30');
insert into Hospital.Visitation(patient_registration_no,date_of_visit,diagnosis) values (227,'2013-10-10','ifckl');
insert into Hospital.Consulted(employee_number,certification_no,patient_registration_no,date_of_visit) values(89,89112233,227,'2013-10-10');
insert into Hospital.Treated_by(patient_registration_no,date_of_visit,employee_number,treatment) values(227,2013-10-10,195);
insert into Hospital.Prescribed(product_id,patient_registration_no,date_of_visit) values (222,227,'2013-10-10');
insert into Hospital.Visitation(patient_registration_no,date_of_visit,diagnosis) values (227,'2013-04-09','zlmaf');
insert into Hospital.Consulted(employee_number,certification_no,patient_registration_no,date_of_visit) values(66,66112233,227,'2013-04-09');
insert into Hospital.Treated_by(patient_registration_no,date_of_visit,employee_number,treatment) values(227,2013-04-09,221);
insert into Hospital.Prescribed(product_id,patient_registration_no,date_of_visit) values (18,227,'2013-04-09');
insert into Hospital.Visitation(patient_registration_no,date_of_visit,diagnosis) values (227,'2013-03-29','alyxh');
insert into Hospital.Consulted(employee_number,certification_no,patient_registration_no,date_of_visit) values(166,166112233,227,'2013-03-29');
insert into Hospital.Treated_by(patient_registration_no,date_of_visit,employee_number,treatment) values(227,2013-03-29,178);
insert into Hospital.Prescribed(product_id,patient_registration_no,date_of_visit) values (14,227,'2013-03-29');
insert into Hospital.Visitation(patient_registration_no,date_of_visit,diagnosis) values (227,'2013-05-16','vsgtm');
insert into Hospital.Consulted(employee_number,certification_no,patient_registration_no,date_of_visit) values(21,21112233,227,'2013-05-16');
insert into Hospital.Treated_by(patient_registration_no,date_of_visit,employee_number,treatment) values(227,2013-05-16,126);
insert into Hospital.Prescribed(product_id,patient_registration_no,date_of_visit) values (90,227,'2013-05-16');
insert into Hospital.Patient (patient_registration_no, name, ssn, address,contact_no,emergency_contact_no) values ( 227,'ksqfi',317254893,'lxddx',44524773,12980798);
insert into Hospital.Takes (employee_number,shift_name ) values ( 227,'night');
insert into Hospital.Belongs_to(employee_number,department_id) values (227,3);
insert into Hospital.Pharmaceutical_product(product_id,cost,manufacturer) values(228,992.5746548844023,'ivmwc');
insert into Hospital.Employees (employee_number, name, location, ssn, home_address,phone_number,designation) values ( 228,'omuwn','quonuqqchkjbsrw',112966879,'civnm',43335776,'Doctor');
insert into Hospital.Visitation(patient_registration_no,date_of_visit,diagnosis) values (228,'2013-09-02','rrnjj');
insert into Hospital.Consulted(employee_number,certification_no,patient_registration_no,date_of_visit) values(120,120112233,228,'2013-09-02');
insert into Hospital.Treated_by(patient_registration_no,date_of_visit,employee_number,treatment) values(228,2013-09-02,125);
insert into Hospital.Prescribed(product_id,patient_registration_no,date_of_visit) values (151,228,'2013-09-02');
insert into Hospital.Visitation(patient_registration_no,date_of_visit,diagnosis) values (228,'2013-01-20','umiti');
insert into Hospital.Consulted(employee_number,certification_no,patient_registration_no,date_of_visit) values(44,44112233,228,'2013-01-20');
insert into Hospital.Treated_by(patient_registration_no,date_of_visit,employee_number,treatment) values(228,2013-01-20,77);
insert into Hospital.Prescribed(product_id,patient_registration_no,date_of_visit) values (28,228,'2013-01-20');
insert into Hospital.Visitation(patient_registration_no,date_of_visit,diagnosis) values (228,'2013-06-20','wszar');
insert into Hospital.Consulted(employee_number,certification_no,patient_registration_no,date_of_visit) values(141,141112233,228,'2013-06-20');
insert into Hospital.Treated_by(patient_registration_no,date_of_visit,employee_number,treatment) values(228,2013-06-20,28);
insert into Hospital.Prescribed(product_id,patient_registration_no,date_of_visit) values (171,228,'2013-06-20');
insert into Hospital.Visitation(patient_registration_no,date_of_visit,diagnosis) values (228,'2013-07-03','zrxzm');
insert into Hospital.Consulted(employee_number,certification_no,patient_registration_no,date_of_visit) values(107,107112233,228,'2013-07-03');
insert into Hospital.Treated_by(patient_registration_no,date_of_visit,employee_number,treatment) values(228,2013-07-03,64);
insert into Hospital.Prescribed(product_id,patient_registration_no,date_of_visit) values (197,228,'2013-07-03');
insert into Hospital.Visitation(patient_registration_no,date_of_visit,diagnosis) values (228,'2013-05-27','sfvpv');
insert into Hospital.Consulted(employee_number,certification_no,patient_registration_no,date_of_visit) values(89,89112233,228,'2013-05-27');
insert into Hospital.Treated_by(patient_registration_no,date_of_visit,employee_number,treatment) values(228,2013-05-27,209);
insert into Hospital.Prescribed(product_id,patient_registration_no,date_of_visit) values (152,228,'2013-05-27');
insert into Hospital.Patient (patient_registration_no, name, ssn, address,contact_no,emergency_contact_no) values ( 228,'kevok',302820061,'nuvhs',52812198,16192462);
insert into Hospital.Physician (employee_number, certification_no,specialization) values ( 228,228112233,'Anesthesiology');
insert into Hospital.Belongs_to(employee_number,department_id) values (228,1);
insert into Hospital.Pharmaceutical_product(product_id,cost,manufacturer) values(229,967.3709657396165,'anypo');
insert into Hospital.Batch(batch_id,manufacture_date,expiry_date) values (229,'2013-03-04','2013-04-19');
insert into Hospital.Production(product_id,batch_id) values (229,229);
insert into Hospital.Batch(batch_id,manufacture_date,expiry_date) values (230,'2013-03-04','2013-04-19');
insert into Hospital.Production(product_id,batch_id) values (229,230);
insert into Hospital.Batch(batch_id,manufacture_date,expiry_date) values (231,'2013-03-04','2013-04-19');
insert into Hospital.Production(product_id,batch_id) values (229,231);
insert into Hospital.Batch(batch_id,manufacture_date,expiry_date) values (232,'2013-03-04','2013-04-19');
insert into Hospital.Production(product_id,batch_id) values (229,232);
insert into Hospital.Batch(batch_id,manufacture_date,expiry_date) values (233,'2013-03-04','2013-04-19');
insert into Hospital.Production(product_id,batch_id) values (229,233);
insert into Hospital.Employees (employee_number, name, location, ssn, home_address,phone_number,designation) values ( 229,'jviwb','nzagbsbkglongsu',502273976,'kplyv',37424393,'Nurse');
insert into Hospital.Visitation(patient_registration_no,date_of_visit,diagnosis) values (229,'2013-10-20','kuvzk');
insert into Hospital.Consulted(employee_number,certification_no,patient_registration_no,date_of_visit) values(92,92112233,229,'2013-10-20');
insert into Hospital.Treated_by(patient_registration_no,date_of_visit,employee_number,treatment) values(229,2013-10-20,28);
insert into Hospital.Prescribed(product_id,patient_registration_no,date_of_visit) values (112,229,'2013-10-20');
insert into Hospital.Visitation(patient_registration_no,date_of_visit,diagnosis) values (229,'2013-01-16','eycbv');
insert into Hospital.Consulted(employee_number,certification_no,patient_registration_no,date_of_visit) values(94,94112233,229,'2013-01-16');
insert into Hospital.Treated_by(patient_registration_no,date_of_visit,employee_number,treatment) values(229,2013-01-16,115);
insert into Hospital.Prescribed(product_id,patient_registration_no,date_of_visit) values (173,229,'2013-01-16');
insert into Hospital.Visitation(patient_registration_no,date_of_visit,diagnosis) values (229,'2013-07-28','jzfca');
insert into Hospital.Consulted(employee_number,certification_no,patient_registration_no,date_of_visit) values(137,137112233,229,'2013-07-28');
insert into Hospital.Treated_by(patient_registration_no,date_of_visit,employee_number,treatment) values(229,2013-07-28,0);
insert into Hospital.Prescribed(product_id,patient_registration_no,date_of_visit) values (110,229,'2013-07-28');
insert into Hospital.Visitation(patient_registration_no,date_of_visit,diagnosis) values (229,'2013-03-08','hvtdb');
insert into Hospital.Consulted(employee_number,certification_no,patient_registration_no,date_of_visit) values(184,184112233,229,'2013-03-08');
insert into Hospital.Treated_by(patient_registration_no,date_of_visit,employee_number,treatment) values(229,2013-03-08,204);
insert into Hospital.Prescribed(product_id,patient_registration_no,date_of_visit) values (134,229,'2013-03-08');
insert into Hospital.Visitation(patient_registration_no,date_of_visit,diagnosis) values (229,'2013-07-30','wmzgs');
insert into Hospital.Consulted(employee_number,certification_no,patient_registration_no,date_of_visit) values(60,60112233,229,'2013-07-30');
insert into Hospital.Treated_by(patient_registration_no,date_of_visit,employee_number,treatment) values(229,2013-07-30,115);
insert into Hospital.Prescribed(product_id,patient_registration_no,date_of_visit) values (5,229,'2013-07-30');
insert into Hospital.Patient (patient_registration_no, name, ssn, address,contact_no,emergency_contact_no) values ( 229,'cwxbk',122056745,'qmfbm',98527463,69144722);
insert into Hospital.Takes (employee_number,shift_name ) values ( 229,'evening');
insert into Hospital.Belongs_to(employee_number,department_id) values (229,3);
insert into Hospital.Pharmaceutical_product(product_id,cost,manufacturer) values(230,618.0614816161332,'nzgnf');
insert into Hospital.Batch(batch_id,manufacture_date,expiry_date) values (230,'2013-08-13','2013-09-06');
insert into Hospital.Production(product_id,batch_id) values (230,230);
insert into Hospital.Batch(batch_id,manufacture_date,expiry_date) values (231,'2013-08-13','2013-09-06');
insert into Hospital.Production(product_id,batch_id) values (230,231);
insert into Hospital.Batch(batch_id,manufacture_date,expiry_date) values (232,'2013-08-13','2013-09-06');
insert into Hospital.Production(product_id,batch_id) values (230,232);
insert into Hospital.Batch(batch_id,manufacture_date,expiry_date) values (233,'2013-08-13','2013-09-06');
insert into Hospital.Production(product_id,batch_id) values (230,233);
insert into Hospital.Batch(batch_id,manufacture_date,expiry_date) values (234,'2013-08-13','2013-09-06');
insert into Hospital.Production(product_id,batch_id) values (230,234);
insert into Hospital.Medicine(product_id,medicine_name,dosage) values (230,'ubhxm','nxoft');
insert into Hospital.Employees (employee_number, name, location, ssn, home_address,phone_number,designation) values ( 230,'kehxn','hkvbzgqtpgjwahr',25669844,'gylrf',65331651,'Doctor');
insert into Hospital.Visitation(patient_registration_no,date_of_visit,diagnosis) values (230,'2013-06-10','wbnlc');
insert into Hospital.Consulted(employee_number,certification_no,patient_registration_no,date_of_visit) values(21,21112233,230,'2013-06-10');
insert into Hospital.Treated_by(patient_registration_no,date_of_visit,employee_number,treatment) values(230,2013-06-10,91);
insert into Hospital.Prescribed(product_id,patient_registration_no,date_of_visit) values (197,230,'2013-06-10');
insert into Hospital.Visitation(patient_registration_no,date_of_visit,diagnosis) values (230,'2013-08-18','ttdvv');
insert into Hospital.Consulted(employee_number,certification_no,patient_registration_no,date_of_visit) values(193,193112233,230,'2013-08-18');
insert into Hospital.Treated_by(patient_registration_no,date_of_visit,employee_number,treatment) values(230,2013-08-18,10);
insert into Hospital.Prescribed(product_id,patient_registration_no,date_of_visit) values (84,230,'2013-08-18');
insert into Hospital.Visitation(patient_registration_no,date_of_visit,diagnosis) values (230,'2013-08-15','bmohp');
insert into Hospital.Consulted(employee_number,certification_no,patient_registration_no,date_of_visit) values(128,128112233,230,'2013-08-15');
insert into Hospital.Treated_by(patient_registration_no,date_of_visit,employee_number,treatment) values(230,2013-08-15,71);
insert into Hospital.Prescribed(product_id,patient_registration_no,date_of_visit) values (105,230,'2013-08-15');
insert into Hospital.Visitation(patient_registration_no,date_of_visit,diagnosis) values (230,'2013-06-13','xxcel');
insert into Hospital.Consulted(employee_number,certification_no,patient_registration_no,date_of_visit) values(192,192112233,230,'2013-06-13');
insert into Hospital.Treated_by(patient_registration_no,date_of_visit,employee_number,treatment) values(230,2013-06-13,52);
insert into Hospital.Prescribed(product_id,patient_registration_no,date_of_visit) values (112,230,'2013-06-13');
insert into Hospital.Visitation(patient_registration_no,date_of_visit,diagnosis) values (230,'2013-03-08','xkukc');
insert into Hospital.Consulted(employee_number,certification_no,patient_registration_no,date_of_visit) values(43,43112233,230,'2013-03-08');
insert into Hospital.Treated_by(patient_registration_no,date_of_visit,employee_number,treatment) values(230,2013-03-08,224);
insert into Hospital.Prescribed(product_id,patient_registration_no,date_of_visit) values (170,230,'2013-03-08');
insert into Hospital.Patient (patient_registration_no, name, ssn, address,contact_no,emergency_contact_no) values ( 230,'qtywu',893750284,'nbpeq',38094140,14428802);
insert into Hospital.Physician (employee_number, certification_no,specialization) values ( 230,230112233,'Dermatology');
insert into Hospital.Belongs_to(employee_number,department_id) values (230,1);
insert into Hospital.Pharmaceutical_product(product_id,cost,manufacturer) values(231,888.4063992807456,'cvzbg');
insert into Hospital.Employees (employee_number, name, location, ssn, home_address,phone_number,designation) values ( 231,'cublc','wbieumxstslshzv',412562096,'zhhmu',21756786,'Radiology');
insert into Hospital.Visitation(patient_registration_no,date_of_visit,diagnosis) values (231,'2013-09-28','ydmpc');
insert into Hospital.Consulted(employee_number,certification_no,patient_registration_no,date_of_visit) values(46,46112233,231,'2013-09-28');
insert into Hospital.Treated_by(patient_registration_no,date_of_visit,employee_number,treatment) values(231,2013-09-28,91);
insert into Hospital.Prescribed(product_id,patient_registration_no,date_of_visit) values (34,231,'2013-09-28');
insert into Hospital.Visitation(patient_registration_no,date_of_visit,diagnosis) values (231,'2013-07-07','distb');
insert into Hospital.Consulted(employee_number,certification_no,patient_registration_no,date_of_visit) values(139,139112233,231,'2013-07-07');
insert into Hospital.Treated_by(patient_registration_no,date_of_visit,employee_number,treatment) values(231,2013-07-07,164);
insert into Hospital.Prescribed(product_id,patient_registration_no,date_of_visit) values (12,231,'2013-07-07');
insert into Hospital.Visitation(patient_registration_no,date_of_visit,diagnosis) values (231,'2013-01-07','zkuqj');
insert into Hospital.Consulted(employee_number,certification_no,patient_registration_no,date_of_visit) values(184,184112233,231,'2013-01-07');
insert into Hospital.Treated_by(patient_registration_no,date_of_visit,employee_number,treatment) values(231,2013-01-07,224);
insert into Hospital.Prescribed(product_id,patient_registration_no,date_of_visit) values (173,231,'2013-01-07');
insert into Hospital.Visitation(patient_registration_no,date_of_visit,diagnosis) values (231,'2013-03-23','ocgjs');
insert into Hospital.Consulted(employee_number,certification_no,patient_registration_no,date_of_visit) values(222,222112233,231,'2013-03-23');
insert into Hospital.Treated_by(patient_registration_no,date_of_visit,employee_number,treatment) values(231,2013-03-23,67);
insert into Hospital.Prescribed(product_id,patient_registration_no,date_of_visit) values (41,231,'2013-03-23');
insert into Hospital.Visitation(patient_registration_no,date_of_visit,diagnosis) values (231,'2013-04-21','bwlya');
insert into Hospital.Consulted(employee_number,certification_no,patient_registration_no,date_of_visit) values(89,89112233,231,'2013-04-21');
insert into Hospital.Treated_by(patient_registration_no,date_of_visit,employee_number,treatment) values(231,2013-04-21,91);
insert into Hospital.Prescribed(product_id,patient_registration_no,date_of_visit) values (49,231,'2013-04-21');
insert into Hospital.Patient (patient_registration_no, name, ssn, address,contact_no,emergency_contact_no) values ( 231,'qbfjr',482748859,'xxrxy',25306868,55055505);
insert into Hospital.Takes (employee_number,shift_name ) values ( 231,'evening');
insert into Hospital.Belongs_to(employee_number,department_id) values (231,3);
insert into Hospital.Pharmaceutical_product(product_id,cost,manufacturer) values(232,344.6505842591046,'nevhe');
insert into Hospital.Batch(batch_id,manufacture_date,expiry_date) values (232,'2013-01-28','2013-03-18');
insert into Hospital.Production(product_id,batch_id) values (232,232);
insert into Hospital.Batch(batch_id,manufacture_date,expiry_date) values (233,'2013-01-28','2013-03-18');
insert into Hospital.Production(product_id,batch_id) values (232,233);
insert into Hospital.Batch(batch_id,manufacture_date,expiry_date) values (234,'2013-01-28','2013-03-18');
insert into Hospital.Production(product_id,batch_id) values (232,234);
insert into Hospital.Batch(batch_id,manufacture_date,expiry_date) values (235,'2013-01-28','2013-03-18');
insert into Hospital.Production(product_id,batch_id) values (232,235);
insert into Hospital.Batch(batch_id,manufacture_date,expiry_date) values (236,'2013-01-28','2013-03-18');
insert into Hospital.Production(product_id,batch_id) values (232,236);
insert into Hospital.Medicine(product_id,medicine_name,dosage) values (232,'svpoo','fxzpj');
insert into Hospital.Employees (employee_number, name, location, ssn, home_address,phone_number,designation) values ( 232,'eimqo','nnpjapxejeekzyx',925426825,'bmgfj',81264889,'Doctor');
insert into Hospital.Visitation(patient_registration_no,date_of_visit,diagnosis) values (232,'2013-07-05','forma');
insert into Hospital.Consulted(employee_number,certification_no,patient_registration_no,date_of_visit) values(8,8112233,232,'2013-07-05');
insert into Hospital.Treated_by(patient_registration_no,date_of_visit,employee_number,treatment) values(232,2013-07-05,143);
insert into Hospital.Prescribed(product_id,patient_registration_no,date_of_visit) values (180,232,'2013-07-05');
insert into Hospital.Visitation(patient_registration_no,date_of_visit,diagnosis) values (232,'2013-03-25','dwzfk');
insert into Hospital.Consulted(employee_number,certification_no,patient_registration_no,date_of_visit) values(214,214112233,232,'2013-03-25');
insert into Hospital.Treated_by(patient_registration_no,date_of_visit,employee_number,treatment) values(232,2013-03-25,189);
insert into Hospital.Prescribed(product_id,patient_registration_no,date_of_visit) values (218,232,'2013-03-25');
insert into Hospital.Visitation(patient_registration_no,date_of_visit,diagnosis) values (232,'2013-03-17','tkmen');
insert into Hospital.Consulted(employee_number,certification_no,patient_registration_no,date_of_visit) values(230,230112233,232,'2013-03-17');
insert into Hospital.Treated_by(patient_registration_no,date_of_visit,employee_number,treatment) values(232,2013-03-17,84);
insert into Hospital.Prescribed(product_id,patient_registration_no,date_of_visit) values (78,232,'2013-03-17');
insert into Hospital.Visitation(patient_registration_no,date_of_visit,diagnosis) values (232,'2013-01-23','zrfhx');
insert into Hospital.Consulted(employee_number,certification_no,patient_registration_no,date_of_visit) values(208,208112233,232,'2013-01-23');
insert into Hospital.Treated_by(patient_registration_no,date_of_visit,employee_number,treatment) values(232,2013-01-23,115);
insert into Hospital.Prescribed(product_id,patient_registration_no,date_of_visit) values (31,232,'2013-01-23');
insert into Hospital.Visitation(patient_registration_no,date_of_visit,diagnosis) values (232,'2013-06-21','clwia');
insert into Hospital.Consulted(employee_number,certification_no,patient_registration_no,date_of_visit) values(176,176112233,232,'2013-06-21');
insert into Hospital.Treated_by(patient_registration_no,date_of_visit,employee_number,treatment) values(232,2013-06-21,178);
insert into Hospital.Prescribed(product_id,patient_registration_no,date_of_visit) values (119,232,'2013-06-21');
insert into Hospital.Patient (patient_registration_no, name, ssn, address,contact_no,emergency_contact_no) values ( 232,'oetjf',106472623,'urixs',23413185,24539940);
insert into Hospital.Physician (employee_number, certification_no,specialization) values ( 232,232112233,'Anesthesiology');
insert into Hospital.Belongs_to(employee_number,department_id) values (232,1);
insert into Hospital.Pharmaceutical_product(product_id,cost,manufacturer) values(233,527.7886475295787,'tvchy');
insert into Hospital.Batch(batch_id,manufacture_date,expiry_date) values (233,'2013-04-04','2013-08-11');
insert into Hospital.Production(product_id,batch_id) values (233,233);
insert into Hospital.Batch(batch_id,manufacture_date,expiry_date) values (234,'2013-04-04','2013-08-11');
insert into Hospital.Production(product_id,batch_id) values (233,234);
insert into Hospital.Batch(batch_id,manufacture_date,expiry_date) values (235,'2013-04-04','2013-08-11');
insert into Hospital.Production(product_id,batch_id) values (233,235);
insert into Hospital.Batch(batch_id,manufacture_date,expiry_date) values (236,'2013-04-04','2013-08-11');
insert into Hospital.Production(product_id,batch_id) values (233,236);
insert into Hospital.Batch(batch_id,manufacture_date,expiry_date) values (237,'2013-04-04','2013-08-11');
insert into Hospital.Production(product_id,batch_id) values (233,237);
insert into Hospital.Medicine(product_id,medicine_name,dosage) values (233,'jrqud','cnzam');
insert into Hospital.Employees (employee_number, name, location, ssn, home_address,phone_number,designation) values ( 233,'jnmmm','atxxwelyuwernrl',469682662,'nsffy',47254471,'Radiology');
insert into Hospital.Visitation(patient_registration_no,date_of_visit,diagnosis) values (233,'2013-01-27','deiyk');
insert into Hospital.Consulted(employee_number,certification_no,patient_registration_no,date_of_visit) values(181,181112233,233,'2013-01-27');
insert into Hospital.Treated_by(patient_registration_no,date_of_visit,employee_number,treatment) values(233,2013-01-27,71);
insert into Hospital.Prescribed(product_id,patient_registration_no,date_of_visit) values (3,233,'2013-01-27');
insert into Hospital.Visitation(patient_registration_no,date_of_visit,diagnosis) values (233,'2013-08-12','haozy');
insert into Hospital.Consulted(employee_number,certification_no,patient_registration_no,date_of_visit) values(43,43112233,233,'2013-08-12');
insert into Hospital.Treated_by(patient_registration_no,date_of_visit,employee_number,treatment) values(233,2013-08-12,71);
insert into Hospital.Prescribed(product_id,patient_registration_no,date_of_visit) values (182,233,'2013-08-12');
insert into Hospital.Visitation(patient_registration_no,date_of_visit,diagnosis) values (233,'2013-08-15','ainse');
insert into Hospital.Consulted(employee_number,certification_no,patient_registration_no,date_of_visit) values(141,141112233,233,'2013-08-15');
insert into Hospital.Treated_by(patient_registration_no,date_of_visit,employee_number,treatment) values(233,2013-08-15,19);
insert into Hospital.Prescribed(product_id,patient_registration_no,date_of_visit) values (99,233,'2013-08-15');
insert into Hospital.Visitation(patient_registration_no,date_of_visit,diagnosis) values (233,'2013-06-18','upsmh');
insert into Hospital.Consulted(employee_number,certification_no,patient_registration_no,date_of_visit) values(55,55112233,233,'2013-06-18');
insert into Hospital.Treated_by(patient_registration_no,date_of_visit,employee_number,treatment) values(233,2013-06-18,49);
insert into Hospital.Prescribed(product_id,patient_registration_no,date_of_visit) values (119,233,'2013-06-18');
insert into Hospital.Visitation(patient_registration_no,date_of_visit,diagnosis) values (233,'2013-09-26','lfahm');
insert into Hospital.Consulted(employee_number,certification_no,patient_registration_no,date_of_visit) values(228,228112233,233,'2013-09-26');
insert into Hospital.Treated_by(patient_registration_no,date_of_visit,employee_number,treatment) values(233,2013-09-26,104);
insert into Hospital.Prescribed(product_id,patient_registration_no,date_of_visit) values (147,233,'2013-09-26');
insert into Hospital.Patient (patient_registration_no, name, ssn, address,contact_no,emergency_contact_no) values ( 233,'vwrrf',991362634,'tslmn',85923332,85549805);
insert into Hospital.Takes (employee_number,shift_name ) values ( 233,'night');
insert into Hospital.Belongs_to(employee_number,department_id) values (233,3);
insert into Hospital.Pharmaceutical_product(product_id,cost,manufacturer) values(234,31.572179683542082,'cgrsn');
insert into Hospital.Batch(batch_id,manufacture_date,expiry_date) values (234,'2013-05-04','2013-07-07');
insert into Hospital.Production(product_id,batch_id) values (234,234);
insert into Hospital.Batch(batch_id,manufacture_date,expiry_date) values (235,'2013-05-04','2013-07-07');
insert into Hospital.Production(product_id,batch_id) values (234,235);
insert into Hospital.Batch(batch_id,manufacture_date,expiry_date) values (236,'2013-05-04','2013-07-07');
insert into Hospital.Production(product_id,batch_id) values (234,236);
insert into Hospital.Batch(batch_id,manufacture_date,expiry_date) values (237,'2013-05-04','2013-07-07');
insert into Hospital.Production(product_id,batch_id) values (234,237);
insert into Hospital.Batch(batch_id,manufacture_date,expiry_date) values (238,'2013-05-04','2013-07-07');
insert into Hospital.Production(product_id,batch_id) values (234,238);
insert into Hospital.Medicine(product_id,medicine_name,dosage) values (234,'geymy','hwbvo');
insert into Hospital.Employees (employee_number, name, location, ssn, home_address,phone_number,designation) values ( 234,'tsmrp','oapqnksrmafwkuc',149896565,'yvfak',56152086,'Nurse');
insert into Hospital.Visitation(patient_registration_no,date_of_visit,diagnosis) values (234,'2013-05-11','rvylw');
insert into Hospital.Consulted(employee_number,certification_no,patient_registration_no,date_of_visit) values(208,208112233,234,'2013-05-11');
insert into Hospital.Treated_by(patient_registration_no,date_of_visit,employee_number,treatment) values(234,2013-05-11,186);
insert into Hospital.Prescribed(product_id,patient_registration_no,date_of_visit) values (65,234,'2013-05-11');
insert into Hospital.Visitation(patient_registration_no,date_of_visit,diagnosis) values (234,'2013-03-01','vcqgu');
insert into Hospital.Consulted(employee_number,certification_no,patient_registration_no,date_of_visit) values(181,181112233,234,'2013-03-01');
insert into Hospital.Treated_by(patient_registration_no,date_of_visit,employee_number,treatment) values(234,2013-03-01,48);
insert into Hospital.Prescribed(product_id,patient_registration_no,date_of_visit) values (105,234,'2013-03-01');
insert into Hospital.Visitation(patient_registration_no,date_of_visit,diagnosis) values (234,'2013-04-10','pkqxu');
insert into Hospital.Consulted(employee_number,certification_no,patient_registration_no,date_of_visit) values(9,9112233,234,'2013-04-10');
insert into Hospital.Treated_by(patient_registration_no,date_of_visit,employee_number,treatment) values(234,2013-04-10,126);
insert into Hospital.Prescribed(product_id,patient_registration_no,date_of_visit) values (173,234,'2013-04-10');
insert into Hospital.Visitation(patient_registration_no,date_of_visit,diagnosis) values (234,'2013-04-19','vklwl');
insert into Hospital.Consulted(employee_number,certification_no,patient_registration_no,date_of_visit) values(113,113112233,234,'2013-04-19');
insert into Hospital.Treated_by(patient_registration_no,date_of_visit,employee_number,treatment) values(234,2013-04-19,224);
insert into Hospital.Prescribed(product_id,patient_registration_no,date_of_visit) values (104,234,'2013-04-19');
insert into Hospital.Visitation(patient_registration_no,date_of_visit,diagnosis) values (234,'2013-07-26','ipfzx');
insert into Hospital.Consulted(employee_number,certification_no,patient_registration_no,date_of_visit) values(35,35112233,234,'2013-07-26');
insert into Hospital.Treated_by(patient_registration_no,date_of_visit,employee_number,treatment) values(234,2013-07-26,231);
insert into Hospital.Prescribed(product_id,patient_registration_no,date_of_visit) values (197,234,'2013-07-26');
insert into Hospital.Patient (patient_registration_no, name, ssn, address,contact_no,emergency_contact_no) values ( 234,'xjwuc',36768327,'catkc',21890085,90379918);
insert into Hospital.Takes (employee_number,shift_name ) values ( 234,'night');
insert into Hospital.Belongs_to(employee_number,department_id) values (234,3);
insert into Hospital.Pharmaceutical_product(product_id,cost,manufacturer) values(235,394.24692691381154,'wuwko');
insert into Hospital.Medicine(product_id,medicine_name,dosage) values (235,'cgkrj','rltzp');
insert into Hospital.Employees (employee_number, name, location, ssn, home_address,phone_number,designation) values ( 235,'hgopo','aewpfnkuxkzejeu',415987583,'saing',32345540,'Nurse');
insert into Hospital.Visitation(patient_registration_no,date_of_visit,diagnosis) values (235,'2013-04-22','fafec');
insert into Hospital.Consulted(employee_number,certification_no,patient_registration_no,date_of_visit) values(133,133112233,235,'2013-04-22');
insert into Hospital.Treated_by(patient_registration_no,date_of_visit,employee_number,treatment) values(235,2013-04-22,83);
insert into Hospital.Prescribed(product_id,patient_registration_no,date_of_visit) values (140,235,'2013-04-22');
insert into Hospital.Visitation(patient_registration_no,date_of_visit,diagnosis) values (235,'2013-07-26','rthau');
insert into Hospital.Consulted(employee_number,certification_no,patient_registration_no,date_of_visit) values(23,23112233,235,'2013-07-26');
insert into Hospital.Treated_by(patient_registration_no,date_of_visit,employee_number,treatment) values(235,2013-07-26,224);
insert into Hospital.Prescribed(product_id,patient_registration_no,date_of_visit) values (78,235,'2013-07-26');
insert into Hospital.Visitation(patient_registration_no,date_of_visit,diagnosis) values (235,'2013-05-08','tlsbc');
insert into Hospital.Consulted(employee_number,certification_no,patient_registration_no,date_of_visit) values(37,37112233,235,'2013-05-08');
insert into Hospital.Treated_by(patient_registration_no,date_of_visit,employee_number,treatment) values(235,2013-05-08,164);
insert into Hospital.Prescribed(product_id,patient_registration_no,date_of_visit) values (8,235,'2013-05-08');
insert into Hospital.Visitation(patient_registration_no,date_of_visit,diagnosis) values (235,'2013-01-21','dniqv');
insert into Hospital.Consulted(employee_number,certification_no,patient_registration_no,date_of_visit) values(45,45112233,235,'2013-01-21');
insert into Hospital.Treated_by(patient_registration_no,date_of_visit,employee_number,treatment) values(235,2013-01-21,126);
insert into Hospital.Prescribed(product_id,patient_registration_no,date_of_visit) values (140,235,'2013-01-21');
insert into Hospital.Visitation(patient_registration_no,date_of_visit,diagnosis) values (235,'2013-08-02','jwzvh');
insert into Hospital.Consulted(employee_number,certification_no,patient_registration_no,date_of_visit) values(37,37112233,235,'2013-08-02');
insert into Hospital.Treated_by(patient_registration_no,date_of_visit,employee_number,treatment) values(235,2013-08-02,203);
insert into Hospital.Prescribed(product_id,patient_registration_no,date_of_visit) values (108,235,'2013-08-02');
insert into Hospital.Patient (patient_registration_no, name, ssn, address,contact_no,emergency_contact_no) values ( 235,'nsjsq',508610069,'bzrbs',27315542,88398518);
insert into Hospital.Takes (employee_number,shift_name ) values ( 235,'morning');
insert into Hospital.Belongs_to(employee_number,department_id) values (235,3);
insert into Hospital.Pharmaceutical_product(product_id,cost,manufacturer) values(236,31.359398095621685,'rnsio');
insert into Hospital.Batch(batch_id,manufacture_date,expiry_date) values (236,'2013-06-08','2013-10-03');
insert into Hospital.Production(product_id,batch_id) values (236,236);
insert into Hospital.Batch(batch_id,manufacture_date,expiry_date) values (237,'2013-06-08','2013-10-03');
insert into Hospital.Production(product_id,batch_id) values (236,237);
insert into Hospital.Batch(batch_id,manufacture_date,expiry_date) values (238,'2013-06-08','2013-10-03');
insert into Hospital.Production(product_id,batch_id) values (236,238);
insert into Hospital.Batch(batch_id,manufacture_date,expiry_date) values (239,'2013-06-08','2013-10-03');
insert into Hospital.Production(product_id,batch_id) values (236,239);
insert into Hospital.Batch(batch_id,manufacture_date,expiry_date) values (240,'2013-06-08','2013-10-03');
insert into Hospital.Production(product_id,batch_id) values (236,240);
insert into Hospital.Employees (employee_number, name, location, ssn, home_address,phone_number,designation) values ( 236,'hsezg','oxinzwnwjvfjjxg',141286109,'hohrp',68702769,'Administration');
insert into Hospital.Visitation(patient_registration_no,date_of_visit,diagnosis) values (236,'2013-10-22','gccnw');
insert into Hospital.Consulted(employee_number,certification_no,patient_registration_no,date_of_visit) values(94,94112233,236,'2013-10-22');
insert into Hospital.Treated_by(patient_registration_no,date_of_visit,employee_number,treatment) values(236,2013-10-22,87);
insert into Hospital.Prescribed(product_id,patient_registration_no,date_of_visit) values (28,236,'2013-10-22');
insert into Hospital.Visitation(patient_registration_no,date_of_visit,diagnosis) values (236,'2013-01-10','rrepg');
insert into Hospital.Consulted(employee_number,certification_no,patient_registration_no,date_of_visit) values(85,85112233,236,'2013-01-10');
insert into Hospital.Treated_by(patient_registration_no,date_of_visit,employee_number,treatment) values(236,2013-01-10,164);
insert into Hospital.Prescribed(product_id,patient_registration_no,date_of_visit) values (131,236,'2013-01-10');
insert into Hospital.Visitation(patient_registration_no,date_of_visit,diagnosis) values (236,'2013-05-06','dishe');
insert into Hospital.Consulted(employee_number,certification_no,patient_registration_no,date_of_visit) values(161,161112233,236,'2013-05-06');
insert into Hospital.Treated_by(patient_registration_no,date_of_visit,employee_number,treatment) values(236,2013-05-06,221);
insert into Hospital.Prescribed(product_id,patient_registration_no,date_of_visit) values (225,236,'2013-05-06');
insert into Hospital.Visitation(patient_registration_no,date_of_visit,diagnosis) values (236,'2013-09-29','qaovi');
insert into Hospital.Consulted(employee_number,certification_no,patient_registration_no,date_of_visit) values(128,128112233,236,'2013-09-29');
insert into Hospital.Treated_by(patient_registration_no,date_of_visit,employee_number,treatment) values(236,2013-09-29,212);
insert into Hospital.Prescribed(product_id,patient_registration_no,date_of_visit) values (85,236,'2013-09-29');
insert into Hospital.Visitation(patient_registration_no,date_of_visit,diagnosis) values (236,'2013-06-25','jlkyx');
insert into Hospital.Consulted(employee_number,certification_no,patient_registration_no,date_of_visit) values(116,116112233,236,'2013-06-25');
insert into Hospital.Treated_by(patient_registration_no,date_of_visit,employee_number,treatment) values(236,2013-06-25,212);
insert into Hospital.Prescribed(product_id,patient_registration_no,date_of_visit) values (204,236,'2013-06-25');
insert into Hospital.Patient (patient_registration_no, name, ssn, address,contact_no,emergency_contact_no) values ( 236,'pxyed',235825393,'witgh',58217669,84323971);
insert into Hospital.Belongs_to(employee_number,department_id) values (236,2);
insert into Hospital.Pharmaceutical_product(product_id,cost,manufacturer) values(237,841.8640134256756,'hwnkb');
insert into Hospital.Employees (employee_number, name, location, ssn, home_address,phone_number,designation) values ( 237,'eipgj','setxznefwnfzfzh',642806800,'tyecp',44717275,'Radiology');
insert into Hospital.Visitation(patient_registration_no,date_of_visit,diagnosis) values (237,'2013-06-09','xsgep');
insert into Hospital.Consulted(employee_number,certification_no,patient_registration_no,date_of_visit) values(85,85112233,237,'2013-06-09');
insert into Hospital.Treated_by(patient_registration_no,date_of_visit,employee_number,treatment) values(237,2013-06-09,63);
insert into Hospital.Prescribed(product_id,patient_registration_no,date_of_visit) values (85,237,'2013-06-09');
insert into Hospital.Visitation(patient_registration_no,date_of_visit,diagnosis) values (237,'2013-02-19','flsii');
insert into Hospital.Consulted(employee_number,certification_no,patient_registration_no,date_of_visit) values(133,133112233,237,'2013-02-19');
insert into Hospital.Treated_by(patient_registration_no,date_of_visit,employee_number,treatment) values(237,2013-02-19,173);
insert into Hospital.Prescribed(product_id,patient_registration_no,date_of_visit) values (57,237,'2013-02-19');
insert into Hospital.Visitation(patient_registration_no,date_of_visit,diagnosis) values (237,'2013-09-19','ukmvu');
insert into Hospital.Consulted(employee_number,certification_no,patient_registration_no,date_of_visit) values(232,232112233,237,'2013-09-19');
insert into Hospital.Treated_by(patient_registration_no,date_of_visit,employee_number,treatment) values(237,2013-09-19,173);
insert into Hospital.Prescribed(product_id,patient_registration_no,date_of_visit) values (78,237,'2013-09-19');
insert into Hospital.Visitation(patient_registration_no,date_of_visit,diagnosis) values (237,'2013-07-30','bqdzv');
insert into Hospital.Consulted(employee_number,certification_no,patient_registration_no,date_of_visit) values(58,58112233,237,'2013-07-30');
insert into Hospital.Treated_by(patient_registration_no,date_of_visit,employee_number,treatment) values(237,2013-07-30,157);
insert into Hospital.Prescribed(product_id,patient_registration_no,date_of_visit) values (41,237,'2013-07-30');
insert into Hospital.Visitation(patient_registration_no,date_of_visit,diagnosis) values (237,'2013-02-02','rezow');
insert into Hospital.Consulted(employee_number,certification_no,patient_registration_no,date_of_visit) values(92,92112233,237,'2013-02-02');
insert into Hospital.Treated_by(patient_registration_no,date_of_visit,employee_number,treatment) values(237,2013-02-02,186);
insert into Hospital.Prescribed(product_id,patient_registration_no,date_of_visit) values (70,237,'2013-02-02');
insert into Hospital.Patient (patient_registration_no, name, ssn, address,contact_no,emergency_contact_no) values ( 237,'crcrx',979149496,'dybbk',78654260,71628069);
insert into Hospital.Takes (employee_number,shift_name ) values ( 237,'morning');
insert into Hospital.Belongs_to(employee_number,department_id) values (237,3);
insert into Hospital.Pharmaceutical_product(product_id,cost,manufacturer) values(238,755.7568582694373,'ntfuq');
insert into Hospital.Batch(batch_id,manufacture_date,expiry_date) values (238,'2013-01-13','2013-05-27');
insert into Hospital.Production(product_id,batch_id) values (238,238);
insert into Hospital.Batch(batch_id,manufacture_date,expiry_date) values (239,'2013-01-13','2013-05-27');
insert into Hospital.Production(product_id,batch_id) values (238,239);
insert into Hospital.Batch(batch_id,manufacture_date,expiry_date) values (240,'2013-01-13','2013-05-27');
insert into Hospital.Production(product_id,batch_id) values (238,240);
insert into Hospital.Batch(batch_id,manufacture_date,expiry_date) values (241,'2013-01-13','2013-05-27');
insert into Hospital.Production(product_id,batch_id) values (238,241);
insert into Hospital.Batch(batch_id,manufacture_date,expiry_date) values (242,'2013-01-13','2013-05-27');
insert into Hospital.Production(product_id,batch_id) values (238,242);
insert into Hospital.Employees (employee_number, name, location, ssn, home_address,phone_number,designation) values ( 238,'jvipi','brjffmmcqocihvp',951498797,'ijuti',34423172,'Doctor');
insert into Hospital.Visitation(patient_registration_no,date_of_visit,diagnosis) values (238,'2013-08-08','nelgq');
insert into Hospital.Consulted(employee_number,certification_no,patient_registration_no,date_of_visit) values(141,141112233,238,'2013-08-08');
insert into Hospital.Treated_by(patient_registration_no,date_of_visit,employee_number,treatment) values(238,2013-08-08,50);
insert into Hospital.Prescribed(product_id,patient_registration_no,date_of_visit) values (191,238,'2013-08-08');
insert into Hospital.Visitation(patient_registration_no,date_of_visit,diagnosis) values (238,'2013-06-24','mdxje');
insert into Hospital.Consulted(employee_number,certification_no,patient_registration_no,date_of_visit) values(175,175112233,238,'2013-06-24');
insert into Hospital.Treated_by(patient_registration_no,date_of_visit,employee_number,treatment) values(238,2013-06-24,61);
insert into Hospital.Prescribed(product_id,patient_registration_no,date_of_visit) values (111,238,'2013-06-24');
insert into Hospital.Visitation(patient_registration_no,date_of_visit,diagnosis) values (238,'2013-10-19','iehie');
insert into Hospital.Consulted(employee_number,certification_no,patient_registration_no,date_of_visit) values(66,66112233,238,'2013-10-19');
insert into Hospital.Treated_by(patient_registration_no,date_of_visit,employee_number,treatment) values(238,2013-10-19,203);
insert into Hospital.Prescribed(product_id,patient_registration_no,date_of_visit) values (196,238,'2013-10-19');
insert into Hospital.Visitation(patient_registration_no,date_of_visit,diagnosis) values (238,'2013-01-12','grfua');
insert into Hospital.Consulted(employee_number,certification_no,patient_registration_no,date_of_visit) values(130,130112233,238,'2013-01-12');
insert into Hospital.Treated_by(patient_registration_no,date_of_visit,employee_number,treatment) values(238,2013-01-12,125);
insert into Hospital.Prescribed(product_id,patient_registration_no,date_of_visit) values (153,238,'2013-01-12');
insert into Hospital.Visitation(patient_registration_no,date_of_visit,diagnosis) values (238,'2013-10-08','zpyhh');
insert into Hospital.Consulted(employee_number,certification_no,patient_registration_no,date_of_visit) values(175,175112233,238,'2013-10-08');
insert into Hospital.Treated_by(patient_registration_no,date_of_visit,employee_number,treatment) values(238,2013-10-08,172);
insert into Hospital.Prescribed(product_id,patient_registration_no,date_of_visit) values (148,238,'2013-10-08');
insert into Hospital.Patient (patient_registration_no, name, ssn, address,contact_no,emergency_contact_no) values ( 238,'cjako',799144789,'andfu',55418029,13639200);
insert into Hospital.Physician (employee_number, certification_no,specialization) values ( 238,238112233,'Pediatrics');
insert into Hospital.Belongs_to(employee_number,department_id) values (238,1);
insert into Hospital.Pharmaceutical_product(product_id,cost,manufacturer) values(239,304.88542777552345,'beyqm');
insert into Hospital.Batch(batch_id,manufacture_date,expiry_date) values (239,'2013-05-12','2013-09-08');
insert into Hospital.Production(product_id,batch_id) values (239,239);
insert into Hospital.Batch(batch_id,manufacture_date,expiry_date) values (240,'2013-05-12','2013-09-08');
insert into Hospital.Production(product_id,batch_id) values (239,240);
insert into Hospital.Batch(batch_id,manufacture_date,expiry_date) values (241,'2013-05-12','2013-09-08');
insert into Hospital.Production(product_id,batch_id) values (239,241);
insert into Hospital.Batch(batch_id,manufacture_date,expiry_date) values (242,'2013-05-12','2013-09-08');
insert into Hospital.Production(product_id,batch_id) values (239,242);
insert into Hospital.Batch(batch_id,manufacture_date,expiry_date) values (243,'2013-05-12','2013-09-08');
insert into Hospital.Production(product_id,batch_id) values (239,243);
insert into Hospital.Employees (employee_number, name, location, ssn, home_address,phone_number,designation) values ( 239,'mzvzt','sibzjjomlnvhliv',768628144,'wsgll',24692392,'Nurse');
insert into Hospital.Visitation(patient_registration_no,date_of_visit,diagnosis) values (239,'2013-05-31','juokz');
insert into Hospital.Consulted(employee_number,certification_no,patient_registration_no,date_of_visit) values(41,41112233,239,'2013-05-31');
insert into Hospital.Treated_by(patient_registration_no,date_of_visit,employee_number,treatment) values(239,2013-05-31,165);
insert into Hospital.Prescribed(product_id,patient_registration_no,date_of_visit) values (222,239,'2013-05-31');
insert into Hospital.Visitation(patient_registration_no,date_of_visit,diagnosis) values (239,'2013-01-09','acyjv');
insert into Hospital.Consulted(employee_number,certification_no,patient_registration_no,date_of_visit) values(137,137112233,239,'2013-01-09');
insert into Hospital.Treated_by(patient_registration_no,date_of_visit,employee_number,treatment) values(239,2013-01-09,71);
insert into Hospital.Prescribed(product_id,patient_registration_no,date_of_visit) values (63,239,'2013-01-09');
insert into Hospital.Visitation(patient_registration_no,date_of_visit,diagnosis) values (239,'2013-05-26','zwdxm');
insert into Hospital.Consulted(employee_number,certification_no,patient_registration_no,date_of_visit) values(194,194112233,239,'2013-05-26');
insert into Hospital.Treated_by(patient_registration_no,date_of_visit,employee_number,treatment) values(239,2013-05-26,196);
insert into Hospital.Prescribed(product_id,patient_registration_no,date_of_visit) values (27,239,'2013-05-26');
insert into Hospital.Visitation(patient_registration_no,date_of_visit,diagnosis) values (239,'2013-02-11','yerju');
insert into Hospital.Consulted(employee_number,certification_no,patient_registration_no,date_of_visit) values(51,51112233,239,'2013-02-11');
insert into Hospital.Treated_by(patient_registration_no,date_of_visit,employee_number,treatment) values(239,2013-02-11,169);
insert into Hospital.Prescribed(product_id,patient_registration_no,date_of_visit) values (146,239,'2013-02-11');
insert into Hospital.Visitation(patient_registration_no,date_of_visit,diagnosis) values (239,'2013-04-01','vjstl');
insert into Hospital.Consulted(employee_number,certification_no,patient_registration_no,date_of_visit) values(175,175112233,239,'2013-04-01');
insert into Hospital.Treated_by(patient_registration_no,date_of_visit,employee_number,treatment) values(239,2013-04-01,67);
insert into Hospital.Prescribed(product_id,patient_registration_no,date_of_visit) values (129,239,'2013-04-01');
insert into Hospital.Patient (patient_registration_no, name, ssn, address,contact_no,emergency_contact_no) values ( 239,'ldfbx',245026622,'mtbla',96578932,34341373);
insert into Hospital.Takes (employee_number,shift_name ) values ( 239,'morning');
insert into Hospital.Belongs_to(employee_number,department_id) values (239,3);
insert into Hospital.Pharmaceutical_product(product_id,cost,manufacturer) values(240,283.50827049352927,'tdesd');
insert into Hospital.Employees (employee_number, name, location, ssn, home_address,phone_number,designation) values ( 240,'itxus','medqhwkpcrtuuir',912755258,'bqsfz',11278676,'Nurse');
insert into Hospital.Visitation(patient_registration_no,date_of_visit,diagnosis) values (240,'2013-05-06','afngf');
insert into Hospital.Consulted(employee_number,certification_no,patient_registration_no,date_of_visit) values(12,12112233,240,'2013-05-06');
insert into Hospital.Treated_by(patient_registration_no,date_of_visit,employee_number,treatment) values(240,2013-05-06,224);
insert into Hospital.Prescribed(product_id,patient_registration_no,date_of_visit) values (131,240,'2013-05-06');
insert into Hospital.Visitation(patient_registration_no,date_of_visit,diagnosis) values (240,'2013-09-22','iuabf');
insert into Hospital.Consulted(employee_number,certification_no,patient_registration_no,date_of_visit) values(37,37112233,240,'2013-09-22');
insert into Hospital.Treated_by(patient_registration_no,date_of_visit,employee_number,treatment) values(240,2013-09-22,61);
insert into Hospital.Prescribed(product_id,patient_registration_no,date_of_visit) values (196,240,'2013-09-22');
insert into Hospital.Visitation(patient_registration_no,date_of_visit,diagnosis) values (240,'2013-06-05','zjobw');
insert into Hospital.Consulted(employee_number,certification_no,patient_registration_no,date_of_visit) values(192,192112233,240,'2013-06-05');
insert into Hospital.Treated_by(patient_registration_no,date_of_visit,employee_number,treatment) values(240,2013-06-05,56);
insert into Hospital.Prescribed(product_id,patient_registration_no,date_of_visit) values (20,240,'2013-06-05');
insert into Hospital.Visitation(patient_registration_no,date_of_visit,diagnosis) values (240,'2013-05-28','mnuxe');
insert into Hospital.Consulted(employee_number,certification_no,patient_registration_no,date_of_visit) values(176,176112233,240,'2013-05-28');
insert into Hospital.Treated_by(patient_registration_no,date_of_visit,employee_number,treatment) values(240,2013-05-28,212);
insert into Hospital.Prescribed(product_id,patient_registration_no,date_of_visit) values (84,240,'2013-05-28');
insert into Hospital.Visitation(patient_registration_no,date_of_visit,diagnosis) values (240,'2013-03-24','bsuec');
insert into Hospital.Consulted(employee_number,certification_no,patient_registration_no,date_of_visit) values(6,6112233,240,'2013-03-24');
insert into Hospital.Treated_by(patient_registration_no,date_of_visit,employee_number,treatment) values(240,2013-03-24,101);
insert into Hospital.Prescribed(product_id,patient_registration_no,date_of_visit) values (55,240,'2013-03-24');
insert into Hospital.Patient (patient_registration_no, name, ssn, address,contact_no,emergency_contact_no) values ( 240,'ephkf',95491859,'ckhwp',67588622,84659241);
insert into Hospital.Takes (employee_number,shift_name ) values ( 240,'evening');
insert into Hospital.Belongs_to(employee_number,department_id) values (240,3);
insert into Hospital.Pharmaceutical_product(product_id,cost,manufacturer) values(241,315.6375940670862,'xegyp');
insert into Hospital.Batch(batch_id,manufacture_date,expiry_date) values (241,'2013-04-23','2013-04-24');
insert into Hospital.Production(product_id,batch_id) values (241,241);
insert into Hospital.Batch(batch_id,manufacture_date,expiry_date) values (242,'2013-04-23','2013-04-24');
insert into Hospital.Production(product_id,batch_id) values (241,242);
insert into Hospital.Batch(batch_id,manufacture_date,expiry_date) values (243,'2013-04-23','2013-04-24');
insert into Hospital.Production(product_id,batch_id) values (241,243);
insert into Hospital.Batch(batch_id,manufacture_date,expiry_date) values (244,'2013-04-23','2013-04-24');
insert into Hospital.Production(product_id,batch_id) values (241,244);
insert into Hospital.Batch(batch_id,manufacture_date,expiry_date) values (245,'2013-04-23','2013-04-24');
insert into Hospital.Production(product_id,batch_id) values (241,245);
insert into Hospital.Medicine(product_id,medicine_name,dosage) values (241,'wlycy','wgkjg');
insert into Hospital.Employees (employee_number, name, location, ssn, home_address,phone_number,designation) values ( 241,'fzbzc','vwqeuhhtwtuibhm',931260585,'pieuu',59641170,'Radiology');
insert into Hospital.Visitation(patient_registration_no,date_of_visit,diagnosis) values (241,'2013-07-12','obxtc');
insert into Hospital.Consulted(employee_number,certification_no,patient_registration_no,date_of_visit) values(122,122112233,241,'2013-07-12');
insert into Hospital.Treated_by(patient_registration_no,date_of_visit,employee_number,treatment) values(241,2013-07-12,10);
insert into Hospital.Prescribed(product_id,patient_registration_no,date_of_visit) values (172,241,'2013-07-12');
insert into Hospital.Visitation(patient_registration_no,date_of_visit,diagnosis) values (241,'2013-07-30','xrith');
insert into Hospital.Consulted(employee_number,certification_no,patient_registration_no,date_of_visit) values(23,23112233,241,'2013-07-30');
insert into Hospital.Treated_by(patient_registration_no,date_of_visit,employee_number,treatment) values(241,2013-07-30,18);
insert into Hospital.Prescribed(product_id,patient_registration_no,date_of_visit) values (87,241,'2013-07-30');
insert into Hospital.Visitation(patient_registration_no,date_of_visit,diagnosis) values (241,'2013-08-08','cwmkb');
insert into Hospital.Consulted(employee_number,certification_no,patient_registration_no,date_of_visit) values(208,208112233,241,'2013-08-08');
insert into Hospital.Treated_by(patient_registration_no,date_of_visit,employee_number,treatment) values(241,2013-08-08,112);
insert into Hospital.Prescribed(product_id,patient_registration_no,date_of_visit) values (214,241,'2013-08-08');
insert into Hospital.Visitation(patient_registration_no,date_of_visit,diagnosis) values (241,'2013-01-09','rpccc');
insert into Hospital.Consulted(employee_number,certification_no,patient_registration_no,date_of_visit) values(216,216112233,241,'2013-01-09');
insert into Hospital.Treated_by(patient_registration_no,date_of_visit,employee_number,treatment) values(241,2013-01-09,126);
insert into Hospital.Prescribed(product_id,patient_registration_no,date_of_visit) values (51,241,'2013-01-09');
insert into Hospital.Visitation(patient_registration_no,date_of_visit,diagnosis) values (241,'2013-01-28','bonxm');
insert into Hospital.Consulted(employee_number,certification_no,patient_registration_no,date_of_visit) values(46,46112233,241,'2013-01-28');
insert into Hospital.Treated_by(patient_registration_no,date_of_visit,employee_number,treatment) values(241,2013-01-28,91);
insert into Hospital.Prescribed(product_id,patient_registration_no,date_of_visit) values (191,241,'2013-01-28');
insert into Hospital.Patient (patient_registration_no, name, ssn, address,contact_no,emergency_contact_no) values ( 241,'lkbev',588329594,'fakwu',72795455,12871855);
insert into Hospital.Takes (employee_number,shift_name ) values ( 241,'morning');
insert into Hospital.Belongs_to(employee_number,department_id) values (241,3);
insert into Hospital.Pharmaceutical_product(product_id,cost,manufacturer) values(242,555.2228338701975,'xznyc');
insert into Hospital.Batch(batch_id,manufacture_date,expiry_date) values (242,'2013-03-10','2013-06-10');
insert into Hospital.Production(product_id,batch_id) values (242,242);
insert into Hospital.Batch(batch_id,manufacture_date,expiry_date) values (243,'2013-03-10','2013-06-10');
insert into Hospital.Production(product_id,batch_id) values (242,243);
insert into Hospital.Batch(batch_id,manufacture_date,expiry_date) values (244,'2013-03-10','2013-06-10');
insert into Hospital.Production(product_id,batch_id) values (242,244);
insert into Hospital.Batch(batch_id,manufacture_date,expiry_date) values (245,'2013-03-10','2013-06-10');
insert into Hospital.Production(product_id,batch_id) values (242,245);
insert into Hospital.Batch(batch_id,manufacture_date,expiry_date) values (246,'2013-03-10','2013-06-10');
insert into Hospital.Production(product_id,batch_id) values (242,246);
insert into Hospital.Employees (employee_number, name, location, ssn, home_address,phone_number,designation) values ( 242,'tbyug','dgnoxdsauyunfhq',486561432,'batpt',42709653,'Doctor');
insert into Hospital.Visitation(patient_registration_no,date_of_visit,diagnosis) values (242,'2013-03-01','mylqt');
insert into Hospital.Consulted(employee_number,certification_no,patient_registration_no,date_of_visit) values(21,21112233,242,'2013-03-01');
insert into Hospital.Treated_by(patient_registration_no,date_of_visit,employee_number,treatment) values(242,2013-03-01,115);
insert into Hospital.Prescribed(product_id,patient_registration_no,date_of_visit) values (170,242,'2013-03-01');
insert into Hospital.Visitation(patient_registration_no,date_of_visit,diagnosis) values (242,'2013-05-23','cbsbz');
insert into Hospital.Consulted(employee_number,certification_no,patient_registration_no,date_of_visit) values(51,51112233,242,'2013-05-23');
insert into Hospital.Treated_by(patient_registration_no,date_of_visit,employee_number,treatment) values(242,2013-05-23,39);
insert into Hospital.Prescribed(product_id,patient_registration_no,date_of_visit) values (70,242,'2013-05-23');
insert into Hospital.Visitation(patient_registration_no,date_of_visit,diagnosis) values (242,'2013-06-23','crrur');
insert into Hospital.Consulted(employee_number,certification_no,patient_registration_no,date_of_visit) values(75,75112233,242,'2013-06-23');
insert into Hospital.Treated_by(patient_registration_no,date_of_visit,employee_number,treatment) values(242,2013-06-23,178);
insert into Hospital.Prescribed(product_id,patient_registration_no,date_of_visit) values (98,242,'2013-06-23');
insert into Hospital.Visitation(patient_registration_no,date_of_visit,diagnosis) values (242,'2013-03-03','xgbsr');
insert into Hospital.Consulted(employee_number,certification_no,patient_registration_no,date_of_visit) values(12,12112233,242,'2013-03-03');
insert into Hospital.Treated_by(patient_registration_no,date_of_visit,employee_number,treatment) values(242,2013-03-03,231);
insert into Hospital.Prescribed(product_id,patient_registration_no,date_of_visit) values (52,242,'2013-03-03');
insert into Hospital.Visitation(patient_registration_no,date_of_visit,diagnosis) values (242,'2013-10-08','ejpls');
insert into Hospital.Consulted(employee_number,certification_no,patient_registration_no,date_of_visit) values(92,92112233,242,'2013-10-08');
insert into Hospital.Treated_by(patient_registration_no,date_of_visit,employee_number,treatment) values(242,2013-10-08,76);
insert into Hospital.Prescribed(product_id,patient_registration_no,date_of_visit) values (178,242,'2013-10-08');
insert into Hospital.Patient (patient_registration_no, name, ssn, address,contact_no,emergency_contact_no) values ( 242,'icbxy',605442442,'cvyvg',96601829,27113690);
insert into Hospital.Physician (employee_number, certification_no,specialization) values ( 242,242112233,'Dermatology');
insert into Hospital.Belongs_to(employee_number,department_id) values (242,1);
insert into Hospital.Pharmaceutical_product(product_id,cost,manufacturer) values(243,977.706242796955,'iqtud');
insert into Hospital.Employees (employee_number, name, location, ssn, home_address,phone_number,designation) values ( 243,'fxngt','opgxzqwtoyslgom',489575463,'urmcp',40410179,'Nurse');
insert into Hospital.Visitation(patient_registration_no,date_of_visit,diagnosis) values (243,'2013-08-01','rfvzv');
insert into Hospital.Consulted(employee_number,certification_no,patient_registration_no,date_of_visit) values(181,181112233,243,'2013-08-01');
insert into Hospital.Treated_by(patient_registration_no,date_of_visit,employee_number,treatment) values(243,2013-08-01,39);
insert into Hospital.Prescribed(product_id,patient_registration_no,date_of_visit) values (174,243,'2013-08-01');
insert into Hospital.Visitation(patient_registration_no,date_of_visit,diagnosis) values (243,'2013-10-07','egozz');
insert into Hospital.Consulted(employee_number,certification_no,patient_registration_no,date_of_visit) values(116,116112233,243,'2013-10-07');
insert into Hospital.Treated_by(patient_registration_no,date_of_visit,employee_number,treatment) values(243,2013-10-07,73);
insert into Hospital.Prescribed(product_id,patient_registration_no,date_of_visit) values (18,243,'2013-10-07');
insert into Hospital.Visitation(patient_registration_no,date_of_visit,diagnosis) values (243,'2013-05-01','kuvtn');
insert into Hospital.Consulted(employee_number,certification_no,patient_registration_no,date_of_visit) values(51,51112233,243,'2013-05-01');
insert into Hospital.Treated_by(patient_registration_no,date_of_visit,employee_number,treatment) values(243,2013-05-01,96);
insert into Hospital.Prescribed(product_id,patient_registration_no,date_of_visit) values (222,243,'2013-05-01');
insert into Hospital.Visitation(patient_registration_no,date_of_visit,diagnosis) values (243,'2013-09-23','xwlai');
insert into Hospital.Consulted(employee_number,certification_no,patient_registration_no,date_of_visit) values(181,181112233,243,'2013-09-23');
insert into Hospital.Treated_by(patient_registration_no,date_of_visit,employee_number,treatment) values(243,2013-09-23,28);
insert into Hospital.Prescribed(product_id,patient_registration_no,date_of_visit) values (224,243,'2013-09-23');
insert into Hospital.Visitation(patient_registration_no,date_of_visit,diagnosis) values (243,'2013-06-13','djwjo');
insert into Hospital.Consulted(employee_number,certification_no,patient_registration_no,date_of_visit) values(55,55112233,243,'2013-06-13');
insert into Hospital.Treated_by(patient_registration_no,date_of_visit,employee_number,treatment) values(243,2013-06-13,48);
insert into Hospital.Prescribed(product_id,patient_registration_no,date_of_visit) values (46,243,'2013-06-13');
insert into Hospital.Patient (patient_registration_no, name, ssn, address,contact_no,emergency_contact_no) values ( 243,'auacc',118348726,'dwiig',56993381,34865540);
insert into Hospital.Takes (employee_number,shift_name ) values ( 243,'night');
insert into Hospital.Belongs_to(employee_number,department_id) values (243,3);
insert into Hospital.Pharmaceutical_product(product_id,cost,manufacturer) values(244,553.2685856893481,'dbovu');
insert into Hospital.Employees (employee_number, name, location, ssn, home_address,phone_number,designation) values ( 244,'agjuv','jwusxnicvcqhpmk',633219553,'wttpk',97417391,'Doctor');
insert into Hospital.Visitation(patient_registration_no,date_of_visit,diagnosis) values (244,'2013-02-16','jbbpy');
insert into Hospital.Consulted(employee_number,certification_no,patient_registration_no,date_of_visit) values(151,151112233,244,'2013-02-16');
insert into Hospital.Treated_by(patient_registration_no,date_of_visit,employee_number,treatment) values(244,2013-02-16,103);
insert into Hospital.Prescribed(product_id,patient_registration_no,date_of_visit) values (170,244,'2013-02-16');
insert into Hospital.Visitation(patient_registration_no,date_of_visit,diagnosis) values (244,'2013-02-22','glyno');
insert into Hospital.Consulted(employee_number,certification_no,patient_registration_no,date_of_visit) values(9,9112233,244,'2013-02-22');
insert into Hospital.Treated_by(patient_registration_no,date_of_visit,employee_number,treatment) values(244,2013-02-22,64);
insert into Hospital.Prescribed(product_id,patient_registration_no,date_of_visit) values (69,244,'2013-02-22');
insert into Hospital.Visitation(patient_registration_no,date_of_visit,diagnosis) values (244,'2013-02-14','qsnph');
insert into Hospital.Consulted(employee_number,certification_no,patient_registration_no,date_of_visit) values(130,130112233,244,'2013-02-14');
insert into Hospital.Treated_by(patient_registration_no,date_of_visit,employee_number,treatment) values(244,2013-02-14,185);
insert into Hospital.Prescribed(product_id,patient_registration_no,date_of_visit) values (28,244,'2013-02-14');
insert into Hospital.Visitation(patient_registration_no,date_of_visit,diagnosis) values (244,'2013-01-31','rslwq');
insert into Hospital.Consulted(employee_number,certification_no,patient_registration_no,date_of_visit) values(222,222112233,244,'2013-01-31');
insert into Hospital.Treated_by(patient_registration_no,date_of_visit,employee_number,treatment) values(244,2013-01-31,50);
insert into Hospital.Prescribed(product_id,patient_registration_no,date_of_visit) values (177,244,'2013-01-31');
insert into Hospital.Visitation(patient_registration_no,date_of_visit,diagnosis) values (244,'2013-01-31','lerfa');
insert into Hospital.Consulted(employee_number,certification_no,patient_registration_no,date_of_visit) values(139,139112233,244,'2013-01-31');
insert into Hospital.Treated_by(patient_registration_no,date_of_visit,employee_number,treatment) values(244,2013-01-31,50);
insert into Hospital.Prescribed(product_id,patient_registration_no,date_of_visit) values (214,244,'2013-01-31');
insert into Hospital.Patient (patient_registration_no, name, ssn, address,contact_no,emergency_contact_no) values ( 244,'jsbof',177321299,'veyra',77748587,46260479);
insert into Hospital.Physician (employee_number, certification_no,specialization) values ( 244,244112233,'Cardiology');
insert into Hospital.Belongs_to(employee_number,department_id) values (244,1);
insert into Hospital.Pharmaceutical_product(product_id,cost,manufacturer) values(245,366.2762784355079,'jqlog');
insert into Hospital.Employees (employee_number, name, location, ssn, home_address,phone_number,designation) values ( 245,'sspjx','tpxgehqsruqcqaw',927575324,'nkpnf',53198874,'Doctor');
insert into Hospital.Visitation(patient_registration_no,date_of_visit,diagnosis) values (245,'2013-02-24','dcksw');
insert into Hospital.Consulted(employee_number,certification_no,patient_registration_no,date_of_visit) values(2,2112233,245,'2013-02-24');
insert into Hospital.Treated_by(patient_registration_no,date_of_visit,employee_number,treatment) values(245,2013-02-24,186);
insert into Hospital.Prescribed(product_id,patient_registration_no,date_of_visit) values (222,245,'2013-02-24');
insert into Hospital.Visitation(patient_registration_no,date_of_visit,diagnosis) values (245,'2013-03-16','nwmpm');
insert into Hospital.Consulted(employee_number,certification_no,patient_registration_no,date_of_visit) values(119,119112233,245,'2013-03-16');
insert into Hospital.Treated_by(patient_registration_no,date_of_visit,employee_number,treatment) values(245,2013-03-16,185);
insert into Hospital.Prescribed(product_id,patient_registration_no,date_of_visit) values (182,245,'2013-03-16');
insert into Hospital.Visitation(patient_registration_no,date_of_visit,diagnosis) values (245,'2013-02-13','eaeml');
insert into Hospital.Consulted(employee_number,certification_no,patient_registration_no,date_of_visit) values(21,21112233,245,'2013-02-13');
insert into Hospital.Treated_by(patient_registration_no,date_of_visit,employee_number,treatment) values(245,2013-02-13,71);
insert into Hospital.Prescribed(product_id,patient_registration_no,date_of_visit) values (23,245,'2013-02-13');
insert into Hospital.Visitation(patient_registration_no,date_of_visit,diagnosis) values (245,'2013-07-11','bdgnq');
insert into Hospital.Consulted(employee_number,certification_no,patient_registration_no,date_of_visit) values(175,175112233,245,'2013-07-11');
insert into Hospital.Treated_by(patient_registration_no,date_of_visit,employee_number,treatment) values(245,2013-07-11,81);
insert into Hospital.Prescribed(product_id,patient_registration_no,date_of_visit) values (210,245,'2013-07-11');
insert into Hospital.Visitation(patient_registration_no,date_of_visit,diagnosis) values (245,'2013-10-09','nsihl');
insert into Hospital.Consulted(employee_number,certification_no,patient_registration_no,date_of_visit) values(9,9112233,245,'2013-10-09');
insert into Hospital.Treated_by(patient_registration_no,date_of_visit,employee_number,treatment) values(245,2013-10-09,67);
insert into Hospital.Prescribed(product_id,patient_registration_no,date_of_visit) values (167,245,'2013-10-09');
insert into Hospital.Patient (patient_registration_no, name, ssn, address,contact_no,emergency_contact_no) values ( 245,'dhjhf',371377856,'vpnrj',42640438,53612590);
insert into Hospital.Physician (employee_number, certification_no,specialization) values ( 245,245112233,'Cardiology');
insert into Hospital.Belongs_to(employee_number,department_id) values (245,1);
insert into Hospital.Pharmaceutical_product(product_id,cost,manufacturer) values(246,330.2681016438319,'gueaf');
insert into Hospital.Medicine(product_id,medicine_name,dosage) values (246,'utkqt','ydssh');
insert into Hospital.Employees (employee_number, name, location, ssn, home_address,phone_number,designation) values ( 246,'erijq','ygfnkkqrmjnyzcg',309811104,'jigyx',21641340,'Doctor');
insert into Hospital.Visitation(patient_registration_no,date_of_visit,diagnosis) values (246,'2013-03-23','mjkht');
insert into Hospital.Consulted(employee_number,certification_no,patient_registration_no,date_of_visit) values(133,133112233,246,'2013-03-23');
insert into Hospital.Treated_by(patient_registration_no,date_of_visit,employee_number,treatment) values(246,2013-03-23,104);
insert into Hospital.Prescribed(product_id,patient_registration_no,date_of_visit) values (190,246,'2013-03-23');
insert into Hospital.Visitation(patient_registration_no,date_of_visit,diagnosis) values (246,'2013-02-03','zwbkj');
insert into Hospital.Consulted(employee_number,certification_no,patient_registration_no,date_of_visit) values(51,51112233,246,'2013-02-03');
insert into Hospital.Treated_by(patient_registration_no,date_of_visit,employee_number,treatment) values(246,2013-02-03,212);
insert into Hospital.Prescribed(product_id,patient_registration_no,date_of_visit) values (11,246,'2013-02-03');
insert into Hospital.Visitation(patient_registration_no,date_of_visit,diagnosis) values (246,'2013-08-08','ahtdz');
insert into Hospital.Consulted(employee_number,certification_no,patient_registration_no,date_of_visit) values(69,69112233,246,'2013-08-08');
insert into Hospital.Treated_by(patient_registration_no,date_of_visit,employee_number,treatment) values(246,2013-08-08,61);
insert into Hospital.Prescribed(product_id,patient_registration_no,date_of_visit) values (196,246,'2013-08-08');
insert into Hospital.Visitation(patient_registration_no,date_of_visit,diagnosis) values (246,'2013-05-07','rmlhc');
insert into Hospital.Consulted(employee_number,certification_no,patient_registration_no,date_of_visit) values(175,175112233,246,'2013-05-07');
insert into Hospital.Treated_by(patient_registration_no,date_of_visit,employee_number,treatment) values(246,2013-05-07,126);
insert into Hospital.Prescribed(product_id,patient_registration_no,date_of_visit) values (147,246,'2013-05-07');
insert into Hospital.Visitation(patient_registration_no,date_of_visit,diagnosis) values (246,'2013-01-29','adiiz');
insert into Hospital.Consulted(employee_number,certification_no,patient_registration_no,date_of_visit) values(120,120112233,246,'2013-01-29');
insert into Hospital.Treated_by(patient_registration_no,date_of_visit,employee_number,treatment) values(246,2013-01-29,96);
insert into Hospital.Prescribed(product_id,patient_registration_no,date_of_visit) values (174,246,'2013-01-29');
insert into Hospital.Patient (patient_registration_no, name, ssn, address,contact_no,emergency_contact_no) values ( 246,'iixrh',952552205,'agsdy',40619654,29336573);
insert into Hospital.Physician (employee_number, certification_no,specialization) values ( 246,246112233,'Cardiology');
insert into Hospital.Belongs_to(employee_number,department_id) values (246,1);
insert into Hospital.Pharmaceutical_product(product_id,cost,manufacturer) values(247,67.17995305950534,'ireee');
insert into Hospital.Batch(batch_id,manufacture_date,expiry_date) values (247,'2013-09-21','2013-10-26');
insert into Hospital.Production(product_id,batch_id) values (247,247);
insert into Hospital.Batch(batch_id,manufacture_date,expiry_date) values (248,'2013-09-21','2013-10-26');
insert into Hospital.Production(product_id,batch_id) values (247,248);
insert into Hospital.Batch(batch_id,manufacture_date,expiry_date) values (249,'2013-09-21','2013-10-26');
insert into Hospital.Production(product_id,batch_id) values (247,249);
insert into Hospital.Batch(batch_id,manufacture_date,expiry_date) values (250,'2013-09-21','2013-10-26');
insert into Hospital.Production(product_id,batch_id) values (247,250);
insert into Hospital.Batch(batch_id,manufacture_date,expiry_date) values (251,'2013-09-21','2013-10-26');
insert into Hospital.Production(product_id,batch_id) values (247,251);
insert into Hospital.Employees (employee_number, name, location, ssn, home_address,phone_number,designation) values ( 247,'tauxy','oeauzyjhgpvdpif',957583150,'adwyu',92481625,'Radiology');
insert into Hospital.Visitation(patient_registration_no,date_of_visit,diagnosis) values (247,'2013-07-11','lfqod');
insert into Hospital.Consulted(employee_number,certification_no,patient_registration_no,date_of_visit) values(176,176112233,247,'2013-07-11');
insert into Hospital.Treated_by(patient_registration_no,date_of_visit,employee_number,treatment) values(247,2013-07-11,56);
insert into Hospital.Prescribed(product_id,patient_registration_no,date_of_visit) values (167,247,'2013-07-11');
insert into Hospital.Visitation(patient_registration_no,date_of_visit,diagnosis) values (247,'2013-03-15','pvwkz');
insert into Hospital.Consulted(employee_number,certification_no,patient_registration_no,date_of_visit) values(75,75112233,247,'2013-03-15');
insert into Hospital.Treated_by(patient_registration_no,date_of_visit,employee_number,treatment) values(247,2013-03-15,67);
insert into Hospital.Prescribed(product_id,patient_registration_no,date_of_visit) values (8,247,'2013-03-15');
insert into Hospital.Visitation(patient_registration_no,date_of_visit,diagnosis) values (247,'2013-06-03','hjnkg');
insert into Hospital.Consulted(employee_number,certification_no,patient_registration_no,date_of_visit) values(45,45112233,247,'2013-06-03');
insert into Hospital.Treated_by(patient_registration_no,date_of_visit,employee_number,treatment) values(247,2013-06-03,172);
insert into Hospital.Prescribed(product_id,patient_registration_no,date_of_visit) values (232,247,'2013-06-03');
insert into Hospital.Visitation(patient_registration_no,date_of_visit,diagnosis) values (247,'2013-08-20','oemln');
insert into Hospital.Consulted(employee_number,certification_no,patient_registration_no,date_of_visit) values(89,89112233,247,'2013-08-20');
insert into Hospital.Treated_by(patient_registration_no,date_of_visit,employee_number,treatment) values(247,2013-08-20,0);
insert into Hospital.Prescribed(product_id,patient_registration_no,date_of_visit) values (180,247,'2013-08-20');
insert into Hospital.Visitation(patient_registration_no,date_of_visit,diagnosis) values (247,'2013-07-14','fqyjw');
insert into Hospital.Consulted(employee_number,certification_no,patient_registration_no,date_of_visit) values(44,44112233,247,'2013-07-14');
insert into Hospital.Treated_by(patient_registration_no,date_of_visit,employee_number,treatment) values(247,2013-07-14,84);
insert into Hospital.Prescribed(product_id,patient_registration_no,date_of_visit) values (79,247,'2013-07-14');
insert into Hospital.Patient (patient_registration_no, name, ssn, address,contact_no,emergency_contact_no) values ( 247,'uiqiw',963227212,'ujwgx',26092761,92792190);
insert into Hospital.Takes (employee_number,shift_name ) values ( 247,'morning');
insert into Hospital.Belongs_to(employee_number,department_id) values (247,3);
insert into Hospital.Pharmaceutical_product(product_id,cost,manufacturer) values(248,107.34223433715698,'cayjs');
insert into Hospital.Medicine(product_id,medicine_name,dosage) values (248,'tgkoy','usaws');
insert into Hospital.Employees (employee_number, name, location, ssn, home_address,phone_number,designation) values ( 248,'mvern','jyqbznxllfbmegi',376066627,'tpxyy',98224115,'Radiology');
insert into Hospital.Visitation(patient_registration_no,date_of_visit,diagnosis) values (248,'2013-03-31','yzhjm');
insert into Hospital.Consulted(employee_number,certification_no,patient_registration_no,date_of_visit) values(159,159112233,248,'2013-03-31');
insert into Hospital.Treated_by(patient_registration_no,date_of_visit,employee_number,treatment) values(248,2013-03-31,83);
insert into Hospital.Prescribed(product_id,patient_registration_no,date_of_visit) values (51,248,'2013-03-31');
insert into Hospital.Visitation(patient_registration_no,date_of_visit,diagnosis) values (248,'2013-02-01','mrrsz');
insert into Hospital.Consulted(employee_number,certification_no,patient_registration_no,date_of_visit) values(151,151112233,248,'2013-02-01');
insert into Hospital.Treated_by(patient_registration_no,date_of_visit,employee_number,treatment) values(248,2013-02-01,88);
insert into Hospital.Prescribed(product_id,patient_registration_no,date_of_visit) values (76,248,'2013-02-01');
insert into Hospital.Visitation(patient_registration_no,date_of_visit,diagnosis) values (248,'2013-05-30','osqik');
insert into Hospital.Consulted(employee_number,certification_no,patient_registration_no,date_of_visit) values(193,193112233,248,'2013-05-30');
insert into Hospital.Treated_by(patient_registration_no,date_of_visit,employee_number,treatment) values(248,2013-05-30,56);
insert into Hospital.Prescribed(product_id,patient_registration_no,date_of_visit) values (196,248,'2013-05-30');
insert into Hospital.Visitation(patient_registration_no,date_of_visit,diagnosis) values (248,'2013-05-12','qmfox');
insert into Hospital.Consulted(employee_number,certification_no,patient_registration_no,date_of_visit) values(21,21112233,248,'2013-05-12');
insert into Hospital.Treated_by(patient_registration_no,date_of_visit,employee_number,treatment) values(248,2013-05-12,169);
insert into Hospital.Prescribed(product_id,patient_registration_no,date_of_visit) values (213,248,'2013-05-12');
insert into Hospital.Visitation(patient_registration_no,date_of_visit,diagnosis) values (248,'2013-02-10','bsese');
insert into Hospital.Consulted(employee_number,certification_no,patient_registration_no,date_of_visit) values(130,130112233,248,'2013-02-10');
insert into Hospital.Treated_by(patient_registration_no,date_of_visit,employee_number,treatment) values(248,2013-02-10,81);
insert into Hospital.Prescribed(product_id,patient_registration_no,date_of_visit) values (82,248,'2013-02-10');
insert into Hospital.Patient (patient_registration_no, name, ssn, address,contact_no,emergency_contact_no) values ( 248,'rodbx',240638542,'wsotb',49041016,65100067);
insert into Hospital.Takes (employee_number,shift_name ) values ( 248,'evening');
insert into Hospital.Belongs_to(employee_number,department_id) values (248,3);
insert into Hospital.Pharmaceutical_product(product_id,cost,manufacturer) values(249,220.68567219753055,'etvah');
insert into Hospital.Medicine(product_id,medicine_name,dosage) values (249,'qpunm','pkywh');
insert into Hospital.Employees (employee_number, name, location, ssn, home_address,phone_number,designation) values ( 249,'snerh','xvumzfjpvdojude',710874851,'kfhzb',58783330,'Administration');
insert into Hospital.Visitation(patient_registration_no,date_of_visit,diagnosis) values (249,'2013-02-03','ajvgu');
insert into Hospital.Consulted(employee_number,certification_no,patient_registration_no,date_of_visit) values(2,2112233,249,'2013-02-03');
insert into Hospital.Treated_by(patient_registration_no,date_of_visit,employee_number,treatment) values(249,2013-02-03,165);
insert into Hospital.Prescribed(product_id,patient_registration_no,date_of_visit) values (214,249,'2013-02-03');
insert into Hospital.Visitation(patient_registration_no,date_of_visit,diagnosis) values (249,'2013-07-24','scglp');
insert into Hospital.Consulted(employee_number,certification_no,patient_registration_no,date_of_visit) values(41,41112233,249,'2013-07-24');
insert into Hospital.Treated_by(patient_registration_no,date_of_visit,employee_number,treatment) values(249,2013-07-24,153);
insert into Hospital.Prescribed(product_id,patient_registration_no,date_of_visit) values (70,249,'2013-07-24');
insert into Hospital.Visitation(patient_registration_no,date_of_visit,diagnosis) values (249,'2013-02-18','qkgrt');
insert into Hospital.Consulted(employee_number,certification_no,patient_registration_no,date_of_visit) values(197,197112233,249,'2013-02-18');
insert into Hospital.Treated_by(patient_registration_no,date_of_visit,employee_number,treatment) values(249,2013-02-18,185);
insert into Hospital.Prescribed(product_id,patient_registration_no,date_of_visit) values (124,249,'2013-02-18');
insert into Hospital.Visitation(patient_registration_no,date_of_visit,diagnosis) values (249,'2013-06-24','fmdob');
insert into Hospital.Consulted(employee_number,certification_no,patient_registration_no,date_of_visit) values(2,2112233,249,'2013-06-24');
insert into Hospital.Treated_by(patient_registration_no,date_of_visit,employee_number,treatment) values(249,2013-06-24,30);
insert into Hospital.Prescribed(product_id,patient_registration_no,date_of_visit) values (110,249,'2013-06-24');
insert into Hospital.Visitation(patient_registration_no,date_of_visit,diagnosis) values (249,'2013-07-20','ozhni');
insert into Hospital.Consulted(employee_number,certification_no,patient_registration_no,date_of_visit) values(43,43112233,249,'2013-07-20');
insert into Hospital.Treated_by(patient_registration_no,date_of_visit,employee_number,treatment) values(249,2013-07-20,10);
insert into Hospital.Prescribed(product_id,patient_registration_no,date_of_visit) values (111,249,'2013-07-20');
insert into Hospital.Patient (patient_registration_no, name, ssn, address,contact_no,emergency_contact_no) values ( 249,'pksos',23266872,'ivvea',46710407,10931899);
insert into Hospital.Belongs_to(employee_number,department_id) values (249,2);
insert into Hospital.Pharmaceutical_product(product_id,cost,manufacturer) values(250,712.4195183999343,'zatdh');
insert into Hospital.Batch(batch_id,manufacture_date,expiry_date) values (250,'2013-06-01','2013-07-12');
insert into Hospital.Production(product_id,batch_id) values (250,250);
insert into Hospital.Batch(batch_id,manufacture_date,expiry_date) values (251,'2013-06-01','2013-07-12');
insert into Hospital.Production(product_id,batch_id) values (250,251);
insert into Hospital.Batch(batch_id,manufacture_date,expiry_date) values (252,'2013-06-01','2013-07-12');
insert into Hospital.Production(product_id,batch_id) values (250,252);
insert into Hospital.Batch(batch_id,manufacture_date,expiry_date) values (253,'2013-06-01','2013-07-12');
insert into Hospital.Production(product_id,batch_id) values (250,253);
insert into Hospital.Batch(batch_id,manufacture_date,expiry_date) values (254,'2013-06-01','2013-07-12');
insert into Hospital.Production(product_id,batch_id) values (250,254);
insert into Hospital.Employees (employee_number, name, location, ssn, home_address,phone_number,designation) values ( 250,'bhjps','bqzfgrdhdjgjazb',708068972,'oyhtv',49906181,'Nurse');
insert into Hospital.Visitation(patient_registration_no,date_of_visit,diagnosis) values (250,'2013-05-14','iiomw');
insert into Hospital.Consulted(employee_number,certification_no,patient_registration_no,date_of_visit) values(110,110112233,250,'2013-05-14');
insert into Hospital.Treated_by(patient_registration_no,date_of_visit,employee_number,treatment) values(250,2013-05-14,50);
insert into Hospital.Prescribed(product_id,patient_registration_no,date_of_visit) values (224,250,'2013-05-14');
insert into Hospital.Visitation(patient_registration_no,date_of_visit,diagnosis) values (250,'2013-02-13','sjoka');
insert into Hospital.Consulted(employee_number,certification_no,patient_registration_no,date_of_visit) values(133,133112233,250,'2013-02-13');
insert into Hospital.Treated_by(patient_registration_no,date_of_visit,employee_number,treatment) values(250,2013-02-13,63);
insert into Hospital.Prescribed(product_id,patient_registration_no,date_of_visit) values (23,250,'2013-02-13');
insert into Hospital.Visitation(patient_registration_no,date_of_visit,diagnosis) values (250,'2013-02-16','mshbu');
insert into Hospital.Consulted(employee_number,certification_no,patient_registration_no,date_of_visit) values(69,69112233,250,'2013-02-16');
insert into Hospital.Treated_by(patient_registration_no,date_of_visit,employee_number,treatment) values(250,2013-02-16,237);
insert into Hospital.Prescribed(product_id,patient_registration_no,date_of_visit) values (69,250,'2013-02-16');
insert into Hospital.Visitation(patient_registration_no,date_of_visit,diagnosis) values (250,'2013-02-11','xiyrg');
insert into Hospital.Consulted(employee_number,certification_no,patient_registration_no,date_of_visit) values(37,37112233,250,'2013-02-11');
insert into Hospital.Treated_by(patient_registration_no,date_of_visit,employee_number,treatment) values(250,2013-02-11,77);
insert into Hospital.Prescribed(product_id,patient_registration_no,date_of_visit) values (170,250,'2013-02-11');
insert into Hospital.Visitation(patient_registration_no,date_of_visit,diagnosis) values (250,'2013-07-05','ynqhe');
insert into Hospital.Consulted(employee_number,certification_no,patient_registration_no,date_of_visit) values(168,168112233,250,'2013-07-05');
insert into Hospital.Treated_by(patient_registration_no,date_of_visit,employee_number,treatment) values(250,2013-07-05,64);
insert into Hospital.Prescribed(product_id,patient_registration_no,date_of_visit) values (140,250,'2013-07-05');
insert into Hospital.Patient (patient_registration_no, name, ssn, address,contact_no,emergency_contact_no) values ( 250,'oiiaa',193782761,'pjyrx',71088003,41888315);
insert into Hospital.Takes (employee_number,shift_name ) values ( 250,'morning');
insert into Hospital.Belongs_to(employee_number,department_id) values (250,3);
insert into Hospital.Pharmaceutical_product(product_id,cost,manufacturer) values(251,659.5290331668798,'tfjzk');
insert into Hospital.Employees (employee_number, name, location, ssn, home_address,phone_number,designation) values ( 251,'hdkgr','mvlzxdztdytcnur',51260747,'fcmho',58084229,'Administration');
insert into Hospital.Visitation(patient_registration_no,date_of_visit,diagnosis) values (251,'2013-03-04','wngiz');
insert into Hospital.Consulted(employee_number,certification_no,patient_registration_no,date_of_visit) values(168,168112233,251,'2013-03-04');
insert into Hospital.Treated_by(patient_registration_no,date_of_visit,employee_number,treatment) values(251,2013-03-04,203);
insert into Hospital.Prescribed(product_id,patient_registration_no,date_of_visit) values (90,251,'2013-03-04');
insert into Hospital.Visitation(patient_registration_no,date_of_visit,diagnosis) values (251,'2013-07-30','utqvg');
insert into Hospital.Consulted(employee_number,certification_no,patient_registration_no,date_of_visit) values(23,23112233,251,'2013-07-30');
insert into Hospital.Treated_by(patient_registration_no,date_of_visit,employee_number,treatment) values(251,2013-07-30,169);
insert into Hospital.Prescribed(product_id,patient_registration_no,date_of_visit) values (171,251,'2013-07-30');
insert into Hospital.Visitation(patient_registration_no,date_of_visit,diagnosis) values (251,'2013-02-11','xwtuw');
insert into Hospital.Consulted(employee_number,certification_no,patient_registration_no,date_of_visit) values(194,194112233,251,'2013-02-11');
insert into Hospital.Treated_by(patient_registration_no,date_of_visit,employee_number,treatment) values(251,2013-02-11,76);
insert into Hospital.Prescribed(product_id,patient_registration_no,date_of_visit) values (225,251,'2013-02-11');
insert into Hospital.Visitation(patient_registration_no,date_of_visit,diagnosis) values (251,'2013-08-21','ihfna');
insert into Hospital.Consulted(employee_number,certification_no,patient_registration_no,date_of_visit) values(75,75112233,251,'2013-08-21');
insert into Hospital.Treated_by(patient_registration_no,date_of_visit,employee_number,treatment) values(251,2013-08-21,47);
insert into Hospital.Prescribed(product_id,patient_registration_no,date_of_visit) values (57,251,'2013-08-21');
insert into Hospital.Visitation(patient_registration_no,date_of_visit,diagnosis) values (251,'2013-05-31','mlfgw');
insert into Hospital.Consulted(employee_number,certification_no,patient_registration_no,date_of_visit) values(46,46112233,251,'2013-05-31');
insert into Hospital.Treated_by(patient_registration_no,date_of_visit,employee_number,treatment) values(251,2013-05-31,101);
insert into Hospital.Prescribed(product_id,patient_registration_no,date_of_visit) values (99,251,'2013-05-31');
insert into Hospital.Patient (patient_registration_no, name, ssn, address,contact_no,emergency_contact_no) values ( 251,'qofax',243025617,'bhbrb',17456043,69629251);
insert into Hospital.Belongs_to(employee_number,department_id) values (251,2);
insert into Hospital.Pharmaceutical_product(product_id,cost,manufacturer) values(252,559.8347124851678,'xqeis');
insert into Hospital.Batch(batch_id,manufacture_date,expiry_date) values (252,'2013-01-01','2013-10-13');
insert into Hospital.Production(product_id,batch_id) values (252,252);
insert into Hospital.Batch(batch_id,manufacture_date,expiry_date) values (253,'2013-01-01','2013-10-13');
insert into Hospital.Production(product_id,batch_id) values (252,253);
insert into Hospital.Batch(batch_id,manufacture_date,expiry_date) values (254,'2013-01-01','2013-10-13');
insert into Hospital.Production(product_id,batch_id) values (252,254);
insert into Hospital.Batch(batch_id,manufacture_date,expiry_date) values (255,'2013-01-01','2013-10-13');
insert into Hospital.Production(product_id,batch_id) values (252,255);
insert into Hospital.Batch(batch_id,manufacture_date,expiry_date) values (256,'2013-01-01','2013-10-13');
insert into Hospital.Production(product_id,batch_id) values (252,256);
insert into Hospital.Medicine(product_id,medicine_name,dosage) values (252,'urwzu','gmwtx');
insert into Hospital.Employees (employee_number, name, location, ssn, home_address,phone_number,designation) values ( 252,'cilpt','ynwnjlbuyzdqqmr',440185929,'diqay',67238593,'Nurse');
insert into Hospital.Visitation(patient_registration_no,date_of_visit,diagnosis) values (252,'2013-08-02','tocub');
insert into Hospital.Consulted(employee_number,certification_no,patient_registration_no,date_of_visit) values(184,184112233,252,'2013-08-02');
insert into Hospital.Treated_by(patient_registration_no,date_of_visit,employee_number,treatment) values(252,2013-08-02,101);
insert into Hospital.Prescribed(product_id,patient_registration_no,date_of_visit) values (115,252,'2013-08-02');
insert into Hospital.Visitation(patient_registration_no,date_of_visit,diagnosis) values (252,'2013-01-24','vzwzj');
insert into Hospital.Consulted(employee_number,certification_no,patient_registration_no,date_of_visit) values(181,181112233,252,'2013-01-24');
insert into Hospital.Treated_by(patient_registration_no,date_of_visit,employee_number,treatment) values(252,2013-01-24,101);
insert into Hospital.Prescribed(product_id,patient_registration_no,date_of_visit) values (2,252,'2013-01-24');
insert into Hospital.Visitation(patient_registration_no,date_of_visit,diagnosis) values (252,'2013-05-27','ofycc');
insert into Hospital.Consulted(employee_number,certification_no,patient_registration_no,date_of_visit) values(197,197112233,252,'2013-05-27');
insert into Hospital.Treated_by(patient_registration_no,date_of_visit,employee_number,treatment) values(252,2013-05-27,112);
insert into Hospital.Prescribed(product_id,patient_registration_no,date_of_visit) values (140,252,'2013-05-27');
insert into Hospital.Visitation(patient_registration_no,date_of_visit,diagnosis) values (252,'2013-08-24','nvaqz');
insert into Hospital.Consulted(employee_number,certification_no,patient_registration_no,date_of_visit) values(58,58112233,252,'2013-08-24');
insert into Hospital.Treated_by(patient_registration_no,date_of_visit,employee_number,treatment) values(252,2013-08-24,247);
insert into Hospital.Prescribed(product_id,patient_registration_no,date_of_visit) values (232,252,'2013-08-24');
insert into Hospital.Visitation(patient_registration_no,date_of_visit,diagnosis) values (252,'2013-03-28','frxvn');
insert into Hospital.Consulted(employee_number,certification_no,patient_registration_no,date_of_visit) values(222,222112233,252,'2013-03-28');
insert into Hospital.Treated_by(patient_registration_no,date_of_visit,employee_number,treatment) values(252,2013-03-28,126);
insert into Hospital.Prescribed(product_id,patient_registration_no,date_of_visit) values (94,252,'2013-03-28');
insert into Hospital.Patient (patient_registration_no, name, ssn, address,contact_no,emergency_contact_no) values ( 252,'slkvg',590553826,'lhchc',39958190,57495492);
insert into Hospital.Takes (employee_number,shift_name ) values ( 252,'evening');
insert into Hospital.Belongs_to(employee_number,department_id) values (252,3);
insert into Hospital.Pharmaceutical_product(product_id,cost,manufacturer) values(253,979.5014281170661,'icdjs');
insert into Hospital.Batch(batch_id,manufacture_date,expiry_date) values (253,'2013-01-30','2013-10-04');
insert into Hospital.Production(product_id,batch_id) values (253,253);
insert into Hospital.Batch(batch_id,manufacture_date,expiry_date) values (254,'2013-01-30','2013-10-04');
insert into Hospital.Production(product_id,batch_id) values (253,254);
insert into Hospital.Batch(batch_id,manufacture_date,expiry_date) values (255,'2013-01-30','2013-10-04');
insert into Hospital.Production(product_id,batch_id) values (253,255);
insert into Hospital.Batch(batch_id,manufacture_date,expiry_date) values (256,'2013-01-30','2013-10-04');
insert into Hospital.Production(product_id,batch_id) values (253,256);
insert into Hospital.Batch(batch_id,manufacture_date,expiry_date) values (257,'2013-01-30','2013-10-04');
insert into Hospital.Production(product_id,batch_id) values (253,257);
insert into Hospital.Employees (employee_number, name, location, ssn, home_address,phone_number,designation) values ( 253,'czvss','mjsnhmrmkgjsrkq',196570270,'kemry',21957717,'Doctor');
insert into Hospital.Visitation(patient_registration_no,date_of_visit,diagnosis) values (253,'2013-07-01','llclc');
insert into Hospital.Consulted(employee_number,certification_no,patient_registration_no,date_of_visit) values(161,161112233,253,'2013-07-01');
insert into Hospital.Treated_by(patient_registration_no,date_of_visit,employee_number,treatment) values(253,2013-07-01,103);
insert into Hospital.Prescribed(product_id,patient_registration_no,date_of_visit) values (192,253,'2013-07-01');
insert into Hospital.Visitation(patient_registration_no,date_of_visit,diagnosis) values (253,'2013-01-04','dbqzx');
insert into Hospital.Consulted(employee_number,certification_no,patient_registration_no,date_of_visit) values(44,44112233,253,'2013-01-04');
insert into Hospital.Treated_by(patient_registration_no,date_of_visit,employee_number,treatment) values(253,2013-01-04,165);
insert into Hospital.Prescribed(product_id,patient_registration_no,date_of_visit) values (191,253,'2013-01-04');
insert into Hospital.Visitation(patient_registration_no,date_of_visit,diagnosis) values (253,'2013-04-06','uwsha');
insert into Hospital.Consulted(employee_number,certification_no,patient_registration_no,date_of_visit) values(1,1112233,253,'2013-04-06');
insert into Hospital.Treated_by(patient_registration_no,date_of_visit,employee_number,treatment) values(253,2013-04-06,18);
insert into Hospital.Prescribed(product_id,patient_registration_no,date_of_visit) values (146,253,'2013-04-06');
insert into Hospital.Visitation(patient_registration_no,date_of_visit,diagnosis) values (253,'2013-04-18','khopd');
insert into Hospital.Consulted(employee_number,certification_no,patient_registration_no,date_of_visit) values(151,151112233,253,'2013-04-18');
insert into Hospital.Treated_by(patient_registration_no,date_of_visit,employee_number,treatment) values(253,2013-04-18,81);
insert into Hospital.Prescribed(product_id,patient_registration_no,date_of_visit) values (46,253,'2013-04-18');
insert into Hospital.Visitation(patient_registration_no,date_of_visit,diagnosis) values (253,'2013-08-16','bosfy');
insert into Hospital.Consulted(employee_number,certification_no,patient_registration_no,date_of_visit) values(168,168112233,253,'2013-08-16');
insert into Hospital.Treated_by(patient_registration_no,date_of_visit,employee_number,treatment) values(253,2013-08-16,221);
insert into Hospital.Prescribed(product_id,patient_registration_no,date_of_visit) values (220,253,'2013-08-16');
insert into Hospital.Patient (patient_registration_no, name, ssn, address,contact_no,emergency_contact_no) values ( 253,'yryvb',15461656,'dfkam',97539818,18998050);
insert into Hospital.Physician (employee_number, certification_no,specialization) values ( 253,253112233,'Dermatology');
insert into Hospital.Belongs_to(employee_number,department_id) values (253,1);
insert into Hospital.Pharmaceutical_product(product_id,cost,manufacturer) values(254,447.72439238346874,'ubbgk');
insert into Hospital.Employees (employee_number, name, location, ssn, home_address,phone_number,designation) values ( 254,'qxpqj','ztxwyhthbvpkrcg',521887195,'lvlka',33631922,'Administration');
insert into Hospital.Visitation(patient_registration_no,date_of_visit,diagnosis) values (254,'2013-03-04','brxvz');
insert into Hospital.Consulted(employee_number,certification_no,patient_registration_no,date_of_visit) values(194,194112233,254,'2013-03-04');
insert into Hospital.Treated_by(patient_registration_no,date_of_visit,employee_number,treatment) values(254,2013-03-04,83);
insert into Hospital.Prescribed(product_id,patient_registration_no,date_of_visit) values (24,254,'2013-03-04');
insert into Hospital.Visitation(patient_registration_no,date_of_visit,diagnosis) values (254,'2013-10-01','stjwm');
insert into Hospital.Consulted(employee_number,certification_no,patient_registration_no,date_of_visit) values(46,46112233,254,'2013-10-01');
insert into Hospital.Treated_by(patient_registration_no,date_of_visit,employee_number,treatment) values(254,2013-10-01,248);
insert into Hospital.Prescribed(product_id,patient_registration_no,date_of_visit) values (21,254,'2013-10-01');
insert into Hospital.Visitation(patient_registration_no,date_of_visit,diagnosis) values (254,'2013-08-04','zzkwi');
insert into Hospital.Consulted(employee_number,certification_no,patient_registration_no,date_of_visit) values(44,44112233,254,'2013-08-04');
insert into Hospital.Treated_by(patient_registration_no,date_of_visit,employee_number,treatment) values(254,2013-08-04,103);
insert into Hospital.Prescribed(product_id,patient_registration_no,date_of_visit) values (141,254,'2013-08-04');
insert into Hospital.Visitation(patient_registration_no,date_of_visit,diagnosis) values (254,'2013-03-08','vqahg');
insert into Hospital.Consulted(employee_number,certification_no,patient_registration_no,date_of_visit) values(166,166112233,254,'2013-03-08');
insert into Hospital.Treated_by(patient_registration_no,date_of_visit,employee_number,treatment) values(254,2013-03-08,77);
insert into Hospital.Prescribed(product_id,patient_registration_no,date_of_visit) values (28,254,'2013-03-08');
insert into Hospital.Visitation(patient_registration_no,date_of_visit,diagnosis) values (254,'2013-10-13','jqamt');
insert into Hospital.Consulted(employee_number,certification_no,patient_registration_no,date_of_visit) values(8,8112233,254,'2013-10-13');
insert into Hospital.Treated_by(patient_registration_no,date_of_visit,employee_number,treatment) values(254,2013-10-13,169);
insert into Hospital.Prescribed(product_id,patient_registration_no,date_of_visit) values (61,254,'2013-10-13');
insert into Hospital.Patient (patient_registration_no, name, ssn, address,contact_no,emergency_contact_no) values ( 254,'qmgon',462531101,'zufec',33893843,36435269);
insert into Hospital.Belongs_to(employee_number,department_id) values (254,2);
insert into Hospital.Pharmaceutical_product(product_id,cost,manufacturer) values(255,225.7829218323294,'uvodr');
insert into Hospital.Batch(batch_id,manufacture_date,expiry_date) values (255,'2013-03-05','2013-10-17');
insert into Hospital.Production(product_id,batch_id) values (255,255);
insert into Hospital.Batch(batch_id,manufacture_date,expiry_date) values (256,'2013-03-05','2013-10-17');
insert into Hospital.Production(product_id,batch_id) values (255,256);
insert into Hospital.Batch(batch_id,manufacture_date,expiry_date) values (257,'2013-03-05','2013-10-17');
insert into Hospital.Production(product_id,batch_id) values (255,257);
insert into Hospital.Batch(batch_id,manufacture_date,expiry_date) values (258,'2013-03-05','2013-10-17');
insert into Hospital.Production(product_id,batch_id) values (255,258);
insert into Hospital.Batch(batch_id,manufacture_date,expiry_date) values (259,'2013-03-05','2013-10-17');
insert into Hospital.Production(product_id,batch_id) values (255,259);
insert into Hospital.Employees (employee_number, name, location, ssn, home_address,phone_number,designation) values ( 255,'feztd','cjndbeybgyphdmg',296947040,'rduhh',72328123,'Administration');
insert into Hospital.Visitation(patient_registration_no,date_of_visit,diagnosis) values (255,'2013-04-28','bgedv');
insert into Hospital.Consulted(employee_number,certification_no,patient_registration_no,date_of_visit) values(208,208112233,255,'2013-04-28');
insert into Hospital.Treated_by(patient_registration_no,date_of_visit,employee_number,treatment) values(255,2013-04-28,248);
insert into Hospital.Prescribed(product_id,patient_registration_no,date_of_visit) values (45,255,'2013-04-28');
insert into Hospital.Visitation(patient_registration_no,date_of_visit,diagnosis) values (255,'2013-05-26','kqqhc');
insert into Hospital.Consulted(employee_number,certification_no,patient_registration_no,date_of_visit) values(29,29112233,255,'2013-05-26');
insert into Hospital.Treated_by(patient_registration_no,date_of_visit,employee_number,treatment) values(255,2013-05-26,49);
insert into Hospital.Prescribed(product_id,patient_registration_no,date_of_visit) values (248,255,'2013-05-26');
insert into Hospital.Visitation(patient_registration_no,date_of_visit,diagnosis) values (255,'2013-05-31','bbonr');
insert into Hospital.Consulted(employee_number,certification_no,patient_registration_no,date_of_visit) values(12,12112233,255,'2013-05-31');
insert into Hospital.Treated_by(patient_registration_no,date_of_visit,employee_number,treatment) values(255,2013-05-31,173);
insert into Hospital.Prescribed(product_id,patient_registration_no,date_of_visit) values (9,255,'2013-05-31');
insert into Hospital.Visitation(patient_registration_no,date_of_visit,diagnosis) values (255,'2013-08-20','ivuxt');
insert into Hospital.Consulted(employee_number,certification_no,patient_registration_no,date_of_visit) values(244,244112233,255,'2013-08-20');
insert into Hospital.Treated_by(patient_registration_no,date_of_visit,employee_number,treatment) values(255,2013-08-20,248);
insert into Hospital.Prescribed(product_id,patient_registration_no,date_of_visit) values (7,255,'2013-08-20');
insert into Hospital.Visitation(patient_registration_no,date_of_visit,diagnosis) values (255,'2013-03-06','ylmpy');
insert into Hospital.Consulted(employee_number,certification_no,patient_registration_no,date_of_visit) values(9,9112233,255,'2013-03-06');
insert into Hospital.Treated_by(patient_registration_no,date_of_visit,employee_number,treatment) values(255,2013-03-06,63);
insert into Hospital.Prescribed(product_id,patient_registration_no,date_of_visit) values (246,255,'2013-03-06');
insert into Hospital.Patient (patient_registration_no, name, ssn, address,contact_no,emergency_contact_no) values ( 255,'ekeve',918500073,'urkbu',13872870,93521607);
insert into Hospital.Belongs_to(employee_number,department_id) values (255,2);
insert into Hospital.Pharmaceutical_product(product_id,cost,manufacturer) values(256,402.97728950125514,'xuilt');
insert into Hospital.Batch(batch_id,manufacture_date,expiry_date) values (256,'2013-02-02','2013-02-14');
insert into Hospital.Production(product_id,batch_id) values (256,256);
insert into Hospital.Batch(batch_id,manufacture_date,expiry_date) values (257,'2013-02-02','2013-02-14');
insert into Hospital.Production(product_id,batch_id) values (256,257);
insert into Hospital.Batch(batch_id,manufacture_date,expiry_date) values (258,'2013-02-02','2013-02-14');
insert into Hospital.Production(product_id,batch_id) values (256,258);
insert into Hospital.Batch(batch_id,manufacture_date,expiry_date) values (259,'2013-02-02','2013-02-14');
insert into Hospital.Production(product_id,batch_id) values (256,259);
insert into Hospital.Batch(batch_id,manufacture_date,expiry_date) values (260,'2013-02-02','2013-02-14');
insert into Hospital.Production(product_id,batch_id) values (256,260);
insert into Hospital.Medicine(product_id,medicine_name,dosage) values (256,'flxcn','tqhhk');
insert into Hospital.Employees (employee_number, name, location, ssn, home_address,phone_number,designation) values ( 256,'fqwsm','nxfjlgfpvyxremk',829350509,'ekyts',95180415,'Administration');
insert into Hospital.Visitation(patient_registration_no,date_of_visit,diagnosis) values (256,'2013-07-03','sieyn');
insert into Hospital.Consulted(employee_number,certification_no,patient_registration_no,date_of_visit) values(159,159112233,256,'2013-07-03');
insert into Hospital.Treated_by(patient_registration_no,date_of_visit,employee_number,treatment) values(256,2013-07-03,126);
insert into Hospital.Prescribed(product_id,patient_registration_no,date_of_visit) values (187,256,'2013-07-03');
insert into Hospital.Visitation(patient_registration_no,date_of_visit,diagnosis) values (256,'2013-10-06','lfygj');
insert into Hospital.Consulted(employee_number,certification_no,patient_registration_no,date_of_visit) values(94,94112233,256,'2013-10-06');
insert into Hospital.Treated_by(patient_registration_no,date_of_visit,employee_number,treatment) values(256,2013-10-06,178);
insert into Hospital.Prescribed(product_id,patient_registration_no,date_of_visit) values (90,256,'2013-10-06');
insert into Hospital.Visitation(patient_registration_no,date_of_visit,diagnosis) values (256,'2013-05-21','uwmox');
insert into Hospital.Consulted(employee_number,certification_no,patient_registration_no,date_of_visit) values(2,2112233,256,'2013-05-21');
insert into Hospital.Treated_by(patient_registration_no,date_of_visit,employee_number,treatment) values(256,2013-05-21,203);
insert into Hospital.Prescribed(product_id,patient_registration_no,date_of_visit) values (153,256,'2013-05-21');
insert into Hospital.Visitation(patient_registration_no,date_of_visit,diagnosis) values (256,'2013-03-15','vonfu');
insert into Hospital.Consulted(employee_number,certification_no,patient_registration_no,date_of_visit) values(150,150112233,256,'2013-03-15');
insert into Hospital.Treated_by(patient_registration_no,date_of_visit,employee_number,treatment) values(256,2013-03-15,195);
insert into Hospital.Prescribed(product_id,patient_registration_no,date_of_visit) values (151,256,'2013-03-15');
insert into Hospital.Visitation(patient_registration_no,date_of_visit,diagnosis) values (256,'2013-09-27','fjanf');
insert into Hospital.Consulted(employee_number,certification_no,patient_registration_no,date_of_visit) values(245,245112233,256,'2013-09-27');
insert into Hospital.Treated_by(patient_registration_no,date_of_visit,employee_number,treatment) values(256,2013-09-27,76);
insert into Hospital.Prescribed(product_id,patient_registration_no,date_of_visit) values (23,256,'2013-09-27');
insert into Hospital.Patient (patient_registration_no, name, ssn, address,contact_no,emergency_contact_no) values ( 256,'prtyq',461361870,'yfmdp',82927416,38188951);
insert into Hospital.Belongs_to(employee_number,department_id) values (256,2);
insert into Hospital.Pharmaceutical_product(product_id,cost,manufacturer) values(257,260.955017160216,'qucoe');
insert into Hospital.Medicine(product_id,medicine_name,dosage) values (257,'zzrxd','zbnej');
insert into Hospital.Employees (employee_number, name, location, ssn, home_address,phone_number,designation) values ( 257,'dgrqk','agqioddyfetcxfi',695954726,'zxpec',89234100,'Nurse');
insert into Hospital.Visitation(patient_registration_no,date_of_visit,diagnosis) values (257,'2013-06-15','ccfwb');
insert into Hospital.Consulted(employee_number,certification_no,patient_registration_no,date_of_visit) values(216,216112233,257,'2013-06-15');
insert into Hospital.Treated_by(patient_registration_no,date_of_visit,employee_number,treatment) values(257,2013-06-15,87);
insert into Hospital.Prescribed(product_id,patient_registration_no,date_of_visit) values (161,257,'2013-06-15');
insert into Hospital.Visitation(patient_registration_no,date_of_visit,diagnosis) values (257,'2013-01-10','inuwm');
insert into Hospital.Consulted(employee_number,certification_no,patient_registration_no,date_of_visit) values(216,216112233,257,'2013-01-10');
insert into Hospital.Treated_by(patient_registration_no,date_of_visit,employee_number,treatment) values(257,2013-01-10,10);
insert into Hospital.Prescribed(product_id,patient_registration_no,date_of_visit) values (5,257,'2013-01-10');
insert into Hospital.Visitation(patient_registration_no,date_of_visit,diagnosis) values (257,'2013-09-05','snmfr');
insert into Hospital.Consulted(employee_number,certification_no,patient_registration_no,date_of_visit) values(29,29112233,257,'2013-09-05');
insert into Hospital.Treated_by(patient_registration_no,date_of_visit,employee_number,treatment) values(257,2013-09-05,49);
insert into Hospital.Prescribed(product_id,patient_registration_no,date_of_visit) values (123,257,'2013-09-05');
insert into Hospital.Visitation(patient_registration_no,date_of_visit,diagnosis) values (257,'2013-10-16','ncjnl');
insert into Hospital.Consulted(employee_number,certification_no,patient_registration_no,date_of_visit) values(128,128112233,257,'2013-10-16');
insert into Hospital.Treated_by(patient_registration_no,date_of_visit,employee_number,treatment) values(257,2013-10-16,39);
insert into Hospital.Prescribed(product_id,patient_registration_no,date_of_visit) values (203,257,'2013-10-16');
insert into Hospital.Visitation(patient_registration_no,date_of_visit,diagnosis) values (257,'2013-10-16','flprp');
insert into Hospital.Consulted(employee_number,certification_no,patient_registration_no,date_of_visit) values(37,37112233,257,'2013-10-16');
insert into Hospital.Treated_by(patient_registration_no,date_of_visit,employee_number,treatment) values(257,2013-10-16,64);
insert into Hospital.Prescribed(product_id,patient_registration_no,date_of_visit) values (214,257,'2013-10-16');
insert into Hospital.Patient (patient_registration_no, name, ssn, address,contact_no,emergency_contact_no) values ( 257,'guhfy',240897252,'xdkeo',12391000,66193586);
insert into Hospital.Takes (employee_number,shift_name ) values ( 257,'evening');
insert into Hospital.Belongs_to(employee_number,department_id) values (257,3);
insert into Hospital.Pharmaceutical_product(product_id,cost,manufacturer) values(258,278.72257762921896,'birdt');
insert into Hospital.Batch(batch_id,manufacture_date,expiry_date) values (258,'2013-02-15','2013-06-08');
insert into Hospital.Production(product_id,batch_id) values (258,258);
insert into Hospital.Batch(batch_id,manufacture_date,expiry_date) values (259,'2013-02-15','2013-06-08');
insert into Hospital.Production(product_id,batch_id) values (258,259);
insert into Hospital.Batch(batch_id,manufacture_date,expiry_date) values (260,'2013-02-15','2013-06-08');
insert into Hospital.Production(product_id,batch_id) values (258,260);
insert into Hospital.Batch(batch_id,manufacture_date,expiry_date) values (261,'2013-02-15','2013-06-08');
insert into Hospital.Production(product_id,batch_id) values (258,261);
insert into Hospital.Batch(batch_id,manufacture_date,expiry_date) values (262,'2013-02-15','2013-06-08');
insert into Hospital.Production(product_id,batch_id) values (258,262);
insert into Hospital.Employees (employee_number, name, location, ssn, home_address,phone_number,designation) values ( 258,'rmqbs','kohagtfjaihxiwz',495700086,'eytqv',29479890,'Doctor');
insert into Hospital.Visitation(patient_registration_no,date_of_visit,diagnosis) values (258,'2013-02-18','sgtaw');
insert into Hospital.Consulted(employee_number,certification_no,patient_registration_no,date_of_visit) values(197,197112233,258,'2013-02-18');
insert into Hospital.Treated_by(patient_registration_no,date_of_visit,employee_number,treatment) values(258,2013-02-18,173);
insert into Hospital.Prescribed(product_id,patient_registration_no,date_of_visit) values (18,258,'2013-02-18');
insert into Hospital.Visitation(patient_registration_no,date_of_visit,diagnosis) values (258,'2013-01-11','mmiek');
insert into Hospital.Consulted(employee_number,certification_no,patient_registration_no,date_of_visit) values(122,122112233,258,'2013-01-11');
insert into Hospital.Treated_by(patient_registration_no,date_of_visit,employee_number,treatment) values(258,2013-01-11,30);
insert into Hospital.Prescribed(product_id,patient_registration_no,date_of_visit) values (110,258,'2013-01-11');
insert into Hospital.Visitation(patient_registration_no,date_of_visit,diagnosis) values (258,'2013-05-07','zjayj');
insert into Hospital.Consulted(employee_number,certification_no,patient_registration_no,date_of_visit) values(130,130112233,258,'2013-05-07');
insert into Hospital.Treated_by(patient_registration_no,date_of_visit,employee_number,treatment) values(258,2013-05-07,30);
insert into Hospital.Prescribed(product_id,patient_registration_no,date_of_visit) values (49,258,'2013-05-07');
insert into Hospital.Visitation(patient_registration_no,date_of_visit,diagnosis) values (258,'2013-03-21','sianq');
insert into Hospital.Consulted(employee_number,certification_no,patient_registration_no,date_of_visit) values(55,55112233,258,'2013-03-21');
insert into Hospital.Treated_by(patient_registration_no,date_of_visit,employee_number,treatment) values(258,2013-03-21,28);
insert into Hospital.Prescribed(product_id,patient_registration_no,date_of_visit) values (65,258,'2013-03-21');
insert into Hospital.Visitation(patient_registration_no,date_of_visit,diagnosis) values (258,'2013-06-22','kwlhs');
insert into Hospital.Consulted(employee_number,certification_no,patient_registration_no,date_of_visit) values(13,13112233,258,'2013-06-22');
insert into Hospital.Treated_by(patient_registration_no,date_of_visit,employee_number,treatment) values(258,2013-06-22,209);
insert into Hospital.Prescribed(product_id,patient_registration_no,date_of_visit) values (204,258,'2013-06-22');
insert into Hospital.Patient (patient_registration_no, name, ssn, address,contact_no,emergency_contact_no) values ( 258,'kzjik',172202157,'reqxu',89254151,45758261);
insert into Hospital.Physician (employee_number, certification_no,specialization) values ( 258,258112233,'Pediatrics');
insert into Hospital.Belongs_to(employee_number,department_id) values (258,1);
insert into Hospital.Pharmaceutical_product(product_id,cost,manufacturer) values(259,874.0953016112594,'dfzrv');
insert into Hospital.Employees (employee_number, name, location, ssn, home_address,phone_number,designation) values ( 259,'hutzb','kytyvnfbswmxfvb',884550675,'owwbi',64870626,'Nurse');
insert into Hospital.Visitation(patient_registration_no,date_of_visit,diagnosis) values (259,'2013-09-13','myvlj');
insert into Hospital.Consulted(employee_number,certification_no,patient_registration_no,date_of_visit) values(246,246112233,259,'2013-09-13');
insert into Hospital.Treated_by(patient_registration_no,date_of_visit,employee_number,treatment) values(259,2013-09-13,49);
insert into Hospital.Prescribed(product_id,patient_registration_no,date_of_visit) values (49,259,'2013-09-13');
insert into Hospital.Visitation(patient_registration_no,date_of_visit,diagnosis) values (259,'2013-10-26','xpeph');
insert into Hospital.Consulted(employee_number,certification_no,patient_registration_no,date_of_visit) values(194,194112233,259,'2013-10-26');
insert into Hospital.Treated_by(patient_registration_no,date_of_visit,employee_number,treatment) values(259,2013-10-26,83);
insert into Hospital.Prescribed(product_id,patient_registration_no,date_of_visit) values (151,259,'2013-10-26');
insert into Hospital.Visitation(patient_registration_no,date_of_visit,diagnosis) values (259,'2013-06-28','gexqs');
insert into Hospital.Consulted(employee_number,certification_no,patient_registration_no,date_of_visit) values(246,246112233,259,'2013-06-28');
insert into Hospital.Treated_by(patient_registration_no,date_of_visit,employee_number,treatment) values(259,2013-06-28,81);
insert into Hospital.Prescribed(product_id,patient_registration_no,date_of_visit) values (45,259,'2013-06-28');
insert into Hospital.Visitation(patient_registration_no,date_of_visit,diagnosis) values (259,'2013-06-28','afiuw');
insert into Hospital.Consulted(employee_number,certification_no,patient_registration_no,date_of_visit) values(184,184112233,259,'2013-06-28');
insert into Hospital.Treated_by(patient_registration_no,date_of_visit,employee_number,treatment) values(259,2013-06-28,0);
insert into Hospital.Prescribed(product_id,patient_registration_no,date_of_visit) values (11,259,'2013-06-28');
insert into Hospital.Visitation(patient_registration_no,date_of_visit,diagnosis) values (259,'2013-08-19','grmwt');
insert into Hospital.Consulted(employee_number,certification_no,patient_registration_no,date_of_visit) values(116,116112233,259,'2013-08-19');
insert into Hospital.Treated_by(patient_registration_no,date_of_visit,employee_number,treatment) values(259,2013-08-19,115);
insert into Hospital.Prescribed(product_id,patient_registration_no,date_of_visit) values (155,259,'2013-08-19');
insert into Hospital.Patient (patient_registration_no, name, ssn, address,contact_no,emergency_contact_no) values ( 259,'dhwdt',199632680,'vdcdr',15122662,35020347);
insert into Hospital.Takes (employee_number,shift_name ) values ( 259,'morning');
insert into Hospital.Belongs_to(employee_number,department_id) values (259,3);
insert into Hospital.Pharmaceutical_product(product_id,cost,manufacturer) values(260,555.8898261032064,'unean');
insert into Hospital.Employees (employee_number, name, location, ssn, home_address,phone_number,designation) values ( 260,'rguqs','pkeeigbghmkagyf',276283866,'jqayc',20147737,'Radiology');
insert into Hospital.Visitation(patient_registration_no,date_of_visit,diagnosis) values (260,'2013-08-07','yhzga');
insert into Hospital.Consulted(employee_number,certification_no,patient_registration_no,date_of_visit) values(92,92112233,260,'2013-08-07');
insert into Hospital.Treated_by(patient_registration_no,date_of_visit,employee_number,treatment) values(260,2013-08-07,153);
insert into Hospital.Prescribed(product_id,patient_registration_no,date_of_visit) values (191,260,'2013-08-07');
insert into Hospital.Visitation(patient_registration_no,date_of_visit,diagnosis) values (260,'2013-09-27','rmwgu');
insert into Hospital.Consulted(employee_number,certification_no,patient_registration_no,date_of_visit) values(34,34112233,260,'2013-09-27');
insert into Hospital.Treated_by(patient_registration_no,date_of_visit,employee_number,treatment) values(260,2013-09-27,0);
insert into Hospital.Prescribed(product_id,patient_registration_no,date_of_visit) values (149,260,'2013-09-27');
insert into Hospital.Visitation(patient_registration_no,date_of_visit,diagnosis) values (260,'2013-06-08','zexdv');
insert into Hospital.Consulted(employee_number,certification_no,patient_registration_no,date_of_visit) values(228,228112233,260,'2013-06-08');
insert into Hospital.Treated_by(patient_registration_no,date_of_visit,employee_number,treatment) values(260,2013-06-08,185);
insert into Hospital.Prescribed(product_id,patient_registration_no,date_of_visit) values (19,260,'2013-06-08');
insert into Hospital.Visitation(patient_registration_no,date_of_visit,diagnosis) values (260,'2013-08-04','uqrfe');
insert into Hospital.Consulted(employee_number,certification_no,patient_registration_no,date_of_visit) values(238,238112233,260,'2013-08-04');
insert into Hospital.Treated_by(patient_registration_no,date_of_visit,employee_number,treatment) values(260,2013-08-04,19);
insert into Hospital.Prescribed(product_id,patient_registration_no,date_of_visit) values (137,260,'2013-08-04');
insert into Hospital.Visitation(patient_registration_no,date_of_visit,diagnosis) values (260,'2013-07-05','ueect');
insert into Hospital.Consulted(employee_number,certification_no,patient_registration_no,date_of_visit) values(192,192112233,260,'2013-07-05');
insert into Hospital.Treated_by(patient_registration_no,date_of_visit,employee_number,treatment) values(260,2013-07-05,189);
insert into Hospital.Prescribed(product_id,patient_registration_no,date_of_visit) values (249,260,'2013-07-05');
insert into Hospital.Patient (patient_registration_no, name, ssn, address,contact_no,emergency_contact_no) values ( 260,'ftdlz',75733209,'swlht',63607173,56176188);
insert into Hospital.Takes (employee_number,shift_name ) values ( 260,'night');
insert into Hospital.Belongs_to(employee_number,department_id) values (260,3);
insert into Hospital.Pharmaceutical_product(product_id,cost,manufacturer) values(261,720.8743858362487,'slstg');
insert into Hospital.Batch(batch_id,manufacture_date,expiry_date) values (261,'2013-05-01','2013-06-30');
insert into Hospital.Production(product_id,batch_id) values (261,261);
insert into Hospital.Batch(batch_id,manufacture_date,expiry_date) values (262,'2013-05-01','2013-06-30');
insert into Hospital.Production(product_id,batch_id) values (261,262);
insert into Hospital.Batch(batch_id,manufacture_date,expiry_date) values (263,'2013-05-01','2013-06-30');
insert into Hospital.Production(product_id,batch_id) values (261,263);
insert into Hospital.Batch(batch_id,manufacture_date,expiry_date) values (264,'2013-05-01','2013-06-30');
insert into Hospital.Production(product_id,batch_id) values (261,264);
insert into Hospital.Batch(batch_id,manufacture_date,expiry_date) values (265,'2013-05-01','2013-06-30');
insert into Hospital.Production(product_id,batch_id) values (261,265);
insert into Hospital.Employees (employee_number, name, location, ssn, home_address,phone_number,designation) values ( 261,'trfxz','ajmzmxbecwjyboj',680250578,'eedzf',76325698,'Radiology');
insert into Hospital.Visitation(patient_registration_no,date_of_visit,diagnosis) values (261,'2013-02-02','vddgq');
insert into Hospital.Consulted(employee_number,certification_no,patient_registration_no,date_of_visit) values(13,13112233,261,'2013-02-02');
insert into Hospital.Treated_by(patient_registration_no,date_of_visit,employee_number,treatment) values(261,2013-02-02,63);
insert into Hospital.Prescribed(product_id,patient_registration_no,date_of_visit) values (76,261,'2013-02-02');
insert into Hospital.Visitation(patient_registration_no,date_of_visit,diagnosis) values (261,'2013-03-23','crilm');
insert into Hospital.Consulted(employee_number,certification_no,patient_registration_no,date_of_visit) values(214,214112233,261,'2013-03-23');
insert into Hospital.Treated_by(patient_registration_no,date_of_visit,employee_number,treatment) values(261,2013-03-23,0);
insert into Hospital.Prescribed(product_id,patient_registration_no,date_of_visit) values (147,261,'2013-03-23');
insert into Hospital.Visitation(patient_registration_no,date_of_visit,diagnosis) values (261,'2013-03-29','sbyhr');
insert into Hospital.Consulted(employee_number,certification_no,patient_registration_no,date_of_visit) values(2,2112233,261,'2013-03-29');
insert into Hospital.Treated_by(patient_registration_no,date_of_visit,employee_number,treatment) values(261,2013-03-29,233);
insert into Hospital.Prescribed(product_id,patient_registration_no,date_of_visit) values (111,261,'2013-03-29');
insert into Hospital.Visitation(patient_registration_no,date_of_visit,diagnosis) values (261,'2013-05-18','aztvh');
insert into Hospital.Consulted(employee_number,certification_no,patient_registration_no,date_of_visit) values(253,253112233,261,'2013-05-18');
insert into Hospital.Treated_by(patient_registration_no,date_of_visit,employee_number,treatment) values(261,2013-05-18,165);
insert into Hospital.Prescribed(product_id,patient_registration_no,date_of_visit) values (14,261,'2013-05-18');
insert into Hospital.Visitation(patient_registration_no,date_of_visit,diagnosis) values (261,'2013-09-22','sialr');
insert into Hospital.Consulted(employee_number,certification_no,patient_registration_no,date_of_visit) values(133,133112233,261,'2013-09-22');
insert into Hospital.Treated_by(patient_registration_no,date_of_visit,employee_number,treatment) values(261,2013-09-22,157);
insert into Hospital.Prescribed(product_id,patient_registration_no,date_of_visit) values (196,261,'2013-09-22');
insert into Hospital.Patient (patient_registration_no, name, ssn, address,contact_no,emergency_contact_no) values ( 261,'tgppo',94703375,'kljuo',72139515,57222135);
insert into Hospital.Takes (employee_number,shift_name ) values ( 261,'night');
insert into Hospital.Belongs_to(employee_number,department_id) values (261,3);
insert into Hospital.Pharmaceutical_product(product_id,cost,manufacturer) values(262,600.9954525137947,'okllf');
insert into Hospital.Batch(batch_id,manufacture_date,expiry_date) values (262,'2013-02-09','2013-09-16');
insert into Hospital.Production(product_id,batch_id) values (262,262);
insert into Hospital.Batch(batch_id,manufacture_date,expiry_date) values (263,'2013-02-09','2013-09-16');
insert into Hospital.Production(product_id,batch_id) values (262,263);
insert into Hospital.Batch(batch_id,manufacture_date,expiry_date) values (264,'2013-02-09','2013-09-16');
insert into Hospital.Production(product_id,batch_id) values (262,264);
insert into Hospital.Batch(batch_id,manufacture_date,expiry_date) values (265,'2013-02-09','2013-09-16');
insert into Hospital.Production(product_id,batch_id) values (262,265);
insert into Hospital.Batch(batch_id,manufacture_date,expiry_date) values (266,'2013-02-09','2013-09-16');
insert into Hospital.Production(product_id,batch_id) values (262,266);
insert into Hospital.Employees (employee_number, name, location, ssn, home_address,phone_number,designation) values ( 262,'vqahy','utlaprqpnxkwfcj',991862032,'cryan',19823988,'Doctor');
insert into Hospital.Visitation(patient_registration_no,date_of_visit,diagnosis) values (262,'2013-08-21','qonub');
insert into Hospital.Consulted(employee_number,certification_no,patient_registration_no,date_of_visit) values(216,216112233,262,'2013-08-21');
insert into Hospital.Treated_by(patient_registration_no,date_of_visit,employee_number,treatment) values(262,2013-08-21,237);
insert into Hospital.Prescribed(product_id,patient_registration_no,date_of_visit) values (203,262,'2013-08-21');
insert into Hospital.Visitation(patient_registration_no,date_of_visit,diagnosis) values (262,'2013-04-09','mjhom');
insert into Hospital.Consulted(employee_number,certification_no,patient_registration_no,date_of_visit) values(44,44112233,262,'2013-04-09');
insert into Hospital.Treated_by(patient_registration_no,date_of_visit,employee_number,treatment) values(262,2013-04-09,77);
insert into Hospital.Prescribed(product_id,patient_registration_no,date_of_visit) values (232,262,'2013-04-09');
insert into Hospital.Visitation(patient_registration_no,date_of_visit,diagnosis) values (262,'2013-02-06','yuayk');
insert into Hospital.Consulted(employee_number,certification_no,patient_registration_no,date_of_visit) values(51,51112233,262,'2013-02-06');
insert into Hospital.Treated_by(patient_registration_no,date_of_visit,employee_number,treatment) values(262,2013-02-06,10);
insert into Hospital.Prescribed(product_id,patient_registration_no,date_of_visit) values (90,262,'2013-02-06');
insert into Hospital.Visitation(patient_registration_no,date_of_visit,diagnosis) values (262,'2013-03-03','gqstu');
insert into Hospital.Consulted(employee_number,certification_no,patient_registration_no,date_of_visit) values(139,139112233,262,'2013-03-03');
insert into Hospital.Treated_by(patient_registration_no,date_of_visit,employee_number,treatment) values(262,2013-03-03,96);
insert into Hospital.Prescribed(product_id,patient_registration_no,date_of_visit) values (104,262,'2013-03-03');
insert into Hospital.Visitation(patient_registration_no,date_of_visit,diagnosis) values (262,'2013-05-13','yeqhw');
insert into Hospital.Consulted(employee_number,certification_no,patient_registration_no,date_of_visit) values(1,1112233,262,'2013-05-13');
insert into Hospital.Treated_by(patient_registration_no,date_of_visit,employee_number,treatment) values(262,2013-05-13,209);
insert into Hospital.Prescribed(product_id,patient_registration_no,date_of_visit) values (76,262,'2013-05-13');
insert into Hospital.Patient (patient_registration_no, name, ssn, address,contact_no,emergency_contact_no) values ( 262,'kcdxj',89205026,'hksjg',96787634,53751697);
insert into Hospital.Physician (employee_number, certification_no,specialization) values ( 262,262112233,'Anesthesiology');
insert into Hospital.Belongs_to(employee_number,department_id) values (262,1);
insert into Hospital.Pharmaceutical_product(product_id,cost,manufacturer) values(263,572.4607356389913,'mmyba');
insert into Hospital.Batch(batch_id,manufacture_date,expiry_date) values (263,'2013-02-11','2013-02-13');
insert into Hospital.Production(product_id,batch_id) values (263,263);
insert into Hospital.Batch(batch_id,manufacture_date,expiry_date) values (264,'2013-02-11','2013-02-13');
insert into Hospital.Production(product_id,batch_id) values (263,264);
insert into Hospital.Batch(batch_id,manufacture_date,expiry_date) values (265,'2013-02-11','2013-02-13');
insert into Hospital.Production(product_id,batch_id) values (263,265);
insert into Hospital.Batch(batch_id,manufacture_date,expiry_date) values (266,'2013-02-11','2013-02-13');
insert into Hospital.Production(product_id,batch_id) values (263,266);
insert into Hospital.Batch(batch_id,manufacture_date,expiry_date) values (267,'2013-02-11','2013-02-13');
insert into Hospital.Production(product_id,batch_id) values (263,267);
insert into Hospital.Medicine(product_id,medicine_name,dosage) values (263,'veyyv','pprtx');
insert into Hospital.Employees (employee_number, name, location, ssn, home_address,phone_number,designation) values ( 263,'tohny','sgyuoiyzszrzniw',976346588,'lpqor',98046353,'Radiology');
insert into Hospital.Visitation(patient_registration_no,date_of_visit,diagnosis) values (263,'2013-09-29','grtmx');
insert into Hospital.Consulted(employee_number,certification_no,patient_registration_no,date_of_visit) values(75,75112233,263,'2013-09-29');
insert into Hospital.Treated_by(patient_registration_no,date_of_visit,employee_number,treatment) values(263,2013-09-29,104);
insert into Hospital.Prescribed(product_id,patient_registration_no,date_of_visit) values (24,263,'2013-09-29');
insert into Hospital.Visitation(patient_registration_no,date_of_visit,diagnosis) values (263,'2013-04-10','qrpwk');
insert into Hospital.Consulted(employee_number,certification_no,patient_registration_no,date_of_visit) values(111,111112233,263,'2013-04-10');
insert into Hospital.Treated_by(patient_registration_no,date_of_visit,employee_number,treatment) values(263,2013-04-10,52);
insert into Hospital.Prescribed(product_id,patient_registration_no,date_of_visit) values (151,263,'2013-04-10');
insert into Hospital.Visitation(patient_registration_no,date_of_visit,diagnosis) values (263,'2013-08-18','ussok');
insert into Hospital.Consulted(employee_number,certification_no,patient_registration_no,date_of_visit) values(184,184112233,263,'2013-08-18');
insert into Hospital.Treated_by(patient_registration_no,date_of_visit,employee_number,treatment) values(263,2013-08-18,164);
insert into Hospital.Prescribed(product_id,patient_registration_no,date_of_visit) values (79,263,'2013-08-18');
insert into Hospital.Visitation(patient_registration_no,date_of_visit,diagnosis) values (263,'2013-03-19','istet');
insert into Hospital.Consulted(employee_number,certification_no,patient_registration_no,date_of_visit) values(216,216112233,263,'2013-03-19');
insert into Hospital.Treated_by(patient_registration_no,date_of_visit,employee_number,treatment) values(263,2013-03-19,115);
insert into Hospital.Prescribed(product_id,patient_registration_no,date_of_visit) values (206,263,'2013-03-19');
insert into Hospital.Visitation(patient_registration_no,date_of_visit,diagnosis) values (263,'2013-05-29','otvtj');
insert into Hospital.Consulted(employee_number,certification_no,patient_registration_no,date_of_visit) values(44,44112233,263,'2013-05-29');
insert into Hospital.Treated_by(patient_registration_no,date_of_visit,employee_number,treatment) values(263,2013-05-29,164);
insert into Hospital.Prescribed(product_id,patient_registration_no,date_of_visit) values (160,263,'2013-05-29');
insert into Hospital.Patient (patient_registration_no, name, ssn, address,contact_no,emergency_contact_no) values ( 263,'tmebo',608370108,'byryd',74666643,55321684);
insert into Hospital.Takes (employee_number,shift_name ) values ( 263,'evening');
insert into Hospital.Belongs_to(employee_number,department_id) values (263,3);
insert into Hospital.Pharmaceutical_product(product_id,cost,manufacturer) values(264,465.2481610048835,'dlukq');
insert into Hospital.Batch(batch_id,manufacture_date,expiry_date) values (264,'2013-01-25','2013-02-13');
insert into Hospital.Production(product_id,batch_id) values (264,264);
insert into Hospital.Batch(batch_id,manufacture_date,expiry_date) values (265,'2013-01-25','2013-02-13');
insert into Hospital.Production(product_id,batch_id) values (264,265);
insert into Hospital.Batch(batch_id,manufacture_date,expiry_date) values (266,'2013-01-25','2013-02-13');
insert into Hospital.Production(product_id,batch_id) values (264,266);
insert into Hospital.Batch(batch_id,manufacture_date,expiry_date) values (267,'2013-01-25','2013-02-13');
insert into Hospital.Production(product_id,batch_id) values (264,267);
insert into Hospital.Batch(batch_id,manufacture_date,expiry_date) values (268,'2013-01-25','2013-02-13');
insert into Hospital.Production(product_id,batch_id) values (264,268);
insert into Hospital.Employees (employee_number, name, location, ssn, home_address,phone_number,designation) values ( 264,'lhxgg','dsmnlifqtbxqthg',788248442,'zztnn',72486236,'Administration');
insert into Hospital.Visitation(patient_registration_no,date_of_visit,diagnosis) values (264,'2013-01-07','locbo');
insert into Hospital.Consulted(employee_number,certification_no,patient_registration_no,date_of_visit) values(159,159112233,264,'2013-01-07');
insert into Hospital.Treated_by(patient_registration_no,date_of_visit,employee_number,treatment) values(264,2013-01-07,169);
insert into Hospital.Prescribed(product_id,patient_registration_no,date_of_visit) values (194,264,'2013-01-07');
insert into Hospital.Visitation(patient_registration_no,date_of_visit,diagnosis) values (264,'2013-06-09','robeu');
insert into Hospital.Consulted(employee_number,certification_no,patient_registration_no,date_of_visit) values(228,228112233,264,'2013-06-09');
insert into Hospital.Treated_by(patient_registration_no,date_of_visit,employee_number,treatment) values(264,2013-06-09,204);
insert into Hospital.Prescribed(product_id,patient_registration_no,date_of_visit) values (108,264,'2013-06-09');
insert into Hospital.Visitation(patient_registration_no,date_of_visit,diagnosis) values (264,'2013-06-27','igjca');
insert into Hospital.Consulted(employee_number,certification_no,patient_registration_no,date_of_visit) values(29,29112233,264,'2013-06-27');
insert into Hospital.Treated_by(patient_registration_no,date_of_visit,employee_number,treatment) values(264,2013-06-27,96);
insert into Hospital.Prescribed(product_id,patient_registration_no,date_of_visit) values (52,264,'2013-06-27');
insert into Hospital.Visitation(patient_registration_no,date_of_visit,diagnosis) values (264,'2013-01-02','fzwsi');
insert into Hospital.Consulted(employee_number,certification_no,patient_registration_no,date_of_visit) values(29,29112233,264,'2013-01-02');
insert into Hospital.Treated_by(patient_registration_no,date_of_visit,employee_number,treatment) values(264,2013-01-02,30);
insert into Hospital.Prescribed(product_id,patient_registration_no,date_of_visit) values (45,264,'2013-01-02');
insert into Hospital.Visitation(patient_registration_no,date_of_visit,diagnosis) values (264,'2013-07-30','rmuzo');
insert into Hospital.Consulted(employee_number,certification_no,patient_registration_no,date_of_visit) values(137,137112233,264,'2013-07-30');
insert into Hospital.Treated_by(patient_registration_no,date_of_visit,employee_number,treatment) values(264,2013-07-30,88);
insert into Hospital.Prescribed(product_id,patient_registration_no,date_of_visit) values (37,264,'2013-07-30');
insert into Hospital.Patient (patient_registration_no, name, ssn, address,contact_no,emergency_contact_no) values ( 264,'heufc',639604755,'irjkr',36801500,54199551);
insert into Hospital.Belongs_to(employee_number,department_id) values (264,2);
insert into Hospital.Pharmaceutical_product(product_id,cost,manufacturer) values(265,185.1365475461399,'ojwpf');
insert into Hospital.Medicine(product_id,medicine_name,dosage) values (265,'pxbho','poohr');
insert into Hospital.Employees (employee_number, name, location, ssn, home_address,phone_number,designation) values ( 265,'rjviq','lwofxkdbvecaago',823628579,'mwiqi',74594681,'Doctor');
insert into Hospital.Visitation(patient_registration_no,date_of_visit,diagnosis) values (265,'2013-06-07','fzmqp');
insert into Hospital.Consulted(employee_number,certification_no,patient_registration_no,date_of_visit) values(55,55112233,265,'2013-06-07');
insert into Hospital.Treated_by(patient_registration_no,date_of_visit,employee_number,treatment) values(265,2013-06-07,71);
insert into Hospital.Prescribed(product_id,patient_registration_no,date_of_visit) values (222,265,'2013-06-07');
insert into Hospital.Visitation(patient_registration_no,date_of_visit,diagnosis) values (265,'2013-06-29','tihxl');
insert into Hospital.Consulted(employee_number,certification_no,patient_registration_no,date_of_visit) values(238,238112233,265,'2013-06-29');
insert into Hospital.Treated_by(patient_registration_no,date_of_visit,employee_number,treatment) values(265,2013-06-29,76);
insert into Hospital.Prescribed(product_id,patient_registration_no,date_of_visit) values (147,265,'2013-06-29');
insert into Hospital.Visitation(patient_registration_no,date_of_visit,diagnosis) values (265,'2013-02-10','teugl');
insert into Hospital.Consulted(employee_number,certification_no,patient_registration_no,date_of_visit) values(193,193112233,265,'2013-02-10');
insert into Hospital.Treated_by(patient_registration_no,date_of_visit,employee_number,treatment) values(265,2013-02-10,153);
insert into Hospital.Prescribed(product_id,patient_registration_no,date_of_visit) values (115,265,'2013-02-10');
insert into Hospital.Visitation(patient_registration_no,date_of_visit,diagnosis) values (265,'2013-02-20','skwhb');
insert into Hospital.Consulted(employee_number,certification_no,patient_registration_no,date_of_visit) values(161,161112233,265,'2013-02-20');
insert into Hospital.Treated_by(patient_registration_no,date_of_visit,employee_number,treatment) values(265,2013-02-20,88);
insert into Hospital.Prescribed(product_id,patient_registration_no,date_of_visit) values (141,265,'2013-02-20');
insert into Hospital.Visitation(patient_registration_no,date_of_visit,diagnosis) values (265,'2013-04-18','tlihc');
insert into Hospital.Consulted(employee_number,certification_no,patient_registration_no,date_of_visit) values(44,44112233,265,'2013-04-18');
insert into Hospital.Treated_by(patient_registration_no,date_of_visit,employee_number,treatment) values(265,2013-04-18,125);
insert into Hospital.Prescribed(product_id,patient_registration_no,date_of_visit) values (1,265,'2013-04-18');
insert into Hospital.Patient (patient_registration_no, name, ssn, address,contact_no,emergency_contact_no) values ( 265,'ylmhg',980573547,'koftk',24379518,79799668);
insert into Hospital.Physician (employee_number, certification_no,specialization) values ( 265,265112233,'Anesthesiology');
insert into Hospital.Belongs_to(employee_number,department_id) values (265,1);
insert into Hospital.Pharmaceutical_product(product_id,cost,manufacturer) values(266,653.7169551998719,'mwmmf');
insert into Hospital.Batch(batch_id,manufacture_date,expiry_date) values (266,'2013-08-27','2013-10-05');
insert into Hospital.Production(product_id,batch_id) values (266,266);
insert into Hospital.Batch(batch_id,manufacture_date,expiry_date) values (267,'2013-08-27','2013-10-05');
insert into Hospital.Production(product_id,batch_id) values (266,267);
insert into Hospital.Batch(batch_id,manufacture_date,expiry_date) values (268,'2013-08-27','2013-10-05');
insert into Hospital.Production(product_id,batch_id) values (266,268);
insert into Hospital.Batch(batch_id,manufacture_date,expiry_date) values (269,'2013-08-27','2013-10-05');
insert into Hospital.Production(product_id,batch_id) values (266,269);
insert into Hospital.Batch(batch_id,manufacture_date,expiry_date) values (270,'2013-08-27','2013-10-05');
insert into Hospital.Production(product_id,batch_id) values (266,270);
insert into Hospital.Employees (employee_number, name, location, ssn, home_address,phone_number,designation) values ( 266,'cnwwu','zsuvjjdcryllikh',614771399,'kbofv',77364429,'Nurse');
insert into Hospital.Visitation(patient_registration_no,date_of_visit,diagnosis) values (266,'2013-08-04','ghdly');
insert into Hospital.Consulted(employee_number,certification_no,patient_registration_no,date_of_visit) values(35,35112233,266,'2013-08-04');
insert into Hospital.Treated_by(patient_registration_no,date_of_visit,employee_number,treatment) values(266,2013-08-04,50);
insert into Hospital.Prescribed(product_id,patient_registration_no,date_of_visit) values (104,266,'2013-08-04');
insert into Hospital.Visitation(patient_registration_no,date_of_visit,diagnosis) values (266,'2013-10-05','aawij');
insert into Hospital.Consulted(employee_number,certification_no,patient_registration_no,date_of_visit) values(232,232112233,266,'2013-10-05');
insert into Hospital.Treated_by(patient_registration_no,date_of_visit,employee_number,treatment) values(266,2013-10-05,49);
insert into Hospital.Prescribed(product_id,patient_registration_no,date_of_visit) values (193,266,'2013-10-05');
insert into Hospital.Visitation(patient_registration_no,date_of_visit,diagnosis) values (266,'2013-03-19','ibamj');
insert into Hospital.Consulted(employee_number,certification_no,patient_registration_no,date_of_visit) values(1,1112233,266,'2013-03-19');
insert into Hospital.Treated_by(patient_registration_no,date_of_visit,employee_number,treatment) values(266,2013-03-19,248);
insert into Hospital.Prescribed(product_id,patient_registration_no,date_of_visit) values (12,266,'2013-03-19');
insert into Hospital.Visitation(patient_registration_no,date_of_visit,diagnosis) values (266,'2013-05-29','capsh');
insert into Hospital.Consulted(employee_number,certification_no,patient_registration_no,date_of_visit) values(35,35112233,266,'2013-05-29');
insert into Hospital.Treated_by(patient_registration_no,date_of_visit,employee_number,treatment) values(266,2013-05-29,67);
insert into Hospital.Prescribed(product_id,patient_registration_no,date_of_visit) values (45,266,'2013-05-29');
insert into Hospital.Visitation(patient_registration_no,date_of_visit,diagnosis) values (266,'2013-09-21','kpghj');
insert into Hospital.Consulted(employee_number,certification_no,patient_registration_no,date_of_visit) values(265,265112233,266,'2013-09-21');
insert into Hospital.Treated_by(patient_registration_no,date_of_visit,employee_number,treatment) values(266,2013-09-21,185);
insert into Hospital.Prescribed(product_id,patient_registration_no,date_of_visit) values (61,266,'2013-09-21');
insert into Hospital.Patient (patient_registration_no, name, ssn, address,contact_no,emergency_contact_no) values ( 266,'lyxrf',103951841,'dfhrn',97202429,47937636);
insert into Hospital.Takes (employee_number,shift_name ) values ( 266,'morning');
insert into Hospital.Belongs_to(employee_number,department_id) values (266,3);
insert into Hospital.Pharmaceutical_product(product_id,cost,manufacturer) values(267,405.3723528022482,'nhhpb');
insert into Hospital.Medicine(product_id,medicine_name,dosage) values (267,'oxwvj','ultfr');
insert into Hospital.Employees (employee_number, name, location, ssn, home_address,phone_number,designation) values ( 267,'szotv','ijhnjkzonbhfdbn',220327416,'itajv',89845817,'Nurse');
insert into Hospital.Visitation(patient_registration_no,date_of_visit,diagnosis) values (267,'2013-04-03','hlzfy');
insert into Hospital.Consulted(employee_number,certification_no,patient_registration_no,date_of_visit) values(137,137112233,267,'2013-04-03');
insert into Hospital.Treated_by(patient_registration_no,date_of_visit,employee_number,treatment) values(267,2013-04-03,64);
insert into Hospital.Prescribed(product_id,patient_registration_no,date_of_visit) values (37,267,'2013-04-03');
insert into Hospital.Visitation(patient_registration_no,date_of_visit,diagnosis) values (267,'2013-07-21','vvxxo');
insert into Hospital.Consulted(employee_number,certification_no,patient_registration_no,date_of_visit) values(58,58112233,267,'2013-07-21');
insert into Hospital.Treated_by(patient_registration_no,date_of_visit,employee_number,treatment) values(267,2013-07-21,112);
insert into Hospital.Prescribed(product_id,patient_registration_no,date_of_visit) values (252,267,'2013-07-21');
insert into Hospital.Visitation(patient_registration_no,date_of_visit,diagnosis) values (267,'2013-01-25','bikky');
insert into Hospital.Consulted(employee_number,certification_no,patient_registration_no,date_of_visit) values(69,69112233,267,'2013-01-25');
insert into Hospital.Treated_by(patient_registration_no,date_of_visit,employee_number,treatment) values(267,2013-01-25,67);
insert into Hospital.Prescribed(product_id,patient_registration_no,date_of_visit) values (213,267,'2013-01-25');
insert into Hospital.Visitation(patient_registration_no,date_of_visit,diagnosis) values (267,'2013-05-05','dtvkm');
insert into Hospital.Consulted(employee_number,certification_no,patient_registration_no,date_of_visit) values(107,107112233,267,'2013-05-05');
insert into Hospital.Treated_by(patient_registration_no,date_of_visit,employee_number,treatment) values(267,2013-05-05,169);
insert into Hospital.Prescribed(product_id,patient_registration_no,date_of_visit) values (144,267,'2013-05-05');
insert into Hospital.Visitation(patient_registration_no,date_of_visit,diagnosis) values (267,'2013-09-09','zclqv');
insert into Hospital.Consulted(employee_number,certification_no,patient_registration_no,date_of_visit) values(66,66112233,267,'2013-09-09');
insert into Hospital.Treated_by(patient_registration_no,date_of_visit,employee_number,treatment) values(267,2013-09-09,87);
insert into Hospital.Prescribed(product_id,patient_registration_no,date_of_visit) values (146,267,'2013-09-09');
insert into Hospital.Patient (patient_registration_no, name, ssn, address,contact_no,emergency_contact_no) values ( 267,'uhwhn',414702555,'hvmgk',28920813,61538671);
insert into Hospital.Takes (employee_number,shift_name ) values ( 267,'night');
insert into Hospital.Belongs_to(employee_number,department_id) values (267,3);
insert into Hospital.Pharmaceutical_product(product_id,cost,manufacturer) values(268,246.49408963669273,'ezxlo');
insert into Hospital.Batch(batch_id,manufacture_date,expiry_date) values (268,'2013-01-26','2013-05-22');
insert into Hospital.Production(product_id,batch_id) values (268,268);
insert into Hospital.Batch(batch_id,manufacture_date,expiry_date) values (269,'2013-01-26','2013-05-22');
insert into Hospital.Production(product_id,batch_id) values (268,269);
insert into Hospital.Batch(batch_id,manufacture_date,expiry_date) values (270,'2013-01-26','2013-05-22');
insert into Hospital.Production(product_id,batch_id) values (268,270);
insert into Hospital.Batch(batch_id,manufacture_date,expiry_date) values (271,'2013-01-26','2013-05-22');
insert into Hospital.Production(product_id,batch_id) values (268,271);
insert into Hospital.Batch(batch_id,manufacture_date,expiry_date) values (272,'2013-01-26','2013-05-22');
insert into Hospital.Production(product_id,batch_id) values (268,272);
insert into Hospital.Employees (employee_number, name, location, ssn, home_address,phone_number,designation) values ( 268,'blbea','ywjsqtiofdulvap',876762410,'rdtvf',23679931,'Doctor');
insert into Hospital.Visitation(patient_registration_no,date_of_visit,diagnosis) values (268,'2013-08-13','jjtpj');
insert into Hospital.Consulted(employee_number,certification_no,patient_registration_no,date_of_visit) values(12,12112233,268,'2013-08-13');
insert into Hospital.Treated_by(patient_registration_no,date_of_visit,employee_number,treatment) values(268,2013-08-13,67);
insert into Hospital.Prescribed(product_id,patient_registration_no,date_of_visit) values (20,268,'2013-08-13');
insert into Hospital.Visitation(patient_registration_no,date_of_visit,diagnosis) values (268,'2013-01-09','lynfr');
insert into Hospital.Consulted(employee_number,certification_no,patient_registration_no,date_of_visit) values(75,75112233,268,'2013-01-09');
insert into Hospital.Treated_by(patient_registration_no,date_of_visit,employee_number,treatment) values(268,2013-01-09,221);
insert into Hospital.Prescribed(product_id,patient_registration_no,date_of_visit) values (94,268,'2013-01-09');
insert into Hospital.Visitation(patient_registration_no,date_of_visit,diagnosis) values (268,'2013-07-23','fwvdg');
insert into Hospital.Consulted(employee_number,certification_no,patient_registration_no,date_of_visit) values(51,51112233,268,'2013-07-23');
insert into Hospital.Treated_by(patient_registration_no,date_of_visit,employee_number,treatment) values(268,2013-07-23,261);
insert into Hospital.Prescribed(product_id,patient_registration_no,date_of_visit) values (98,268,'2013-07-23');
insert into Hospital.Visitation(patient_registration_no,date_of_visit,diagnosis) values (268,'2013-05-25','fclrg');
insert into Hospital.Consulted(employee_number,certification_no,patient_registration_no,date_of_visit) values(69,69112233,268,'2013-05-25');
insert into Hospital.Treated_by(patient_registration_no,date_of_visit,employee_number,treatment) values(268,2013-05-25,47);
insert into Hospital.Prescribed(product_id,patient_registration_no,date_of_visit) values (78,268,'2013-05-25');
insert into Hospital.Visitation(patient_registration_no,date_of_visit,diagnosis) values (268,'2013-09-13','flrwd');
insert into Hospital.Consulted(employee_number,certification_no,patient_registration_no,date_of_visit) values(94,94112233,268,'2013-09-13');
insert into Hospital.Treated_by(patient_registration_no,date_of_visit,employee_number,treatment) values(268,2013-09-13,186);
insert into Hospital.Prescribed(product_id,patient_registration_no,date_of_visit) values (197,268,'2013-09-13');
insert into Hospital.Patient (patient_registration_no, name, ssn, address,contact_no,emergency_contact_no) values ( 268,'rjfvd',757577064,'masxb',81645961,42820346);
insert into Hospital.Physician (employee_number, certification_no,specialization) values ( 268,268112233,'Cardiology');
insert into Hospital.Belongs_to(employee_number,department_id) values (268,1);
insert into Hospital.Pharmaceutical_product(product_id,cost,manufacturer) values(269,540.8886322807807,'qygxc');
insert into Hospital.Employees (employee_number, name, location, ssn, home_address,phone_number,designation) values ( 269,'ltmzn','sciielweveqiewu',103114463,'gphca',20641694,'Nurse');
insert into Hospital.Visitation(patient_registration_no,date_of_visit,diagnosis) values (269,'2013-07-09','emkoj');
insert into Hospital.Consulted(employee_number,certification_no,patient_registration_no,date_of_visit) values(43,43112233,269,'2013-07-09');
insert into Hospital.Treated_by(patient_registration_no,date_of_visit,employee_number,treatment) values(269,2013-07-09,157);
insert into Hospital.Prescribed(product_id,patient_registration_no,date_of_visit) values (73,269,'2013-07-09');
insert into Hospital.Visitation(patient_registration_no,date_of_visit,diagnosis) values (269,'2013-03-14','duhgy');
insert into Hospital.Consulted(employee_number,certification_no,patient_registration_no,date_of_visit) values(58,58112233,269,'2013-03-14');
insert into Hospital.Treated_by(patient_registration_no,date_of_visit,employee_number,treatment) values(269,2013-03-14,126);
insert into Hospital.Prescribed(product_id,patient_registration_no,date_of_visit) values (21,269,'2013-03-14');
insert into Hospital.Visitation(patient_registration_no,date_of_visit,diagnosis) values (269,'2013-06-10','tedvk');
insert into Hospital.Consulted(employee_number,certification_no,patient_registration_no,date_of_visit) values(208,208112233,269,'2013-06-10');
insert into Hospital.Treated_by(patient_registration_no,date_of_visit,employee_number,treatment) values(269,2013-06-10,47);
insert into Hospital.Prescribed(product_id,patient_registration_no,date_of_visit) values (204,269,'2013-06-10');
insert into Hospital.Visitation(patient_registration_no,date_of_visit,diagnosis) values (269,'2013-03-02','bfukk');
insert into Hospital.Consulted(employee_number,certification_no,patient_registration_no,date_of_visit) values(43,43112233,269,'2013-03-02');
insert into Hospital.Treated_by(patient_registration_no,date_of_visit,employee_number,treatment) values(269,2013-03-02,212);
insert into Hospital.Prescribed(product_id,patient_registration_no,date_of_visit) values (211,269,'2013-03-02');
insert into Hospital.Visitation(patient_registration_no,date_of_visit,diagnosis) values (269,'2013-03-08','yxwbt');
insert into Hospital.Consulted(employee_number,certification_no,patient_registration_no,date_of_visit) values(29,29112233,269,'2013-03-08');
insert into Hospital.Treated_by(patient_registration_no,date_of_visit,employee_number,treatment) values(269,2013-03-08,233);
insert into Hospital.Prescribed(product_id,patient_registration_no,date_of_visit) values (23,269,'2013-03-08');
insert into Hospital.Patient (patient_registration_no, name, ssn, address,contact_no,emergency_contact_no) values ( 269,'hcnhf',429241512,'riyes',51520321,61710489);
insert into Hospital.Takes (employee_number,shift_name ) values ( 269,'night');
insert into Hospital.Belongs_to(employee_number,department_id) values (269,3);
insert into Hospital.Pharmaceutical_product(product_id,cost,manufacturer) values(270,636.4736486582296,'rkpqf');
insert into Hospital.Batch(batch_id,manufacture_date,expiry_date) values (270,'2013-02-05','2013-08-21');
insert into Hospital.Production(product_id,batch_id) values (270,270);
insert into Hospital.Batch(batch_id,manufacture_date,expiry_date) values (271,'2013-02-05','2013-08-21');
insert into Hospital.Production(product_id,batch_id) values (270,271);
insert into Hospital.Batch(batch_id,manufacture_date,expiry_date) values (272,'2013-02-05','2013-08-21');
insert into Hospital.Production(product_id,batch_id) values (270,272);
insert into Hospital.Batch(batch_id,manufacture_date,expiry_date) values (273,'2013-02-05','2013-08-21');
insert into Hospital.Production(product_id,batch_id) values (270,273);
insert into Hospital.Batch(batch_id,manufacture_date,expiry_date) values (274,'2013-02-05','2013-08-21');
insert into Hospital.Production(product_id,batch_id) values (270,274);
insert into Hospital.Medicine(product_id,medicine_name,dosage) values (270,'iyoiy','hknmn');
insert into Hospital.Employees (employee_number, name, location, ssn, home_address,phone_number,designation) values ( 270,'pdnqp','jrggtncksmjkyzi',522681219,'atvlt',51802993,'Administration');
insert into Hospital.Visitation(patient_registration_no,date_of_visit,diagnosis) values (270,'2013-05-06','tjlgi');
insert into Hospital.Consulted(employee_number,certification_no,patient_registration_no,date_of_visit) values(141,141112233,270,'2013-05-06');
insert into Hospital.Treated_by(patient_registration_no,date_of_visit,employee_number,treatment) values(270,2013-05-06,173);
insert into Hospital.Prescribed(product_id,patient_registration_no,date_of_visit) values (48,270,'2013-05-06');
insert into Hospital.Visitation(patient_registration_no,date_of_visit,diagnosis) values (270,'2013-02-05','ihrac');
insert into Hospital.Consulted(employee_number,certification_no,patient_registration_no,date_of_visit) values(137,137112233,270,'2013-02-05');
insert into Hospital.Treated_by(patient_registration_no,date_of_visit,employee_number,treatment) values(270,2013-02-05,164);
insert into Hospital.Prescribed(product_id,patient_registration_no,date_of_visit) values (204,270,'2013-02-05');
insert into Hospital.Visitation(patient_registration_no,date_of_visit,diagnosis) values (270,'2013-04-17','khlai');
insert into Hospital.Consulted(employee_number,certification_no,patient_registration_no,date_of_visit) values(262,262112233,270,'2013-04-17');
insert into Hospital.Treated_by(patient_registration_no,date_of_visit,employee_number,treatment) values(270,2013-04-17,212);
insert into Hospital.Prescribed(product_id,patient_registration_no,date_of_visit) values (123,270,'2013-04-17');
insert into Hospital.Visitation(patient_registration_no,date_of_visit,diagnosis) values (270,'2013-04-20','jdmtp');
insert into Hospital.Consulted(employee_number,certification_no,patient_registration_no,date_of_visit) values(23,23112233,270,'2013-04-20');
insert into Hospital.Treated_by(patient_registration_no,date_of_visit,employee_number,treatment) values(270,2013-04-20,189);
insert into Hospital.Prescribed(product_id,patient_registration_no,date_of_visit) values (160,270,'2013-04-20');
insert into Hospital.Visitation(patient_registration_no,date_of_visit,diagnosis) values (270,'2013-07-07','wxgfj');
insert into Hospital.Consulted(employee_number,certification_no,patient_registration_no,date_of_visit) values(75,75112233,270,'2013-07-07');
insert into Hospital.Treated_by(patient_registration_no,date_of_visit,employee_number,treatment) values(270,2013-07-07,56);
insert into Hospital.Prescribed(product_id,patient_registration_no,date_of_visit) values (222,270,'2013-07-07');
insert into Hospital.Patient (patient_registration_no, name, ssn, address,contact_no,emergency_contact_no) values ( 270,'jpbqr',552338457,'shnee',65390465,67623391);
insert into Hospital.Belongs_to(employee_number,department_id) values (270,2);
insert into Hospital.Pharmaceutical_product(product_id,cost,manufacturer) values(271,885.7461813045188,'rcamk');
insert into Hospital.Batch(batch_id,manufacture_date,expiry_date) values (271,'2013-01-02','2013-01-22');
insert into Hospital.Production(product_id,batch_id) values (271,271);
insert into Hospital.Batch(batch_id,manufacture_date,expiry_date) values (272,'2013-01-02','2013-01-22');
insert into Hospital.Production(product_id,batch_id) values (271,272);
insert into Hospital.Batch(batch_id,manufacture_date,expiry_date) values (273,'2013-01-02','2013-01-22');
insert into Hospital.Production(product_id,batch_id) values (271,273);
insert into Hospital.Batch(batch_id,manufacture_date,expiry_date) values (274,'2013-01-02','2013-01-22');
insert into Hospital.Production(product_id,batch_id) values (271,274);
insert into Hospital.Batch(batch_id,manufacture_date,expiry_date) values (275,'2013-01-02','2013-01-22');
insert into Hospital.Production(product_id,batch_id) values (271,275);
insert into Hospital.Medicine(product_id,medicine_name,dosage) values (271,'eiays','yejmc');
insert into Hospital.Employees (employee_number, name, location, ssn, home_address,phone_number,designation) values ( 271,'txgxy','uvvtywigqqcfaww',112596062,'efxvz',20101551,'Doctor');
insert into Hospital.Visitation(patient_registration_no,date_of_visit,diagnosis) values (271,'2013-05-12','ixvll');
insert into Hospital.Consulted(employee_number,certification_no,patient_registration_no,date_of_visit) values(8,8112233,271,'2013-05-12');
insert into Hospital.Treated_by(patient_registration_no,date_of_visit,employee_number,treatment) values(271,2013-05-12,63);
insert into Hospital.Prescribed(product_id,patient_registration_no,date_of_visit) values (271,271,'2013-05-12');
insert into Hospital.Visitation(patient_registration_no,date_of_visit,diagnosis) values (271,'2013-02-26','wvrew');
insert into Hospital.Consulted(employee_number,certification_no,patient_registration_no,date_of_visit) values(66,66112233,271,'2013-02-26');
insert into Hospital.Treated_by(patient_registration_no,date_of_visit,employee_number,treatment) values(271,2013-02-26,203);
insert into Hospital.Prescribed(product_id,patient_registration_no,date_of_visit) values (28,271,'2013-02-26');
insert into Hospital.Visitation(patient_registration_no,date_of_visit,diagnosis) values (271,'2013-05-12','zjqmc');
insert into Hospital.Consulted(employee_number,certification_no,patient_registration_no,date_of_visit) values(214,214112233,271,'2013-05-12');
insert into Hospital.Treated_by(patient_registration_no,date_of_visit,employee_number,treatment) values(271,2013-05-12,96);
insert into Hospital.Prescribed(product_id,patient_registration_no,date_of_visit) values (252,271,'2013-05-12');
insert into Hospital.Visitation(patient_registration_no,date_of_visit,diagnosis) values (271,'2013-01-10','qlqse');
insert into Hospital.Consulted(employee_number,certification_no,patient_registration_no,date_of_visit) values(60,60112233,271,'2013-01-10');
insert into Hospital.Treated_by(patient_registration_no,date_of_visit,employee_number,treatment) values(271,2013-01-10,18);
insert into Hospital.Prescribed(product_id,patient_registration_no,date_of_visit) values (182,271,'2013-01-10');
insert into Hospital.Visitation(patient_registration_no,date_of_visit,diagnosis) values (271,'2013-06-14','hnyej');
insert into Hospital.Consulted(employee_number,certification_no,patient_registration_no,date_of_visit) values(44,44112233,271,'2013-06-14');
insert into Hospital.Treated_by(patient_registration_no,date_of_visit,employee_number,treatment) values(271,2013-06-14,67);
insert into Hospital.Prescribed(product_id,patient_registration_no,date_of_visit) values (79,271,'2013-06-14');
insert into Hospital.Patient (patient_registration_no, name, ssn, address,contact_no,emergency_contact_no) values ( 271,'izgir',735124758,'jyybi',28858831,79589742);
insert into Hospital.Physician (employee_number, certification_no,specialization) values ( 271,271112233,'Anesthesiology');
insert into Hospital.Belongs_to(employee_number,department_id) values (271,1);
insert into Hospital.Pharmaceutical_product(product_id,cost,manufacturer) values(272,672.3731104773775,'leefb');
insert into Hospital.Batch(batch_id,manufacture_date,expiry_date) values (272,'2013-02-13','2013-04-17');
insert into Hospital.Production(product_id,batch_id) values (272,272);
insert into Hospital.Batch(batch_id,manufacture_date,expiry_date) values (273,'2013-02-13','2013-04-17');
insert into Hospital.Production(product_id,batch_id) values (272,273);
insert into Hospital.Batch(batch_id,manufacture_date,expiry_date) values (274,'2013-02-13','2013-04-17');
insert into Hospital.Production(product_id,batch_id) values (272,274);
insert into Hospital.Batch(batch_id,manufacture_date,expiry_date) values (275,'2013-02-13','2013-04-17');
insert into Hospital.Production(product_id,batch_id) values (272,275);
insert into Hospital.Batch(batch_id,manufacture_date,expiry_date) values (276,'2013-02-13','2013-04-17');
insert into Hospital.Production(product_id,batch_id) values (272,276);
insert into Hospital.Medicine(product_id,medicine_name,dosage) values (272,'uvwxr','fvklw');
insert into Hospital.Employees (employee_number, name, location, ssn, home_address,phone_number,designation) values ( 272,'asfrz','jwsunscizdxlpvc',239065785,'iowto',90291156,'Radiology');
insert into Hospital.Visitation(patient_registration_no,date_of_visit,diagnosis) values (272,'2013-04-11','ahixp');
insert into Hospital.Consulted(employee_number,certification_no,patient_registration_no,date_of_visit) values(230,230112233,272,'2013-04-11');
insert into Hospital.Treated_by(patient_registration_no,date_of_visit,employee_number,treatment) values(272,2013-04-11,172);
insert into Hospital.Prescribed(product_id,patient_registration_no,date_of_visit) values (161,272,'2013-04-11');
insert into Hospital.Visitation(patient_registration_no,date_of_visit,diagnosis) values (272,'2013-02-16','qvwua');
insert into Hospital.Consulted(employee_number,certification_no,patient_registration_no,date_of_visit) values(37,37112233,272,'2013-02-16');
insert into Hospital.Treated_by(patient_registration_no,date_of_visit,employee_number,treatment) values(272,2013-02-16,87);
insert into Hospital.Prescribed(product_id,patient_registration_no,date_of_visit) values (191,272,'2013-02-16');
insert into Hospital.Visitation(patient_registration_no,date_of_visit,diagnosis) values (272,'2013-05-12','eqnhn');
insert into Hospital.Consulted(employee_number,certification_no,patient_registration_no,date_of_visit) values(232,232112233,272,'2013-05-12');
insert into Hospital.Treated_by(patient_registration_no,date_of_visit,employee_number,treatment) values(272,2013-05-12,19);
insert into Hospital.Prescribed(product_id,patient_registration_no,date_of_visit) values (2,272,'2013-05-12');
insert into Hospital.Visitation(patient_registration_no,date_of_visit,diagnosis) values (272,'2013-09-15','vslrx');
insert into Hospital.Consulted(employee_number,certification_no,patient_registration_no,date_of_visit) values(238,238112233,272,'2013-09-15');
insert into Hospital.Treated_by(patient_registration_no,date_of_visit,employee_number,treatment) values(272,2013-09-15,143);
insert into Hospital.Prescribed(product_id,patient_registration_no,date_of_visit) values (84,272,'2013-09-15');
insert into Hospital.Visitation(patient_registration_no,date_of_visit,diagnosis) values (272,'2013-10-15','hkbur');
insert into Hospital.Consulted(employee_number,certification_no,patient_registration_no,date_of_visit) values(110,110112233,272,'2013-10-15');
insert into Hospital.Treated_by(patient_registration_no,date_of_visit,employee_number,treatment) values(272,2013-10-15,247);
insert into Hospital.Prescribed(product_id,patient_registration_no,date_of_visit) values (187,272,'2013-10-15');
insert into Hospital.Patient (patient_registration_no, name, ssn, address,contact_no,emergency_contact_no) values ( 272,'ndrrv',254449197,'geusk',26505305,45976282);
insert into Hospital.Takes (employee_number,shift_name ) values ( 272,'morning');
insert into Hospital.Belongs_to(employee_number,department_id) values (272,3);
insert into Hospital.Pharmaceutical_product(product_id,cost,manufacturer) values(273,63.5885317018514,'rwdla');
insert into Hospital.Employees (employee_number, name, location, ssn, home_address,phone_number,designation) values ( 273,'wndxd','jbepcnvwgncirwk',805623440,'rlbed',86973840,'Radiology');
insert into Hospital.Visitation(patient_registration_no,date_of_visit,diagnosis) values (273,'2013-07-13','rxmav');
insert into Hospital.Consulted(employee_number,certification_no,patient_registration_no,date_of_visit) values(119,119112233,273,'2013-07-13');
insert into Hospital.Treated_by(patient_registration_no,date_of_visit,employee_number,treatment) values(273,2013-07-13,157);
insert into Hospital.Prescribed(product_id,patient_registration_no,date_of_visit) values (126,273,'2013-07-13');
insert into Hospital.Visitation(patient_registration_no,date_of_visit,diagnosis) values (273,'2013-10-06','fpsyb');
insert into Hospital.Consulted(employee_number,certification_no,patient_registration_no,date_of_visit) values(55,55112233,273,'2013-10-06');
insert into Hospital.Treated_by(patient_registration_no,date_of_visit,employee_number,treatment) values(273,2013-10-06,165);
insert into Hospital.Prescribed(product_id,patient_registration_no,date_of_visit) values (41,273,'2013-10-06');
insert into Hospital.Visitation(patient_registration_no,date_of_visit,diagnosis) values (273,'2013-06-11','ykrnt');
insert into Hospital.Consulted(employee_number,certification_no,patient_registration_no,date_of_visit) values(193,193112233,273,'2013-06-11');
insert into Hospital.Treated_by(patient_registration_no,date_of_visit,employee_number,treatment) values(273,2013-06-11,50);
insert into Hospital.Prescribed(product_id,patient_registration_no,date_of_visit) values (77,273,'2013-06-11');
insert into Hospital.Visitation(patient_registration_no,date_of_visit,diagnosis) values (273,'2013-06-04','zqtsw');
insert into Hospital.Consulted(employee_number,certification_no,patient_registration_no,date_of_visit) values(244,244112233,273,'2013-06-04');
insert into Hospital.Treated_by(patient_registration_no,date_of_visit,employee_number,treatment) values(273,2013-06-04,112);
insert into Hospital.Prescribed(product_id,patient_registration_no,date_of_visit) values (134,273,'2013-06-04');
insert into Hospital.Visitation(patient_registration_no,date_of_visit,diagnosis) values (273,'2013-09-16','uetls');
insert into Hospital.Consulted(employee_number,certification_no,patient_registration_no,date_of_visit) values(133,133112233,273,'2013-09-16');
insert into Hospital.Treated_by(patient_registration_no,date_of_visit,employee_number,treatment) values(273,2013-09-16,233);
insert into Hospital.Prescribed(product_id,patient_registration_no,date_of_visit) values (18,273,'2013-09-16');
insert into Hospital.Patient (patient_registration_no, name, ssn, address,contact_no,emergency_contact_no) values ( 273,'dsbcq',138087320,'yxcql',64141767,75778782);
insert into Hospital.Takes (employee_number,shift_name ) values ( 273,'night');
insert into Hospital.Belongs_to(employee_number,department_id) values (273,3);
insert into Hospital.Pharmaceutical_product(product_id,cost,manufacturer) values(274,737.2270546380093,'ojirv');
insert into Hospital.Batch(batch_id,manufacture_date,expiry_date) values (274,'2013-10-17','2013-10-20');
insert into Hospital.Production(product_id,batch_id) values (274,274);
insert into Hospital.Batch(batch_id,manufacture_date,expiry_date) values (275,'2013-10-17','2013-10-20');
insert into Hospital.Production(product_id,batch_id) values (274,275);
insert into Hospital.Batch(batch_id,manufacture_date,expiry_date) values (276,'2013-10-17','2013-10-20');
insert into Hospital.Production(product_id,batch_id) values (274,276);
insert into Hospital.Batch(batch_id,manufacture_date,expiry_date) values (277,'2013-10-17','2013-10-20');
insert into Hospital.Production(product_id,batch_id) values (274,277);
insert into Hospital.Batch(batch_id,manufacture_date,expiry_date) values (278,'2013-10-17','2013-10-20');
insert into Hospital.Production(product_id,batch_id) values (274,278);
insert into Hospital.Employees (employee_number, name, location, ssn, home_address,phone_number,designation) values ( 274,'clvst','rtrcthoygccopiu',782346675,'sshll',71860637,'Doctor');
insert into Hospital.Visitation(patient_registration_no,date_of_visit,diagnosis) values (274,'2013-01-12','usbqz');
insert into Hospital.Consulted(employee_number,certification_no,patient_registration_no,date_of_visit) values(51,51112233,274,'2013-01-12');
insert into Hospital.Treated_by(patient_registration_no,date_of_visit,employee_number,treatment) values(274,2013-01-12,178);
insert into Hospital.Prescribed(product_id,patient_registration_no,date_of_visit) values (119,274,'2013-01-12');
insert into Hospital.Visitation(patient_registration_no,date_of_visit,diagnosis) values (274,'2013-04-20','rvsmy');
insert into Hospital.Consulted(employee_number,certification_no,patient_registration_no,date_of_visit) values(150,150112233,274,'2013-04-20');
insert into Hospital.Treated_by(patient_registration_no,date_of_visit,employee_number,treatment) values(274,2013-04-20,10);
insert into Hospital.Prescribed(product_id,patient_registration_no,date_of_visit) values (161,274,'2013-04-20');
insert into Hospital.Visitation(patient_registration_no,date_of_visit,diagnosis) values (274,'2013-10-21','syspg');
insert into Hospital.Consulted(employee_number,certification_no,patient_registration_no,date_of_visit) values(23,23112233,274,'2013-10-21');
insert into Hospital.Treated_by(patient_registration_no,date_of_visit,employee_number,treatment) values(274,2013-10-21,83);
insert into Hospital.Prescribed(product_id,patient_registration_no,date_of_visit) values (149,274,'2013-10-21');
insert into Hospital.Visitation(patient_registration_no,date_of_visit,diagnosis) values (274,'2013-01-11','bshat');
insert into Hospital.Consulted(employee_number,certification_no,patient_registration_no,date_of_visit) values(214,214112233,274,'2013-01-11');
insert into Hospital.Treated_by(patient_registration_no,date_of_visit,employee_number,treatment) values(274,2013-01-11,19);
insert into Hospital.Prescribed(product_id,patient_registration_no,date_of_visit) values (61,274,'2013-01-11');
insert into Hospital.Visitation(patient_registration_no,date_of_visit,diagnosis) values (274,'2013-06-04','chswt');
insert into Hospital.Consulted(employee_number,certification_no,patient_registration_no,date_of_visit) values(232,232112233,274,'2013-06-04');
insert into Hospital.Treated_by(patient_registration_no,date_of_visit,employee_number,treatment) values(274,2013-06-04,101);
insert into Hospital.Prescribed(product_id,patient_registration_no,date_of_visit) values (149,274,'2013-06-04');
insert into Hospital.Patient (patient_registration_no, name, ssn, address,contact_no,emergency_contact_no) values ( 274,'mfuvv',364789580,'svoiw',38590704,49537873);
insert into Hospital.Physician (employee_number, certification_no,specialization) values ( 274,274112233,'Anesthesiology');
insert into Hospital.Belongs_to(employee_number,department_id) values (274,1);
insert into Hospital.Pharmaceutical_product(product_id,cost,manufacturer) values(275,885.2833803677129,'dfqjb');
insert into Hospital.Batch(batch_id,manufacture_date,expiry_date) values (275,'2013-06-29','2013-09-28');
insert into Hospital.Production(product_id,batch_id) values (275,275);
insert into Hospital.Batch(batch_id,manufacture_date,expiry_date) values (276,'2013-06-29','2013-09-28');
insert into Hospital.Production(product_id,batch_id) values (275,276);
insert into Hospital.Batch(batch_id,manufacture_date,expiry_date) values (277,'2013-06-29','2013-09-28');
insert into Hospital.Production(product_id,batch_id) values (275,277);
insert into Hospital.Batch(batch_id,manufacture_date,expiry_date) values (278,'2013-06-29','2013-09-28');
insert into Hospital.Production(product_id,batch_id) values (275,278);
insert into Hospital.Batch(batch_id,manufacture_date,expiry_date) values (279,'2013-06-29','2013-09-28');
insert into Hospital.Production(product_id,batch_id) values (275,279);
insert into Hospital.Employees (employee_number, name, location, ssn, home_address,phone_number,designation) values ( 275,'kdamo','jkajbixdmmrrdvg',662401973,'htrkt',76875395,'Doctor');
insert into Hospital.Visitation(patient_registration_no,date_of_visit,diagnosis) values (275,'2013-01-31','rkrgg');
insert into Hospital.Consulted(employee_number,certification_no,patient_registration_no,date_of_visit) values(89,89112233,275,'2013-01-31');
insert into Hospital.Treated_by(patient_registration_no,date_of_visit,employee_number,treatment) values(275,2013-01-31,0);
insert into Hospital.Prescribed(product_id,patient_registration_no,date_of_visit) values (148,275,'2013-01-31');
insert into Hospital.Visitation(patient_registration_no,date_of_visit,diagnosis) values (275,'2013-10-24','xmioj');
insert into Hospital.Consulted(employee_number,certification_no,patient_registration_no,date_of_visit) values(6,6112233,275,'2013-10-24');
insert into Hospital.Treated_by(patient_registration_no,date_of_visit,employee_number,treatment) values(275,2013-10-24,39);
insert into Hospital.Prescribed(product_id,patient_registration_no,date_of_visit) values (112,275,'2013-10-24');
insert into Hospital.Visitation(patient_registration_no,date_of_visit,diagnosis) values (275,'2013-05-28','qrtew');
insert into Hospital.Consulted(employee_number,certification_no,patient_registration_no,date_of_visit) values(274,274112233,275,'2013-05-28');
insert into Hospital.Treated_by(patient_registration_no,date_of_visit,employee_number,treatment) values(275,2013-05-28,185);
insert into Hospital.Prescribed(product_id,patient_registration_no,date_of_visit) values (161,275,'2013-05-28');
insert into Hospital.Visitation(patient_registration_no,date_of_visit,diagnosis) values (275,'2013-07-13','dolzi');
insert into Hospital.Consulted(employee_number,certification_no,patient_registration_no,date_of_visit) values(271,271112233,275,'2013-07-13');
insert into Hospital.Treated_by(patient_registration_no,date_of_visit,employee_number,treatment) values(275,2013-07-13,165);
insert into Hospital.Prescribed(product_id,patient_registration_no,date_of_visit) values (235,275,'2013-07-13');
insert into Hospital.Visitation(patient_registration_no,date_of_visit,diagnosis) values (275,'2013-06-04','ynmnc');
insert into Hospital.Consulted(employee_number,certification_no,patient_registration_no,date_of_visit) values(139,139112233,275,'2013-06-04');
insert into Hospital.Treated_by(patient_registration_no,date_of_visit,employee_number,treatment) values(275,2013-06-04,233);
insert into Hospital.Prescribed(product_id,patient_registration_no,date_of_visit) values (63,275,'2013-06-04');
insert into Hospital.Patient (patient_registration_no, name, ssn, address,contact_no,emergency_contact_no) values ( 275,'pfinp',423902550,'fkhmf',96418199,97069661);
insert into Hospital.Physician (employee_number, certification_no,specialization) values ( 275,275112233,'Cardiology');
insert into Hospital.Belongs_to(employee_number,department_id) values (275,1);
insert into Hospital.Pharmaceutical_product(product_id,cost,manufacturer) values(276,64.41026291685196,'pjcbj');
insert into Hospital.Medicine(product_id,medicine_name,dosage) values (276,'lyuvw','ojwsr');
insert into Hospital.Employees (employee_number, name, location, ssn, home_address,phone_number,designation) values ( 276,'tezma','iqkmklbukwkunht',276173108,'elnjw',52903417,'Doctor');
insert into Hospital.Visitation(patient_registration_no,date_of_visit,diagnosis) values (276,'2013-07-14','saqlm');
insert into Hospital.Consulted(employee_number,certification_no,patient_registration_no,date_of_visit) values(141,141112233,276,'2013-07-14');
insert into Hospital.Treated_by(patient_registration_no,date_of_visit,employee_number,treatment) values(276,2013-07-14,47);
insert into Hospital.Prescribed(product_id,patient_registration_no,date_of_visit) values (270,276,'2013-07-14');
insert into Hospital.Visitation(patient_registration_no,date_of_visit,diagnosis) values (276,'2013-04-12','ubkln');
insert into Hospital.Consulted(employee_number,certification_no,patient_registration_no,date_of_visit) values(120,120112233,276,'2013-04-12');
insert into Hospital.Treated_by(patient_registration_no,date_of_visit,employee_number,treatment) values(276,2013-04-12,178);
insert into Hospital.Prescribed(product_id,patient_registration_no,date_of_visit) values (138,276,'2013-04-12');
insert into Hospital.Visitation(patient_registration_no,date_of_visit,diagnosis) values (276,'2013-08-27','sevvz');
insert into Hospital.Consulted(employee_number,certification_no,patient_registration_no,date_of_visit) values(150,150112233,276,'2013-08-27');
insert into Hospital.Treated_by(patient_registration_no,date_of_visit,employee_number,treatment) values(276,2013-08-27,189);
insert into Hospital.Prescribed(product_id,patient_registration_no,date_of_visit) values (86,276,'2013-08-27');
insert into Hospital.Visitation(patient_registration_no,date_of_visit,diagnosis) values (276,'2013-01-13','jlzcl');
insert into Hospital.Consulted(employee_number,certification_no,patient_registration_no,date_of_visit) values(222,222112233,276,'2013-01-13');
insert into Hospital.Treated_by(patient_registration_no,date_of_visit,employee_number,treatment) values(276,2013-01-13,10);
insert into Hospital.Prescribed(product_id,patient_registration_no,date_of_visit) values (193,276,'2013-01-13');
insert into Hospital.Visitation(patient_registration_no,date_of_visit,diagnosis) values (276,'2013-04-01','szqte');
insert into Hospital.Consulted(employee_number,certification_no,patient_registration_no,date_of_visit) values(89,89112233,276,'2013-04-01');
insert into Hospital.Treated_by(patient_registration_no,date_of_visit,employee_number,treatment) values(276,2013-04-01,263);
insert into Hospital.Prescribed(product_id,patient_registration_no,date_of_visit) values (44,276,'2013-04-01');
insert into Hospital.Patient (patient_registration_no, name, ssn, address,contact_no,emergency_contact_no) values ( 276,'sgizt',568637195,'mfsov',33853416,58356480);
insert into Hospital.Physician (employee_number, certification_no,specialization) values ( 276,276112233,'Pediatrics');
insert into Hospital.Belongs_to(employee_number,department_id) values (276,1);
insert into Hospital.Pharmaceutical_product(product_id,cost,manufacturer) values(277,379.6762987502148,'xdmxf');
insert into Hospital.Batch(batch_id,manufacture_date,expiry_date) values (277,'2013-04-15','2013-06-24');
insert into Hospital.Production(product_id,batch_id) values (277,277);
insert into Hospital.Batch(batch_id,manufacture_date,expiry_date) values (278,'2013-04-15','2013-06-24');
insert into Hospital.Production(product_id,batch_id) values (277,278);
insert into Hospital.Batch(batch_id,manufacture_date,expiry_date) values (279,'2013-04-15','2013-06-24');
insert into Hospital.Production(product_id,batch_id) values (277,279);
insert into Hospital.Batch(batch_id,manufacture_date,expiry_date) values (280,'2013-04-15','2013-06-24');
insert into Hospital.Production(product_id,batch_id) values (277,280);
insert into Hospital.Batch(batch_id,manufacture_date,expiry_date) values (281,'2013-04-15','2013-06-24');
insert into Hospital.Production(product_id,batch_id) values (277,281);
insert into Hospital.Employees (employee_number, name, location, ssn, home_address,phone_number,designation) values ( 277,'qmvqc','ifrwethvhcrbyzv',80423963,'nweky',64216043,'Radiology');
insert into Hospital.Visitation(patient_registration_no,date_of_visit,diagnosis) values (277,'2013-08-13','onthe');
insert into Hospital.Consulted(employee_number,certification_no,patient_registration_no,date_of_visit) values(13,13112233,277,'2013-08-13');
insert into Hospital.Treated_by(patient_registration_no,date_of_visit,employee_number,treatment) values(277,2013-08-13,73);
insert into Hospital.Prescribed(product_id,patient_registration_no,date_of_visit) values (82,277,'2013-08-13');
insert into Hospital.Visitation(patient_registration_no,date_of_visit,diagnosis) values (277,'2013-09-24','pvhxn');
insert into Hospital.Consulted(employee_number,certification_no,patient_registration_no,date_of_visit) values(253,253112233,277,'2013-09-24');
insert into Hospital.Treated_by(patient_registration_no,date_of_visit,employee_number,treatment) values(277,2013-09-24,261);
insert into Hospital.Prescribed(product_id,patient_registration_no,date_of_visit) values (119,277,'2013-09-24');
insert into Hospital.Visitation(patient_registration_no,date_of_visit,diagnosis) values (277,'2013-06-23','zfxbz');
insert into Hospital.Consulted(employee_number,certification_no,patient_registration_no,date_of_visit) values(265,265112233,277,'2013-06-23');
insert into Hospital.Treated_by(patient_registration_no,date_of_visit,employee_number,treatment) values(277,2013-06-23,248);
insert into Hospital.Prescribed(product_id,patient_registration_no,date_of_visit) values (112,277,'2013-06-23');
insert into Hospital.Visitation(patient_registration_no,date_of_visit,diagnosis) values (277,'2013-05-20','cwxdf');
insert into Hospital.Consulted(employee_number,certification_no,patient_registration_no,date_of_visit) values(166,166112233,277,'2013-05-20');
insert into Hospital.Treated_by(patient_registration_no,date_of_visit,employee_number,treatment) values(277,2013-05-20,19);
insert into Hospital.Prescribed(product_id,patient_registration_no,date_of_visit) values (91,277,'2013-05-20');
insert into Hospital.Visitation(patient_registration_no,date_of_visit,diagnosis) values (277,'2013-05-16','jmkng');
insert into Hospital.Consulted(employee_number,certification_no,patient_registration_no,date_of_visit) values(23,23112233,277,'2013-05-16');
insert into Hospital.Treated_by(patient_registration_no,date_of_visit,employee_number,treatment) values(277,2013-05-16,201);
insert into Hospital.Prescribed(product_id,patient_registration_no,date_of_visit) values (70,277,'2013-05-16');
insert into Hospital.Patient (patient_registration_no, name, ssn, address,contact_no,emergency_contact_no) values ( 277,'gpocr',989464199,'miqmx',83068796,88392377);
insert into Hospital.Takes (employee_number,shift_name ) values ( 277,'night');
insert into Hospital.Belongs_to(employee_number,department_id) values (277,3);
insert into Hospital.Pharmaceutical_product(product_id,cost,manufacturer) values(278,755.0496786900743,'ruwmy');
insert into Hospital.Medicine(product_id,medicine_name,dosage) values (278,'jmxpi','rodlo');
insert into Hospital.Employees (employee_number, name, location, ssn, home_address,phone_number,designation) values ( 278,'uxbns','xiokneozecsoygt',705573223,'bnfbc',92323692,'Administration');
insert into Hospital.Visitation(patient_registration_no,date_of_visit,diagnosis) values (278,'2013-05-05','cduro');
insert into Hospital.Consulted(employee_number,certification_no,patient_registration_no,date_of_visit) values(2,2112233,278,'2013-05-05');
insert into Hospital.Treated_by(patient_registration_no,date_of_visit,employee_number,treatment) values(278,2013-05-05,178);
insert into Hospital.Prescribed(product_id,patient_registration_no,date_of_visit) values (132,278,'2013-05-05');
insert into Hospital.Visitation(patient_registration_no,date_of_visit,diagnosis) values (278,'2013-09-22','oozym');
insert into Hospital.Consulted(employee_number,certification_no,patient_registration_no,date_of_visit) values(242,242112233,278,'2013-09-22');
insert into Hospital.Treated_by(patient_registration_no,date_of_visit,employee_number,treatment) values(278,2013-09-22,186);
insert into Hospital.Prescribed(product_id,patient_registration_no,date_of_visit) values (149,278,'2013-09-22');
insert into Hospital.Visitation(patient_registration_no,date_of_visit,diagnosis) values (278,'2013-02-01','bncna');
insert into Hospital.Consulted(employee_number,certification_no,patient_registration_no,date_of_visit) values(6,6112233,278,'2013-02-01');
insert into Hospital.Treated_by(patient_registration_no,date_of_visit,employee_number,treatment) values(278,2013-02-01,101);
insert into Hospital.Prescribed(product_id,patient_registration_no,date_of_visit) values (108,278,'2013-02-01');
insert into Hospital.Visitation(patient_registration_no,date_of_visit,diagnosis) values (278,'2013-03-17','fnggf');
insert into Hospital.Consulted(employee_number,certification_no,patient_registration_no,date_of_visit) values(113,113112233,278,'2013-03-17');
insert into Hospital.Treated_by(patient_registration_no,date_of_visit,employee_number,treatment) values(278,2013-03-17,126);
insert into Hospital.Prescribed(product_id,patient_registration_no,date_of_visit) values (205,278,'2013-03-17');
insert into Hospital.Visitation(patient_registration_no,date_of_visit,diagnosis) values (278,'2013-06-17','pbngg');
insert into Hospital.Consulted(employee_number,certification_no,patient_registration_no,date_of_visit) values(21,21112233,278,'2013-06-17');
insert into Hospital.Treated_by(patient_registration_no,date_of_visit,employee_number,treatment) values(278,2013-06-17,115);
insert into Hospital.Prescribed(product_id,patient_registration_no,date_of_visit) values (152,278,'2013-06-17');
insert into Hospital.Patient (patient_registration_no, name, ssn, address,contact_no,emergency_contact_no) values ( 278,'bckub',973072916,'litdb',77654398,38786609);
insert into Hospital.Belongs_to(employee_number,department_id) values (278,2);
insert into Hospital.Pharmaceutical_product(product_id,cost,manufacturer) values(279,552.8758842075691,'gndlx');
insert into Hospital.Employees (employee_number, name, location, ssn, home_address,phone_number,designation) values ( 279,'ljkus','raxmiwxylrlynao',56620646,'nkmvo',15770754,'Doctor');
insert into Hospital.Visitation(patient_registration_no,date_of_visit,diagnosis) values (279,'2013-08-05','askto');
insert into Hospital.Consulted(employee_number,certification_no,patient_registration_no,date_of_visit) values(244,244112233,279,'2013-08-05');
insert into Hospital.Treated_by(patient_registration_no,date_of_visit,employee_number,treatment) values(279,2013-08-05,112);
insert into Hospital.Prescribed(product_id,patient_registration_no,date_of_visit) values (87,279,'2013-08-05');
insert into Hospital.Visitation(patient_registration_no,date_of_visit,diagnosis) values (279,'2013-02-09','udvir');
insert into Hospital.Consulted(employee_number,certification_no,patient_registration_no,date_of_visit) values(168,168112233,279,'2013-02-09');
insert into Hospital.Treated_by(patient_registration_no,date_of_visit,employee_number,treatment) values(279,2013-02-09,84);
insert into Hospital.Prescribed(product_id,patient_registration_no,date_of_visit) values (177,279,'2013-02-09');
insert into Hospital.Visitation(patient_registration_no,date_of_visit,diagnosis) values (279,'2013-05-07','yljzm');
insert into Hospital.Consulted(employee_number,certification_no,patient_registration_no,date_of_visit) values(151,151112233,279,'2013-05-07');
insert into Hospital.Treated_by(patient_registration_no,date_of_visit,employee_number,treatment) values(279,2013-05-07,157);
insert into Hospital.Prescribed(product_id,patient_registration_no,date_of_visit) values (211,279,'2013-05-07');
insert into Hospital.Visitation(patient_registration_no,date_of_visit,diagnosis) values (279,'2013-02-03','nrmzg');
insert into Hospital.Consulted(employee_number,certification_no,patient_registration_no,date_of_visit) values(184,184112233,279,'2013-02-03');
insert into Hospital.Treated_by(patient_registration_no,date_of_visit,employee_number,treatment) values(279,2013-02-03,61);
insert into Hospital.Prescribed(product_id,patient_registration_no,date_of_visit) values (140,279,'2013-02-03');
insert into Hospital.Visitation(patient_registration_no,date_of_visit,diagnosis) values (279,'2013-07-05','wbppn');
insert into Hospital.Consulted(employee_number,certification_no,patient_registration_no,date_of_visit) values(92,92112233,279,'2013-07-05');
insert into Hospital.Treated_by(patient_registration_no,date_of_visit,employee_number,treatment) values(279,2013-07-05,126);
insert into Hospital.Prescribed(product_id,patient_registration_no,date_of_visit) values (66,279,'2013-07-05');
insert into Hospital.Patient (patient_registration_no, name, ssn, address,contact_no,emergency_contact_no) values ( 279,'ywpjr',178150755,'usxxd',97740872,78809086);
insert into Hospital.Physician (employee_number, certification_no,specialization) values ( 279,279112233,'Anesthesiology');
insert into Hospital.Belongs_to(employee_number,department_id) values (279,1);
insert into Hospital.Pharmaceutical_product(product_id,cost,manufacturer) values(280,422.2796289093123,'ipmck');
insert into Hospital.Batch(batch_id,manufacture_date,expiry_date) values (280,'2013-01-31','2013-08-07');
insert into Hospital.Production(product_id,batch_id) values (280,280);
insert into Hospital.Batch(batch_id,manufacture_date,expiry_date) values (281,'2013-01-31','2013-08-07');
insert into Hospital.Production(product_id,batch_id) values (280,281);
insert into Hospital.Batch(batch_id,manufacture_date,expiry_date) values (282,'2013-01-31','2013-08-07');
insert into Hospital.Production(product_id,batch_id) values (280,282);
insert into Hospital.Batch(batch_id,manufacture_date,expiry_date) values (283,'2013-01-31','2013-08-07');
insert into Hospital.Production(product_id,batch_id) values (280,283);
insert into Hospital.Batch(batch_id,manufacture_date,expiry_date) values (284,'2013-01-31','2013-08-07');
insert into Hospital.Production(product_id,batch_id) values (280,284);
insert into Hospital.Medicine(product_id,medicine_name,dosage) values (280,'wlpfd','vbtlf');
insert into Hospital.Employees (employee_number, name, location, ssn, home_address,phone_number,designation) values ( 280,'boaar','oumjvobbxgasxji',468784580,'kkhip',77510712,'Doctor');
insert into Hospital.Visitation(patient_registration_no,date_of_visit,diagnosis) values (280,'2013-10-09','unrgb');
insert into Hospital.Consulted(employee_number,certification_no,patient_registration_no,date_of_visit) values(133,133112233,280,'2013-10-09');
insert into Hospital.Treated_by(patient_registration_no,date_of_visit,employee_number,treatment) values(280,2013-10-09,48);
insert into Hospital.Prescribed(product_id,patient_registration_no,date_of_visit) values (134,280,'2013-10-09');
insert into Hospital.Visitation(patient_registration_no,date_of_visit,diagnosis) values (280,'2013-07-12','obiqa');
insert into Hospital.Consulted(employee_number,certification_no,patient_registration_no,date_of_visit) values(37,37112233,280,'2013-07-12');
insert into Hospital.Treated_by(patient_registration_no,date_of_visit,employee_number,treatment) values(280,2013-07-12,260);
insert into Hospital.Prescribed(product_id,patient_registration_no,date_of_visit) values (7,280,'2013-07-12');
insert into Hospital.Visitation(patient_registration_no,date_of_visit,diagnosis) values (280,'2013-03-31','vlyzr');
insert into Hospital.Consulted(employee_number,certification_no,patient_registration_no,date_of_visit) values(89,89112233,280,'2013-03-31');
insert into Hospital.Treated_by(patient_registration_no,date_of_visit,employee_number,treatment) values(280,2013-03-31,134);
insert into Hospital.Prescribed(product_id,patient_registration_no,date_of_visit) values (222,280,'2013-03-31');
insert into Hospital.Visitation(patient_registration_no,date_of_visit,diagnosis) values (280,'2013-09-15','wmyeq');
insert into Hospital.Consulted(employee_number,certification_no,patient_registration_no,date_of_visit) values(1,1112233,280,'2013-09-15');
insert into Hospital.Treated_by(patient_registration_no,date_of_visit,employee_number,treatment) values(280,2013-09-15,203);
insert into Hospital.Prescribed(product_id,patient_registration_no,date_of_visit) values (132,280,'2013-09-15');
insert into Hospital.Visitation(patient_registration_no,date_of_visit,diagnosis) values (280,'2013-08-31','koabr');
insert into Hospital.Consulted(employee_number,certification_no,patient_registration_no,date_of_visit) values(37,37112233,280,'2013-08-31');
insert into Hospital.Treated_by(patient_registration_no,date_of_visit,employee_number,treatment) values(280,2013-08-31,112);
insert into Hospital.Prescribed(product_id,patient_registration_no,date_of_visit) values (21,280,'2013-08-31');
insert into Hospital.Patient (patient_registration_no, name, ssn, address,contact_no,emergency_contact_no) values ( 280,'dqrey',169326002,'zlddq',96846506,19986831);
insert into Hospital.Physician (employee_number, certification_no,specialization) values ( 280,280112233,'Pediatrics');
insert into Hospital.Belongs_to(employee_number,department_id) values (280,1);
insert into Hospital.Pharmaceutical_product(product_id,cost,manufacturer) values(281,112.3147609041092,'rbyts');
insert into Hospital.Medicine(product_id,medicine_name,dosage) values (281,'hefai','spber');
insert into Hospital.Employees (employee_number, name, location, ssn, home_address,phone_number,designation) values ( 281,'evays','nphozcychnlkosb',729901018,'gkrtv',99255777,'Radiology');
insert into Hospital.Visitation(patient_registration_no,date_of_visit,diagnosis) values (281,'2013-02-02','vivwh');
insert into Hospital.Consulted(employee_number,certification_no,patient_registration_no,date_of_visit) values(258,258112233,281,'2013-02-02');
insert into Hospital.Treated_by(patient_registration_no,date_of_visit,employee_number,treatment) values(281,2013-02-02,18);
insert into Hospital.Prescribed(product_id,patient_registration_no,date_of_visit) values (90,281,'2013-02-02');
insert into Hospital.Visitation(patient_registration_no,date_of_visit,diagnosis) values (281,'2013-08-06','twdgz');
insert into Hospital.Consulted(employee_number,certification_no,patient_registration_no,date_of_visit) values(275,275112233,281,'2013-08-06');
insert into Hospital.Treated_by(patient_registration_no,date_of_visit,employee_number,treatment) values(281,2013-08-06,248);
insert into Hospital.Prescribed(product_id,patient_registration_no,date_of_visit) values (152,281,'2013-08-06');
insert into Hospital.Visitation(patient_registration_no,date_of_visit,diagnosis) values (281,'2013-09-21','fiknu');
insert into Hospital.Consulted(employee_number,certification_no,patient_registration_no,date_of_visit) values(55,55112233,281,'2013-09-21');
insert into Hospital.Treated_by(patient_registration_no,date_of_visit,employee_number,treatment) values(281,2013-09-21,64);
insert into Hospital.Prescribed(product_id,patient_registration_no,date_of_visit) values (246,281,'2013-09-21');
insert into Hospital.Visitation(patient_registration_no,date_of_visit,diagnosis) values (281,'2013-06-03','wowqr');
insert into Hospital.Consulted(employee_number,certification_no,patient_registration_no,date_of_visit) values(159,159112233,281,'2013-06-03');
insert into Hospital.Treated_by(patient_registration_no,date_of_visit,employee_number,treatment) values(281,2013-06-03,195);
insert into Hospital.Prescribed(product_id,patient_registration_no,date_of_visit) values (213,281,'2013-06-03');
insert into Hospital.Visitation(patient_registration_no,date_of_visit,diagnosis) values (281,'2013-03-29','xnopy');
insert into Hospital.Consulted(employee_number,certification_no,patient_registration_no,date_of_visit) values(245,245112233,281,'2013-03-29');
insert into Hospital.Treated_by(patient_registration_no,date_of_visit,employee_number,treatment) values(281,2013-03-29,26);
insert into Hospital.Prescribed(product_id,patient_registration_no,date_of_visit) values (76,281,'2013-03-29');
insert into Hospital.Patient (patient_registration_no, name, ssn, address,contact_no,emergency_contact_no) values ( 281,'bzpyp',898047825,'szsli',53249388,59446249);
insert into Hospital.Takes (employee_number,shift_name ) values ( 281,'morning');
insert into Hospital.Belongs_to(employee_number,department_id) values (281,3);
insert into Hospital.Pharmaceutical_product(product_id,cost,manufacturer) values(282,313.4844731747051,'oesfx');
insert into Hospital.Medicine(product_id,medicine_name,dosage) values (282,'fxpbh','csrvx');
insert into Hospital.Employees (employee_number, name, location, ssn, home_address,phone_number,designation) values ( 282,'hzouc','znzrnyjvwqcpbiy',959028113,'fpxks',19096551,'Administration');
insert into Hospital.Visitation(patient_registration_no,date_of_visit,diagnosis) values (282,'2013-04-24','aengg');
insert into Hospital.Consulted(employee_number,certification_no,patient_registration_no,date_of_visit) values(265,265112233,282,'2013-04-24');
insert into Hospital.Treated_by(patient_registration_no,date_of_visit,employee_number,treatment) values(282,2013-04-24,247);
insert into Hospital.Prescribed(product_id,patient_registration_no,date_of_visit) values (44,282,'2013-04-24');
insert into Hospital.Visitation(patient_registration_no,date_of_visit,diagnosis) values (282,'2013-06-22','kaimy');
insert into Hospital.Consulted(employee_number,certification_no,patient_registration_no,date_of_visit) values(110,110112233,282,'2013-06-22');
insert into Hospital.Treated_by(patient_registration_no,date_of_visit,employee_number,treatment) values(282,2013-06-22,224);
insert into Hospital.Prescribed(product_id,patient_registration_no,date_of_visit) values (167,282,'2013-06-22');
insert into Hospital.Visitation(patient_registration_no,date_of_visit,diagnosis) values (282,'2013-06-04','jlkks');
insert into Hospital.Consulted(employee_number,certification_no,patient_registration_no,date_of_visit) values(245,245112233,282,'2013-06-04');
insert into Hospital.Treated_by(patient_registration_no,date_of_visit,employee_number,treatment) values(282,2013-06-04,172);
insert into Hospital.Prescribed(product_id,patient_registration_no,date_of_visit) values (173,282,'2013-06-04');
insert into Hospital.Visitation(patient_registration_no,date_of_visit,diagnosis) values (282,'2013-06-28','tmyxi');
insert into Hospital.Consulted(employee_number,certification_no,patient_registration_no,date_of_visit) values(279,279112233,282,'2013-06-28');
insert into Hospital.Treated_by(patient_registration_no,date_of_visit,employee_number,treatment) values(282,2013-06-28,273);
insert into Hospital.Prescribed(product_id,patient_registration_no,date_of_visit) values (148,282,'2013-06-28');
insert into Hospital.Visitation(patient_registration_no,date_of_visit,diagnosis) values (282,'2013-01-28','ivqfb');
insert into Hospital.Consulted(employee_number,certification_no,patient_registration_no,date_of_visit) values(230,230112233,282,'2013-01-28');
insert into Hospital.Treated_by(patient_registration_no,date_of_visit,employee_number,treatment) values(282,2013-01-28,50);
insert into Hospital.Prescribed(product_id,patient_registration_no,date_of_visit) values (6,282,'2013-01-28');
insert into Hospital.Patient (patient_registration_no, name, ssn, address,contact_no,emergency_contact_no) values ( 282,'xwuzp',720764457,'uxsej',17133883,64678614);
insert into Hospital.Belongs_to(employee_number,department_id) values (282,2);
insert into Hospital.Pharmaceutical_product(product_id,cost,manufacturer) values(283,593.7129026795221,'blfzk');
insert into Hospital.Employees (employee_number, name, location, ssn, home_address,phone_number,designation) values ( 283,'ibisr','yhpfgnhgkjneaaw',762963267,'cnkeh',80981661,'Nurse');
insert into Hospital.Visitation(patient_registration_no,date_of_visit,diagnosis) values (283,'2013-07-15','ddvmm');
insert into Hospital.Consulted(employee_number,certification_no,patient_registration_no,date_of_visit) values(55,55112233,283,'2013-07-15');
insert into Hospital.Treated_by(patient_registration_no,date_of_visit,employee_number,treatment) values(283,2013-07-15,224);
insert into Hospital.Prescribed(product_id,patient_registration_no,date_of_visit) values (235,283,'2013-07-15');
insert into Hospital.Visitation(patient_registration_no,date_of_visit,diagnosis) values (283,'2013-08-23','pjrhf');
insert into Hospital.Consulted(employee_number,certification_no,patient_registration_no,date_of_visit) values(46,46112233,283,'2013-08-23');
insert into Hospital.Treated_by(patient_registration_no,date_of_visit,employee_number,treatment) values(283,2013-08-23,28);
insert into Hospital.Prescribed(product_id,patient_registration_no,date_of_visit) values (281,283,'2013-08-23');
insert into Hospital.Visitation(patient_registration_no,date_of_visit,diagnosis) values (283,'2013-01-30','abtak');
insert into Hospital.Consulted(employee_number,certification_no,patient_registration_no,date_of_visit) values(228,228112233,283,'2013-01-30');
insert into Hospital.Treated_by(patient_registration_no,date_of_visit,employee_number,treatment) values(283,2013-01-30,195);
insert into Hospital.Prescribed(product_id,patient_registration_no,date_of_visit) values (2,283,'2013-01-30');
insert into Hospital.Visitation(patient_registration_no,date_of_visit,diagnosis) values (283,'2013-01-02','htton');
insert into Hospital.Consulted(employee_number,certification_no,patient_registration_no,date_of_visit) values(262,262112233,283,'2013-01-02');
insert into Hospital.Treated_by(patient_registration_no,date_of_visit,employee_number,treatment) values(283,2013-01-02,26);
insert into Hospital.Prescribed(product_id,patient_registration_no,date_of_visit) values (28,283,'2013-01-02');
insert into Hospital.Visitation(patient_registration_no,date_of_visit,diagnosis) values (283,'2013-02-27','asjum');
insert into Hospital.Consulted(employee_number,certification_no,patient_registration_no,date_of_visit) values(128,128112233,283,'2013-02-27');
insert into Hospital.Treated_by(patient_registration_no,date_of_visit,employee_number,treatment) values(283,2013-02-27,28);
insert into Hospital.Prescribed(product_id,patient_registration_no,date_of_visit) values (129,283,'2013-02-27');
insert into Hospital.Patient (patient_registration_no, name, ssn, address,contact_no,emergency_contact_no) values ( 283,'sfrut',857485460,'ksyhy',32106777,56333222);
insert into Hospital.Takes (employee_number,shift_name ) values ( 283,'evening');
insert into Hospital.Belongs_to(employee_number,department_id) values (283,3);
insert into Hospital.Pharmaceutical_product(product_id,cost,manufacturer) values(284,192.6963200326695,'zggzd');
insert into Hospital.Medicine(product_id,medicine_name,dosage) values (284,'wvqfp','dffmb');
insert into Hospital.Employees (employee_number, name, location, ssn, home_address,phone_number,designation) values ( 284,'fwqkx','uiaqmukrqszhcsz',282431927,'psktn',85668668,'Administration');
insert into Hospital.Visitation(patient_registration_no,date_of_visit,diagnosis) values (284,'2013-02-16','ejmmk');
insert into Hospital.Consulted(employee_number,certification_no,patient_registration_no,date_of_visit) values(184,184112233,284,'2013-02-16');
insert into Hospital.Treated_by(patient_registration_no,date_of_visit,employee_number,treatment) values(284,2013-02-16,126);
insert into Hospital.Prescribed(product_id,patient_registration_no,date_of_visit) values (191,284,'2013-02-16');
insert into Hospital.Visitation(patient_registration_no,date_of_visit,diagnosis) values (284,'2013-02-01','orjgq');
insert into Hospital.Consulted(employee_number,certification_no,patient_registration_no,date_of_visit) values(43,43112233,284,'2013-02-01');
insert into Hospital.Treated_by(patient_registration_no,date_of_visit,employee_number,treatment) values(284,2013-02-01,277);
insert into Hospital.Prescribed(product_id,patient_registration_no,date_of_visit) values (66,284,'2013-02-01');
insert into Hospital.Visitation(patient_registration_no,date_of_visit,diagnosis) values (284,'2013-10-09','bfbwp');
insert into Hospital.Consulted(employee_number,certification_no,patient_registration_no,date_of_visit) values(168,168112233,284,'2013-10-09');
insert into Hospital.Treated_by(patient_registration_no,date_of_visit,employee_number,treatment) values(284,2013-10-09,241);
insert into Hospital.Prescribed(product_id,patient_registration_no,date_of_visit) values (90,284,'2013-10-09');
insert into Hospital.Visitation(patient_registration_no,date_of_visit,diagnosis) values (284,'2013-07-26','vsamd');
insert into Hospital.Consulted(employee_number,certification_no,patient_registration_no,date_of_visit) values(128,128112233,284,'2013-07-26');
insert into Hospital.Treated_by(patient_registration_no,date_of_visit,employee_number,treatment) values(284,2013-07-26,88);
insert into Hospital.Prescribed(product_id,patient_registration_no,date_of_visit) values (33,284,'2013-07-26');
insert into Hospital.Visitation(patient_registration_no,date_of_visit,diagnosis) values (284,'2013-04-14','zkpeb');
insert into Hospital.Consulted(employee_number,certification_no,patient_registration_no,date_of_visit) values(137,137112233,284,'2013-04-14');
insert into Hospital.Treated_by(patient_registration_no,date_of_visit,employee_number,treatment) values(284,2013-04-14,10);
insert into Hospital.Prescribed(product_id,patient_registration_no,date_of_visit) values (46,284,'2013-04-14');
insert into Hospital.Patient (patient_registration_no, name, ssn, address,contact_no,emergency_contact_no) values ( 284,'leqao',342965562,'hqvvo',80700309,69099139);
insert into Hospital.Belongs_to(employee_number,department_id) values (284,2);
insert into Hospital.Pharmaceutical_product(product_id,cost,manufacturer) values(285,341.22685588212426,'luhmy');
insert into Hospital.Employees (employee_number, name, location, ssn, home_address,phone_number,designation) values ( 285,'cuhpd','saybeehinteippm',156929674,'zaglv',74154078,'Radiology');
insert into Hospital.Visitation(patient_registration_no,date_of_visit,diagnosis) values (285,'2013-05-22','hzjbq');
insert into Hospital.Consulted(employee_number,certification_no,patient_registration_no,date_of_visit) values(37,37112233,285,'2013-05-22');
insert into Hospital.Treated_by(patient_registration_no,date_of_visit,employee_number,treatment) values(285,2013-05-22,67);
insert into Hospital.Prescribed(product_id,patient_registration_no,date_of_visit) values (44,285,'2013-05-22');
insert into Hospital.Visitation(patient_registration_no,date_of_visit,diagnosis) values (285,'2013-10-11','qxjfy');
insert into Hospital.Consulted(employee_number,certification_no,patient_registration_no,date_of_visit) values(43,43112233,285,'2013-10-11');
insert into Hospital.Treated_by(patient_registration_no,date_of_visit,employee_number,treatment) values(285,2013-10-11,28);
insert into Hospital.Prescribed(product_id,patient_registration_no,date_of_visit) values (125,285,'2013-10-11');
insert into Hospital.Visitation(patient_registration_no,date_of_visit,diagnosis) values (285,'2013-03-12','zdmxq');
insert into Hospital.Consulted(employee_number,certification_no,patient_registration_no,date_of_visit) values(222,222112233,285,'2013-03-12');
insert into Hospital.Treated_by(patient_registration_no,date_of_visit,employee_number,treatment) values(285,2013-03-12,88);
insert into Hospital.Prescribed(product_id,patient_registration_no,date_of_visit) values (204,285,'2013-03-12');
insert into Hospital.Visitation(patient_registration_no,date_of_visit,diagnosis) values (285,'2013-09-23','hzyck');
insert into Hospital.Consulted(employee_number,certification_no,patient_registration_no,date_of_visit) values(51,51112233,285,'2013-09-23');
insert into Hospital.Treated_by(patient_registration_no,date_of_visit,employee_number,treatment) values(285,2013-09-23,96);
insert into Hospital.Prescribed(product_id,patient_registration_no,date_of_visit) values (151,285,'2013-09-23');
insert into Hospital.Visitation(patient_registration_no,date_of_visit,diagnosis) values (285,'2013-01-30','qjcbw');
insert into Hospital.Consulted(employee_number,certification_no,patient_registration_no,date_of_visit) values(238,238112233,285,'2013-01-30');
insert into Hospital.Treated_by(patient_registration_no,date_of_visit,employee_number,treatment) values(285,2013-01-30,195);
insert into Hospital.Prescribed(product_id,patient_registration_no,date_of_visit) values (14,285,'2013-01-30');
insert into Hospital.Patient (patient_registration_no, name, ssn, address,contact_no,emergency_contact_no) values ( 285,'kplir',487303330,'pvyfp',86369502,64476378);
insert into Hospital.Takes (employee_number,shift_name ) values ( 285,'evening');
insert into Hospital.Belongs_to(employee_number,department_id) values (285,3);
insert into Hospital.Pharmaceutical_product(product_id,cost,manufacturer) values(286,936.8899478780804,'nsdii');
insert into Hospital.Batch(batch_id,manufacture_date,expiry_date) values (286,'2013-06-02','2013-10-19');
insert into Hospital.Production(product_id,batch_id) values (286,286);
insert into Hospital.Batch(batch_id,manufacture_date,expiry_date) values (287,'2013-06-02','2013-10-19');
insert into Hospital.Production(product_id,batch_id) values (286,287);
insert into Hospital.Batch(batch_id,manufacture_date,expiry_date) values (288,'2013-06-02','2013-10-19');
insert into Hospital.Production(product_id,batch_id) values (286,288);
insert into Hospital.Batch(batch_id,manufacture_date,expiry_date) values (289,'2013-06-02','2013-10-19');
insert into Hospital.Production(product_id,batch_id) values (286,289);
insert into Hospital.Batch(batch_id,manufacture_date,expiry_date) values (290,'2013-06-02','2013-10-19');
insert into Hospital.Production(product_id,batch_id) values (286,290);
insert into Hospital.Employees (employee_number, name, location, ssn, home_address,phone_number,designation) values ( 286,'ijpdz','ewnmpwantglaxxh',448799913,'kenfn',11683924,'Doctor');
insert into Hospital.Visitation(patient_registration_no,date_of_visit,diagnosis) values (286,'2013-08-01','cgpxn');
insert into Hospital.Consulted(employee_number,certification_no,patient_registration_no,date_of_visit) values(60,60112233,286,'2013-08-01');
insert into Hospital.Treated_by(patient_registration_no,date_of_visit,employee_number,treatment) values(286,2013-08-01,103);
insert into Hospital.Prescribed(product_id,patient_registration_no,date_of_visit) values (214,286,'2013-08-01');
insert into Hospital.Visitation(patient_registration_no,date_of_visit,diagnosis) values (286,'2013-02-21','ekqbt');
insert into Hospital.Consulted(employee_number,certification_no,patient_registration_no,date_of_visit) values(94,94112233,286,'2013-02-21');
insert into Hospital.Treated_by(patient_registration_no,date_of_visit,employee_number,treatment) values(286,2013-02-21,204);
insert into Hospital.Prescribed(product_id,patient_registration_no,date_of_visit) values (177,286,'2013-02-21');
insert into Hospital.Visitation(patient_registration_no,date_of_visit,diagnosis) values (286,'2013-04-02','sayct');
insert into Hospital.Consulted(employee_number,certification_no,patient_registration_no,date_of_visit) values(159,159112233,286,'2013-04-02');
insert into Hospital.Treated_by(patient_registration_no,date_of_visit,employee_number,treatment) values(286,2013-04-02,18);
insert into Hospital.Prescribed(product_id,patient_registration_no,date_of_visit) values (6,286,'2013-04-02');
insert into Hospital.Visitation(patient_registration_no,date_of_visit,diagnosis) values (286,'2013-07-30','kxbvp');
insert into Hospital.Consulted(employee_number,certification_no,patient_registration_no,date_of_visit) values(194,194112233,286,'2013-07-30');
insert into Hospital.Treated_by(patient_registration_no,date_of_visit,employee_number,treatment) values(286,2013-07-30,26);
insert into Hospital.Prescribed(product_id,patient_registration_no,date_of_visit) values (65,286,'2013-07-30');
insert into Hospital.Visitation(patient_registration_no,date_of_visit,diagnosis) values (286,'2013-01-19','vugdw');
insert into Hospital.Consulted(employee_number,certification_no,patient_registration_no,date_of_visit) values(228,228112233,286,'2013-01-19');
insert into Hospital.Treated_by(patient_registration_no,date_of_visit,employee_number,treatment) values(286,2013-01-19,76);
insert into Hospital.Prescribed(product_id,patient_registration_no,date_of_visit) values (278,286,'2013-01-19');
insert into Hospital.Patient (patient_registration_no, name, ssn, address,contact_no,emergency_contact_no) values ( 286,'qnomm',80246362,'weeqd',76838277,25697909);
insert into Hospital.Physician (employee_number, certification_no,specialization) values ( 286,286112233,'Dermatology');
insert into Hospital.Belongs_to(employee_number,department_id) values (286,1);
insert into Hospital.Pharmaceutical_product(product_id,cost,manufacturer) values(287,387.12338827652957,'kzdwm');
insert into Hospital.Employees (employee_number, name, location, ssn, home_address,phone_number,designation) values ( 287,'pnmqs','xjxknwtgkvcizgo',779662923,'murto',15686097,'Doctor');
insert into Hospital.Visitation(patient_registration_no,date_of_visit,diagnosis) values (287,'2013-09-19','cyzvp');
insert into Hospital.Consulted(employee_number,certification_no,patient_registration_no,date_of_visit) values(6,6112233,287,'2013-09-19');
insert into Hospital.Treated_by(patient_registration_no,date_of_visit,employee_number,treatment) values(287,2013-09-19,186);
insert into Hospital.Prescribed(product_id,patient_registration_no,date_of_visit) values (249,287,'2013-09-19');
insert into Hospital.Visitation(patient_registration_no,date_of_visit,diagnosis) values (287,'2013-09-29','srwob');
insert into Hospital.Consulted(employee_number,certification_no,patient_registration_no,date_of_visit) values(116,116112233,287,'2013-09-29');
insert into Hospital.Treated_by(patient_registration_no,date_of_visit,employee_number,treatment) values(287,2013-09-29,104);
insert into Hospital.Prescribed(product_id,patient_registration_no,date_of_visit) values (215,287,'2013-09-29');
insert into Hospital.Visitation(patient_registration_no,date_of_visit,diagnosis) values (287,'2013-10-19','gwtqq');
insert into Hospital.Consulted(employee_number,certification_no,patient_registration_no,date_of_visit) values(245,245112233,287,'2013-10-19');
insert into Hospital.Treated_by(patient_registration_no,date_of_visit,employee_number,treatment) values(287,2013-10-19,195);
insert into Hospital.Prescribed(product_id,patient_registration_no,date_of_visit) values (171,287,'2013-10-19');
insert into Hospital.Visitation(patient_registration_no,date_of_visit,diagnosis) values (287,'2013-10-25','gfukl');
insert into Hospital.Consulted(employee_number,certification_no,patient_registration_no,date_of_visit) values(55,55112233,287,'2013-10-25');
insert into Hospital.Treated_by(patient_registration_no,date_of_visit,employee_number,treatment) values(287,2013-10-25,52);
insert into Hospital.Prescribed(product_id,patient_registration_no,date_of_visit) values (65,287,'2013-10-25');
insert into Hospital.Visitation(patient_registration_no,date_of_visit,diagnosis) values (287,'2013-10-06','xthkt');
insert into Hospital.Consulted(employee_number,certification_no,patient_registration_no,date_of_visit) values(13,13112233,287,'2013-10-06');
insert into Hospital.Treated_by(patient_registration_no,date_of_visit,employee_number,treatment) values(287,2013-10-06,129);
insert into Hospital.Prescribed(product_id,patient_registration_no,date_of_visit) values (222,287,'2013-10-06');
insert into Hospital.Patient (patient_registration_no, name, ssn, address,contact_no,emergency_contact_no) values ( 287,'yoljd',410025751,'tdimt',42544577,85473362);
insert into Hospital.Physician (employee_number, certification_no,specialization) values ( 287,287112233,'Anesthesiology');
insert into Hospital.Belongs_to(employee_number,department_id) values (287,1);
insert into Hospital.Pharmaceutical_product(product_id,cost,manufacturer) values(288,874.4974324115709,'gshru');
insert into Hospital.Medicine(product_id,medicine_name,dosage) values (288,'npltj','nxycq');
insert into Hospital.Employees (employee_number, name, location, ssn, home_address,phone_number,designation) values ( 288,'geaey','ovitvmcbzjzxgfu',836816560,'giajx',81018226,'Doctor');
insert into Hospital.Visitation(patient_registration_no,date_of_visit,diagnosis) values (288,'2013-03-22','xdkqw');
insert into Hospital.Consulted(employee_number,certification_no,patient_registration_no,date_of_visit) values(238,238112233,288,'2013-03-22');
insert into Hospital.Treated_by(patient_registration_no,date_of_visit,employee_number,treatment) values(288,2013-03-22,73);
insert into Hospital.Prescribed(product_id,patient_registration_no,date_of_visit) values (160,288,'2013-03-22');
insert into Hospital.Visitation(patient_registration_no,date_of_visit,diagnosis) values (288,'2013-07-29','jkyyc');
insert into Hospital.Consulted(employee_number,certification_no,patient_registration_no,date_of_visit) values(6,6112233,288,'2013-07-29');
insert into Hospital.Treated_by(patient_registration_no,date_of_visit,employee_number,treatment) values(288,2013-07-29,248);
insert into Hospital.Prescribed(product_id,patient_registration_no,date_of_visit) values (119,288,'2013-07-29');
insert into Hospital.Visitation(patient_registration_no,date_of_visit,diagnosis) values (288,'2013-02-10','utbsi');
insert into Hospital.Consulted(employee_number,certification_no,patient_registration_no,date_of_visit) values(238,238112233,288,'2013-02-10');
insert into Hospital.Treated_by(patient_registration_no,date_of_visit,employee_number,treatment) values(288,2013-02-10,285);
insert into Hospital.Prescribed(product_id,patient_registration_no,date_of_visit) values (8,288,'2013-02-10');
insert into Hospital.Visitation(patient_registration_no,date_of_visit,diagnosis) values (288,'2013-09-08','dpabe');
insert into Hospital.Consulted(employee_number,certification_no,patient_registration_no,date_of_visit) values(43,43112233,288,'2013-09-08');
insert into Hospital.Treated_by(patient_registration_no,date_of_visit,employee_number,treatment) values(288,2013-09-08,212);
insert into Hospital.Prescribed(product_id,patient_registration_no,date_of_visit) values (288,288,'2013-09-08');
insert into Hospital.Visitation(patient_registration_no,date_of_visit,diagnosis) values (288,'2013-04-05','mlysf');
insert into Hospital.Consulted(employee_number,certification_no,patient_registration_no,date_of_visit) values(159,159112233,288,'2013-04-05');
insert into Hospital.Treated_by(patient_registration_no,date_of_visit,employee_number,treatment) values(288,2013-04-05,26);
insert into Hospital.Prescribed(product_id,patient_registration_no,date_of_visit) values (61,288,'2013-04-05');
insert into Hospital.Patient (patient_registration_no, name, ssn, address,contact_no,emergency_contact_no) values ( 288,'ozqna',401517429,'cyrdp',10897434,77860627);
insert into Hospital.Physician (employee_number, certification_no,specialization) values ( 288,288112233,'Dermatology');
insert into Hospital.Belongs_to(employee_number,department_id) values (288,1);
insert into Hospital.Pharmaceutical_product(product_id,cost,manufacturer) values(289,774.5594654110158,'wevkh');
insert into Hospital.Medicine(product_id,medicine_name,dosage) values (289,'fifop','ieynr');
insert into Hospital.Employees (employee_number, name, location, ssn, home_address,phone_number,designation) values ( 289,'jpdlz','bicfpaeahfrewtu',910124897,'ixrln',56504842,'Radiology');
insert into Hospital.Visitation(patient_registration_no,date_of_visit,diagnosis) values (289,'2013-08-17','jumky');
insert into Hospital.Consulted(employee_number,certification_no,patient_registration_no,date_of_visit) values(120,120112233,289,'2013-08-17');
insert into Hospital.Treated_by(patient_registration_no,date_of_visit,employee_number,treatment) values(289,2013-08-17,263);
insert into Hospital.Prescribed(product_id,patient_registration_no,date_of_visit) values (256,289,'2013-08-17');
insert into Hospital.Visitation(patient_registration_no,date_of_visit,diagnosis) values (289,'2013-07-05','ebzet');
insert into Hospital.Consulted(employee_number,certification_no,patient_registration_no,date_of_visit) values(55,55112233,289,'2013-07-05');
insert into Hospital.Treated_by(patient_registration_no,date_of_visit,employee_number,treatment) values(289,2013-07-05,134);
insert into Hospital.Prescribed(product_id,patient_registration_no,date_of_visit) values (267,289,'2013-07-05');
insert into Hospital.Visitation(patient_registration_no,date_of_visit,diagnosis) values (289,'2013-10-20','gpxov');
insert into Hospital.Consulted(employee_number,certification_no,patient_registration_no,date_of_visit) values(94,94112233,289,'2013-10-20');
insert into Hospital.Treated_by(patient_registration_no,date_of_visit,employee_number,treatment) values(289,2013-10-20,67);
insert into Hospital.Prescribed(product_id,patient_registration_no,date_of_visit) values (265,289,'2013-10-20');
insert into Hospital.Visitation(patient_registration_no,date_of_visit,diagnosis) values (289,'2013-01-26','snqbr');
insert into Hospital.Consulted(employee_number,certification_no,patient_registration_no,date_of_visit) values(230,230112233,289,'2013-01-26');
insert into Hospital.Treated_by(patient_registration_no,date_of_visit,employee_number,treatment) values(289,2013-01-26,237);
insert into Hospital.Prescribed(product_id,patient_registration_no,date_of_visit) values (94,289,'2013-01-26');
insert into Hospital.Visitation(patient_registration_no,date_of_visit,diagnosis) values (289,'2013-01-16','aqcps');
insert into Hospital.Consulted(employee_number,certification_no,patient_registration_no,date_of_visit) values(9,9112233,289,'2013-01-16');
insert into Hospital.Treated_by(patient_registration_no,date_of_visit,employee_number,treatment) values(289,2013-01-16,10);
insert into Hospital.Prescribed(product_id,patient_registration_no,date_of_visit) values (49,289,'2013-01-16');
insert into Hospital.Patient (patient_registration_no, name, ssn, address,contact_no,emergency_contact_no) values ( 289,'lpvga',823066557,'yrita',12123721,87740824);
insert into Hospital.Takes (employee_number,shift_name ) values ( 289,'night');
insert into Hospital.Belongs_to(employee_number,department_id) values (289,3);
insert into Hospital.Pharmaceutical_product(product_id,cost,manufacturer) values(290,929.3927622800152,'kmfmi');
insert into Hospital.Employees (employee_number, name, location, ssn, home_address,phone_number,designation) values ( 290,'exseb','yjwwqubehwjlyqi',865365153,'djkno',17907353,'Nurse');
insert into Hospital.Visitation(patient_registration_no,date_of_visit,diagnosis) values (290,'2013-10-05','bfsjx');
insert into Hospital.Consulted(employee_number,certification_no,patient_registration_no,date_of_visit) values(46,46112233,290,'2013-10-05');
insert into Hospital.Treated_by(patient_registration_no,date_of_visit,employee_number,treatment) values(290,2013-10-05,164);
insert into Hospital.Prescribed(product_id,patient_registration_no,date_of_visit) values (1,290,'2013-10-05');
insert into Hospital.Visitation(patient_registration_no,date_of_visit,diagnosis) values (290,'2013-08-26','znbvi');
insert into Hospital.Consulted(employee_number,certification_no,patient_registration_no,date_of_visit) values(1,1112233,290,'2013-08-26');
insert into Hospital.Treated_by(patient_registration_no,date_of_visit,employee_number,treatment) values(290,2013-08-26,212);
insert into Hospital.Prescribed(product_id,patient_registration_no,date_of_visit) values (77,290,'2013-08-26');
insert into Hospital.Visitation(patient_registration_no,date_of_visit,diagnosis) values (290,'2013-01-10','jglxf');
insert into Hospital.Consulted(employee_number,certification_no,patient_registration_no,date_of_visit) values(8,8112233,290,'2013-01-10');
insert into Hospital.Treated_by(patient_registration_no,date_of_visit,employee_number,treatment) values(290,2013-01-10,96);
insert into Hospital.Prescribed(product_id,patient_registration_no,date_of_visit) values (57,290,'2013-01-10');
insert into Hospital.Visitation(patient_registration_no,date_of_visit,diagnosis) values (290,'2013-03-11','stbtf');
insert into Hospital.Consulted(employee_number,certification_no,patient_registration_no,date_of_visit) values(238,238112233,290,'2013-03-11');
insert into Hospital.Treated_by(patient_registration_no,date_of_visit,employee_number,treatment) values(290,2013-03-11,260);
insert into Hospital.Prescribed(product_id,patient_registration_no,date_of_visit) values (122,290,'2013-03-11');
insert into Hospital.Visitation(patient_registration_no,date_of_visit,diagnosis) values (290,'2013-10-04','dqqkh');
insert into Hospital.Consulted(employee_number,certification_no,patient_registration_no,date_of_visit) values(137,137112233,290,'2013-10-04');
insert into Hospital.Treated_by(patient_registration_no,date_of_visit,employee_number,treatment) values(290,2013-10-04,61);
insert into Hospital.Prescribed(product_id,patient_registration_no,date_of_visit) values (248,290,'2013-10-04');
insert into Hospital.Patient (patient_registration_no, name, ssn, address,contact_no,emergency_contact_no) values ( 290,'weeqj',364887246,'nytla',95721958,95418706);
insert into Hospital.Takes (employee_number,shift_name ) values ( 290,'morning');
insert into Hospital.Belongs_to(employee_number,department_id) values (290,3);
insert into Hospital.Pharmaceutical_product(product_id,cost,manufacturer) values(291,33.89152896446332,'evhua');
insert into Hospital.Employees (employee_number, name, location, ssn, home_address,phone_number,designation) values ( 291,'tkdlo','foojtlhlyvkjcqq',77836839,'ceegz',43812484,'Administration');
insert into Hospital.Visitation(patient_registration_no,date_of_visit,diagnosis) values (291,'2013-04-08','bngci');
insert into Hospital.Consulted(employee_number,certification_no,patient_registration_no,date_of_visit) values(271,271112233,291,'2013-04-08');
insert into Hospital.Treated_by(patient_registration_no,date_of_visit,employee_number,treatment) values(291,2013-04-08,26);
insert into Hospital.Prescribed(product_id,patient_registration_no,date_of_visit) values (112,291,'2013-04-08');
insert into Hospital.Visitation(patient_registration_no,date_of_visit,diagnosis) values (291,'2013-01-04','sbwna');
insert into Hospital.Consulted(employee_number,certification_no,patient_registration_no,date_of_visit) values(176,176112233,291,'2013-01-04');
insert into Hospital.Treated_by(patient_registration_no,date_of_visit,employee_number,treatment) values(291,2013-01-04,237);
insert into Hospital.Prescribed(product_id,patient_registration_no,date_of_visit) values (232,291,'2013-01-04');
insert into Hospital.Visitation(patient_registration_no,date_of_visit,diagnosis) values (291,'2013-10-19','ldqcy');
insert into Hospital.Consulted(employee_number,certification_no,patient_registration_no,date_of_visit) values(43,43112233,291,'2013-10-19');
insert into Hospital.Treated_by(patient_registration_no,date_of_visit,employee_number,treatment) values(291,2013-10-19,77);
insert into Hospital.Prescribed(product_id,patient_registration_no,date_of_visit) values (272,291,'2013-10-19');
insert into Hospital.Visitation(patient_registration_no,date_of_visit,diagnosis) values (291,'2013-02-25','whwdx');
insert into Hospital.Consulted(employee_number,certification_no,patient_registration_no,date_of_visit) values(246,246112233,291,'2013-02-25');
insert into Hospital.Treated_by(patient_registration_no,date_of_visit,employee_number,treatment) values(291,2013-02-25,285);
insert into Hospital.Prescribed(product_id,patient_registration_no,date_of_visit) values (122,291,'2013-02-25');
insert into Hospital.Visitation(patient_registration_no,date_of_visit,diagnosis) values (291,'2013-08-12','idtow');
insert into Hospital.Consulted(employee_number,certification_no,patient_registration_no,date_of_visit) values(89,89112233,291,'2013-08-12');
insert into Hospital.Treated_by(patient_registration_no,date_of_visit,employee_number,treatment) values(291,2013-08-12,173);
insert into Hospital.Prescribed(product_id,patient_registration_no,date_of_visit) values (66,291,'2013-08-12');
insert into Hospital.Patient (patient_registration_no, name, ssn, address,contact_no,emergency_contact_no) values ( 291,'rsnvk',364007696,'hvwve',42951344,12151962);
insert into Hospital.Belongs_to(employee_number,department_id) values (291,2);
insert into Hospital.Pharmaceutical_product(product_id,cost,manufacturer) values(292,573.8895618858062,'ciint');
insert into Hospital.Batch(batch_id,manufacture_date,expiry_date) values (292,'2013-01-18','2013-03-20');
insert into Hospital.Production(product_id,batch_id) values (292,292);
insert into Hospital.Batch(batch_id,manufacture_date,expiry_date) values (293,'2013-01-18','2013-03-20');
insert into Hospital.Production(product_id,batch_id) values (292,293);
insert into Hospital.Batch(batch_id,manufacture_date,expiry_date) values (294,'2013-01-18','2013-03-20');
insert into Hospital.Production(product_id,batch_id) values (292,294);
insert into Hospital.Batch(batch_id,manufacture_date,expiry_date) values (295,'2013-01-18','2013-03-20');
insert into Hospital.Production(product_id,batch_id) values (292,295);
insert into Hospital.Batch(batch_id,manufacture_date,expiry_date) values (296,'2013-01-18','2013-03-20');
insert into Hospital.Production(product_id,batch_id) values (292,296);
insert into Hospital.Medicine(product_id,medicine_name,dosage) values (292,'mwxci','nolnw');
insert into Hospital.Employees (employee_number, name, location, ssn, home_address,phone_number,designation) values ( 292,'ovxgx','ntquvdsfhhfcloc',203130493,'ouymf',15211947,'Nurse');
insert into Hospital.Visitation(patient_registration_no,date_of_visit,diagnosis) values (292,'2013-09-24','ejhac');
insert into Hospital.Consulted(employee_number,certification_no,patient_registration_no,date_of_visit) values(58,58112233,292,'2013-09-24');
insert into Hospital.Treated_by(patient_registration_no,date_of_visit,employee_number,treatment) values(292,2013-09-24,289);
insert into Hospital.Prescribed(product_id,patient_registration_no,date_of_visit) values (225,292,'2013-09-24');
insert into Hospital.Visitation(patient_registration_no,date_of_visit,diagnosis) values (292,'2013-08-03','tpymw');
insert into Hospital.Consulted(employee_number,certification_no,patient_registration_no,date_of_visit) values(128,128112233,292,'2013-08-03');
insert into Hospital.Treated_by(patient_registration_no,date_of_visit,employee_number,treatment) values(292,2013-08-03,0);
insert into Hospital.Prescribed(product_id,patient_registration_no,date_of_visit) values (233,292,'2013-08-03');
insert into Hospital.Visitation(patient_registration_no,date_of_visit,diagnosis) values (292,'2013-04-04','rvgkw');
insert into Hospital.Consulted(employee_number,certification_no,patient_registration_no,date_of_visit) values(55,55112233,292,'2013-04-04');
insert into Hospital.Treated_by(patient_registration_no,date_of_visit,employee_number,treatment) values(292,2013-04-04,129);
insert into Hospital.Prescribed(product_id,patient_registration_no,date_of_visit) values (154,292,'2013-04-04');
insert into Hospital.Visitation(patient_registration_no,date_of_visit,diagnosis) values (292,'2013-05-05','jbytr');
insert into Hospital.Consulted(employee_number,certification_no,patient_registration_no,date_of_visit) values(133,133112233,292,'2013-05-05');
insert into Hospital.Treated_by(patient_registration_no,date_of_visit,employee_number,treatment) values(292,2013-05-05,165);
insert into Hospital.Prescribed(product_id,patient_registration_no,date_of_visit) values (174,292,'2013-05-05');
insert into Hospital.Visitation(patient_registration_no,date_of_visit,diagnosis) values (292,'2013-01-11','rozyn');
insert into Hospital.Consulted(employee_number,certification_no,patient_registration_no,date_of_visit) values(9,9112233,292,'2013-01-11');
insert into Hospital.Treated_by(patient_registration_no,date_of_visit,employee_number,treatment) values(292,2013-01-11,73);
insert into Hospital.Prescribed(product_id,patient_registration_no,date_of_visit) values (140,292,'2013-01-11');
insert into Hospital.Patient (patient_registration_no, name, ssn, address,contact_no,emergency_contact_no) values ( 292,'qhuhv',355102483,'izatl',82276397,56564117);
insert into Hospital.Takes (employee_number,shift_name ) values ( 292,'night');
insert into Hospital.Belongs_to(employee_number,department_id) values (292,3);
insert into Hospital.Pharmaceutical_product(product_id,cost,manufacturer) values(293,415.3122979499574,'ffphn');
insert into Hospital.Batch(batch_id,manufacture_date,expiry_date) values (293,'2013-02-04','2013-09-01');
insert into Hospital.Production(product_id,batch_id) values (293,293);
insert into Hospital.Batch(batch_id,manufacture_date,expiry_date) values (294,'2013-02-04','2013-09-01');
insert into Hospital.Production(product_id,batch_id) values (293,294);
insert into Hospital.Batch(batch_id,manufacture_date,expiry_date) values (295,'2013-02-04','2013-09-01');
insert into Hospital.Production(product_id,batch_id) values (293,295);
insert into Hospital.Batch(batch_id,manufacture_date,expiry_date) values (296,'2013-02-04','2013-09-01');
insert into Hospital.Production(product_id,batch_id) values (293,296);
insert into Hospital.Batch(batch_id,manufacture_date,expiry_date) values (297,'2013-02-04','2013-09-01');
insert into Hospital.Production(product_id,batch_id) values (293,297);
insert into Hospital.Medicine(product_id,medicine_name,dosage) values (293,'gvvqj','cfjgs');
insert into Hospital.Employees (employee_number, name, location, ssn, home_address,phone_number,designation) values ( 293,'qflkm','ktthfitacflewwq',440105570,'ouxib',64367630,'Administration');
insert into Hospital.Visitation(patient_registration_no,date_of_visit,diagnosis) values (293,'2013-01-06','zozwn');
insert into Hospital.Consulted(employee_number,certification_no,patient_registration_no,date_of_visit) values(35,35112233,293,'2013-01-06');
insert into Hospital.Treated_by(patient_registration_no,date_of_visit,employee_number,treatment) values(293,2013-01-06,189);
insert into Hospital.Prescribed(product_id,patient_registration_no,date_of_visit) values (5,293,'2013-01-06');
insert into Hospital.Visitation(patient_registration_no,date_of_visit,diagnosis) values (293,'2013-07-27','cvonm');
insert into Hospital.Consulted(employee_number,certification_no,patient_registration_no,date_of_visit) values(66,66112233,293,'2013-07-27');
insert into Hospital.Treated_by(patient_registration_no,date_of_visit,employee_number,treatment) values(293,2013-07-27,185);
insert into Hospital.Prescribed(product_id,patient_registration_no,date_of_visit) values (187,293,'2013-07-27');
insert into Hospital.Visitation(patient_registration_no,date_of_visit,diagnosis) values (293,'2013-07-31','ypnqg');
insert into Hospital.Consulted(employee_number,certification_no,patient_registration_no,date_of_visit) values(12,12112233,293,'2013-07-31');
insert into Hospital.Treated_by(patient_registration_no,date_of_visit,employee_number,treatment) values(293,2013-07-31,273);
insert into Hospital.Prescribed(product_id,patient_registration_no,date_of_visit) values (232,293,'2013-07-31');
insert into Hospital.Visitation(patient_registration_no,date_of_visit,diagnosis) values (293,'2013-07-18','xijyt');
insert into Hospital.Consulted(employee_number,certification_no,patient_registration_no,date_of_visit) values(51,51112233,293,'2013-07-18');
insert into Hospital.Treated_by(patient_registration_no,date_of_visit,employee_number,treatment) values(293,2013-07-18,129);
insert into Hospital.Prescribed(product_id,patient_registration_no,date_of_visit) values (56,293,'2013-07-18');
insert into Hospital.Visitation(patient_registration_no,date_of_visit,diagnosis) values (293,'2013-09-23','anuse');
insert into Hospital.Consulted(employee_number,certification_no,patient_registration_no,date_of_visit) values(279,279112233,293,'2013-09-23');
insert into Hospital.Treated_by(patient_registration_no,date_of_visit,employee_number,treatment) values(293,2013-09-23,185);
insert into Hospital.Prescribed(product_id,patient_registration_no,date_of_visit) values (39,293,'2013-09-23');
insert into Hospital.Patient (patient_registration_no, name, ssn, address,contact_no,emergency_contact_no) values ( 293,'znkux',273932158,'hfbgx',83467980,38869665);
insert into Hospital.Belongs_to(employee_number,department_id) values (293,2);
insert into Hospital.Pharmaceutical_product(product_id,cost,manufacturer) values(294,214.52271130171715,'ykxks');
insert into Hospital.Batch(batch_id,manufacture_date,expiry_date) values (294,'2013-02-01','2013-05-04');
insert into Hospital.Production(product_id,batch_id) values (294,294);
insert into Hospital.Batch(batch_id,manufacture_date,expiry_date) values (295,'2013-02-01','2013-05-04');
insert into Hospital.Production(product_id,batch_id) values (294,295);
insert into Hospital.Batch(batch_id,manufacture_date,expiry_date) values (296,'2013-02-01','2013-05-04');
insert into Hospital.Production(product_id,batch_id) values (294,296);
insert into Hospital.Batch(batch_id,manufacture_date,expiry_date) values (297,'2013-02-01','2013-05-04');
insert into Hospital.Production(product_id,batch_id) values (294,297);
insert into Hospital.Batch(batch_id,manufacture_date,expiry_date) values (298,'2013-02-01','2013-05-04');
insert into Hospital.Production(product_id,batch_id) values (294,298);
insert into Hospital.Medicine(product_id,medicine_name,dosage) values (294,'pldeg','gvvji');
insert into Hospital.Employees (employee_number, name, location, ssn, home_address,phone_number,designation) values ( 294,'vhnym','fortjvzhbssspeq',314072825,'mgzwm',17850897,'Radiology');
insert into Hospital.Visitation(patient_registration_no,date_of_visit,diagnosis) values (294,'2013-06-05','giuic');
insert into Hospital.Consulted(employee_number,certification_no,patient_registration_no,date_of_visit) values(276,276112233,294,'2013-06-05');
insert into Hospital.Treated_by(patient_registration_no,date_of_visit,employee_number,treatment) values(294,2013-06-05,83);
insert into Hospital.Prescribed(product_id,patient_registration_no,date_of_visit) values (194,294,'2013-06-05');
insert into Hospital.Visitation(patient_registration_no,date_of_visit,diagnosis) values (294,'2013-08-06','divhr');
insert into Hospital.Consulted(employee_number,certification_no,patient_registration_no,date_of_visit) values(110,110112233,294,'2013-08-06');
insert into Hospital.Treated_by(patient_registration_no,date_of_visit,employee_number,treatment) values(294,2013-08-06,18);
insert into Hospital.Prescribed(product_id,patient_registration_no,date_of_visit) values (146,294,'2013-08-06');
insert into Hospital.Visitation(patient_registration_no,date_of_visit,diagnosis) values (294,'2013-03-18','mjpjv');
insert into Hospital.Consulted(employee_number,certification_no,patient_registration_no,date_of_visit) values(137,137112233,294,'2013-03-18');
insert into Hospital.Treated_by(patient_registration_no,date_of_visit,employee_number,treatment) values(294,2013-03-18,30);
insert into Hospital.Prescribed(product_id,patient_registration_no,date_of_visit) values (7,294,'2013-03-18');
insert into Hospital.Visitation(patient_registration_no,date_of_visit,diagnosis) values (294,'2013-01-27','qzbli');
insert into Hospital.Consulted(employee_number,certification_no,patient_registration_no,date_of_visit) values(166,166112233,294,'2013-01-27');
insert into Hospital.Treated_by(patient_registration_no,date_of_visit,employee_number,treatment) values(294,2013-01-27,81);
insert into Hospital.Prescribed(product_id,patient_registration_no,date_of_visit) values (28,294,'2013-01-27');
insert into Hospital.Visitation(patient_registration_no,date_of_visit,diagnosis) values (294,'2013-01-21','zyaar');
insert into Hospital.Consulted(employee_number,certification_no,patient_registration_no,date_of_visit) values(116,116112233,294,'2013-01-21');
insert into Hospital.Treated_by(patient_registration_no,date_of_visit,employee_number,treatment) values(294,2013-01-21,212);
insert into Hospital.Prescribed(product_id,patient_registration_no,date_of_visit) values (217,294,'2013-01-21');
insert into Hospital.Patient (patient_registration_no, name, ssn, address,contact_no,emergency_contact_no) values ( 294,'wwgdg',180011676,'xrvrr',49719528,43876619);
insert into Hospital.Takes (employee_number,shift_name ) values ( 294,'morning');
insert into Hospital.Belongs_to(employee_number,department_id) values (294,3);
insert into Hospital.Pharmaceutical_product(product_id,cost,manufacturer) values(295,120.79545944094708,'uexip');
insert into Hospital.Batch(batch_id,manufacture_date,expiry_date) values (295,'2013-01-14','2013-06-05');
insert into Hospital.Production(product_id,batch_id) values (295,295);
insert into Hospital.Batch(batch_id,manufacture_date,expiry_date) values (296,'2013-01-14','2013-06-05');
insert into Hospital.Production(product_id,batch_id) values (295,296);
insert into Hospital.Batch(batch_id,manufacture_date,expiry_date) values (297,'2013-01-14','2013-06-05');
insert into Hospital.Production(product_id,batch_id) values (295,297);
insert into Hospital.Batch(batch_id,manufacture_date,expiry_date) values (298,'2013-01-14','2013-06-05');
insert into Hospital.Production(product_id,batch_id) values (295,298);
insert into Hospital.Batch(batch_id,manufacture_date,expiry_date) values (299,'2013-01-14','2013-06-05');
insert into Hospital.Production(product_id,batch_id) values (295,299);
insert into Hospital.Medicine(product_id,medicine_name,dosage) values (295,'sdzuo','avmqf');
insert into Hospital.Employees (employee_number, name, location, ssn, home_address,phone_number,designation) values ( 295,'ldrrb','reqqlgebvjsiiuo',759715986,'rnnqd',52843241,'Nurse');
insert into Hospital.Visitation(patient_registration_no,date_of_visit,diagnosis) values (295,'2013-07-31','dwkmz');
insert into Hospital.Consulted(employee_number,certification_no,patient_registration_no,date_of_visit) values(12,12112233,295,'2013-07-31');
insert into Hospital.Treated_by(patient_registration_no,date_of_visit,employee_number,treatment) values(295,2013-07-31,233);
insert into Hospital.Prescribed(product_id,patient_registration_no,date_of_visit) values (7,295,'2013-07-31');
insert into Hospital.Visitation(patient_registration_no,date_of_visit,diagnosis) values (295,'2013-02-13','quozf');
insert into Hospital.Consulted(employee_number,certification_no,patient_registration_no,date_of_visit) values(8,8112233,295,'2013-02-13');
insert into Hospital.Treated_by(patient_registration_no,date_of_visit,employee_number,treatment) values(295,2013-02-13,189);
insert into Hospital.Prescribed(product_id,patient_registration_no,date_of_visit) values (18,295,'2013-02-13');
insert into Hospital.Visitation(patient_registration_no,date_of_visit,diagnosis) values (295,'2013-04-10','cqprc');
insert into Hospital.Consulted(employee_number,certification_no,patient_registration_no,date_of_visit) values(69,69112233,295,'2013-04-10');
insert into Hospital.Treated_by(patient_registration_no,date_of_visit,employee_number,treatment) values(295,2013-04-10,47);
insert into Hospital.Prescribed(product_id,patient_registration_no,date_of_visit) values (241,295,'2013-04-10');
insert into Hospital.Visitation(patient_registration_no,date_of_visit,diagnosis) values (295,'2013-06-29','ftobu');
insert into Hospital.Consulted(employee_number,certification_no,patient_registration_no,date_of_visit) values(286,286112233,295,'2013-06-29');
insert into Hospital.Treated_by(patient_registration_no,date_of_visit,employee_number,treatment) values(295,2013-06-29,285);
insert into Hospital.Prescribed(product_id,patient_registration_no,date_of_visit) values (294,295,'2013-06-29');
insert into Hospital.Visitation(patient_registration_no,date_of_visit,diagnosis) values (295,'2013-03-08','txehx');
insert into Hospital.Consulted(employee_number,certification_no,patient_registration_no,date_of_visit) values(29,29112233,295,'2013-03-08');
insert into Hospital.Treated_by(patient_registration_no,date_of_visit,employee_number,treatment) values(295,2013-03-08,64);
insert into Hospital.Prescribed(product_id,patient_registration_no,date_of_visit) values (224,295,'2013-03-08');
insert into Hospital.Patient (patient_registration_no, name, ssn, address,contact_no,emergency_contact_no) values ( 295,'ormyw',798111813,'ceihw',58209156,29077862);
insert into Hospital.Takes (employee_number,shift_name ) values ( 295,'evening');
insert into Hospital.Belongs_to(employee_number,department_id) values (295,3);
insert into Hospital.Pharmaceutical_product(product_id,cost,manufacturer) values(296,541.7348812557851,'rqwhr');
insert into Hospital.Batch(batch_id,manufacture_date,expiry_date) values (296,'2013-06-07','2013-10-02');
insert into Hospital.Production(product_id,batch_id) values (296,296);
insert into Hospital.Batch(batch_id,manufacture_date,expiry_date) values (297,'2013-06-07','2013-10-02');
insert into Hospital.Production(product_id,batch_id) values (296,297);
insert into Hospital.Batch(batch_id,manufacture_date,expiry_date) values (298,'2013-06-07','2013-10-02');
insert into Hospital.Production(product_id,batch_id) values (296,298);
insert into Hospital.Batch(batch_id,manufacture_date,expiry_date) values (299,'2013-06-07','2013-10-02');
insert into Hospital.Production(product_id,batch_id) values (296,299);
insert into Hospital.Batch(batch_id,manufacture_date,expiry_date) values (300,'2013-06-07','2013-10-02');
insert into Hospital.Production(product_id,batch_id) values (296,300);
insert into Hospital.Employees (employee_number, name, location, ssn, home_address,phone_number,designation) values ( 296,'bkpkh','otfzovofmpvelhx',498905628,'kztns',77125458,'Administration');
insert into Hospital.Visitation(patient_registration_no,date_of_visit,diagnosis) values (296,'2013-09-20','fnwjb');
insert into Hospital.Consulted(employee_number,certification_no,patient_registration_no,date_of_visit) values(268,268112233,296,'2013-09-20');
insert into Hospital.Treated_by(patient_registration_no,date_of_visit,employee_number,treatment) values(296,2013-09-20,165);
insert into Hospital.Prescribed(product_id,patient_registration_no,date_of_visit) values (122,296,'2013-09-20');
insert into Hospital.Visitation(patient_registration_no,date_of_visit,diagnosis) values (296,'2013-04-02','bhujv');
insert into Hospital.Consulted(employee_number,certification_no,patient_registration_no,date_of_visit) values(262,262112233,296,'2013-04-02');
insert into Hospital.Treated_by(patient_registration_no,date_of_visit,employee_number,treatment) values(296,2013-04-02,77);
insert into Hospital.Prescribed(product_id,patient_registration_no,date_of_visit) values (191,296,'2013-04-02');
insert into Hospital.Visitation(patient_registration_no,date_of_visit,diagnosis) values (296,'2013-10-18','akogi');
insert into Hospital.Consulted(employee_number,certification_no,patient_registration_no,date_of_visit) values(262,262112233,296,'2013-10-18');
insert into Hospital.Treated_by(patient_registration_no,date_of_visit,employee_number,treatment) values(296,2013-10-18,248);
insert into Hospital.Prescribed(product_id,patient_registration_no,date_of_visit) values (173,296,'2013-10-18');
insert into Hospital.Visitation(patient_registration_no,date_of_visit,diagnosis) values (296,'2013-08-21','lcodo');
insert into Hospital.Consulted(employee_number,certification_no,patient_registration_no,date_of_visit) values(51,51112233,296,'2013-08-21');
insert into Hospital.Treated_by(patient_registration_no,date_of_visit,employee_number,treatment) values(296,2013-08-21,281);
insert into Hospital.Prescribed(product_id,patient_registration_no,date_of_visit) values (46,296,'2013-08-21');
insert into Hospital.Visitation(patient_registration_no,date_of_visit,diagnosis) values (296,'2013-03-01','tkluq');
insert into Hospital.Consulted(employee_number,certification_no,patient_registration_no,date_of_visit) values(175,175112233,296,'2013-03-01');
insert into Hospital.Treated_by(patient_registration_no,date_of_visit,employee_number,treatment) values(296,2013-03-01,212);
insert into Hospital.Prescribed(product_id,patient_registration_no,date_of_visit) values (177,296,'2013-03-01');
insert into Hospital.Patient (patient_registration_no, name, ssn, address,contact_no,emergency_contact_no) values ( 296,'jveit',235199875,'hfdds',71257006,11232636);
insert into Hospital.Belongs_to(employee_number,department_id) values (296,2);
insert into Hospital.Pharmaceutical_product(product_id,cost,manufacturer) values(297,809.2603333483082,'uupts');
insert into Hospital.Employees (employee_number, name, location, ssn, home_address,phone_number,designation) values ( 297,'csyxq','xsxvanjzkegdprw',275764427,'arbwo',51421888,'Doctor');
insert into Hospital.Visitation(patient_registration_no,date_of_visit,diagnosis) values (297,'2013-02-07','xtbow');
insert into Hospital.Consulted(employee_number,certification_no,patient_registration_no,date_of_visit) values(193,193112233,297,'2013-02-07');
insert into Hospital.Treated_by(patient_registration_no,date_of_visit,employee_number,treatment) values(297,2013-02-07,52);
insert into Hospital.Prescribed(product_id,patient_registration_no,date_of_visit) values (167,297,'2013-02-07');
insert into Hospital.Visitation(patient_registration_no,date_of_visit,diagnosis) values (297,'2013-06-09','ktsni');
insert into Hospital.Consulted(employee_number,certification_no,patient_registration_no,date_of_visit) values(271,271112233,297,'2013-06-09');
insert into Hospital.Treated_by(patient_registration_no,date_of_visit,employee_number,treatment) values(297,2013-06-09,233);
insert into Hospital.Prescribed(product_id,patient_registration_no,date_of_visit) values (263,297,'2013-06-09');
insert into Hospital.Visitation(patient_registration_no,date_of_visit,diagnosis) values (297,'2013-03-28','hwoba');
insert into Hospital.Consulted(employee_number,certification_no,patient_registration_no,date_of_visit) values(8,8112233,297,'2013-03-28');
insert into Hospital.Treated_by(patient_registration_no,date_of_visit,employee_number,treatment) values(297,2013-03-28,28);
insert into Hospital.Prescribed(product_id,patient_registration_no,date_of_visit) values (18,297,'2013-03-28');
insert into Hospital.Visitation(patient_registration_no,date_of_visit,diagnosis) values (297,'2013-08-27','zrdqt');
insert into Hospital.Consulted(employee_number,certification_no,patient_registration_no,date_of_visit) values(214,214112233,297,'2013-08-27');
insert into Hospital.Treated_by(patient_registration_no,date_of_visit,employee_number,treatment) values(297,2013-08-27,49);
insert into Hospital.Prescribed(product_id,patient_registration_no,date_of_visit) values (51,297,'2013-08-27');
insert into Hospital.Visitation(patient_registration_no,date_of_visit,diagnosis) values (297,'2013-02-24','anzjs');
insert into Hospital.Consulted(employee_number,certification_no,patient_registration_no,date_of_visit) values(9,9112233,297,'2013-02-24');
insert into Hospital.Treated_by(patient_registration_no,date_of_visit,employee_number,treatment) values(297,2013-02-24,129);
insert into Hospital.Prescribed(product_id,patient_registration_no,date_of_visit) values (26,297,'2013-02-24');
insert into Hospital.Patient (patient_registration_no, name, ssn, address,contact_no,emergency_contact_no) values ( 297,'hmoel',739986411,'cdzpu',36778063,57928535);
insert into Hospital.Physician (employee_number, certification_no,specialization) values ( 297,297112233,'Cardiology');
insert into Hospital.Belongs_to(employee_number,department_id) values (297,1);
insert into Hospital.Pharmaceutical_product(product_id,cost,manufacturer) values(298,924.4648802257507,'nbctu');
insert into Hospital.Batch(batch_id,manufacture_date,expiry_date) values (298,'2013-02-11','2013-02-27');
insert into Hospital.Production(product_id,batch_id) values (298,298);
insert into Hospital.Batch(batch_id,manufacture_date,expiry_date) values (299,'2013-02-11','2013-02-27');
insert into Hospital.Production(product_id,batch_id) values (298,299);
insert into Hospital.Batch(batch_id,manufacture_date,expiry_date) values (300,'2013-02-11','2013-02-27');
insert into Hospital.Production(product_id,batch_id) values (298,300);
insert into Hospital.Batch(batch_id,manufacture_date,expiry_date) values (301,'2013-02-11','2013-02-27');
insert into Hospital.Production(product_id,batch_id) values (298,301);
insert into Hospital.Batch(batch_id,manufacture_date,expiry_date) values (302,'2013-02-11','2013-02-27');
insert into Hospital.Production(product_id,batch_id) values (298,302);
insert into Hospital.Medicine(product_id,medicine_name,dosage) values (298,'rgeev','zklem');
insert into Hospital.Employees (employee_number, name, location, ssn, home_address,phone_number,designation) values ( 298,'raitu','gsmdwjakxawdjsp',125747268,'hutiw',30873612,'Nurse');
insert into Hospital.Visitation(patient_registration_no,date_of_visit,diagnosis) values (298,'2013-09-24','fmitu');
insert into Hospital.Consulted(employee_number,certification_no,patient_registration_no,date_of_visit) values(194,194112233,298,'2013-09-24');
insert into Hospital.Treated_by(patient_registration_no,date_of_visit,employee_number,treatment) values(298,2013-09-24,30);
insert into Hospital.Prescribed(product_id,patient_registration_no,date_of_visit) values (77,298,'2013-09-24');
insert into Hospital.Visitation(patient_registration_no,date_of_visit,diagnosis) values (298,'2013-09-21','bihbz');
insert into Hospital.Consulted(employee_number,certification_no,patient_registration_no,date_of_visit) values(197,197112233,298,'2013-09-21');
insert into Hospital.Treated_by(patient_registration_no,date_of_visit,employee_number,treatment) values(298,2013-09-21,237);
insert into Hospital.Prescribed(product_id,patient_registration_no,date_of_visit) values (1,298,'2013-09-21');
insert into Hospital.Visitation(patient_registration_no,date_of_visit,diagnosis) values (298,'2013-02-14','tgydb');
insert into Hospital.Consulted(employee_number,certification_no,patient_registration_no,date_of_visit) values(287,287112233,298,'2013-02-14');
insert into Hospital.Treated_by(patient_registration_no,date_of_visit,employee_number,treatment) values(298,2013-02-14,83);
insert into Hospital.Prescribed(product_id,patient_registration_no,date_of_visit) values (111,298,'2013-02-14');
insert into Hospital.Visitation(patient_registration_no,date_of_visit,diagnosis) values (298,'2013-04-13','pxsbr');
insert into Hospital.Consulted(employee_number,certification_no,patient_registration_no,date_of_visit) values(2,2112233,298,'2013-04-13');
insert into Hospital.Treated_by(patient_registration_no,date_of_visit,employee_number,treatment) values(298,2013-04-13,201);
insert into Hospital.Prescribed(product_id,patient_registration_no,date_of_visit) values (197,298,'2013-04-13');
insert into Hospital.Visitation(patient_registration_no,date_of_visit,diagnosis) values (298,'2013-01-09','fzrdo');
insert into Hospital.Consulted(employee_number,certification_no,patient_registration_no,date_of_visit) values(37,37112233,298,'2013-01-09');
insert into Hospital.Treated_by(patient_registration_no,date_of_visit,employee_number,treatment) values(298,2013-01-09,115);
insert into Hospital.Prescribed(product_id,patient_registration_no,date_of_visit) values (123,298,'2013-01-09');
insert into Hospital.Patient (patient_registration_no, name, ssn, address,contact_no,emergency_contact_no) values ( 298,'durue',540808063,'exuid',90014276,42082232);
insert into Hospital.Takes (employee_number,shift_name ) values ( 298,'night');
insert into Hospital.Belongs_to(employee_number,department_id) values (298,3);
insert into Hospital.Pharmaceutical_product(product_id,cost,manufacturer) values(299,953.0956494739203,'ydqje');
insert into Hospital.Employees (employee_number, name, location, ssn, home_address,phone_number,designation) values ( 299,'dgmhu','nldpacshjpjgtyt',883232727,'ksasl',38503948,'Doctor');
insert into Hospital.Visitation(patient_registration_no,date_of_visit,diagnosis) values (299,'2013-09-10','gtsdk');
insert into Hospital.Consulted(employee_number,certification_no,patient_registration_no,date_of_visit) values(94,94112233,299,'2013-09-10');
insert into Hospital.Treated_by(patient_registration_no,date_of_visit,employee_number,treatment) values(299,2013-09-10,233);
insert into Hospital.Prescribed(product_id,patient_registration_no,date_of_visit) values (218,299,'2013-09-10');
insert into Hospital.Visitation(patient_registration_no,date_of_visit,diagnosis) values (299,'2013-08-24','osvov');
insert into Hospital.Consulted(employee_number,certification_no,patient_registration_no,date_of_visit) values(6,6112233,299,'2013-08-24');
insert into Hospital.Treated_by(patient_registration_no,date_of_visit,employee_number,treatment) values(299,2013-08-24,49);
insert into Hospital.Prescribed(product_id,patient_registration_no,date_of_visit) values (233,299,'2013-08-24');
insert into Hospital.Visitation(patient_registration_no,date_of_visit,diagnosis) values (299,'2013-05-12','aednp');
insert into Hospital.Consulted(employee_number,certification_no,patient_registration_no,date_of_visit) values(51,51112233,299,'2013-05-12');
insert into Hospital.Treated_by(patient_registration_no,date_of_visit,employee_number,treatment) values(299,2013-05-12,81);
insert into Hospital.Prescribed(product_id,patient_registration_no,date_of_visit) values (281,299,'2013-05-12');
insert into Hospital.Visitation(patient_registration_no,date_of_visit,diagnosis) values (299,'2013-07-06','ubngi');
insert into Hospital.Consulted(employee_number,certification_no,patient_registration_no,date_of_visit) values(110,110112233,299,'2013-07-06');
insert into Hospital.Treated_by(patient_registration_no,date_of_visit,employee_number,treatment) values(299,2013-07-06,261);
insert into Hospital.Prescribed(product_id,patient_registration_no,date_of_visit) values (41,299,'2013-07-06');
insert into Hospital.Visitation(patient_registration_no,date_of_visit,diagnosis) values (299,'2013-09-23','ggbkz');
insert into Hospital.Consulted(employee_number,certification_no,patient_registration_no,date_of_visit) values(265,265112233,299,'2013-09-23');
insert into Hospital.Treated_by(patient_registration_no,date_of_visit,employee_number,treatment) values(299,2013-09-23,189);
insert into Hospital.Prescribed(product_id,patient_registration_no,date_of_visit) values (153,299,'2013-09-23');
insert into Hospital.Patient (patient_registration_no, name, ssn, address,contact_no,emergency_contact_no) values ( 299,'aqfjw',451432798,'mtkko',46038879,57165199);
insert into Hospital.Physician (employee_number, certification_no,specialization) values ( 299,299112233,'Cardiology');
insert into Hospital.Belongs_to(employee_number,department_id) values (299,1);
insert into Hospital.Pharmaceutical_product(product_id,cost,manufacturer) values(300,813.7702781058775,'rzqxk');
insert into Hospital.Employees (employee_number, name, location, ssn, home_address,phone_number,designation) values ( 300,'iwaxa','aamgdsckubonokw',738206506,'vbcmp',23772130,'Administration');
insert into Hospital.Visitation(patient_registration_no,date_of_visit,diagnosis) values (300,'2013-02-08','sakxc');
insert into Hospital.Consulted(employee_number,certification_no,patient_registration_no,date_of_visit) values(258,258112233,300,'2013-02-08');
insert into Hospital.Treated_by(patient_registration_no,date_of_visit,employee_number,treatment) values(300,2013-02-08,248);
insert into Hospital.Prescribed(product_id,patient_registration_no,date_of_visit) values (191,300,'2013-02-08');
insert into Hospital.Visitation(patient_registration_no,date_of_visit,diagnosis) values (300,'2013-02-13','wqyif');
insert into Hospital.Consulted(employee_number,certification_no,patient_registration_no,date_of_visit) values(265,265112233,300,'2013-02-13');
insert into Hospital.Treated_by(patient_registration_no,date_of_visit,employee_number,treatment) values(300,2013-02-13,233);
insert into Hospital.Prescribed(product_id,patient_registration_no,date_of_visit) values (230,300,'2013-02-13');
insert into Hospital.Visitation(patient_registration_no,date_of_visit,diagnosis) values (300,'2013-07-15','rtbnp');
insert into Hospital.Consulted(employee_number,certification_no,patient_registration_no,date_of_visit) values(69,69112233,300,'2013-07-15');
insert into Hospital.Treated_by(patient_registration_no,date_of_visit,employee_number,treatment) values(300,2013-07-15,285);
insert into Hospital.Prescribed(product_id,patient_registration_no,date_of_visit) values (256,300,'2013-07-15');
insert into Hospital.Visitation(patient_registration_no,date_of_visit,diagnosis) values (300,'2013-10-09','jtcon');
insert into Hospital.Consulted(employee_number,certification_no,patient_registration_no,date_of_visit) values(246,246112233,300,'2013-10-09');
insert into Hospital.Treated_by(patient_registration_no,date_of_visit,employee_number,treatment) values(300,2013-10-09,277);
insert into Hospital.Prescribed(product_id,patient_registration_no,date_of_visit) values (104,300,'2013-10-09');
insert into Hospital.Visitation(patient_registration_no,date_of_visit,diagnosis) values (300,'2013-09-06','jziju');
insert into Hospital.Consulted(employee_number,certification_no,patient_registration_no,date_of_visit) values(119,119112233,300,'2013-09-06');
insert into Hospital.Treated_by(patient_registration_no,date_of_visit,employee_number,treatment) values(300,2013-09-06,248);
insert into Hospital.Prescribed(product_id,patient_registration_no,date_of_visit) values (49,300,'2013-09-06');
insert into Hospital.Patient (patient_registration_no, name, ssn, address,contact_no,emergency_contact_no) values ( 300,'obawg',831117548,'riybg',57755136,91984836);
insert into Hospital.Belongs_to(employee_number,department_id) values (300,2);
insert into Hospital.Pharmaceutical_product(product_id,cost,manufacturer) values(301,698.6248362209944,'ziyfz');
insert into Hospital.Employees (employee_number, name, location, ssn, home_address,phone_number,designation) values ( 301,'ubcdb','aazxlsjsbkndeli',946472123,'ngyjr',86817622,'Radiology');
insert into Hospital.Visitation(patient_registration_no,date_of_visit,diagnosis) values (301,'2013-04-30','zleke');
insert into Hospital.Consulted(employee_number,certification_no,patient_registration_no,date_of_visit) values(51,51112233,301,'2013-04-30');
insert into Hospital.Treated_by(patient_registration_no,date_of_visit,employee_number,treatment) values(301,2013-04-30,294);
insert into Hospital.Prescribed(product_id,patient_registration_no,date_of_visit) values (39,301,'2013-04-30');
insert into Hospital.Visitation(patient_registration_no,date_of_visit,diagnosis) values (301,'2013-03-07','dsvhc');
insert into Hospital.Consulted(employee_number,certification_no,patient_registration_no,date_of_visit) values(43,43112233,301,'2013-03-07');
insert into Hospital.Treated_by(patient_registration_no,date_of_visit,employee_number,treatment) values(301,2013-03-07,18);
insert into Hospital.Prescribed(product_id,patient_registration_no,date_of_visit) values (1,301,'2013-03-07');
insert into Hospital.Visitation(patient_registration_no,date_of_visit,diagnosis) values (301,'2013-04-20','ukqel');
insert into Hospital.Consulted(employee_number,certification_no,patient_registration_no,date_of_visit) values(286,286112233,301,'2013-04-20');
insert into Hospital.Treated_by(patient_registration_no,date_of_visit,employee_number,treatment) values(301,2013-04-20,103);
insert into Hospital.Prescribed(product_id,patient_registration_no,date_of_visit) values (169,301,'2013-04-20');
insert into Hospital.Visitation(patient_registration_no,date_of_visit,diagnosis) values (301,'2013-10-21','ouyxc');
insert into Hospital.Consulted(employee_number,certification_no,patient_registration_no,date_of_visit) values(216,216112233,301,'2013-10-21');
insert into Hospital.Treated_by(patient_registration_no,date_of_visit,employee_number,treatment) values(301,2013-10-21,143);
insert into Hospital.Prescribed(product_id,patient_registration_no,date_of_visit) values (205,301,'2013-10-21');
insert into Hospital.Visitation(patient_registration_no,date_of_visit,diagnosis) values (301,'2013-01-23','dffow');
insert into Hospital.Consulted(employee_number,certification_no,patient_registration_no,date_of_visit) values(151,151112233,301,'2013-01-23');
insert into Hospital.Treated_by(patient_registration_no,date_of_visit,employee_number,treatment) values(301,2013-01-23,88);
insert into Hospital.Prescribed(product_id,patient_registration_no,date_of_visit) values (178,301,'2013-01-23');
insert into Hospital.Patient (patient_registration_no, name, ssn, address,contact_no,emergency_contact_no) values ( 301,'dyyas',999972982,'wtmpq',42331057,85782103);
insert into Hospital.Takes (employee_number,shift_name ) values ( 301,'night');
insert into Hospital.Belongs_to(employee_number,department_id) values (301,3);
insert into Hospital.Pharmaceutical_product(product_id,cost,manufacturer) values(302,91.84250692328182,'loxrn');
insert into Hospital.Batch(batch_id,manufacture_date,expiry_date) values (302,'2013-06-08','2013-09-29');
insert into Hospital.Production(product_id,batch_id) values (302,302);
insert into Hospital.Batch(batch_id,manufacture_date,expiry_date) values (303,'2013-06-08','2013-09-29');
insert into Hospital.Production(product_id,batch_id) values (302,303);
insert into Hospital.Batch(batch_id,manufacture_date,expiry_date) values (304,'2013-06-08','2013-09-29');
insert into Hospital.Production(product_id,batch_id) values (302,304);
insert into Hospital.Batch(batch_id,manufacture_date,expiry_date) values (305,'2013-06-08','2013-09-29');
insert into Hospital.Production(product_id,batch_id) values (302,305);
insert into Hospital.Batch(batch_id,manufacture_date,expiry_date) values (306,'2013-06-08','2013-09-29');
insert into Hospital.Production(product_id,batch_id) values (302,306);
insert into Hospital.Medicine(product_id,medicine_name,dosage) values (302,'pwsju','lydtz');
insert into Hospital.Employees (employee_number, name, location, ssn, home_address,phone_number,designation) values ( 302,'cvzjn','hjeokztboeuiynm',117393319,'apguc',27574502,'Doctor');
insert into Hospital.Visitation(patient_registration_no,date_of_visit,diagnosis) values (302,'2013-02-15','rfclz');
insert into Hospital.Consulted(employee_number,certification_no,patient_registration_no,date_of_visit) values(208,208112233,302,'2013-02-15');
insert into Hospital.Treated_by(patient_registration_no,date_of_visit,employee_number,treatment) values(302,2013-02-15,178);
insert into Hospital.Prescribed(product_id,patient_registration_no,date_of_visit) values (84,302,'2013-02-15');
insert into Hospital.Visitation(patient_registration_no,date_of_visit,diagnosis) values (302,'2013-05-25','nicaa');
insert into Hospital.Consulted(employee_number,certification_no,patient_registration_no,date_of_visit) values(119,119112233,302,'2013-05-25');
insert into Hospital.Treated_by(patient_registration_no,date_of_visit,employee_number,treatment) values(302,2013-05-25,289);
insert into Hospital.Prescribed(product_id,patient_registration_no,date_of_visit) values (86,302,'2013-05-25');
insert into Hospital.Visitation(patient_registration_no,date_of_visit,diagnosis) values (302,'2013-07-16','gsyha');
insert into Hospital.Consulted(employee_number,certification_no,patient_registration_no,date_of_visit) values(274,274112233,302,'2013-07-16');
insert into Hospital.Treated_by(patient_registration_no,date_of_visit,employee_number,treatment) values(302,2013-07-16,169);
insert into Hospital.Prescribed(product_id,patient_registration_no,date_of_visit) values (193,302,'2013-07-16');
insert into Hospital.Visitation(patient_registration_no,date_of_visit,diagnosis) values (302,'2013-05-11','lqocv');
insert into Hospital.Consulted(employee_number,certification_no,patient_registration_no,date_of_visit) values(262,262112233,302,'2013-05-11');
insert into Hospital.Treated_by(patient_registration_no,date_of_visit,employee_number,treatment) values(302,2013-05-11,186);
insert into Hospital.Prescribed(product_id,patient_registration_no,date_of_visit) values (41,302,'2013-05-11');
insert into Hospital.Visitation(patient_registration_no,date_of_visit,diagnosis) values (302,'2013-02-12','dbynz');
insert into Hospital.Consulted(employee_number,certification_no,patient_registration_no,date_of_visit) values(181,181112233,302,'2013-02-12');
insert into Hospital.Treated_by(patient_registration_no,date_of_visit,employee_number,treatment) values(302,2013-02-12,47);
insert into Hospital.Prescribed(product_id,patient_registration_no,date_of_visit) values (213,302,'2013-02-12');
insert into Hospital.Patient (patient_registration_no, name, ssn, address,contact_no,emergency_contact_no) values ( 302,'xitrj',632774435,'wtcyl',76044977,28244603);
insert into Hospital.Physician (employee_number, certification_no,specialization) values ( 302,302112233,'Dermatology');
insert into Hospital.Belongs_to(employee_number,department_id) values (302,1);
insert into Hospital.Pharmaceutical_product(product_id,cost,manufacturer) values(303,905.3742668137493,'dadgg');
insert into Hospital.Batch(batch_id,manufacture_date,expiry_date) values (303,'2013-03-28','2013-06-13');
insert into Hospital.Production(product_id,batch_id) values (303,303);
insert into Hospital.Batch(batch_id,manufacture_date,expiry_date) values (304,'2013-03-28','2013-06-13');
insert into Hospital.Production(product_id,batch_id) values (303,304);
insert into Hospital.Batch(batch_id,manufacture_date,expiry_date) values (305,'2013-03-28','2013-06-13');
insert into Hospital.Production(product_id,batch_id) values (303,305);
insert into Hospital.Batch(batch_id,manufacture_date,expiry_date) values (306,'2013-03-28','2013-06-13');
insert into Hospital.Production(product_id,batch_id) values (303,306);
insert into Hospital.Batch(batch_id,manufacture_date,expiry_date) values (307,'2013-03-28','2013-06-13');
insert into Hospital.Production(product_id,batch_id) values (303,307);
insert into Hospital.Employees (employee_number, name, location, ssn, home_address,phone_number,designation) values ( 303,'ihdlz','naztjkvcnmggifb',188116975,'qbrbp',84017447,'Nurse');
insert into Hospital.Visitation(patient_registration_no,date_of_visit,diagnosis) values (303,'2013-03-28','kvkod');
insert into Hospital.Consulted(employee_number,certification_no,patient_registration_no,date_of_visit) values(55,55112233,303,'2013-03-28');
insert into Hospital.Treated_by(patient_registration_no,date_of_visit,employee_number,treatment) values(303,2013-03-28,87);
insert into Hospital.Prescribed(product_id,patient_registration_no,date_of_visit) values (284,303,'2013-03-28');
insert into Hospital.Visitation(patient_registration_no,date_of_visit,diagnosis) values (303,'2013-06-07','pwpkw');
insert into Hospital.Consulted(employee_number,certification_no,patient_registration_no,date_of_visit) values(44,44112233,303,'2013-06-07');
insert into Hospital.Treated_by(patient_registration_no,date_of_visit,employee_number,treatment) values(303,2013-06-07,165);
insert into Hospital.Prescribed(product_id,patient_registration_no,date_of_visit) values (57,303,'2013-06-07');
insert into Hospital.Visitation(patient_registration_no,date_of_visit,diagnosis) values (303,'2013-08-13','lqwgo');
insert into Hospital.Consulted(employee_number,certification_no,patient_registration_no,date_of_visit) values(274,274112233,303,'2013-08-13');
insert into Hospital.Treated_by(patient_registration_no,date_of_visit,employee_number,treatment) values(303,2013-08-13,134);
insert into Hospital.Prescribed(product_id,patient_registration_no,date_of_visit) values (265,303,'2013-08-13');
insert into Hospital.Visitation(patient_registration_no,date_of_visit,diagnosis) values (303,'2013-10-23','vjhmr');
insert into Hospital.Consulted(employee_number,certification_no,patient_registration_no,date_of_visit) values(94,94112233,303,'2013-10-23');
insert into Hospital.Treated_by(patient_registration_no,date_of_visit,employee_number,treatment) values(303,2013-10-23,77);
insert into Hospital.Prescribed(product_id,patient_registration_no,date_of_visit) values (63,303,'2013-10-23');
insert into Hospital.Visitation(patient_registration_no,date_of_visit,diagnosis) values (303,'2013-07-06','izusv');
insert into Hospital.Consulted(employee_number,certification_no,patient_registration_no,date_of_visit) values(245,245112233,303,'2013-07-06');
insert into Hospital.Treated_by(patient_registration_no,date_of_visit,employee_number,treatment) values(303,2013-07-06,83);
insert into Hospital.Prescribed(product_id,patient_registration_no,date_of_visit) values (84,303,'2013-07-06');
insert into Hospital.Patient (patient_registration_no, name, ssn, address,contact_no,emergency_contact_no) values ( 303,'mswxl',380074763,'bzjus',44775075,51533309);
insert into Hospital.Takes (employee_number,shift_name ) values ( 303,'evening');
insert into Hospital.Belongs_to(employee_number,department_id) values (303,3);
insert into Hospital.Pharmaceutical_product(product_id,cost,manufacturer) values(304,702.8079723877303,'rnfgs');
insert into Hospital.Batch(batch_id,manufacture_date,expiry_date) values (304,'2013-03-18','2013-08-15');
insert into Hospital.Production(product_id,batch_id) values (304,304);
insert into Hospital.Batch(batch_id,manufacture_date,expiry_date) values (305,'2013-03-18','2013-08-15');
insert into Hospital.Production(product_id,batch_id) values (304,305);
insert into Hospital.Batch(batch_id,manufacture_date,expiry_date) values (306,'2013-03-18','2013-08-15');
insert into Hospital.Production(product_id,batch_id) values (304,306);
insert into Hospital.Batch(batch_id,manufacture_date,expiry_date) values (307,'2013-03-18','2013-08-15');
insert into Hospital.Production(product_id,batch_id) values (304,307);
insert into Hospital.Batch(batch_id,manufacture_date,expiry_date) values (308,'2013-03-18','2013-08-15');
insert into Hospital.Production(product_id,batch_id) values (304,308);
insert into Hospital.Employees (employee_number, name, location, ssn, home_address,phone_number,designation) values ( 304,'uwcxq','drugxxjdwmgzcvx',756095943,'xkecy',51302593,'Administration');
insert into Hospital.Visitation(patient_registration_no,date_of_visit,diagnosis) values (304,'2013-08-14','tyvbm');
insert into Hospital.Consulted(employee_number,certification_no,patient_registration_no,date_of_visit) values(150,150112233,304,'2013-08-14');
insert into Hospital.Treated_by(patient_registration_no,date_of_visit,employee_number,treatment) values(304,2013-08-14,73);
insert into Hospital.Prescribed(product_id,patient_registration_no,date_of_visit) values (187,304,'2013-08-14');
insert into Hospital.Visitation(patient_registration_no,date_of_visit,diagnosis) values (304,'2013-09-08','eyuwf');
insert into Hospital.Consulted(employee_number,certification_no,patient_registration_no,date_of_visit) values(184,184112233,304,'2013-09-08');
insert into Hospital.Treated_by(patient_registration_no,date_of_visit,employee_number,treatment) values(304,2013-09-08,126);
insert into Hospital.Prescribed(product_id,patient_registration_no,date_of_visit) values (146,304,'2013-09-08');
insert into Hospital.Visitation(patient_registration_no,date_of_visit,diagnosis) values (304,'2013-02-20','dquvx');
insert into Hospital.Consulted(employee_number,certification_no,patient_registration_no,date_of_visit) values(193,193112233,304,'2013-02-20');
insert into Hospital.Treated_by(patient_registration_no,date_of_visit,employee_number,treatment) values(304,2013-02-20,52);
insert into Hospital.Prescribed(product_id,patient_registration_no,date_of_visit) values (20,304,'2013-02-20');
insert into Hospital.Visitation(patient_registration_no,date_of_visit,diagnosis) values (304,'2013-05-31','oukin');
insert into Hospital.Consulted(employee_number,certification_no,patient_registration_no,date_of_visit) values(302,302112233,304,'2013-05-31');
insert into Hospital.Treated_by(patient_registration_no,date_of_visit,employee_number,treatment) values(304,2013-05-31,204);
insert into Hospital.Prescribed(product_id,patient_registration_no,date_of_visit) values (69,304,'2013-05-31');
insert into Hospital.Visitation(patient_registration_no,date_of_visit,diagnosis) values (304,'2013-02-22','hkmqe');
insert into Hospital.Consulted(employee_number,certification_no,patient_registration_no,date_of_visit) values(44,44112233,304,'2013-02-22');
insert into Hospital.Treated_by(patient_registration_no,date_of_visit,employee_number,treatment) values(304,2013-02-22,221);
insert into Hospital.Prescribed(product_id,patient_registration_no,date_of_visit) values (23,304,'2013-02-22');
insert into Hospital.Patient (patient_registration_no, name, ssn, address,contact_no,emergency_contact_no) values ( 304,'kzces',224130110,'sirtf',65471118,92391031);
insert into Hospital.Belongs_to(employee_number,department_id) values (304,2);
insert into Hospital.Pharmaceutical_product(product_id,cost,manufacturer) values(305,738.0546510360487,'hjtxz');
insert into Hospital.Medicine(product_id,medicine_name,dosage) values (305,'ksqjk','xwgch');
insert into Hospital.Employees (employee_number, name, location, ssn, home_address,phone_number,designation) values ( 305,'nxpka','oodhwrucpvrftfn',24954126,'hsvop',70328934,'Nurse');
insert into Hospital.Visitation(patient_registration_no,date_of_visit,diagnosis) values (305,'2013-05-21','stxib');
insert into Hospital.Consulted(employee_number,certification_no,patient_registration_no,date_of_visit) values(110,110112233,305,'2013-05-21');
insert into Hospital.Treated_by(patient_registration_no,date_of_visit,employee_number,treatment) values(305,2013-05-21,88);
insert into Hospital.Prescribed(product_id,patient_registration_no,date_of_visit) values (194,305,'2013-05-21');
insert into Hospital.Visitation(patient_registration_no,date_of_visit,diagnosis) values (305,'2013-05-19','itgkt');
insert into Hospital.Consulted(employee_number,certification_no,patient_registration_no,date_of_visit) values(111,111112233,305,'2013-05-19');
insert into Hospital.Treated_by(patient_registration_no,date_of_visit,employee_number,treatment) values(305,2013-05-19,112);
insert into Hospital.Prescribed(product_id,patient_registration_no,date_of_visit) values (146,305,'2013-05-19');
insert into Hospital.Visitation(patient_registration_no,date_of_visit,diagnosis) values (305,'2013-06-23','qvrld');
insert into Hospital.Consulted(employee_number,certification_no,patient_registration_no,date_of_visit) values(245,245112233,305,'2013-06-23');
insert into Hospital.Treated_by(patient_registration_no,date_of_visit,employee_number,treatment) values(305,2013-06-23,67);
insert into Hospital.Prescribed(product_id,patient_registration_no,date_of_visit) values (23,305,'2013-06-23');
insert into Hospital.Visitation(patient_registration_no,date_of_visit,diagnosis) values (305,'2013-05-15','rzusr');
insert into Hospital.Consulted(employee_number,certification_no,patient_registration_no,date_of_visit) values(268,268112233,305,'2013-05-15');
insert into Hospital.Treated_by(patient_registration_no,date_of_visit,employee_number,treatment) values(305,2013-05-15,126);
insert into Hospital.Prescribed(product_id,patient_registration_no,date_of_visit) values (33,305,'2013-05-15');
insert into Hospital.Visitation(patient_registration_no,date_of_visit,diagnosis) values (305,'2013-06-22','fkojb');
insert into Hospital.Consulted(employee_number,certification_no,patient_registration_no,date_of_visit) values(271,271112233,305,'2013-06-22');
insert into Hospital.Treated_by(patient_registration_no,date_of_visit,employee_number,treatment) values(305,2013-06-22,196);
insert into Hospital.Prescribed(product_id,patient_registration_no,date_of_visit) values (2,305,'2013-06-22');
insert into Hospital.Patient (patient_registration_no, name, ssn, address,contact_no,emergency_contact_no) values ( 305,'vrjxb',701018981,'gthcg',47705209,41317896);
insert into Hospital.Takes (employee_number,shift_name ) values ( 305,'morning');
insert into Hospital.Belongs_to(employee_number,department_id) values (305,3);
insert into Hospital.Pharmaceutical_product(product_id,cost,manufacturer) values(306,438.419079328215,'jrtqy');
insert into Hospital.Batch(batch_id,manufacture_date,expiry_date) values (306,'2013-01-01','2013-02-15');
insert into Hospital.Production(product_id,batch_id) values (306,306);
insert into Hospital.Batch(batch_id,manufacture_date,expiry_date) values (307,'2013-01-01','2013-02-15');
insert into Hospital.Production(product_id,batch_id) values (306,307);
insert into Hospital.Batch(batch_id,manufacture_date,expiry_date) values (308,'2013-01-01','2013-02-15');
insert into Hospital.Production(product_id,batch_id) values (306,308);
insert into Hospital.Batch(batch_id,manufacture_date,expiry_date) values (309,'2013-01-01','2013-02-15');
insert into Hospital.Production(product_id,batch_id) values (306,309);
insert into Hospital.Batch(batch_id,manufacture_date,expiry_date) values (310,'2013-01-01','2013-02-15');
insert into Hospital.Production(product_id,batch_id) values (306,310);
insert into Hospital.Medicine(product_id,medicine_name,dosage) values (306,'oibxk','eybck');
insert into Hospital.Employees (employee_number, name, location, ssn, home_address,phone_number,designation) values ( 306,'alefj','zfsfgtwpbwjzata',913187670,'cmpuc',58220710,'Nurse');
insert into Hospital.Visitation(patient_registration_no,date_of_visit,diagnosis) values (306,'2013-06-07','cxmki');
insert into Hospital.Consulted(employee_number,certification_no,patient_registration_no,date_of_visit) values(133,133112233,306,'2013-06-07');
insert into Hospital.Treated_by(patient_registration_no,date_of_visit,employee_number,treatment) values(306,2013-06-07,143);
insert into Hospital.Prescribed(product_id,patient_registration_no,date_of_visit) values (177,306,'2013-06-07');
insert into Hospital.Visitation(patient_registration_no,date_of_visit,diagnosis) values (306,'2013-04-24','ctdiu');
insert into Hospital.Consulted(employee_number,certification_no,patient_registration_no,date_of_visit) values(137,137112233,306,'2013-04-24');
insert into Hospital.Treated_by(patient_registration_no,date_of_visit,employee_number,treatment) values(306,2013-04-24,272);
insert into Hospital.Prescribed(product_id,patient_registration_no,date_of_visit) values (78,306,'2013-04-24');
insert into Hospital.Visitation(patient_registration_no,date_of_visit,diagnosis) values (306,'2013-09-29','vhiwz');
insert into Hospital.Consulted(employee_number,certification_no,patient_registration_no,date_of_visit) values(122,122112233,306,'2013-09-29');
insert into Hospital.Treated_by(patient_registration_no,date_of_visit,employee_number,treatment) values(306,2013-09-29,50);
insert into Hospital.Prescribed(product_id,patient_registration_no,date_of_visit) values (85,306,'2013-09-29');
insert into Hospital.Visitation(patient_registration_no,date_of_visit,diagnosis) values (306,'2013-09-08','sljqn');
insert into Hospital.Consulted(employee_number,certification_no,patient_registration_no,date_of_visit) values(43,43112233,306,'2013-09-08');
insert into Hospital.Treated_by(patient_registration_no,date_of_visit,employee_number,treatment) values(306,2013-09-08,64);
insert into Hospital.Prescribed(product_id,patient_registration_no,date_of_visit) values (94,306,'2013-09-08');
insert into Hospital.Visitation(patient_registration_no,date_of_visit,diagnosis) values (306,'2013-05-28','qypeg');
insert into Hospital.Consulted(employee_number,certification_no,patient_registration_no,date_of_visit) values(274,274112233,306,'2013-05-28');
insert into Hospital.Treated_by(patient_registration_no,date_of_visit,employee_number,treatment) values(306,2013-05-28,64);
insert into Hospital.Prescribed(product_id,patient_registration_no,date_of_visit) values (138,306,'2013-05-28');
insert into Hospital.Patient (patient_registration_no, name, ssn, address,contact_no,emergency_contact_no) values ( 306,'gavrj',598064902,'tngzb',29897610,29175994);
insert into Hospital.Takes (employee_number,shift_name ) values ( 306,'morning');
insert into Hospital.Belongs_to(employee_number,department_id) values (306,3);
insert into Hospital.Pharmaceutical_product(product_id,cost,manufacturer) values(307,93.21410412400166,'rymob');
insert into Hospital.Medicine(product_id,medicine_name,dosage) values (307,'heivn','hzbam');
insert into Hospital.Employees (employee_number, name, location, ssn, home_address,phone_number,designation) values ( 307,'ankmv','hxhukojzxvcrlfa',854346709,'huflt',57041927,'Administration');
insert into Hospital.Visitation(patient_registration_no,date_of_visit,diagnosis) values (307,'2013-09-16','scoyo');
insert into Hospital.Consulted(employee_number,certification_no,patient_registration_no,date_of_visit) values(166,166112233,307,'2013-09-16');
insert into Hospital.Treated_by(patient_registration_no,date_of_visit,employee_number,treatment) values(307,2013-09-16,189);
insert into Hospital.Prescribed(product_id,patient_registration_no,date_of_visit) values (57,307,'2013-09-16');
insert into Hospital.Visitation(patient_registration_no,date_of_visit,diagnosis) values (307,'2013-09-01','miasr');
insert into Hospital.Consulted(employee_number,certification_no,patient_registration_no,date_of_visit) values(222,222112233,307,'2013-09-01');
insert into Hospital.Treated_by(patient_registration_no,date_of_visit,employee_number,treatment) values(307,2013-09-01,30);
insert into Hospital.Prescribed(product_id,patient_registration_no,date_of_visit) values (137,307,'2013-09-01');
insert into Hospital.Visitation(patient_registration_no,date_of_visit,diagnosis) values (307,'2013-08-04','yyzgp');
insert into Hospital.Consulted(employee_number,certification_no,patient_registration_no,date_of_visit) values(214,214112233,307,'2013-08-04');
insert into Hospital.Treated_by(patient_registration_no,date_of_visit,employee_number,treatment) values(307,2013-08-04,285);
insert into Hospital.Prescribed(product_id,patient_registration_no,date_of_visit) values (7,307,'2013-08-04');
insert into Hospital.Visitation(patient_registration_no,date_of_visit,diagnosis) values (307,'2013-08-05','uojvg');
insert into Hospital.Consulted(employee_number,certification_no,patient_registration_no,date_of_visit) values(245,245112233,307,'2013-08-05');
insert into Hospital.Treated_by(patient_registration_no,date_of_visit,employee_number,treatment) values(307,2013-08-05,294);
insert into Hospital.Prescribed(product_id,patient_registration_no,date_of_visit) values (51,307,'2013-08-05');
insert into Hospital.Visitation(patient_registration_no,date_of_visit,diagnosis) values (307,'2013-09-02','jdxwq');
insert into Hospital.Consulted(employee_number,certification_no,patient_registration_no,date_of_visit) values(110,110112233,307,'2013-09-02');
insert into Hospital.Treated_by(patient_registration_no,date_of_visit,employee_number,treatment) values(307,2013-09-02,169);
insert into Hospital.Prescribed(product_id,patient_registration_no,date_of_visit) values (147,307,'2013-09-02');
insert into Hospital.Patient (patient_registration_no, name, ssn, address,contact_no,emergency_contact_no) values ( 307,'letfp',935600589,'nvvoq',33551605,69702230);
insert into Hospital.Belongs_to(employee_number,department_id) values (307,2);
insert into Hospital.Pharmaceutical_product(product_id,cost,manufacturer) values(308,778.9590661914832,'xiohd');
insert into Hospital.Batch(batch_id,manufacture_date,expiry_date) values (308,'2013-03-12','2013-06-27');
insert into Hospital.Production(product_id,batch_id) values (308,308);
insert into Hospital.Batch(batch_id,manufacture_date,expiry_date) values (309,'2013-03-12','2013-06-27');
insert into Hospital.Production(product_id,batch_id) values (308,309);
insert into Hospital.Batch(batch_id,manufacture_date,expiry_date) values (310,'2013-03-12','2013-06-27');
insert into Hospital.Production(product_id,batch_id) values (308,310);
insert into Hospital.Batch(batch_id,manufacture_date,expiry_date) values (311,'2013-03-12','2013-06-27');
insert into Hospital.Production(product_id,batch_id) values (308,311);
insert into Hospital.Batch(batch_id,manufacture_date,expiry_date) values (312,'2013-03-12','2013-06-27');
insert into Hospital.Production(product_id,batch_id) values (308,312);
insert into Hospital.Employees (employee_number, name, location, ssn, home_address,phone_number,designation) values ( 308,'bfbob','yoobdqimjppbmpj',245207506,'wwotq',54517201,'Administration');
insert into Hospital.Visitation(patient_registration_no,date_of_visit,diagnosis) values (308,'2013-06-08','fcnpo');
insert into Hospital.Consulted(employee_number,certification_no,patient_registration_no,date_of_visit) values(85,85112233,308,'2013-06-08');
insert into Hospital.Treated_by(patient_registration_no,date_of_visit,employee_number,treatment) values(308,2013-06-08,165);
insert into Hospital.Prescribed(product_id,patient_registration_no,date_of_visit) values (281,308,'2013-06-08');
insert into Hospital.Visitation(patient_registration_no,date_of_visit,diagnosis) values (308,'2013-10-17','qniga');
insert into Hospital.Consulted(employee_number,certification_no,patient_registration_no,date_of_visit) values(122,122112233,308,'2013-10-17');
insert into Hospital.Treated_by(patient_registration_no,date_of_visit,employee_number,treatment) values(308,2013-10-17,134);
insert into Hospital.Prescribed(product_id,patient_registration_no,date_of_visit) values (115,308,'2013-10-17');
insert into Hospital.Visitation(patient_registration_no,date_of_visit,diagnosis) values (308,'2013-02-11','lidxu');
insert into Hospital.Consulted(employee_number,certification_no,patient_registration_no,date_of_visit) values(232,232112233,308,'2013-02-11');
insert into Hospital.Treated_by(patient_registration_no,date_of_visit,employee_number,treatment) values(308,2013-02-11,101);
insert into Hospital.Prescribed(product_id,patient_registration_no,date_of_visit) values (271,308,'2013-02-11');
insert into Hospital.Visitation(patient_registration_no,date_of_visit,diagnosis) values (308,'2013-10-15','mzmsr');
insert into Hospital.Consulted(employee_number,certification_no,patient_registration_no,date_of_visit) values(276,276112233,308,'2013-10-15');
insert into Hospital.Treated_by(patient_registration_no,date_of_visit,employee_number,treatment) values(308,2013-10-15,241);
insert into Hospital.Prescribed(product_id,patient_registration_no,date_of_visit) values (126,308,'2013-10-15');
insert into Hospital.Visitation(patient_registration_no,date_of_visit,diagnosis) values (308,'2013-05-10','bejvs');
insert into Hospital.Consulted(employee_number,certification_no,patient_registration_no,date_of_visit) values(230,230112233,308,'2013-05-10');
insert into Hospital.Treated_by(patient_registration_no,date_of_visit,employee_number,treatment) values(308,2013-05-10,143);
insert into Hospital.Prescribed(product_id,patient_registration_no,date_of_visit) values (11,308,'2013-05-10');
insert into Hospital.Patient (patient_registration_no, name, ssn, address,contact_no,emergency_contact_no) values ( 308,'kfjyi',145935764,'pvoiu',88897112,19695101);
insert into Hospital.Belongs_to(employee_number,department_id) values (308,2);
insert into Hospital.Pharmaceutical_product(product_id,cost,manufacturer) values(309,59.116458815478175,'pyync');
insert into Hospital.Medicine(product_id,medicine_name,dosage) values (309,'yhqmm','kfiqz');
insert into Hospital.Employees (employee_number, name, location, ssn, home_address,phone_number,designation) values ( 309,'qtjlj','axulukjimtxzrpy',594726303,'dipjc',64771666,'Nurse');
insert into Hospital.Visitation(patient_registration_no,date_of_visit,diagnosis) values (309,'2013-09-30','lemva');
insert into Hospital.Consulted(employee_number,certification_no,patient_registration_no,date_of_visit) values(168,168112233,309,'2013-09-30');
insert into Hospital.Treated_by(patient_registration_no,date_of_visit,employee_number,treatment) values(309,2013-09-30,164);
insert into Hospital.Prescribed(product_id,patient_registration_no,date_of_visit) values (137,309,'2013-09-30');
insert into Hospital.Visitation(patient_registration_no,date_of_visit,diagnosis) values (309,'2013-01-13','zkcaq');
insert into Hospital.Consulted(employee_number,certification_no,patient_registration_no,date_of_visit) values(116,116112233,309,'2013-01-13');
insert into Hospital.Treated_by(patient_registration_no,date_of_visit,employee_number,treatment) values(309,2013-01-13,241);
insert into Hospital.Prescribed(product_id,patient_registration_no,date_of_visit) values (61,309,'2013-01-13');
insert into Hospital.Visitation(patient_registration_no,date_of_visit,diagnosis) values (309,'2013-09-05','ahdzk');
insert into Hospital.Consulted(employee_number,certification_no,patient_registration_no,date_of_visit) values(176,176112233,309,'2013-09-05');
insert into Hospital.Treated_by(patient_registration_no,date_of_visit,employee_number,treatment) values(309,2013-09-05,115);
insert into Hospital.Prescribed(product_id,patient_registration_no,date_of_visit) values (39,309,'2013-09-05');
insert into Hospital.Visitation(patient_registration_no,date_of_visit,diagnosis) values (309,'2013-08-31','veafe');
insert into Hospital.Consulted(employee_number,certification_no,patient_registration_no,date_of_visit) values(228,228112233,309,'2013-08-31');
insert into Hospital.Treated_by(patient_registration_no,date_of_visit,employee_number,treatment) values(309,2013-08-31,125);
insert into Hospital.Prescribed(product_id,patient_registration_no,date_of_visit) values (173,309,'2013-08-31');
insert into Hospital.Visitation(patient_registration_no,date_of_visit,diagnosis) values (309,'2013-03-31','zrxhf');
insert into Hospital.Consulted(employee_number,certification_no,patient_registration_no,date_of_visit) values(44,44112233,309,'2013-03-31');
insert into Hospital.Treated_by(patient_registration_no,date_of_visit,employee_number,treatment) values(309,2013-03-31,19);
insert into Hospital.Prescribed(product_id,patient_registration_no,date_of_visit) values (113,309,'2013-03-31');
insert into Hospital.Patient (patient_registration_no, name, ssn, address,contact_no,emergency_contact_no) values ( 309,'qaxyg',431860273,'xlokv',95318961,74745398);
insert into Hospital.Takes (employee_number,shift_name ) values ( 309,'evening');
insert into Hospital.Belongs_to(employee_number,department_id) values (309,3);
insert into Hospital.Pharmaceutical_product(product_id,cost,manufacturer) values(310,230.3935662165405,'lszix');
insert into Hospital.Batch(batch_id,manufacture_date,expiry_date) values (310,'2013-02-06','2013-03-30');
insert into Hospital.Production(product_id,batch_id) values (310,310);
insert into Hospital.Batch(batch_id,manufacture_date,expiry_date) values (311,'2013-02-06','2013-03-30');
insert into Hospital.Production(product_id,batch_id) values (310,311);
insert into Hospital.Batch(batch_id,manufacture_date,expiry_date) values (312,'2013-02-06','2013-03-30');
insert into Hospital.Production(product_id,batch_id) values (310,312);
insert into Hospital.Batch(batch_id,manufacture_date,expiry_date) values (313,'2013-02-06','2013-03-30');
insert into Hospital.Production(product_id,batch_id) values (310,313);
insert into Hospital.Batch(batch_id,manufacture_date,expiry_date) values (314,'2013-02-06','2013-03-30');
insert into Hospital.Production(product_id,batch_id) values (310,314);
insert into Hospital.Employees (employee_number, name, location, ssn, home_address,phone_number,designation) values ( 310,'fajzt','sluxofydtrxrnuj',420078086,'vztut',70069872,'Administration');
insert into Hospital.Visitation(patient_registration_no,date_of_visit,diagnosis) values (310,'2013-06-07','nixor');
insert into Hospital.Consulted(employee_number,certification_no,patient_registration_no,date_of_visit) values(12,12112233,310,'2013-06-07');
insert into Hospital.Treated_by(patient_registration_no,date_of_visit,employee_number,treatment) values(310,2013-06-07,61);
insert into Hospital.Prescribed(product_id,patient_registration_no,date_of_visit) values (119,310,'2013-06-07');
insert into Hospital.Visitation(patient_registration_no,date_of_visit,diagnosis) values (310,'2013-08-23','ttlym');
insert into Hospital.Consulted(employee_number,certification_no,patient_registration_no,date_of_visit) values(139,139112233,310,'2013-08-23');
insert into Hospital.Treated_by(patient_registration_no,date_of_visit,employee_number,treatment) values(310,2013-08-23,143);
insert into Hospital.Prescribed(product_id,patient_registration_no,date_of_visit) values (65,310,'2013-08-23');
insert into Hospital.Visitation(patient_registration_no,date_of_visit,diagnosis) values (310,'2013-04-13','zatwe');
insert into Hospital.Consulted(employee_number,certification_no,patient_registration_no,date_of_visit) values(46,46112233,310,'2013-04-13');
insert into Hospital.Treated_by(patient_registration_no,date_of_visit,employee_number,treatment) values(310,2013-04-13,289);
insert into Hospital.Prescribed(product_id,patient_registration_no,date_of_visit) values (226,310,'2013-04-13');
insert into Hospital.Visitation(patient_registration_no,date_of_visit,diagnosis) values (310,'2013-08-27','zqhvc');
insert into Hospital.Consulted(employee_number,certification_no,patient_registration_no,date_of_visit) values(60,60112233,310,'2013-08-27');
insert into Hospital.Treated_by(patient_registration_no,date_of_visit,employee_number,treatment) values(310,2013-08-27,126);
insert into Hospital.Prescribed(product_id,patient_registration_no,date_of_visit) values (110,310,'2013-08-27');
insert into Hospital.Visitation(patient_registration_no,date_of_visit,diagnosis) values (310,'2013-06-30','vsjdk');
insert into Hospital.Consulted(employee_number,certification_no,patient_registration_no,date_of_visit) values(1,1112233,310,'2013-06-30');
insert into Hospital.Treated_by(patient_registration_no,date_of_visit,employee_number,treatment) values(310,2013-06-30,63);
insert into Hospital.Prescribed(product_id,patient_registration_no,date_of_visit) values (91,310,'2013-06-30');
insert into Hospital.Patient (patient_registration_no, name, ssn, address,contact_no,emergency_contact_no) values ( 310,'xyjbe',440833779,'hemzw',94020267,19180504);
insert into Hospital.Belongs_to(employee_number,department_id) values (310,2);
insert into Hospital.Pharmaceutical_product(product_id,cost,manufacturer) values(311,433.8663064930128,'uqcyh');
insert into Hospital.Batch(batch_id,manufacture_date,expiry_date) values (311,'2013-07-28','2013-08-24');
insert into Hospital.Production(product_id,batch_id) values (311,311);
insert into Hospital.Batch(batch_id,manufacture_date,expiry_date) values (312,'2013-07-28','2013-08-24');
insert into Hospital.Production(product_id,batch_id) values (311,312);
insert into Hospital.Batch(batch_id,manufacture_date,expiry_date) values (313,'2013-07-28','2013-08-24');
insert into Hospital.Production(product_id,batch_id) values (311,313);
insert into Hospital.Batch(batch_id,manufacture_date,expiry_date) values (314,'2013-07-28','2013-08-24');
insert into Hospital.Production(product_id,batch_id) values (311,314);
insert into Hospital.Batch(batch_id,manufacture_date,expiry_date) values (315,'2013-07-28','2013-08-24');
insert into Hospital.Production(product_id,batch_id) values (311,315);
insert into Hospital.Medicine(product_id,medicine_name,dosage) values (311,'vulft','qdwot');
insert into Hospital.Employees (employee_number, name, location, ssn, home_address,phone_number,designation) values ( 311,'hazdl','qzqwaptkezxahkw',120503619,'zxgtx',79575884,'Nurse');
insert into Hospital.Visitation(patient_registration_no,date_of_visit,diagnosis) values (311,'2013-01-07','vsgos');
insert into Hospital.Consulted(employee_number,certification_no,patient_registration_no,date_of_visit) values(141,141112233,311,'2013-01-07');
insert into Hospital.Treated_by(patient_registration_no,date_of_visit,employee_number,treatment) values(311,2013-01-07,19);
insert into Hospital.Prescribed(product_id,patient_registration_no,date_of_visit) values (305,311,'2013-01-07');
insert into Hospital.Visitation(patient_registration_no,date_of_visit,diagnosis) values (311,'2013-06-25','gqcrc');
insert into Hospital.Consulted(employee_number,certification_no,patient_registration_no,date_of_visit) values(258,258112233,311,'2013-06-25');
insert into Hospital.Treated_by(patient_registration_no,date_of_visit,employee_number,treatment) values(311,2013-06-25,56);
insert into Hospital.Prescribed(product_id,patient_registration_no,date_of_visit) values (170,311,'2013-06-25');
insert into Hospital.Visitation(patient_registration_no,date_of_visit,diagnosis) values (311,'2013-01-01','qfkqe');
insert into Hospital.Consulted(employee_number,certification_no,patient_registration_no,date_of_visit) values(230,230112233,311,'2013-01-01');
insert into Hospital.Treated_by(patient_registration_no,date_of_visit,employee_number,treatment) values(311,2013-01-01,201);
insert into Hospital.Prescribed(product_id,patient_registration_no,date_of_visit) values (79,311,'2013-01-01');
insert into Hospital.Visitation(patient_registration_no,date_of_visit,diagnosis) values (311,'2013-09-04','htguk');
insert into Hospital.Consulted(employee_number,certification_no,patient_registration_no,date_of_visit) values(238,238112233,311,'2013-09-04');
insert into Hospital.Treated_by(patient_registration_no,date_of_visit,employee_number,treatment) values(311,2013-09-04,301);
insert into Hospital.Prescribed(product_id,patient_registration_no,date_of_visit) values (108,311,'2013-09-04');
insert into Hospital.Visitation(patient_registration_no,date_of_visit,diagnosis) values (311,'2013-02-09','jabqp');
insert into Hospital.Consulted(employee_number,certification_no,patient_registration_no,date_of_visit) values(141,141112233,311,'2013-02-09');
insert into Hospital.Treated_by(patient_registration_no,date_of_visit,employee_number,treatment) values(311,2013-02-09,103);
insert into Hospital.Prescribed(product_id,patient_registration_no,date_of_visit) values (225,311,'2013-02-09');
insert into Hospital.Patient (patient_registration_no, name, ssn, address,contact_no,emergency_contact_no) values ( 311,'zzsxd',521805408,'cepsl',70555743,66714944);
insert into Hospital.Takes (employee_number,shift_name ) values ( 311,'morning');
insert into Hospital.Belongs_to(employee_number,department_id) values (311,3);
insert into Hospital.Pharmaceutical_product(product_id,cost,manufacturer) values(312,22.82141258704344,'falgy');
insert into Hospital.Batch(batch_id,manufacture_date,expiry_date) values (312,'2013-03-01','2013-10-01');
insert into Hospital.Production(product_id,batch_id) values (312,312);
insert into Hospital.Batch(batch_id,manufacture_date,expiry_date) values (313,'2013-03-01','2013-10-01');
insert into Hospital.Production(product_id,batch_id) values (312,313);
insert into Hospital.Batch(batch_id,manufacture_date,expiry_date) values (314,'2013-03-01','2013-10-01');
insert into Hospital.Production(product_id,batch_id) values (312,314);
insert into Hospital.Batch(batch_id,manufacture_date,expiry_date) values (315,'2013-03-01','2013-10-01');
insert into Hospital.Production(product_id,batch_id) values (312,315);
insert into Hospital.Batch(batch_id,manufacture_date,expiry_date) values (316,'2013-03-01','2013-10-01');
insert into Hospital.Production(product_id,batch_id) values (312,316);
insert into Hospital.Medicine(product_id,medicine_name,dosage) values (312,'jekdc','weeez');
insert into Hospital.Employees (employee_number, name, location, ssn, home_address,phone_number,designation) values ( 312,'mfwny','yisedllkvooqovn',954860241,'aihge',27192312,'Radiology');
insert into Hospital.Visitation(patient_registration_no,date_of_visit,diagnosis) values (312,'2013-06-14','efdjb');
insert into Hospital.Consulted(employee_number,certification_no,patient_registration_no,date_of_visit) values(92,92112233,312,'2013-06-14');
insert into Hospital.Treated_by(patient_registration_no,date_of_visit,employee_number,treatment) values(312,2013-06-14,294);
insert into Hospital.Prescribed(product_id,patient_registration_no,date_of_visit) values (220,312,'2013-06-14');
insert into Hospital.Visitation(patient_registration_no,date_of_visit,diagnosis) values (312,'2013-04-09','bgcia');
insert into Hospital.Consulted(employee_number,certification_no,patient_registration_no,date_of_visit) values(192,192112233,312,'2013-04-09');
insert into Hospital.Treated_by(patient_registration_no,date_of_visit,employee_number,treatment) values(312,2013-04-09,126);
insert into Hospital.Prescribed(product_id,patient_registration_no,date_of_visit) values (20,312,'2013-04-09');
insert into Hospital.Visitation(patient_registration_no,date_of_visit,diagnosis) values (312,'2013-05-27','hmufl');
insert into Hospital.Consulted(employee_number,certification_no,patient_registration_no,date_of_visit) values(13,13112233,312,'2013-05-27');
insert into Hospital.Treated_by(patient_registration_no,date_of_visit,employee_number,treatment) values(312,2013-05-27,172);
insert into Hospital.Prescribed(product_id,patient_registration_no,date_of_visit) values (55,312,'2013-05-27');
insert into Hospital.Visitation(patient_registration_no,date_of_visit,diagnosis) values (312,'2013-04-10','kljmz');
insert into Hospital.Consulted(employee_number,certification_no,patient_registration_no,date_of_visit) values(55,55112233,312,'2013-04-10');
insert into Hospital.Treated_by(patient_registration_no,date_of_visit,employee_number,treatment) values(312,2013-04-10,73);
insert into Hospital.Prescribed(product_id,patient_registration_no,date_of_visit) values (84,312,'2013-04-10');
insert into Hospital.Visitation(patient_registration_no,date_of_visit,diagnosis) values (312,'2013-02-02','kyata');
insert into Hospital.Consulted(employee_number,certification_no,patient_registration_no,date_of_visit) values(275,275112233,312,'2013-02-02');
insert into Hospital.Treated_by(patient_registration_no,date_of_visit,employee_number,treatment) values(312,2013-02-02,91);
insert into Hospital.Prescribed(product_id,patient_registration_no,date_of_visit) values (218,312,'2013-02-02');
insert into Hospital.Patient (patient_registration_no, name, ssn, address,contact_no,emergency_contact_no) values ( 312,'aezfg',881541981,'sbdtu',84023424,33635053);
insert into Hospital.Takes (employee_number,shift_name ) values ( 312,'evening');
insert into Hospital.Belongs_to(employee_number,department_id) values (312,3);
insert into Hospital.Pharmaceutical_product(product_id,cost,manufacturer) values(313,564.7700835650966,'cjuth');
insert into Hospital.Batch(batch_id,manufacture_date,expiry_date) values (313,'2013-01-26','2013-04-29');
insert into Hospital.Production(product_id,batch_id) values (313,313);
insert into Hospital.Batch(batch_id,manufacture_date,expiry_date) values (314,'2013-01-26','2013-04-29');
insert into Hospital.Production(product_id,batch_id) values (313,314);
insert into Hospital.Batch(batch_id,manufacture_date,expiry_date) values (315,'2013-01-26','2013-04-29');
insert into Hospital.Production(product_id,batch_id) values (313,315);
insert into Hospital.Batch(batch_id,manufacture_date,expiry_date) values (316,'2013-01-26','2013-04-29');
insert into Hospital.Production(product_id,batch_id) values (313,316);
insert into Hospital.Batch(batch_id,manufacture_date,expiry_date) values (317,'2013-01-26','2013-04-29');
insert into Hospital.Production(product_id,batch_id) values (313,317);
insert into Hospital.Employees (employee_number, name, location, ssn, home_address,phone_number,designation) values ( 313,'recnj','pinwgumivggitqd',496403439,'cgpsl',12095938,'Doctor');
insert into Hospital.Visitation(patient_registration_no,date_of_visit,diagnosis) values (313,'2013-07-17','tgbtj');
insert into Hospital.Consulted(employee_number,certification_no,patient_registration_no,date_of_visit) values(175,175112233,313,'2013-07-17');
insert into Hospital.Treated_by(patient_registration_no,date_of_visit,employee_number,treatment) values(313,2013-07-17,196);
insert into Hospital.Prescribed(product_id,patient_registration_no,date_of_visit) values (21,313,'2013-07-17');
insert into Hospital.Visitation(patient_registration_no,date_of_visit,diagnosis) values (313,'2013-06-17','mlwbd');
insert into Hospital.Consulted(employee_number,certification_no,patient_registration_no,date_of_visit) values(34,34112233,313,'2013-06-17');
insert into Hospital.Treated_by(patient_registration_no,date_of_visit,employee_number,treatment) values(313,2013-06-17,185);
insert into Hospital.Prescribed(product_id,patient_registration_no,date_of_visit) values (27,313,'2013-06-17');
insert into Hospital.Visitation(patient_registration_no,date_of_visit,diagnosis) values (313,'2013-02-04','lgfry');
insert into Hospital.Consulted(employee_number,certification_no,patient_registration_no,date_of_visit) values(69,69112233,313,'2013-02-04');
insert into Hospital.Treated_by(patient_registration_no,date_of_visit,employee_number,treatment) values(313,2013-02-04,76);
insert into Hospital.Prescribed(product_id,patient_registration_no,date_of_visit) values (84,313,'2013-02-04');
insert into Hospital.Visitation(patient_registration_no,date_of_visit,diagnosis) values (313,'2013-08-29','awcaw');
insert into Hospital.Consulted(employee_number,certification_no,patient_registration_no,date_of_visit) values(184,184112233,313,'2013-08-29');
insert into Hospital.Treated_by(patient_registration_no,date_of_visit,employee_number,treatment) values(313,2013-08-29,241);
insert into Hospital.Prescribed(product_id,patient_registration_no,date_of_visit) values (12,313,'2013-08-29');
insert into Hospital.Visitation(patient_registration_no,date_of_visit,diagnosis) values (313,'2013-08-10','wihnf');
insert into Hospital.Consulted(employee_number,certification_no,patient_registration_no,date_of_visit) values(271,271112233,313,'2013-08-10');
insert into Hospital.Treated_by(patient_registration_no,date_of_visit,employee_number,treatment) values(313,2013-08-10,10);
insert into Hospital.Prescribed(product_id,patient_registration_no,date_of_visit) values (12,313,'2013-08-10');
insert into Hospital.Patient (patient_registration_no, name, ssn, address,contact_no,emergency_contact_no) values ( 313,'ztsoy',718397409,'rylcb',76327234,43233452);
insert into Hospital.Physician (employee_number, certification_no,specialization) values ( 313,313112233,'Cardiology');
insert into Hospital.Belongs_to(employee_number,department_id) values (313,1);
insert into Hospital.Pharmaceutical_product(product_id,cost,manufacturer) values(314,38.1964845288184,'xjcer');
insert into Hospital.Batch(batch_id,manufacture_date,expiry_date) values (314,'2013-06-09','2013-06-12');
insert into Hospital.Production(product_id,batch_id) values (314,314);
insert into Hospital.Batch(batch_id,manufacture_date,expiry_date) values (315,'2013-06-09','2013-06-12');
insert into Hospital.Production(product_id,batch_id) values (314,315);
insert into Hospital.Batch(batch_id,manufacture_date,expiry_date) values (316,'2013-06-09','2013-06-12');
insert into Hospital.Production(product_id,batch_id) values (314,316);
insert into Hospital.Batch(batch_id,manufacture_date,expiry_date) values (317,'2013-06-09','2013-06-12');
insert into Hospital.Production(product_id,batch_id) values (314,317);
insert into Hospital.Batch(batch_id,manufacture_date,expiry_date) values (318,'2013-06-09','2013-06-12');
insert into Hospital.Production(product_id,batch_id) values (314,318);
insert into Hospital.Medicine(product_id,medicine_name,dosage) values (314,'iyjct','auici');
insert into Hospital.Employees (employee_number, name, location, ssn, home_address,phone_number,designation) values ( 314,'yybov','iqalavukhurpgcg',514318183,'tfoyn',74649996,'Radiology');
insert into Hospital.Visitation(patient_registration_no,date_of_visit,diagnosis) values (314,'2013-04-15','gpumq');
insert into Hospital.Consulted(employee_number,certification_no,patient_registration_no,date_of_visit) values(44,44112233,314,'2013-04-15');
insert into Hospital.Treated_by(patient_registration_no,date_of_visit,employee_number,treatment) values(314,2013-04-15,231);
insert into Hospital.Prescribed(product_id,patient_registration_no,date_of_visit) values (19,314,'2013-04-15');
insert into Hospital.Visitation(patient_registration_no,date_of_visit,diagnosis) values (314,'2013-08-05','adqht');
insert into Hospital.Consulted(employee_number,certification_no,patient_registration_no,date_of_visit) values(58,58112233,314,'2013-08-05');
insert into Hospital.Treated_by(patient_registration_no,date_of_visit,employee_number,treatment) values(314,2013-08-05,172);
insert into Hospital.Prescribed(product_id,patient_registration_no,date_of_visit) values (24,314,'2013-08-05');
insert into Hospital.Visitation(patient_registration_no,date_of_visit,diagnosis) values (314,'2013-10-02','iqlod');
insert into Hospital.Consulted(employee_number,certification_no,patient_registration_no,date_of_visit) values(45,45112233,314,'2013-10-02');
insert into Hospital.Treated_by(patient_registration_no,date_of_visit,employee_number,treatment) values(314,2013-10-02,273);
insert into Hospital.Prescribed(product_id,patient_registration_no,date_of_visit) values (66,314,'2013-10-02');
insert into Hospital.Visitation(patient_registration_no,date_of_visit,diagnosis) values (314,'2013-09-12','ewrwn');
insert into Hospital.Consulted(employee_number,certification_no,patient_registration_no,date_of_visit) values(262,262112233,314,'2013-09-12');
insert into Hospital.Treated_by(patient_registration_no,date_of_visit,employee_number,treatment) values(314,2013-09-12,91);
insert into Hospital.Prescribed(product_id,patient_registration_no,date_of_visit) values (48,314,'2013-09-12');
insert into Hospital.Visitation(patient_registration_no,date_of_visit,diagnosis) values (314,'2013-04-13','ddbql');
insert into Hospital.Consulted(employee_number,certification_no,patient_registration_no,date_of_visit) values(279,279112233,314,'2013-04-13');
insert into Hospital.Treated_by(patient_registration_no,date_of_visit,employee_number,treatment) values(314,2013-04-13,195);
insert into Hospital.Prescribed(product_id,patient_registration_no,date_of_visit) values (270,314,'2013-04-13');
insert into Hospital.Patient (patient_registration_no, name, ssn, address,contact_no,emergency_contact_no) values ( 314,'ghahg',553052576,'lifhe',76222519,72128488);
insert into Hospital.Takes (employee_number,shift_name ) values ( 314,'night');
insert into Hospital.Belongs_to(employee_number,department_id) values (314,3);
insert into Hospital.Pharmaceutical_product(product_id,cost,manufacturer) values(315,75.9697906680848,'ssaka');
insert into Hospital.Batch(batch_id,manufacture_date,expiry_date) values (315,'2013-02-28','2013-04-24');
insert into Hospital.Production(product_id,batch_id) values (315,315);
insert into Hospital.Batch(batch_id,manufacture_date,expiry_date) values (316,'2013-02-28','2013-04-24');
insert into Hospital.Production(product_id,batch_id) values (315,316);
insert into Hospital.Batch(batch_id,manufacture_date,expiry_date) values (317,'2013-02-28','2013-04-24');
insert into Hospital.Production(product_id,batch_id) values (315,317);
insert into Hospital.Batch(batch_id,manufacture_date,expiry_date) values (318,'2013-02-28','2013-04-24');
insert into Hospital.Production(product_id,batch_id) values (315,318);
insert into Hospital.Batch(batch_id,manufacture_date,expiry_date) values (319,'2013-02-28','2013-04-24');
insert into Hospital.Production(product_id,batch_id) values (315,319);
insert into Hospital.Employees (employee_number, name, location, ssn, home_address,phone_number,designation) values ( 315,'bdrqd','hwrexeppykdvbck',510263856,'eemgj',14029040,'Radiology');
insert into Hospital.Visitation(patient_registration_no,date_of_visit,diagnosis) values (315,'2013-01-27','hbuaa');
insert into Hospital.Consulted(employee_number,certification_no,patient_registration_no,date_of_visit) values(151,151112233,315,'2013-01-27');
insert into Hospital.Treated_by(patient_registration_no,date_of_visit,employee_number,treatment) values(315,2013-01-27,134);
insert into Hospital.Prescribed(product_id,patient_registration_no,date_of_visit) values (10,315,'2013-01-27');
insert into Hospital.Visitation(patient_registration_no,date_of_visit,diagnosis) values (315,'2013-05-20','qrbbn');
insert into Hospital.Consulted(employee_number,certification_no,patient_registration_no,date_of_visit) values(208,208112233,315,'2013-05-20');
insert into Hospital.Treated_by(patient_registration_no,date_of_visit,employee_number,treatment) values(315,2013-05-20,39);
insert into Hospital.Prescribed(product_id,patient_registration_no,date_of_visit) values (108,315,'2013-05-20');
insert into Hospital.Visitation(patient_registration_no,date_of_visit,diagnosis) values (315,'2013-07-25','gnghx');
insert into Hospital.Consulted(employee_number,certification_no,patient_registration_no,date_of_visit) values(238,238112233,315,'2013-07-25');
insert into Hospital.Treated_by(patient_registration_no,date_of_visit,employee_number,treatment) values(315,2013-07-25,312);
insert into Hospital.Prescribed(product_id,patient_registration_no,date_of_visit) values (37,315,'2013-07-25');
insert into Hospital.Visitation(patient_registration_no,date_of_visit,diagnosis) values (315,'2013-06-29','cuwyy');
insert into Hospital.Consulted(employee_number,certification_no,patient_registration_no,date_of_visit) values(192,192112233,315,'2013-06-29');
insert into Hospital.Treated_by(patient_registration_no,date_of_visit,employee_number,treatment) values(315,2013-06-29,26);
insert into Hospital.Prescribed(product_id,patient_registration_no,date_of_visit) values (192,315,'2013-06-29');
insert into Hospital.Visitation(patient_registration_no,date_of_visit,diagnosis) values (315,'2013-03-26','ofsrg');
insert into Hospital.Consulted(employee_number,certification_no,patient_registration_no,date_of_visit) values(137,137112233,315,'2013-03-26');
insert into Hospital.Treated_by(patient_registration_no,date_of_visit,employee_number,treatment) values(315,2013-03-26,201);
insert into Hospital.Prescribed(product_id,patient_registration_no,date_of_visit) values (170,315,'2013-03-26');
insert into Hospital.Patient (patient_registration_no, name, ssn, address,contact_no,emergency_contact_no) values ( 315,'txcob',552786861,'piegs',14183732,56828134);
insert into Hospital.Takes (employee_number,shift_name ) values ( 315,'night');
insert into Hospital.Belongs_to(employee_number,department_id) values (315,3);
insert into Hospital.Pharmaceutical_product(product_id,cost,manufacturer) values(316,123.40818287984483,'buysu');
insert into Hospital.Employees (employee_number, name, location, ssn, home_address,phone_number,designation) values ( 316,'xejxg','xsgsabihywsxbxd',166271274,'zrknu',55072178,'Nurse');
insert into Hospital.Visitation(patient_registration_no,date_of_visit,diagnosis) values (316,'2013-06-10','zdqfz');
insert into Hospital.Consulted(employee_number,certification_no,patient_registration_no,date_of_visit) values(258,258112233,316,'2013-06-10');
insert into Hospital.Treated_by(patient_registration_no,date_of_visit,employee_number,treatment) values(316,2013-06-10,164);
insert into Hospital.Prescribed(product_id,patient_registration_no,date_of_visit) values (196,316,'2013-06-10');
insert into Hospital.Visitation(patient_registration_no,date_of_visit,diagnosis) values (316,'2013-10-17','pfodu');
insert into Hospital.Consulted(employee_number,certification_no,patient_registration_no,date_of_visit) values(130,130112233,316,'2013-10-17');
insert into Hospital.Treated_by(patient_registration_no,date_of_visit,employee_number,treatment) values(316,2013-10-17,294);
insert into Hospital.Prescribed(product_id,patient_registration_no,date_of_visit) values (56,316,'2013-10-17');
insert into Hospital.Visitation(patient_registration_no,date_of_visit,diagnosis) values (316,'2013-05-27','ahnxc');
insert into Hospital.Consulted(employee_number,certification_no,patient_registration_no,date_of_visit) values(130,130112233,316,'2013-05-27');
insert into Hospital.Treated_by(patient_registration_no,date_of_visit,employee_number,treatment) values(316,2013-05-27,314);
insert into Hospital.Prescribed(product_id,patient_registration_no,date_of_visit) values (193,316,'2013-05-27');
insert into Hospital.Visitation(patient_registration_no,date_of_visit,diagnosis) values (316,'2013-03-11','pedgd');
insert into Hospital.Consulted(employee_number,certification_no,patient_registration_no,date_of_visit) values(13,13112233,316,'2013-03-11');
insert into Hospital.Treated_by(patient_registration_no,date_of_visit,employee_number,treatment) values(316,2013-03-11,63);
insert into Hospital.Prescribed(product_id,patient_registration_no,date_of_visit) values (118,316,'2013-03-11');
insert into Hospital.Visitation(patient_registration_no,date_of_visit,diagnosis) values (316,'2013-03-01','ujids');
insert into Hospital.Consulted(employee_number,certification_no,patient_registration_no,date_of_visit) values(44,44112233,316,'2013-03-01');
insert into Hospital.Treated_by(patient_registration_no,date_of_visit,employee_number,treatment) values(316,2013-03-01,224);
insert into Hospital.Prescribed(product_id,patient_registration_no,date_of_visit) values (280,316,'2013-03-01');
insert into Hospital.Patient (patient_registration_no, name, ssn, address,contact_no,emergency_contact_no) values ( 316,'ufjdu',46119232,'rdoub',17181843,49866916);
insert into Hospital.Takes (employee_number,shift_name ) values ( 316,'night');
insert into Hospital.Belongs_to(employee_number,department_id) values (316,3);
insert into Hospital.Pharmaceutical_product(product_id,cost,manufacturer) values(317,156.22595748176883,'zynwn');
insert into Hospital.Employees (employee_number, name, location, ssn, home_address,phone_number,designation) values ( 317,'jsxok','pvtjjgaogwdtlsb',441634432,'nqieu',23544732,'Nurse');
insert into Hospital.Visitation(patient_registration_no,date_of_visit,diagnosis) values (317,'2013-08-07','rwnvn');
insert into Hospital.Consulted(employee_number,certification_no,patient_registration_no,date_of_visit) values(122,122112233,317,'2013-08-07');
insert into Hospital.Treated_by(patient_registration_no,date_of_visit,employee_number,treatment) values(317,2013-08-07,201);
insert into Hospital.Prescribed(product_id,patient_registration_no,date_of_visit) values (160,317,'2013-08-07');
insert into Hospital.Visitation(patient_registration_no,date_of_visit,diagnosis) values (317,'2013-06-30','vnjiw');
insert into Hospital.Consulted(employee_number,certification_no,patient_registration_no,date_of_visit) values(41,41112233,317,'2013-06-30');
insert into Hospital.Treated_by(patient_registration_no,date_of_visit,employee_number,treatment) values(317,2013-06-30,126);
insert into Hospital.Prescribed(product_id,patient_registration_no,date_of_visit) values (61,317,'2013-06-30');
insert into Hospital.Visitation(patient_registration_no,date_of_visit,diagnosis) values (317,'2013-09-15','xnyri');
insert into Hospital.Consulted(employee_number,certification_no,patient_registration_no,date_of_visit) values(181,181112233,317,'2013-09-15');
insert into Hospital.Treated_by(patient_registration_no,date_of_visit,employee_number,treatment) values(317,2013-09-15,289);
insert into Hospital.Prescribed(product_id,patient_registration_no,date_of_visit) values (19,317,'2013-09-15');
insert into Hospital.Visitation(patient_registration_no,date_of_visit,diagnosis) values (317,'2013-06-02','gplak');
insert into Hospital.Consulted(employee_number,certification_no,patient_registration_no,date_of_visit) values(141,141112233,317,'2013-06-02');
insert into Hospital.Treated_by(patient_registration_no,date_of_visit,employee_number,treatment) values(317,2013-06-02,289);
insert into Hospital.Prescribed(product_id,patient_registration_no,date_of_visit) values (267,317,'2013-06-02');
insert into Hospital.Visitation(patient_registration_no,date_of_visit,diagnosis) values (317,'2013-07-10','audll');
insert into Hospital.Consulted(employee_number,certification_no,patient_registration_no,date_of_visit) values(271,271112233,317,'2013-07-10');
insert into Hospital.Treated_by(patient_registration_no,date_of_visit,employee_number,treatment) values(317,2013-07-10,165);
insert into Hospital.Prescribed(product_id,patient_registration_no,date_of_visit) values (48,317,'2013-07-10');
insert into Hospital.Patient (patient_registration_no, name, ssn, address,contact_no,emergency_contact_no) values ( 317,'yqkfr',999590553,'qailw',15084325,67139495);
insert into Hospital.Takes (employee_number,shift_name ) values ( 317,'night');
insert into Hospital.Belongs_to(employee_number,department_id) values (317,3);
insert into Hospital.Pharmaceutical_product(product_id,cost,manufacturer) values(318,94.69068505971332,'hixoj');
insert into Hospital.Batch(batch_id,manufacture_date,expiry_date) values (318,'2013-04-03','2013-05-11');
insert into Hospital.Production(product_id,batch_id) values (318,318);
insert into Hospital.Batch(batch_id,manufacture_date,expiry_date) values (319,'2013-04-03','2013-05-11');
insert into Hospital.Production(product_id,batch_id) values (318,319);
insert into Hospital.Batch(batch_id,manufacture_date,expiry_date) values (320,'2013-04-03','2013-05-11');
insert into Hospital.Production(product_id,batch_id) values (318,320);
insert into Hospital.Batch(batch_id,manufacture_date,expiry_date) values (321,'2013-04-03','2013-05-11');
insert into Hospital.Production(product_id,batch_id) values (318,321);
insert into Hospital.Batch(batch_id,manufacture_date,expiry_date) values (322,'2013-04-03','2013-05-11');
insert into Hospital.Production(product_id,batch_id) values (318,322);
insert into Hospital.Medicine(product_id,medicine_name,dosage) values (318,'effdv','pvmfz');
insert into Hospital.Employees (employee_number, name, location, ssn, home_address,phone_number,designation) values ( 318,'tdnlg','wqclzsawghgxxwj',878785813,'jtion',44633694,'Doctor');
insert into Hospital.Visitation(patient_registration_no,date_of_visit,diagnosis) values (318,'2013-07-19','kbyuk');
insert into Hospital.Consulted(employee_number,certification_no,patient_registration_no,date_of_visit) values(176,176112233,318,'2013-07-19');
insert into Hospital.Treated_by(patient_registration_no,date_of_visit,employee_number,treatment) values(318,2013-07-19,10);
insert into Hospital.Prescribed(product_id,patient_registration_no,date_of_visit) values (79,318,'2013-07-19');
insert into Hospital.Visitation(patient_registration_no,date_of_visit,diagnosis) values (318,'2013-08-28','ovock');
insert into Hospital.Consulted(employee_number,certification_no,patient_registration_no,date_of_visit) values(150,150112233,318,'2013-08-28');
insert into Hospital.Treated_by(patient_registration_no,date_of_visit,employee_number,treatment) values(318,2013-08-28,231);
insert into Hospital.Prescribed(product_id,patient_registration_no,date_of_visit) values (295,318,'2013-08-28');
insert into Hospital.Visitation(patient_registration_no,date_of_visit,diagnosis) values (318,'2013-01-25','gvzig');
insert into Hospital.Consulted(employee_number,certification_no,patient_registration_no,date_of_visit) values(8,8112233,318,'2013-01-25');
insert into Hospital.Treated_by(patient_registration_no,date_of_visit,employee_number,treatment) values(318,2013-01-25,76);
insert into Hospital.Prescribed(product_id,patient_registration_no,date_of_visit) values (276,318,'2013-01-25');
insert into Hospital.Visitation(patient_registration_no,date_of_visit,diagnosis) values (318,'2013-03-28','lhynh');
insert into Hospital.Consulted(employee_number,certification_no,patient_registration_no,date_of_visit) values(75,75112233,318,'2013-03-28');
insert into Hospital.Treated_by(patient_registration_no,date_of_visit,employee_number,treatment) values(318,2013-03-28,50);
insert into Hospital.Prescribed(product_id,patient_registration_no,date_of_visit) values (307,318,'2013-03-28');
insert into Hospital.Visitation(patient_registration_no,date_of_visit,diagnosis) values (318,'2013-01-11','siskc');
insert into Hospital.Consulted(employee_number,certification_no,patient_registration_no,date_of_visit) values(276,276112233,318,'2013-01-11');
insert into Hospital.Treated_by(patient_registration_no,date_of_visit,employee_number,treatment) values(318,2013-01-11,248);
insert into Hospital.Prescribed(product_id,patient_registration_no,date_of_visit) values (311,318,'2013-01-11');
insert into Hospital.Patient (patient_registration_no, name, ssn, address,contact_no,emergency_contact_no) values ( 318,'gnzrm',636386165,'toqxn',23357062,61231739);
insert into Hospital.Physician (employee_number, certification_no,specialization) values ( 318,318112233,'Dermatology');
insert into Hospital.Belongs_to(employee_number,department_id) values (318,1);
insert into Hospital.Pharmaceutical_product(product_id,cost,manufacturer) values(319,307.3949675762925,'eigdl');
insert into Hospital.Batch(batch_id,manufacture_date,expiry_date) values (319,'2013-04-24','2013-06-06');
insert into Hospital.Production(product_id,batch_id) values (319,319);
insert into Hospital.Batch(batch_id,manufacture_date,expiry_date) values (320,'2013-04-24','2013-06-06');
insert into Hospital.Production(product_id,batch_id) values (319,320);
insert into Hospital.Batch(batch_id,manufacture_date,expiry_date) values (321,'2013-04-24','2013-06-06');
insert into Hospital.Production(product_id,batch_id) values (319,321);
insert into Hospital.Batch(batch_id,manufacture_date,expiry_date) values (322,'2013-04-24','2013-06-06');
insert into Hospital.Production(product_id,batch_id) values (319,322);
insert into Hospital.Batch(batch_id,manufacture_date,expiry_date) values (323,'2013-04-24','2013-06-06');
insert into Hospital.Production(product_id,batch_id) values (319,323);
insert into Hospital.Medicine(product_id,medicine_name,dosage) values (319,'tpbmd','juczd');
insert into Hospital.Employees (employee_number, name, location, ssn, home_address,phone_number,designation) values ( 319,'spfuw','kayhkibsziyuyhv',515874728,'pcanm',66386369,'Doctor');
insert into Hospital.Visitation(patient_registration_no,date_of_visit,diagnosis) values (319,'2013-10-01','gidfb');
insert into Hospital.Consulted(employee_number,certification_no,patient_registration_no,date_of_visit) values(45,45112233,319,'2013-10-01');
insert into Hospital.Treated_by(patient_registration_no,date_of_visit,employee_number,treatment) values(319,2013-10-01,84);
insert into Hospital.Prescribed(product_id,patient_registration_no,date_of_visit) values (66,319,'2013-10-01');
insert into Hospital.Visitation(patient_registration_no,date_of_visit,diagnosis) values (319,'2013-08-06','ajkyu');
insert into Hospital.Consulted(employee_number,certification_no,patient_registration_no,date_of_visit) values(228,228112233,319,'2013-08-06');
insert into Hospital.Treated_by(patient_registration_no,date_of_visit,employee_number,treatment) values(319,2013-08-06,247);
insert into Hospital.Prescribed(product_id,patient_registration_no,date_of_visit) values (213,319,'2013-08-06');
insert into Hospital.Visitation(patient_registration_no,date_of_visit,diagnosis) values (319,'2013-05-12','ezory');
insert into Hospital.Consulted(employee_number,certification_no,patient_registration_no,date_of_visit) values(299,299112233,319,'2013-05-12');
insert into Hospital.Treated_by(patient_registration_no,date_of_visit,employee_number,treatment) values(319,2013-05-12,212);
insert into Hospital.Prescribed(product_id,patient_registration_no,date_of_visit) values (14,319,'2013-05-12');
insert into Hospital.Visitation(patient_registration_no,date_of_visit,diagnosis) values (319,'2013-07-24','fxkdt');
insert into Hospital.Consulted(employee_number,certification_no,patient_registration_no,date_of_visit) values(197,197112233,319,'2013-07-24');
insert into Hospital.Treated_by(patient_registration_no,date_of_visit,employee_number,treatment) values(319,2013-07-24,273);
insert into Hospital.Prescribed(product_id,patient_registration_no,date_of_visit) values (235,319,'2013-07-24');
insert into Hospital.Visitation(patient_registration_no,date_of_visit,diagnosis) values (319,'2013-06-06','ueupo');
insert into Hospital.Consulted(employee_number,certification_no,patient_registration_no,date_of_visit) values(139,139112233,319,'2013-06-06');
insert into Hospital.Treated_by(patient_registration_no,date_of_visit,employee_number,treatment) values(319,2013-06-06,185);
insert into Hospital.Prescribed(product_id,patient_registration_no,date_of_visit) values (99,319,'2013-06-06');
insert into Hospital.Patient (patient_registration_no, name, ssn, address,contact_no,emergency_contact_no) values ( 319,'qkqde',287022120,'rvcjb',54663625,77079862);
insert into Hospital.Physician (employee_number, certification_no,specialization) values ( 319,319112233,'Cardiology');
insert into Hospital.Belongs_to(employee_number,department_id) values (319,1);
insert into Hospital.Pharmaceutical_product(product_id,cost,manufacturer) values(320,373.3879048167879,'mmcvm');
insert into Hospital.Medicine(product_id,medicine_name,dosage) values (320,'jgeac','tyvoc');
insert into Hospital.Employees (employee_number, name, location, ssn, home_address,phone_number,designation) values ( 320,'isxft','kxvaelwxfqgtkjp',359075757,'irmtb',99561458,'Administration');
insert into Hospital.Visitation(patient_registration_no,date_of_visit,diagnosis) values (320,'2013-06-19','lswez');
insert into Hospital.Consulted(employee_number,certification_no,patient_registration_no,date_of_visit) values(319,319112233,320,'2013-06-19');
insert into Hospital.Treated_by(patient_registration_no,date_of_visit,employee_number,treatment) values(320,2013-06-19,81);
insert into Hospital.Prescribed(product_id,patient_registration_no,date_of_visit) values (147,320,'2013-06-19');
insert into Hospital.Visitation(patient_registration_no,date_of_visit,diagnosis) values (320,'2013-02-05','cwajg');
insert into Hospital.Consulted(employee_number,certification_no,patient_registration_no,date_of_visit) values(12,12112233,320,'2013-02-05');
insert into Hospital.Treated_by(patient_registration_no,date_of_visit,employee_number,treatment) values(320,2013-02-05,281);
insert into Hospital.Prescribed(product_id,patient_registration_no,date_of_visit) values (137,320,'2013-02-05');
insert into Hospital.Visitation(patient_registration_no,date_of_visit,diagnosis) values (320,'2013-10-08','uczgg');
insert into Hospital.Consulted(employee_number,certification_no,patient_registration_no,date_of_visit) values(299,299112233,320,'2013-10-08');
insert into Hospital.Treated_by(patient_registration_no,date_of_visit,employee_number,treatment) values(320,2013-10-08,88);
insert into Hospital.Prescribed(product_id,patient_registration_no,date_of_visit) values (148,320,'2013-10-08');
insert into Hospital.Visitation(patient_registration_no,date_of_visit,diagnosis) values (320,'2013-10-15','gmlox');
insert into Hospital.Consulted(employee_number,certification_no,patient_registration_no,date_of_visit) values(271,271112233,320,'2013-10-15');
insert into Hospital.Treated_by(patient_registration_no,date_of_visit,employee_number,treatment) values(320,2013-10-15,172);
insert into Hospital.Prescribed(product_id,patient_registration_no,date_of_visit) values (10,320,'2013-10-15');
insert into Hospital.Visitation(patient_registration_no,date_of_visit,diagnosis) values (320,'2013-06-18','joyuj');
insert into Hospital.Consulted(employee_number,certification_no,patient_registration_no,date_of_visit) values(287,287112233,320,'2013-06-18');
insert into Hospital.Treated_by(patient_registration_no,date_of_visit,employee_number,treatment) values(320,2013-06-18,277);
insert into Hospital.Prescribed(product_id,patient_registration_no,date_of_visit) values (148,320,'2013-06-18');
insert into Hospital.Patient (patient_registration_no, name, ssn, address,contact_no,emergency_contact_no) values ( 320,'syixe',787044579,'hntbv',59990073,13776421);
insert into Hospital.Belongs_to(employee_number,department_id) values (320,2);
insert into Hospital.Pharmaceutical_product(product_id,cost,manufacturer) values(321,465.40424096101447,'aqaql');
insert into Hospital.Batch(batch_id,manufacture_date,expiry_date) values (321,'2013-01-08','2013-07-10');
insert into Hospital.Production(product_id,batch_id) values (321,321);
insert into Hospital.Batch(batch_id,manufacture_date,expiry_date) values (322,'2013-01-08','2013-07-10');
insert into Hospital.Production(product_id,batch_id) values (321,322);
insert into Hospital.Batch(batch_id,manufacture_date,expiry_date) values (323,'2013-01-08','2013-07-10');
insert into Hospital.Production(product_id,batch_id) values (321,323);
insert into Hospital.Batch(batch_id,manufacture_date,expiry_date) values (324,'2013-01-08','2013-07-10');
insert into Hospital.Production(product_id,batch_id) values (321,324);
insert into Hospital.Batch(batch_id,manufacture_date,expiry_date) values (325,'2013-01-08','2013-07-10');
insert into Hospital.Production(product_id,batch_id) values (321,325);
insert into Hospital.Employees (employee_number, name, location, ssn, home_address,phone_number,designation) values ( 321,'hhtex','dwarnypykeajgok',27138605,'ibjud',82477048,'Doctor');
insert into Hospital.Visitation(patient_registration_no,date_of_visit,diagnosis) values (321,'2013-08-31','niemr');
insert into Hospital.Consulted(employee_number,certification_no,patient_registration_no,date_of_visit) values(92,92112233,321,'2013-08-31');
insert into Hospital.Treated_by(patient_registration_no,date_of_visit,employee_number,treatment) values(321,2013-08-31,143);
insert into Hospital.Prescribed(product_id,patient_registration_no,date_of_visit) values (70,321,'2013-08-31');
insert into Hospital.Visitation(patient_registration_no,date_of_visit,diagnosis) values (321,'2013-07-15','fkurh');
insert into Hospital.Consulted(employee_number,certification_no,patient_registration_no,date_of_visit) values(58,58112233,321,'2013-07-15');
insert into Hospital.Treated_by(patient_registration_no,date_of_visit,employee_number,treatment) values(321,2013-07-15,281);
insert into Hospital.Prescribed(product_id,patient_registration_no,date_of_visit) values (28,321,'2013-07-15');
insert into Hospital.Visitation(patient_registration_no,date_of_visit,diagnosis) values (321,'2013-02-23','bbjhf');
insert into Hospital.Consulted(employee_number,certification_no,patient_registration_no,date_of_visit) values(21,21112233,321,'2013-02-23');
insert into Hospital.Treated_by(patient_registration_no,date_of_visit,employee_number,treatment) values(321,2013-02-23,28);
insert into Hospital.Prescribed(product_id,patient_registration_no,date_of_visit) values (123,321,'2013-02-23');
insert into Hospital.Visitation(patient_registration_no,date_of_visit,diagnosis) values (321,'2013-10-01','gbevv');
insert into Hospital.Consulted(employee_number,certification_no,patient_registration_no,date_of_visit) values(85,85112233,321,'2013-10-01');
insert into Hospital.Treated_by(patient_registration_no,date_of_visit,employee_number,treatment) values(321,2013-10-01,203);
insert into Hospital.Prescribed(product_id,patient_registration_no,date_of_visit) values (155,321,'2013-10-01');
insert into Hospital.Visitation(patient_registration_no,date_of_visit,diagnosis) values (321,'2013-04-05','ticsw');
insert into Hospital.Consulted(employee_number,certification_no,patient_registration_no,date_of_visit) values(216,216112233,321,'2013-04-05');
insert into Hospital.Treated_by(patient_registration_no,date_of_visit,employee_number,treatment) values(321,2013-04-05,134);
insert into Hospital.Prescribed(product_id,patient_registration_no,date_of_visit) values (215,321,'2013-04-05');
insert into Hospital.Patient (patient_registration_no, name, ssn, address,contact_no,emergency_contact_no) values ( 321,'fyiwf',916346745,'tjjbv',26689213,18423644);
insert into Hospital.Physician (employee_number, certification_no,specialization) values ( 321,321112233,'Anesthesiology');
insert into Hospital.Belongs_to(employee_number,department_id) values (321,1);
insert into Hospital.Pharmaceutical_product(product_id,cost,manufacturer) values(322,25.691454362658344,'owjde');
insert into Hospital.Medicine(product_id,medicine_name,dosage) values (322,'wobum','peyff');
insert into Hospital.Employees (employee_number, name, location, ssn, home_address,phone_number,designation) values ( 322,'zpzxd','phszeythapryuuq',548059579,'uhyie',45812733,'Radiology');
insert into Hospital.Visitation(patient_registration_no,date_of_visit,diagnosis) values (322,'2013-01-01','gktrw');
insert into Hospital.Consulted(employee_number,certification_no,patient_registration_no,date_of_visit) values(321,321112233,322,'2013-01-01');
insert into Hospital.Treated_by(patient_registration_no,date_of_visit,employee_number,treatment) values(322,2013-01-01,312);
insert into Hospital.Prescribed(product_id,patient_registration_no,date_of_visit) values (118,322,'2013-01-01');
insert into Hospital.Visitation(patient_registration_no,date_of_visit,diagnosis) values (322,'2013-02-05','agjon');
insert into Hospital.Consulted(employee_number,certification_no,patient_registration_no,date_of_visit) values(41,41112233,322,'2013-02-05');
insert into Hospital.Treated_by(patient_registration_no,date_of_visit,employee_number,treatment) values(322,2013-02-05,273);
insert into Hospital.Prescribed(product_id,patient_registration_no,date_of_visit) values (99,322,'2013-02-05');
insert into Hospital.Visitation(patient_registration_no,date_of_visit,diagnosis) values (322,'2013-04-05','tuuqd');
insert into Hospital.Consulted(employee_number,certification_no,patient_registration_no,date_of_visit) values(111,111112233,322,'2013-04-05');
insert into Hospital.Treated_by(patient_registration_no,date_of_visit,employee_number,treatment) values(322,2013-04-05,248);
insert into Hospital.Prescribed(product_id,patient_registration_no,date_of_visit) values (206,322,'2013-04-05');
insert into Hospital.Visitation(patient_registration_no,date_of_visit,diagnosis) values (322,'2013-03-26','dhetl');
insert into Hospital.Consulted(employee_number,certification_no,patient_registration_no,date_of_visit) values(151,151112233,322,'2013-03-26');
insert into Hospital.Treated_by(patient_registration_no,date_of_visit,employee_number,treatment) values(322,2013-03-26,0);
insert into Hospital.Prescribed(product_id,patient_registration_no,date_of_visit) values (263,322,'2013-03-26');
insert into Hospital.Visitation(patient_registration_no,date_of_visit,diagnosis) values (322,'2013-03-13','dsfrv');
insert into Hospital.Consulted(employee_number,certification_no,patient_registration_no,date_of_visit) values(6,6112233,322,'2013-03-13');
insert into Hospital.Treated_by(patient_registration_no,date_of_visit,employee_number,treatment) values(322,2013-03-13,277);
insert into Hospital.Prescribed(product_id,patient_registration_no,date_of_visit) values (187,322,'2013-03-13');
insert into Hospital.Patient (patient_registration_no, name, ssn, address,contact_no,emergency_contact_no) values ( 322,'cqhuc',287935090,'kvckb',56861704,19020936);
insert into Hospital.Takes (employee_number,shift_name ) values ( 322,'night');
insert into Hospital.Belongs_to(employee_number,department_id) values (322,3);
insert into Hospital.Pharmaceutical_product(product_id,cost,manufacturer) values(323,661.1424892214084,'ynfal');
insert into Hospital.Batch(batch_id,manufacture_date,expiry_date) values (323,'2013-01-11','2013-10-23');
insert into Hospital.Production(product_id,batch_id) values (323,323);
insert into Hospital.Batch(batch_id,manufacture_date,expiry_date) values (324,'2013-01-11','2013-10-23');
insert into Hospital.Production(product_id,batch_id) values (323,324);
insert into Hospital.Batch(batch_id,manufacture_date,expiry_date) values (325,'2013-01-11','2013-10-23');
insert into Hospital.Production(product_id,batch_id) values (323,325);
insert into Hospital.Batch(batch_id,manufacture_date,expiry_date) values (326,'2013-01-11','2013-10-23');
insert into Hospital.Production(product_id,batch_id) values (323,326);
insert into Hospital.Batch(batch_id,manufacture_date,expiry_date) values (327,'2013-01-11','2013-10-23');
insert into Hospital.Production(product_id,batch_id) values (323,327);
insert into Hospital.Employees (employee_number, name, location, ssn, home_address,phone_number,designation) values ( 323,'wtywe','lzlwaacwzminrpp',284536942,'mkbsl',95086305,'Administration');
insert into Hospital.Visitation(patient_registration_no,date_of_visit,diagnosis) values (323,'2013-06-05','icbpk');
insert into Hospital.Consulted(employee_number,certification_no,patient_registration_no,date_of_visit) values(44,44112233,323,'2013-06-05');
insert into Hospital.Treated_by(patient_registration_no,date_of_visit,employee_number,treatment) values(323,2013-06-05,126);
insert into Hospital.Prescribed(product_id,patient_registration_no,date_of_visit) values (222,323,'2013-06-05');
insert into Hospital.Visitation(patient_registration_no,date_of_visit,diagnosis) values (323,'2013-05-01','cjupr');
insert into Hospital.Consulted(employee_number,certification_no,patient_registration_no,date_of_visit) values(58,58112233,323,'2013-05-01');
insert into Hospital.Treated_by(patient_registration_no,date_of_visit,employee_number,treatment) values(323,2013-05-01,103);
insert into Hospital.Prescribed(product_id,patient_registration_no,date_of_visit) values (187,323,'2013-05-01');
insert into Hospital.Visitation(patient_registration_no,date_of_visit,diagnosis) values (323,'2013-01-27','zavll');
insert into Hospital.Consulted(employee_number,certification_no,patient_registration_no,date_of_visit) values(13,13112233,323,'2013-01-27');
insert into Hospital.Treated_by(patient_registration_no,date_of_visit,employee_number,treatment) values(323,2013-01-27,28);
insert into Hospital.Prescribed(product_id,patient_registration_no,date_of_visit) values (210,323,'2013-01-27');
insert into Hospital.Visitation(patient_registration_no,date_of_visit,diagnosis) values (323,'2013-04-12','nybwf');
insert into Hospital.Consulted(employee_number,certification_no,patient_registration_no,date_of_visit) values(319,319112233,323,'2013-04-12');
insert into Hospital.Treated_by(patient_registration_no,date_of_visit,employee_number,treatment) values(323,2013-04-12,115);
insert into Hospital.Prescribed(product_id,patient_registration_no,date_of_visit) values (307,323,'2013-04-12');
insert into Hospital.Visitation(patient_registration_no,date_of_visit,diagnosis) values (323,'2013-04-20','zejdh');
insert into Hospital.Consulted(employee_number,certification_no,patient_registration_no,date_of_visit) values(253,253112233,323,'2013-04-20');
insert into Hospital.Treated_by(patient_registration_no,date_of_visit,employee_number,treatment) values(323,2013-04-20,209);
insert into Hospital.Prescribed(product_id,patient_registration_no,date_of_visit) values (232,323,'2013-04-20');
insert into Hospital.Patient (patient_registration_no, name, ssn, address,contact_no,emergency_contact_no) values ( 323,'mdkzd',596482472,'lbley',32807888,91107865);
insert into Hospital.Belongs_to(employee_number,department_id) values (323,2);
insert into Hospital.Pharmaceutical_product(product_id,cost,manufacturer) values(324,856.4492764184465,'kowib');
insert into Hospital.Batch(batch_id,manufacture_date,expiry_date) values (324,'2013-03-12','2013-05-03');
insert into Hospital.Production(product_id,batch_id) values (324,324);
insert into Hospital.Batch(batch_id,manufacture_date,expiry_date) values (325,'2013-03-12','2013-05-03');
insert into Hospital.Production(product_id,batch_id) values (324,325);
insert into Hospital.Batch(batch_id,manufacture_date,expiry_date) values (326,'2013-03-12','2013-05-03');
insert into Hospital.Production(product_id,batch_id) values (324,326);
insert into Hospital.Batch(batch_id,manufacture_date,expiry_date) values (327,'2013-03-12','2013-05-03');
insert into Hospital.Production(product_id,batch_id) values (324,327);
insert into Hospital.Batch(batch_id,manufacture_date,expiry_date) values (328,'2013-03-12','2013-05-03');
insert into Hospital.Production(product_id,batch_id) values (324,328);
insert into Hospital.Employees (employee_number, name, location, ssn, home_address,phone_number,designation) values ( 324,'gqgka','phwuoojmkmodtmo',809149910,'ovtiy',30361511,'Nurse');
insert into Hospital.Visitation(patient_registration_no,date_of_visit,diagnosis) values (324,'2013-02-13','bguem');
insert into Hospital.Consulted(employee_number,certification_no,patient_registration_no,date_of_visit) values(245,245112233,324,'2013-02-13');
insert into Hospital.Treated_by(patient_registration_no,date_of_visit,employee_number,treatment) values(324,2013-02-13,315);
insert into Hospital.Prescribed(product_id,patient_registration_no,date_of_visit) values (82,324,'2013-02-13');
insert into Hospital.Visitation(patient_registration_no,date_of_visit,diagnosis) values (324,'2013-02-23','yjdel');
insert into Hospital.Consulted(employee_number,certification_no,patient_registration_no,date_of_visit) values(8,8112233,324,'2013-02-23');
insert into Hospital.Treated_by(patient_registration_no,date_of_visit,employee_number,treatment) values(324,2013-02-23,129);
insert into Hospital.Prescribed(product_id,patient_registration_no,date_of_visit) values (118,324,'2013-02-23');
insert into Hospital.Visitation(patient_registration_no,date_of_visit,diagnosis) values (324,'2013-05-24','ufdgu');
insert into Hospital.Consulted(employee_number,certification_no,patient_registration_no,date_of_visit) values(166,166112233,324,'2013-05-24');
insert into Hospital.Treated_by(patient_registration_no,date_of_visit,employee_number,treatment) values(324,2013-05-24,322);
insert into Hospital.Prescribed(product_id,patient_registration_no,date_of_visit) values (73,324,'2013-05-24');
insert into Hospital.Visitation(patient_registration_no,date_of_visit,diagnosis) values (324,'2013-10-18','tbvnb');
insert into Hospital.Consulted(employee_number,certification_no,patient_registration_no,date_of_visit) values(12,12112233,324,'2013-10-18');
insert into Hospital.Treated_by(patient_registration_no,date_of_visit,employee_number,treatment) values(324,2013-10-18,88);
insert into Hospital.Prescribed(product_id,patient_registration_no,date_of_visit) values (182,324,'2013-10-18');
insert into Hospital.Visitation(patient_registration_no,date_of_visit,diagnosis) values (324,'2013-06-18','yegeg');
insert into Hospital.Consulted(employee_number,certification_no,patient_registration_no,date_of_visit) values(13,13112233,324,'2013-06-18');
insert into Hospital.Treated_by(patient_registration_no,date_of_visit,employee_number,treatment) values(324,2013-06-18,71);
insert into Hospital.Prescribed(product_id,patient_registration_no,date_of_visit) values (217,324,'2013-06-18');
insert into Hospital.Patient (patient_registration_no, name, ssn, address,contact_no,emergency_contact_no) values ( 324,'ikdvw',591131167,'xhblr',68672924,77213405);
insert into Hospital.Takes (employee_number,shift_name ) values ( 324,'morning');
insert into Hospital.Belongs_to(employee_number,department_id) values (324,3);
insert into Hospital.Pharmaceutical_product(product_id,cost,manufacturer) values(325,553.7594018877056,'xstuy');
insert into Hospital.Batch(batch_id,manufacture_date,expiry_date) values (325,'2013-02-10','2013-05-04');
insert into Hospital.Production(product_id,batch_id) values (325,325);
insert into Hospital.Batch(batch_id,manufacture_date,expiry_date) values (326,'2013-02-10','2013-05-04');
insert into Hospital.Production(product_id,batch_id) values (325,326);
insert into Hospital.Batch(batch_id,manufacture_date,expiry_date) values (327,'2013-02-10','2013-05-04');
insert into Hospital.Production(product_id,batch_id) values (325,327);
insert into Hospital.Batch(batch_id,manufacture_date,expiry_date) values (328,'2013-02-10','2013-05-04');
insert into Hospital.Production(product_id,batch_id) values (325,328);
insert into Hospital.Batch(batch_id,manufacture_date,expiry_date) values (329,'2013-02-10','2013-05-04');
insert into Hospital.Production(product_id,batch_id) values (325,329);
insert into Hospital.Employees (employee_number, name, location, ssn, home_address,phone_number,designation) values ( 325,'pqfny','bcrbgodoipqgsmi',783342217,'bmylj',48548177,'Radiology');
insert into Hospital.Visitation(patient_registration_no,date_of_visit,diagnosis) values (325,'2013-01-14','euufj');
insert into Hospital.Consulted(employee_number,certification_no,patient_registration_no,date_of_visit) values(137,137112233,325,'2013-01-14');
insert into Hospital.Treated_by(patient_registration_no,date_of_visit,employee_number,treatment) values(325,2013-01-14,63);
insert into Hospital.Prescribed(product_id,patient_registration_no,date_of_visit) values (153,325,'2013-01-14');
insert into Hospital.Visitation(patient_registration_no,date_of_visit,diagnosis) values (325,'2013-01-28','kyunp');
insert into Hospital.Consulted(employee_number,certification_no,patient_registration_no,date_of_visit) values(232,232112233,325,'2013-01-28');
insert into Hospital.Treated_by(patient_registration_no,date_of_visit,employee_number,treatment) values(325,2013-01-28,91);
insert into Hospital.Prescribed(product_id,patient_registration_no,date_of_visit) values (28,325,'2013-01-28');
insert into Hospital.Visitation(patient_registration_no,date_of_visit,diagnosis) values (325,'2013-09-04','dieco');
insert into Hospital.Consulted(employee_number,certification_no,patient_registration_no,date_of_visit) values(258,258112233,325,'2013-09-04');
insert into Hospital.Treated_by(patient_registration_no,date_of_visit,employee_number,treatment) values(325,2013-09-04,281);
insert into Hospital.Prescribed(product_id,patient_registration_no,date_of_visit) values (146,325,'2013-09-04');
insert into Hospital.Visitation(patient_registration_no,date_of_visit,diagnosis) values (325,'2013-09-02','cncse');
insert into Hospital.Consulted(employee_number,certification_no,patient_registration_no,date_of_visit) values(193,193112233,325,'2013-09-02');
insert into Hospital.Treated_by(patient_registration_no,date_of_visit,employee_number,treatment) values(325,2013-09-02,28);
insert into Hospital.Prescribed(product_id,patient_registration_no,date_of_visit) values (19,325,'2013-09-02');
insert into Hospital.Visitation(patient_registration_no,date_of_visit,diagnosis) values (325,'2013-10-07','jmkia');
insert into Hospital.Consulted(employee_number,certification_no,patient_registration_no,date_of_visit) values(58,58112233,325,'2013-10-07');
insert into Hospital.Treated_by(patient_registration_no,date_of_visit,employee_number,treatment) values(325,2013-10-07,203);
insert into Hospital.Prescribed(product_id,patient_registration_no,date_of_visit) values (288,325,'2013-10-07');
insert into Hospital.Patient (patient_registration_no, name, ssn, address,contact_no,emergency_contact_no) values ( 325,'klcbs',295687434,'orltf',56905580,81195933);
insert into Hospital.Takes (employee_number,shift_name ) values ( 325,'evening');
insert into Hospital.Belongs_to(employee_number,department_id) values (325,3);
insert into Hospital.Pharmaceutical_product(product_id,cost,manufacturer) values(326,320.58466951578276,'auxzb');
insert into Hospital.Batch(batch_id,manufacture_date,expiry_date) values (326,'2013-01-17','2013-07-25');
insert into Hospital.Production(product_id,batch_id) values (326,326);
insert into Hospital.Batch(batch_id,manufacture_date,expiry_date) values (327,'2013-01-17','2013-07-25');
insert into Hospital.Production(product_id,batch_id) values (326,327);
insert into Hospital.Batch(batch_id,manufacture_date,expiry_date) values (328,'2013-01-17','2013-07-25');
insert into Hospital.Production(product_id,batch_id) values (326,328);
insert into Hospital.Batch(batch_id,manufacture_date,expiry_date) values (329,'2013-01-17','2013-07-25');
insert into Hospital.Production(product_id,batch_id) values (326,329);
insert into Hospital.Batch(batch_id,manufacture_date,expiry_date) values (330,'2013-01-17','2013-07-25');
insert into Hospital.Production(product_id,batch_id) values (326,330);
insert into Hospital.Employees (employee_number, name, location, ssn, home_address,phone_number,designation) values ( 326,'rluvq','ssywrgpifycewgc',19317222,'eylpw',76859967,'Doctor');
insert into Hospital.Visitation(patient_registration_no,date_of_visit,diagnosis) values (326,'2013-10-23','fqtxm');
insert into Hospital.Consulted(employee_number,certification_no,patient_registration_no,date_of_visit) values(286,286112233,326,'2013-10-23');
insert into Hospital.Treated_by(patient_registration_no,date_of_visit,employee_number,treatment) values(326,2013-10-23,76);
insert into Hospital.Prescribed(product_id,patient_registration_no,date_of_visit) values (210,326,'2013-10-23');
insert into Hospital.Visitation(patient_registration_no,date_of_visit,diagnosis) values (326,'2013-07-03','ffgft');
insert into Hospital.Consulted(employee_number,certification_no,patient_registration_no,date_of_visit) values(110,110112233,326,'2013-07-03');
insert into Hospital.Treated_by(patient_registration_no,date_of_visit,employee_number,treatment) values(326,2013-07-03,195);
insert into Hospital.Prescribed(product_id,patient_registration_no,date_of_visit) values (15,326,'2013-07-03');
insert into Hospital.Visitation(patient_registration_no,date_of_visit,diagnosis) values (326,'2013-05-02','sklnp');
insert into Hospital.Consulted(employee_number,certification_no,patient_registration_no,date_of_visit) values(37,37112233,326,'2013-05-02');
insert into Hospital.Treated_by(patient_registration_no,date_of_visit,employee_number,treatment) values(326,2013-05-02,91);
insert into Hospital.Prescribed(product_id,patient_registration_no,date_of_visit) values (146,326,'2013-05-02');
insert into Hospital.Visitation(patient_registration_no,date_of_visit,diagnosis) values (326,'2013-07-10','dihuz');
insert into Hospital.Consulted(employee_number,certification_no,patient_registration_no,date_of_visit) values(66,66112233,326,'2013-07-10');
insert into Hospital.Treated_by(patient_registration_no,date_of_visit,employee_number,treatment) values(326,2013-07-10,277);
insert into Hospital.Prescribed(product_id,patient_registration_no,date_of_visit) values (281,326,'2013-07-10');
insert into Hospital.Visitation(patient_registration_no,date_of_visit,diagnosis) values (326,'2013-09-01','fmdim');
insert into Hospital.Consulted(employee_number,certification_no,patient_registration_no,date_of_visit) values(232,232112233,326,'2013-09-01');
insert into Hospital.Treated_by(patient_registration_no,date_of_visit,employee_number,treatment) values(326,2013-09-01,63);
insert into Hospital.Prescribed(product_id,patient_registration_no,date_of_visit) values (51,326,'2013-09-01');
insert into Hospital.Patient (patient_registration_no, name, ssn, address,contact_no,emergency_contact_no) values ( 326,'jrctq',519590253,'sdzop',27075789,82001560);
insert into Hospital.Physician (employee_number, certification_no,specialization) values ( 326,326112233,'Pediatrics');
insert into Hospital.Belongs_to(employee_number,department_id) values (326,1);
insert into Hospital.Pharmaceutical_product(product_id,cost,manufacturer) values(327,947.84251386723,'ysbxx');
insert into Hospital.Batch(batch_id,manufacture_date,expiry_date) values (327,'2013-02-02','2013-08-15');
insert into Hospital.Production(product_id,batch_id) values (327,327);
insert into Hospital.Batch(batch_id,manufacture_date,expiry_date) values (328,'2013-02-02','2013-08-15');
insert into Hospital.Production(product_id,batch_id) values (327,328);
insert into Hospital.Batch(batch_id,manufacture_date,expiry_date) values (329,'2013-02-02','2013-08-15');
insert into Hospital.Production(product_id,batch_id) values (327,329);
insert into Hospital.Batch(batch_id,manufacture_date,expiry_date) values (330,'2013-02-02','2013-08-15');
insert into Hospital.Production(product_id,batch_id) values (327,330);
insert into Hospital.Batch(batch_id,manufacture_date,expiry_date) values (331,'2013-02-02','2013-08-15');
insert into Hospital.Production(product_id,batch_id) values (327,331);
insert into Hospital.Medicine(product_id,medicine_name,dosage) values (327,'jzfzb','khzpk');
insert into Hospital.Employees (employee_number, name, location, ssn, home_address,phone_number,designation) values ( 327,'uimfk','uytovjfqxxvmuiy',344775957,'ryqap',83132995,'Nurse');
insert into Hospital.Visitation(patient_registration_no,date_of_visit,diagnosis) values (327,'2013-08-27','yddqx');
insert into Hospital.Consulted(employee_number,certification_no,patient_registration_no,date_of_visit) values(119,119112233,327,'2013-08-27');
insert into Hospital.Treated_by(patient_registration_no,date_of_visit,employee_number,treatment) values(327,2013-08-27,39);
insert into Hospital.Prescribed(product_id,patient_registration_no,date_of_visit) values (319,327,'2013-08-27');
insert into Hospital.Visitation(patient_registration_no,date_of_visit,diagnosis) values (327,'2013-09-17','qfxiz');
insert into Hospital.Consulted(employee_number,certification_no,patient_registration_no,date_of_visit) values(268,268112233,327,'2013-09-17');
insert into Hospital.Treated_by(patient_registration_no,date_of_visit,employee_number,treatment) values(327,2013-09-17,103);
insert into Hospital.Prescribed(product_id,patient_registration_no,date_of_visit) values (298,327,'2013-09-17');
insert into Hospital.Visitation(patient_registration_no,date_of_visit,diagnosis) values (327,'2013-03-01','lcryr');
insert into Hospital.Consulted(employee_number,certification_no,patient_registration_no,date_of_visit) values(8,8112233,327,'2013-03-01');
insert into Hospital.Treated_by(patient_registration_no,date_of_visit,employee_number,treatment) values(327,2013-03-01,204);
insert into Hospital.Prescribed(product_id,patient_registration_no,date_of_visit) values (302,327,'2013-03-01');
insert into Hospital.Visitation(patient_registration_no,date_of_visit,diagnosis) values (327,'2013-02-22','wcmch');
insert into Hospital.Consulted(employee_number,certification_no,patient_registration_no,date_of_visit) values(60,60112233,327,'2013-02-22');
insert into Hospital.Treated_by(patient_registration_no,date_of_visit,employee_number,treatment) values(327,2013-02-22,165);
insert into Hospital.Prescribed(product_id,patient_registration_no,date_of_visit) values (267,327,'2013-02-22');
insert into Hospital.Visitation(patient_registration_no,date_of_visit,diagnosis) values (327,'2013-01-13','ovnfj');
insert into Hospital.Consulted(employee_number,certification_no,patient_registration_no,date_of_visit) values(238,238112233,327,'2013-01-13');
insert into Hospital.Treated_by(patient_registration_no,date_of_visit,employee_number,treatment) values(327,2013-01-13,322);
insert into Hospital.Prescribed(product_id,patient_registration_no,date_of_visit) values (314,327,'2013-01-13');
insert into Hospital.Patient (patient_registration_no, name, ssn, address,contact_no,emergency_contact_no) values ( 327,'vpnvn',905647515,'vowhv',62247175,43265310);
insert into Hospital.Takes (employee_number,shift_name ) values ( 327,'morning');
insert into Hospital.Belongs_to(employee_number,department_id) values (327,3);
insert into Hospital.Pharmaceutical_product(product_id,cost,manufacturer) values(328,252.84853763086852,'eefhy');
insert into Hospital.Medicine(product_id,medicine_name,dosage) values (328,'vrqpo','fswqi');
insert into Hospital.Employees (employee_number, name, location, ssn, home_address,phone_number,designation) values ( 328,'haqyg','xnuzjzidvbrhfdz',356421818,'mnkvy',52433663,'Doctor');
insert into Hospital.Visitation(patient_registration_no,date_of_visit,diagnosis) values (328,'2013-09-18','xswwa');
insert into Hospital.Consulted(employee_number,certification_no,patient_registration_no,date_of_visit) values(299,299112233,328,'2013-09-18');
insert into Hospital.Treated_by(patient_registration_no,date_of_visit,employee_number,treatment) values(328,2013-09-18,64);
insert into Hospital.Prescribed(product_id,patient_registration_no,date_of_visit) values (98,328,'2013-09-18');
insert into Hospital.Visitation(patient_registration_no,date_of_visit,diagnosis) values (328,'2013-04-05','cgefs');
insert into Hospital.Consulted(employee_number,certification_no,patient_registration_no,date_of_visit) values(228,228112233,328,'2013-04-05');
insert into Hospital.Treated_by(patient_registration_no,date_of_visit,employee_number,treatment) values(328,2013-04-05,87);
insert into Hospital.Prescribed(product_id,patient_registration_no,date_of_visit) values (46,328,'2013-04-05');
insert into Hospital.Visitation(patient_registration_no,date_of_visit,diagnosis) values (328,'2013-07-30','irayk');
insert into Hospital.Consulted(employee_number,certification_no,patient_registration_no,date_of_visit) values(12,12112233,328,'2013-07-30');
insert into Hospital.Treated_by(patient_registration_no,date_of_visit,employee_number,treatment) values(328,2013-07-30,91);
insert into Hospital.Prescribed(product_id,patient_registration_no,date_of_visit) values (265,328,'2013-07-30');
insert into Hospital.Visitation(patient_registration_no,date_of_visit,diagnosis) values (328,'2013-06-09','xwelr');
insert into Hospital.Consulted(employee_number,certification_no,patient_registration_no,date_of_visit) values(113,113112233,328,'2013-06-09');
insert into Hospital.Treated_by(patient_registration_no,date_of_visit,employee_number,treatment) values(328,2013-06-09,125);
insert into Hospital.Prescribed(product_id,patient_registration_no,date_of_visit) values (87,328,'2013-06-09');
insert into Hospital.Visitation(patient_registration_no,date_of_visit,diagnosis) values (328,'2013-04-01','paawi');
insert into Hospital.Consulted(employee_number,certification_no,patient_registration_no,date_of_visit) values(6,6112233,328,'2013-04-01');
insert into Hospital.Treated_by(patient_registration_no,date_of_visit,employee_number,treatment) values(328,2013-04-01,30);
insert into Hospital.Prescribed(product_id,patient_registration_no,date_of_visit) values (34,328,'2013-04-01');
insert into Hospital.Patient (patient_registration_no, name, ssn, address,contact_no,emergency_contact_no) values ( 328,'rszun',253346802,'veduj',61591547,69595412);
insert into Hospital.Physician (employee_number, certification_no,specialization) values ( 328,328112233,'Dermatology');
insert into Hospital.Belongs_to(employee_number,department_id) values (328,1);
insert into Hospital.Pharmaceutical_product(product_id,cost,manufacturer) values(329,626.9775010515324,'xvzax');
insert into Hospital.Batch(batch_id,manufacture_date,expiry_date) values (329,'2013-01-10','2013-01-15');
insert into Hospital.Production(product_id,batch_id) values (329,329);
insert into Hospital.Batch(batch_id,manufacture_date,expiry_date) values (330,'2013-01-10','2013-01-15');
insert into Hospital.Production(product_id,batch_id) values (329,330);
insert into Hospital.Batch(batch_id,manufacture_date,expiry_date) values (331,'2013-01-10','2013-01-15');
insert into Hospital.Production(product_id,batch_id) values (329,331);
insert into Hospital.Batch(batch_id,manufacture_date,expiry_date) values (332,'2013-01-10','2013-01-15');
insert into Hospital.Production(product_id,batch_id) values (329,332);
insert into Hospital.Batch(batch_id,manufacture_date,expiry_date) values (333,'2013-01-10','2013-01-15');
insert into Hospital.Production(product_id,batch_id) values (329,333);
insert into Hospital.Employees (employee_number, name, location, ssn, home_address,phone_number,designation) values ( 329,'ouxhf','wzmjsmzuifcixig',281010218,'avoyh',45974142,'Administration');
insert into Hospital.Visitation(patient_registration_no,date_of_visit,diagnosis) values (329,'2013-04-17','ckeqz');
insert into Hospital.Consulted(employee_number,certification_no,patient_registration_no,date_of_visit) values(214,214112233,329,'2013-04-17');
insert into Hospital.Treated_by(patient_registration_no,date_of_visit,employee_number,treatment) values(329,2013-04-17,28);
insert into Hospital.Prescribed(product_id,patient_registration_no,date_of_visit) values (235,329,'2013-04-17');
insert into Hospital.Visitation(patient_registration_no,date_of_visit,diagnosis) values (329,'2013-08-22','igrah');
insert into Hospital.Consulted(employee_number,certification_no,patient_registration_no,date_of_visit) values(23,23112233,329,'2013-08-22');
insert into Hospital.Treated_by(patient_registration_no,date_of_visit,employee_number,treatment) values(329,2013-08-22,196);
insert into Hospital.Prescribed(product_id,patient_registration_no,date_of_visit) values (132,329,'2013-08-22');
insert into Hospital.Visitation(patient_registration_no,date_of_visit,diagnosis) values (329,'2013-02-10','cpkgv');
insert into Hospital.Consulted(employee_number,certification_no,patient_registration_no,date_of_visit) values(151,151112233,329,'2013-02-10');
insert into Hospital.Treated_by(patient_registration_no,date_of_visit,employee_number,treatment) values(329,2013-02-10,237);
insert into Hospital.Prescribed(product_id,patient_registration_no,date_of_visit) values (211,329,'2013-02-10');
insert into Hospital.Visitation(patient_registration_no,date_of_visit,diagnosis) values (329,'2013-03-30','gnozs');
insert into Hospital.Consulted(employee_number,certification_no,patient_registration_no,date_of_visit) values(45,45112233,329,'2013-03-30');
insert into Hospital.Treated_by(patient_registration_no,date_of_visit,employee_number,treatment) values(329,2013-03-30,0);
insert into Hospital.Prescribed(product_id,patient_registration_no,date_of_visit) values (293,329,'2013-03-30');
insert into Hospital.Visitation(patient_registration_no,date_of_visit,diagnosis) values (329,'2013-07-14','kamxv');
insert into Hospital.Consulted(employee_number,certification_no,patient_registration_no,date_of_visit) values(29,29112233,329,'2013-07-14');
insert into Hospital.Treated_by(patient_registration_no,date_of_visit,employee_number,treatment) values(329,2013-07-14,91);
insert into Hospital.Prescribed(product_id,patient_registration_no,date_of_visit) values (45,329,'2013-07-14');
insert into Hospital.Patient (patient_registration_no, name, ssn, address,contact_no,emergency_contact_no) values ( 329,'isosb',206024577,'euudx',57042141,66747769);
insert into Hospital.Belongs_to(employee_number,department_id) values (329,2);
insert into Hospital.Pharmaceutical_product(product_id,cost,manufacturer) values(330,936.2401113735364,'ysxrv');
insert into Hospital.Employees (employee_number, name, location, ssn, home_address,phone_number,designation) values ( 330,'mzcse','gyjwlplwfegrrgz',982279216,'zjwqz',23523799,'Administration');
insert into Hospital.Visitation(patient_registration_no,date_of_visit,diagnosis) values (330,'2013-10-18','uupfh');
insert into Hospital.Consulted(employee_number,certification_no,patient_registration_no,date_of_visit) values(85,85112233,330,'2013-10-18');
insert into Hospital.Treated_by(patient_registration_no,date_of_visit,employee_number,treatment) values(330,2013-10-18,134);
insert into Hospital.Prescribed(product_id,patient_registration_no,date_of_visit) values (171,330,'2013-10-18');
insert into Hospital.Visitation(patient_registration_no,date_of_visit,diagnosis) values (330,'2013-03-02','eaxah');
insert into Hospital.Consulted(employee_number,certification_no,patient_registration_no,date_of_visit) values(9,9112233,330,'2013-03-02');
insert into Hospital.Treated_by(patient_registration_no,date_of_visit,employee_number,treatment) values(330,2013-03-02,224);
insert into Hospital.Prescribed(product_id,patient_registration_no,date_of_visit) values (125,330,'2013-03-02');
insert into Hospital.Visitation(patient_registration_no,date_of_visit,diagnosis) values (330,'2013-02-26','qducq');
insert into Hospital.Consulted(employee_number,certification_no,patient_registration_no,date_of_visit) values(232,232112233,330,'2013-02-26');
insert into Hospital.Treated_by(patient_registration_no,date_of_visit,employee_number,treatment) values(330,2013-02-26,18);
insert into Hospital.Prescribed(product_id,patient_registration_no,date_of_visit) values (293,330,'2013-02-26');
insert into Hospital.Visitation(patient_registration_no,date_of_visit,diagnosis) values (330,'2013-05-01','oxffd');
insert into Hospital.Consulted(employee_number,certification_no,patient_registration_no,date_of_visit) values(113,113112233,330,'2013-05-01');
insert into Hospital.Treated_by(patient_registration_no,date_of_visit,employee_number,treatment) values(330,2013-05-01,48);
insert into Hospital.Prescribed(product_id,patient_registration_no,date_of_visit) values (73,330,'2013-05-01');
insert into Hospital.Visitation(patient_registration_no,date_of_visit,diagnosis) values (330,'2013-08-25','bgsui');
insert into Hospital.Consulted(employee_number,certification_no,patient_registration_no,date_of_visit) values(60,60112233,330,'2013-08-25');
insert into Hospital.Treated_by(patient_registration_no,date_of_visit,employee_number,treatment) values(330,2013-08-25,104);
insert into Hospital.Prescribed(product_id,patient_registration_no,date_of_visit) values (76,330,'2013-08-25');
insert into Hospital.Patient (patient_registration_no, name, ssn, address,contact_no,emergency_contact_no) values ( 330,'sjxqt',179228834,'aqqff',63520063,91476825);
insert into Hospital.Belongs_to(employee_number,department_id) values (330,2);
insert into Hospital.Pharmaceutical_product(product_id,cost,manufacturer) values(331,949.8190878746803,'uaceu');
insert into Hospital.Medicine(product_id,medicine_name,dosage) values (331,'utmvd','mkvzk');
insert into Hospital.Employees (employee_number, name, location, ssn, home_address,phone_number,designation) values ( 331,'pxtuc','wifvkfkmhaoduph',437052712,'yusvx',97055456,'Radiology');
insert into Hospital.Visitation(patient_registration_no,date_of_visit,diagnosis) values (331,'2013-10-06','rxdot');
insert into Hospital.Consulted(employee_number,certification_no,patient_registration_no,date_of_visit) values(197,197112233,331,'2013-10-06');
insert into Hospital.Treated_by(patient_registration_no,date_of_visit,employee_number,treatment) values(331,2013-10-06,189);
insert into Hospital.Prescribed(product_id,patient_registration_no,date_of_visit) values (160,331,'2013-10-06');
insert into Hospital.Visitation(patient_registration_no,date_of_visit,diagnosis) values (331,'2013-02-11','dkijx');
insert into Hospital.Consulted(employee_number,certification_no,patient_registration_no,date_of_visit) values(41,41112233,331,'2013-02-11');
insert into Hospital.Treated_by(patient_registration_no,date_of_visit,employee_number,treatment) values(331,2013-02-11,50);
insert into Hospital.Prescribed(product_id,patient_registration_no,date_of_visit) values (21,331,'2013-02-11');
insert into Hospital.Visitation(patient_registration_no,date_of_visit,diagnosis) values (331,'2013-05-14','fkgew');
insert into Hospital.Consulted(employee_number,certification_no,patient_registration_no,date_of_visit) values(23,23112233,331,'2013-05-14');
insert into Hospital.Treated_by(patient_registration_no,date_of_visit,employee_number,treatment) values(331,2013-05-14,153);
insert into Hospital.Prescribed(product_id,patient_registration_no,date_of_visit) values (90,331,'2013-05-14');
insert into Hospital.Visitation(patient_registration_no,date_of_visit,diagnosis) values (331,'2013-03-19','cdtly');
insert into Hospital.Consulted(employee_number,certification_no,patient_registration_no,date_of_visit) values(176,176112233,331,'2013-03-19');
insert into Hospital.Treated_by(patient_registration_no,date_of_visit,employee_number,treatment) values(331,2013-03-19,88);
insert into Hospital.Prescribed(product_id,patient_registration_no,date_of_visit) values (282,331,'2013-03-19');
insert into Hospital.Visitation(patient_registration_no,date_of_visit,diagnosis) values (331,'2013-01-02','qycgs');
insert into Hospital.Consulted(employee_number,certification_no,patient_registration_no,date_of_visit) values(214,214112233,331,'2013-01-02');
insert into Hospital.Treated_by(patient_registration_no,date_of_visit,employee_number,treatment) values(331,2013-01-02,277);
insert into Hospital.Prescribed(product_id,patient_registration_no,date_of_visit) values (98,331,'2013-01-02');
insert into Hospital.Patient (patient_registration_no, name, ssn, address,contact_no,emergency_contact_no) values ( 331,'wpwua',127728356,'fcmwr',22301065,82924491);
insert into Hospital.Takes (employee_number,shift_name ) values ( 331,'morning');
insert into Hospital.Belongs_to(employee_number,department_id) values (331,3);
insert into Hospital.Pharmaceutical_product(product_id,cost,manufacturer) values(332,962.2846709043014,'xztnd');
insert into Hospital.Employees (employee_number, name, location, ssn, home_address,phone_number,designation) values ( 332,'oxsup','zdomvvrjkrezvar',938326118,'navbt',87215140,'Administration');
insert into Hospital.Visitation(patient_registration_no,date_of_visit,diagnosis) values (332,'2013-04-01','rhbrg');
insert into Hospital.Consulted(employee_number,certification_no,patient_registration_no,date_of_visit) values(176,176112233,332,'2013-04-01');
insert into Hospital.Treated_by(patient_registration_no,date_of_visit,employee_number,treatment) values(332,2013-04-01,272);
insert into Hospital.Prescribed(product_id,patient_registration_no,date_of_visit) values (215,332,'2013-04-01');
insert into Hospital.Visitation(patient_registration_no,date_of_visit,diagnosis) values (332,'2013-01-10','ncveq');
insert into Hospital.Consulted(employee_number,certification_no,patient_registration_no,date_of_visit) values(44,44112233,332,'2013-01-10');
insert into Hospital.Treated_by(patient_registration_no,date_of_visit,employee_number,treatment) values(332,2013-01-10,325);
insert into Hospital.Prescribed(product_id,patient_registration_no,date_of_visit) values (197,332,'2013-01-10');
insert into Hospital.Visitation(patient_registration_no,date_of_visit,diagnosis) values (332,'2013-09-14','lxoeo');
insert into Hospital.Consulted(employee_number,certification_no,patient_registration_no,date_of_visit) values(58,58112233,332,'2013-09-14');
insert into Hospital.Treated_by(patient_registration_no,date_of_visit,employee_number,treatment) values(332,2013-09-14,277);
insert into Hospital.Prescribed(product_id,patient_registration_no,date_of_visit) values (295,332,'2013-09-14');
insert into Hospital.Visitation(patient_registration_no,date_of_visit,diagnosis) values (332,'2013-09-13','btgqc');
insert into Hospital.Consulted(employee_number,certification_no,patient_registration_no,date_of_visit) values(51,51112233,332,'2013-09-13');
insert into Hospital.Treated_by(patient_registration_no,date_of_visit,employee_number,treatment) values(332,2013-09-13,129);
insert into Hospital.Prescribed(product_id,patient_registration_no,date_of_visit) values (320,332,'2013-09-13');
insert into Hospital.Visitation(patient_registration_no,date_of_visit,diagnosis) values (332,'2013-03-21','cqouo');
insert into Hospital.Consulted(employee_number,certification_no,patient_registration_no,date_of_visit) values(258,258112233,332,'2013-03-21');
insert into Hospital.Treated_by(patient_registration_no,date_of_visit,employee_number,treatment) values(332,2013-03-21,71);
insert into Hospital.Prescribed(product_id,patient_registration_no,date_of_visit) values (18,332,'2013-03-21');
insert into Hospital.Patient (patient_registration_no, name, ssn, address,contact_no,emergency_contact_no) values ( 332,'ctrci',839553927,'aovog',82689825,28623346);
insert into Hospital.Belongs_to(employee_number,department_id) values (332,2);
insert into Hospital.Pharmaceutical_product(product_id,cost,manufacturer) values(333,78.49004946355082,'cwllo');
insert into Hospital.Batch(batch_id,manufacture_date,expiry_date) values (333,'2013-02-27','2013-03-27');
insert into Hospital.Production(product_id,batch_id) values (333,333);
insert into Hospital.Batch(batch_id,manufacture_date,expiry_date) values (334,'2013-02-27','2013-03-27');
insert into Hospital.Production(product_id,batch_id) values (333,334);
insert into Hospital.Batch(batch_id,manufacture_date,expiry_date) values (335,'2013-02-27','2013-03-27');
insert into Hospital.Production(product_id,batch_id) values (333,335);
insert into Hospital.Batch(batch_id,manufacture_date,expiry_date) values (336,'2013-02-27','2013-03-27');
insert into Hospital.Production(product_id,batch_id) values (333,336);
insert into Hospital.Batch(batch_id,manufacture_date,expiry_date) values (337,'2013-02-27','2013-03-27');
insert into Hospital.Production(product_id,batch_id) values (333,337);
insert into Hospital.Medicine(product_id,medicine_name,dosage) values (333,'lpcae','ubkjp');
insert into Hospital.Employees (employee_number, name, location, ssn, home_address,phone_number,designation) values ( 333,'apazn','jlkbznaufscbeei',492299776,'lciwq',44015019,'Nurse');
insert into Hospital.Visitation(patient_registration_no,date_of_visit,diagnosis) values (333,'2013-02-24','ufllw');
insert into Hospital.Consulted(employee_number,certification_no,patient_registration_no,date_of_visit) values(313,313112233,333,'2013-02-24');
insert into Hospital.Treated_by(patient_registration_no,date_of_visit,employee_number,treatment) values(333,2013-02-24,126);
insert into Hospital.Prescribed(product_id,patient_registration_no,date_of_visit) values (232,333,'2013-02-24');
insert into Hospital.Visitation(patient_registration_no,date_of_visit,diagnosis) values (333,'2013-08-07','kbocv');
insert into Hospital.Consulted(employee_number,certification_no,patient_registration_no,date_of_visit) values(34,34112233,333,'2013-08-07');
insert into Hospital.Treated_by(patient_registration_no,date_of_visit,employee_number,treatment) values(333,2013-08-07,49);
insert into Hospital.Prescribed(product_id,patient_registration_no,date_of_visit) values (112,333,'2013-08-07');
insert into Hospital.Visitation(patient_registration_no,date_of_visit,diagnosis) values (333,'2013-01-06','wwnyf');
insert into Hospital.Consulted(employee_number,certification_no,patient_registration_no,date_of_visit) values(44,44112233,333,'2013-01-06');
insert into Hospital.Treated_by(patient_registration_no,date_of_visit,employee_number,treatment) values(333,2013-01-06,281);
insert into Hospital.Prescribed(product_id,patient_registration_no,date_of_visit) values (84,333,'2013-01-06');
insert into Hospital.Visitation(patient_registration_no,date_of_visit,diagnosis) values (333,'2013-08-11','fujvo');
insert into Hospital.Consulted(employee_number,certification_no,patient_registration_no,date_of_visit) values(245,245112233,333,'2013-08-11');
insert into Hospital.Treated_by(patient_registration_no,date_of_visit,employee_number,treatment) values(333,2013-08-11,67);
insert into Hospital.Prescribed(product_id,patient_registration_no,date_of_visit) values (257,333,'2013-08-11');
insert into Hospital.Visitation(patient_registration_no,date_of_visit,diagnosis) values (333,'2013-02-26','bzlnz');
insert into Hospital.Consulted(employee_number,certification_no,patient_registration_no,date_of_visit) values(116,116112233,333,'2013-02-26');
insert into Hospital.Treated_by(patient_registration_no,date_of_visit,employee_number,treatment) values(333,2013-02-26,47);
insert into Hospital.Prescribed(product_id,patient_registration_no,date_of_visit) values (281,333,'2013-02-26');
insert into Hospital.Patient (patient_registration_no, name, ssn, address,contact_no,emergency_contact_no) values ( 333,'zlsuy',88861793,'rbexg',70982379,20801894);
insert into Hospital.Takes (employee_number,shift_name ) values ( 333,'evening');
insert into Hospital.Belongs_to(employee_number,department_id) values (333,3);
insert into Hospital.Pharmaceutical_product(product_id,cost,manufacturer) values(334,569.3013771752379,'jdwyc');
insert into Hospital.Batch(batch_id,manufacture_date,expiry_date) values (334,'2013-08-02','2013-10-19');
insert into Hospital.Production(product_id,batch_id) values (334,334);
insert into Hospital.Batch(batch_id,manufacture_date,expiry_date) values (335,'2013-08-02','2013-10-19');
insert into Hospital.Production(product_id,batch_id) values (334,335);
insert into Hospital.Batch(batch_id,manufacture_date,expiry_date) values (336,'2013-08-02','2013-10-19');
insert into Hospital.Production(product_id,batch_id) values (334,336);
insert into Hospital.Batch(batch_id,manufacture_date,expiry_date) values (337,'2013-08-02','2013-10-19');
insert into Hospital.Production(product_id,batch_id) values (334,337);
insert into Hospital.Batch(batch_id,manufacture_date,expiry_date) values (338,'2013-08-02','2013-10-19');
insert into Hospital.Production(product_id,batch_id) values (334,338);
insert into Hospital.Medicine(product_id,medicine_name,dosage) values (334,'pbfvi','bvlfr');
insert into Hospital.Employees (employee_number, name, location, ssn, home_address,phone_number,designation) values ( 334,'undba','qvutuxgpioeclty',997903514,'fctjb',27712060,'Administration');
insert into Hospital.Visitation(patient_registration_no,date_of_visit,diagnosis) values (334,'2013-03-25','hlpde');
insert into Hospital.Consulted(employee_number,certification_no,patient_registration_no,date_of_visit) values(23,23112233,334,'2013-03-25');
insert into Hospital.Treated_by(patient_registration_no,date_of_visit,employee_number,treatment) values(334,2013-03-25,64);
insert into Hospital.Prescribed(product_id,patient_registration_no,date_of_visit) values (210,334,'2013-03-25');
insert into Hospital.Visitation(patient_registration_no,date_of_visit,diagnosis) values (334,'2013-02-04','aljdz');
insert into Hospital.Consulted(employee_number,certification_no,patient_registration_no,date_of_visit) values(287,287112233,334,'2013-02-04');
insert into Hospital.Treated_by(patient_registration_no,date_of_visit,employee_number,treatment) values(334,2013-02-04,195);
insert into Hospital.Prescribed(product_id,patient_registration_no,date_of_visit) values (306,334,'2013-02-04');
insert into Hospital.Visitation(patient_registration_no,date_of_visit,diagnosis) values (334,'2013-05-05','elxsk');
insert into Hospital.Consulted(employee_number,certification_no,patient_registration_no,date_of_visit) values(297,297112233,334,'2013-05-05');
insert into Hospital.Treated_by(patient_registration_no,date_of_visit,employee_number,treatment) values(334,2013-05-05,129);
insert into Hospital.Prescribed(product_id,patient_registration_no,date_of_visit) values (76,334,'2013-05-05');
insert into Hospital.Visitation(patient_registration_no,date_of_visit,diagnosis) values (334,'2013-03-19','kgfgt');
insert into Hospital.Consulted(employee_number,certification_no,patient_registration_no,date_of_visit) values(9,9112233,334,'2013-03-19');
insert into Hospital.Treated_by(patient_registration_no,date_of_visit,employee_number,treatment) values(334,2013-03-19,81);
insert into Hospital.Prescribed(product_id,patient_registration_no,date_of_visit) values (220,334,'2013-03-19');
insert into Hospital.Visitation(patient_registration_no,date_of_visit,diagnosis) values (334,'2013-10-12','jgulf');
insert into Hospital.Consulted(employee_number,certification_no,patient_registration_no,date_of_visit) values(265,265112233,334,'2013-10-12');
insert into Hospital.Treated_by(patient_registration_no,date_of_visit,employee_number,treatment) values(334,2013-10-12,81);
insert into Hospital.Prescribed(product_id,patient_registration_no,date_of_visit) values (276,334,'2013-10-12');
insert into Hospital.Patient (patient_registration_no, name, ssn, address,contact_no,emergency_contact_no) values ( 334,'sfhop',823081929,'mmxvq',20064694,36738701);
insert into Hospital.Belongs_to(employee_number,department_id) values (334,2);
insert into Hospital.Pharmaceutical_product(product_id,cost,manufacturer) values(335,350.6165976023386,'zqdod');
insert into Hospital.Batch(batch_id,manufacture_date,expiry_date) values (335,'2013-09-17','2013-09-28');
insert into Hospital.Production(product_id,batch_id) values (335,335);
insert into Hospital.Batch(batch_id,manufacture_date,expiry_date) values (336,'2013-09-17','2013-09-28');
insert into Hospital.Production(product_id,batch_id) values (335,336);
insert into Hospital.Batch(batch_id,manufacture_date,expiry_date) values (337,'2013-09-17','2013-09-28');
insert into Hospital.Production(product_id,batch_id) values (335,337);
insert into Hospital.Batch(batch_id,manufacture_date,expiry_date) values (338,'2013-09-17','2013-09-28');
insert into Hospital.Production(product_id,batch_id) values (335,338);
insert into Hospital.Batch(batch_id,manufacture_date,expiry_date) values (339,'2013-09-17','2013-09-28');
insert into Hospital.Production(product_id,batch_id) values (335,339);
insert into Hospital.Employees (employee_number, name, location, ssn, home_address,phone_number,designation) values ( 335,'sbsmk','zgdnlexjhqhpapv',622775830,'ayapp',94012965,'Doctor');
insert into Hospital.Visitation(patient_registration_no,date_of_visit,diagnosis) values (335,'2013-04-07','vlupj');
insert into Hospital.Consulted(employee_number,certification_no,patient_registration_no,date_of_visit) values(43,43112233,335,'2013-04-07');
insert into Hospital.Treated_by(patient_registration_no,date_of_visit,employee_number,treatment) values(335,2013-04-07,203);
insert into Hospital.Prescribed(product_id,patient_registration_no,date_of_visit) values (289,335,'2013-04-07');
insert into Hospital.Visitation(patient_registration_no,date_of_visit,diagnosis) values (335,'2013-07-22','nxbyq');
insert into Hospital.Consulted(employee_number,certification_no,patient_registration_no,date_of_visit) values(275,275112233,335,'2013-07-22');
insert into Hospital.Treated_by(patient_registration_no,date_of_visit,employee_number,treatment) values(335,2013-07-22,169);
insert into Hospital.Prescribed(product_id,patient_registration_no,date_of_visit) values (224,335,'2013-07-22');
insert into Hospital.Visitation(patient_registration_no,date_of_visit,diagnosis) values (335,'2013-01-20','ugqsl');
insert into Hospital.Consulted(employee_number,certification_no,patient_registration_no,date_of_visit) values(242,242112233,335,'2013-01-20');
insert into Hospital.Treated_by(patient_registration_no,date_of_visit,employee_number,treatment) values(335,2013-01-20,28);
insert into Hospital.Prescribed(product_id,patient_registration_no,date_of_visit) values (307,335,'2013-01-20');
insert into Hospital.Visitation(patient_registration_no,date_of_visit,diagnosis) values (335,'2013-07-22','gktgo');
insert into Hospital.Consulted(employee_number,certification_no,patient_registration_no,date_of_visit) values(141,141112233,335,'2013-07-22');
insert into Hospital.Treated_by(patient_registration_no,date_of_visit,employee_number,treatment) values(335,2013-07-22,88);
insert into Hospital.Prescribed(product_id,patient_registration_no,date_of_visit) values (119,335,'2013-07-22');
insert into Hospital.Visitation(patient_registration_no,date_of_visit,diagnosis) values (335,'2013-03-07','tvaml');
insert into Hospital.Consulted(employee_number,certification_no,patient_registration_no,date_of_visit) values(41,41112233,335,'2013-03-07');
insert into Hospital.Treated_by(patient_registration_no,date_of_visit,employee_number,treatment) values(335,2013-03-07,237);
insert into Hospital.Prescribed(product_id,patient_registration_no,date_of_visit) values (249,335,'2013-03-07');
insert into Hospital.Patient (patient_registration_no, name, ssn, address,contact_no,emergency_contact_no) values ( 335,'etpdu',424376475,'kjxwx',66309287,95543080);
insert into Hospital.Physician (employee_number, certification_no,specialization) values ( 335,335112233,'Anesthesiology');
insert into Hospital.Belongs_to(employee_number,department_id) values (335,1);
insert into Hospital.Pharmaceutical_product(product_id,cost,manufacturer) values(336,893.8903006096209,'gpwex');
insert into Hospital.Employees (employee_number, name, location, ssn, home_address,phone_number,designation) values ( 336,'scdsd','ybcnpssfetxxfom',159241997,'wqvtd',83726212,'Radiology');
insert into Hospital.Visitation(patient_registration_no,date_of_visit,diagnosis) values (336,'2013-05-05','xjtov');
insert into Hospital.Consulted(employee_number,certification_no,patient_registration_no,date_of_visit) values(58,58112233,336,'2013-05-05');
insert into Hospital.Treated_by(patient_registration_no,date_of_visit,employee_number,treatment) values(336,2013-05-05,77);
insert into Hospital.Prescribed(product_id,patient_registration_no,date_of_visit) values (79,336,'2013-05-05');
insert into Hospital.Visitation(patient_registration_no,date_of_visit,diagnosis) values (336,'2013-10-18','dygrw');
insert into Hospital.Consulted(employee_number,certification_no,patient_registration_no,date_of_visit) values(130,130112233,336,'2013-10-18');
insert into Hospital.Treated_by(patient_registration_no,date_of_visit,employee_number,treatment) values(336,2013-10-18,164);
insert into Hospital.Prescribed(product_id,patient_registration_no,date_of_visit) values (270,336,'2013-10-18');
insert into Hospital.Visitation(patient_registration_no,date_of_visit,diagnosis) values (336,'2013-09-19','gntzb');
insert into Hospital.Consulted(employee_number,certification_no,patient_registration_no,date_of_visit) values(313,313112233,336,'2013-09-19');
insert into Hospital.Treated_by(patient_registration_no,date_of_visit,employee_number,treatment) values(336,2013-09-19,224);
insert into Hospital.Prescribed(product_id,patient_registration_no,date_of_visit) values (169,336,'2013-09-19');
insert into Hospital.Visitation(patient_registration_no,date_of_visit,diagnosis) values (336,'2013-06-25','xqxdd');
insert into Hospital.Consulted(employee_number,certification_no,patient_registration_no,date_of_visit) values(274,274112233,336,'2013-06-25');
insert into Hospital.Treated_by(patient_registration_no,date_of_visit,employee_number,treatment) values(336,2013-06-25,63);
insert into Hospital.Prescribed(product_id,patient_registration_no,date_of_visit) values (222,336,'2013-06-25');
insert into Hospital.Visitation(patient_registration_no,date_of_visit,diagnosis) values (336,'2013-04-26','afyhv');
insert into Hospital.Consulted(employee_number,certification_no,patient_registration_no,date_of_visit) values(34,34112233,336,'2013-04-26');
insert into Hospital.Treated_by(patient_registration_no,date_of_visit,employee_number,treatment) values(336,2013-04-26,172);
insert into Hospital.Prescribed(product_id,patient_registration_no,date_of_visit) values (149,336,'2013-04-26');
insert into Hospital.Patient (patient_registration_no, name, ssn, address,contact_no,emergency_contact_no) values ( 336,'gphqg',87544699,'ugpqs',95254331,74196872);
insert into Hospital.Takes (employee_number,shift_name ) values ( 336,'night');
insert into Hospital.Belongs_to(employee_number,department_id) values (336,3);
insert into Hospital.Pharmaceutical_product(product_id,cost,manufacturer) values(337,599.4993601859081,'zpbzx');
insert into Hospital.Employees (employee_number, name, location, ssn, home_address,phone_number,designation) values ( 337,'vdgmc','tcbqdmsgflcpsxl',201378169,'suxmr',67518184,'Doctor');
insert into Hospital.Visitation(patient_registration_no,date_of_visit,diagnosis) values (337,'2013-07-23','sailr');
insert into Hospital.Consulted(employee_number,certification_no,patient_registration_no,date_of_visit) values(184,184112233,337,'2013-07-23');
insert into Hospital.Treated_by(patient_registration_no,date_of_visit,employee_number,treatment) values(337,2013-07-23,294);
insert into Hospital.Prescribed(product_id,patient_registration_no,date_of_visit) values (82,337,'2013-07-23');
insert into Hospital.Visitation(patient_registration_no,date_of_visit,diagnosis) values (337,'2013-09-25','ltair');
insert into Hospital.Consulted(employee_number,certification_no,patient_registration_no,date_of_visit) values(302,302112233,337,'2013-09-25');
insert into Hospital.Treated_by(patient_registration_no,date_of_visit,employee_number,treatment) values(337,2013-09-25,83);
insert into Hospital.Prescribed(product_id,patient_registration_no,date_of_visit) values (334,337,'2013-09-25');
insert into Hospital.Visitation(patient_registration_no,date_of_visit,diagnosis) values (337,'2013-02-28','pykes');
insert into Hospital.Consulted(employee_number,certification_no,patient_registration_no,date_of_visit) values(21,21112233,337,'2013-02-28');
insert into Hospital.Treated_by(patient_registration_no,date_of_visit,employee_number,treatment) values(337,2013-02-28,189);
insert into Hospital.Prescribed(product_id,patient_registration_no,date_of_visit) values (125,337,'2013-02-28');
insert into Hospital.Visitation(patient_registration_no,date_of_visit,diagnosis) values (337,'2013-02-12','ntdmh');
insert into Hospital.Consulted(employee_number,certification_no,patient_registration_no,date_of_visit) values(21,21112233,337,'2013-02-12');
insert into Hospital.Treated_by(patient_registration_no,date_of_visit,employee_number,treatment) values(337,2013-02-12,204);
insert into Hospital.Prescribed(product_id,patient_registration_no,date_of_visit) values (210,337,'2013-02-12');
insert into Hospital.Visitation(patient_registration_no,date_of_visit,diagnosis) values (337,'2013-01-29','voyll');
insert into Hospital.Consulted(employee_number,certification_no,patient_registration_no,date_of_visit) values(279,279112233,337,'2013-01-29');
insert into Hospital.Treated_by(patient_registration_no,date_of_visit,employee_number,treatment) values(337,2013-01-29,39);
insert into Hospital.Prescribed(product_id,patient_registration_no,date_of_visit) values (311,337,'2013-01-29');
insert into Hospital.Patient (patient_registration_no, name, ssn, address,contact_no,emergency_contact_no) values ( 337,'oudrn',672928281,'gzsaw',33041074,54174175);
insert into Hospital.Physician (employee_number, certification_no,specialization) values ( 337,337112233,'Dermatology');
insert into Hospital.Belongs_to(employee_number,department_id) values (337,1);
insert into Hospital.Pharmaceutical_product(product_id,cost,manufacturer) values(338,232.58768514102604,'nbfgu');
insert into Hospital.Batch(batch_id,manufacture_date,expiry_date) values (338,'2013-04-03','2013-07-28');
insert into Hospital.Production(product_id,batch_id) values (338,338);
insert into Hospital.Batch(batch_id,manufacture_date,expiry_date) values (339,'2013-04-03','2013-07-28');
insert into Hospital.Production(product_id,batch_id) values (338,339);
insert into Hospital.Batch(batch_id,manufacture_date,expiry_date) values (340,'2013-04-03','2013-07-28');
insert into Hospital.Production(product_id,batch_id) values (338,340);
insert into Hospital.Batch(batch_id,manufacture_date,expiry_date) values (341,'2013-04-03','2013-07-28');
insert into Hospital.Production(product_id,batch_id) values (338,341);
insert into Hospital.Batch(batch_id,manufacture_date,expiry_date) values (342,'2013-04-03','2013-07-28');
insert into Hospital.Production(product_id,batch_id) values (338,342);
insert into Hospital.Medicine(product_id,medicine_name,dosage) values (338,'skeji','resti');
insert into Hospital.Employees (employee_number, name, location, ssn, home_address,phone_number,designation) values ( 338,'mmwru','eoatxpzchgeakjf',279413087,'yzxna',20934222,'Nurse');
insert into Hospital.Visitation(patient_registration_no,date_of_visit,diagnosis) values (338,'2013-07-21','gegvh');
insert into Hospital.Consulted(employee_number,certification_no,patient_registration_no,date_of_visit) values(193,193112233,338,'2013-07-21');
insert into Hospital.Treated_by(patient_registration_no,date_of_visit,employee_number,treatment) values(338,2013-07-21,237);
insert into Hospital.Prescribed(product_id,patient_registration_no,date_of_visit) values (320,338,'2013-07-21');
insert into Hospital.Visitation(patient_registration_no,date_of_visit,diagnosis) values (338,'2013-02-05','jhlki');
insert into Hospital.Consulted(employee_number,certification_no,patient_registration_no,date_of_visit) values(34,34112233,338,'2013-02-05');
insert into Hospital.Treated_by(patient_registration_no,date_of_visit,employee_number,treatment) values(338,2013-02-05,172);
insert into Hospital.Prescribed(product_id,patient_registration_no,date_of_visit) values (144,338,'2013-02-05');
insert into Hospital.Visitation(patient_registration_no,date_of_visit,diagnosis) values (338,'2013-02-12','hlogy');
insert into Hospital.Consulted(employee_number,certification_no,patient_registration_no,date_of_visit) values(6,6112233,338,'2013-02-12');
insert into Hospital.Treated_by(patient_registration_no,date_of_visit,employee_number,treatment) values(338,2013-02-12,101);
insert into Hospital.Prescribed(product_id,patient_registration_no,date_of_visit) values (226,338,'2013-02-12');
insert into Hospital.Visitation(patient_registration_no,date_of_visit,diagnosis) values (338,'2013-07-02','mvrqd');
insert into Hospital.Consulted(employee_number,certification_no,patient_registration_no,date_of_visit) values(216,216112233,338,'2013-07-02');
insert into Hospital.Treated_by(patient_registration_no,date_of_visit,employee_number,treatment) values(338,2013-07-02,30);
insert into Hospital.Prescribed(product_id,patient_registration_no,date_of_visit) values (314,338,'2013-07-02');
insert into Hospital.Visitation(patient_registration_no,date_of_visit,diagnosis) values (338,'2013-03-05','ksbvo');
insert into Hospital.Consulted(employee_number,certification_no,patient_registration_no,date_of_visit) values(319,319112233,338,'2013-03-05');
insert into Hospital.Treated_by(patient_registration_no,date_of_visit,employee_number,treatment) values(338,2013-03-05,30);
insert into Hospital.Prescribed(product_id,patient_registration_no,date_of_visit) values (305,338,'2013-03-05');
insert into Hospital.Patient (patient_registration_no, name, ssn, address,contact_no,emergency_contact_no) values ( 338,'znquc',362856576,'nosti',42980255,28373778);
insert into Hospital.Takes (employee_number,shift_name ) values ( 338,'evening');
insert into Hospital.Belongs_to(employee_number,department_id) values (338,3);
insert into Hospital.Pharmaceutical_product(product_id,cost,manufacturer) values(339,336.7573570978698,'mszlw');
insert into Hospital.Medicine(product_id,medicine_name,dosage) values (339,'uwsjx','djugs');
insert into Hospital.Employees (employee_number, name, location, ssn, home_address,phone_number,designation) values ( 339,'uuhaq','jpoibwjicxohjff',749997440,'ldmaq',67056678,'Administration');
insert into Hospital.Visitation(patient_registration_no,date_of_visit,diagnosis) values (339,'2013-09-10','nquff');
insert into Hospital.Consulted(employee_number,certification_no,patient_registration_no,date_of_visit) values(85,85112233,339,'2013-09-10');
insert into Hospital.Treated_by(patient_registration_no,date_of_visit,employee_number,treatment) values(339,2013-09-10,221);
insert into Hospital.Prescribed(product_id,patient_registration_no,date_of_visit) values (149,339,'2013-09-10');
insert into Hospital.Visitation(patient_registration_no,date_of_visit,diagnosis) values (339,'2013-04-10','hqexh');
insert into Hospital.Consulted(employee_number,certification_no,patient_registration_no,date_of_visit) values(128,128112233,339,'2013-04-10');
insert into Hospital.Treated_by(patient_registration_no,date_of_visit,employee_number,treatment) values(339,2013-04-10,129);
insert into Hospital.Prescribed(product_id,patient_registration_no,date_of_visit) values (41,339,'2013-04-10');
insert into Hospital.Visitation(patient_registration_no,date_of_visit,diagnosis) values (339,'2013-07-25','lrhig');
insert into Hospital.Consulted(employee_number,certification_no,patient_registration_no,date_of_visit) values(268,268112233,339,'2013-07-25');
insert into Hospital.Treated_by(patient_registration_no,date_of_visit,employee_number,treatment) values(339,2013-07-25,189);
insert into Hospital.Prescribed(product_id,patient_registration_no,date_of_visit) values (230,339,'2013-07-25');
insert into Hospital.Visitation(patient_registration_no,date_of_visit,diagnosis) values (339,'2013-06-07','gkaux');
insert into Hospital.Consulted(employee_number,certification_no,patient_registration_no,date_of_visit) values(94,94112233,339,'2013-06-07');
insert into Hospital.Treated_by(patient_registration_no,date_of_visit,employee_number,treatment) values(339,2013-06-07,261);
insert into Hospital.Prescribed(product_id,patient_registration_no,date_of_visit) values (215,339,'2013-06-07');
insert into Hospital.Visitation(patient_registration_no,date_of_visit,diagnosis) values (339,'2013-01-01','ijquu');
insert into Hospital.Consulted(employee_number,certification_no,patient_registration_no,date_of_visit) values(274,274112233,339,'2013-01-01');
insert into Hospital.Treated_by(patient_registration_no,date_of_visit,employee_number,treatment) values(339,2013-01-01,49);
insert into Hospital.Prescribed(product_id,patient_registration_no,date_of_visit) values (331,339,'2013-01-01');
insert into Hospital.Patient (patient_registration_no, name, ssn, address,contact_no,emergency_contact_no) values ( 339,'lghbd',417608376,'aqank',15228440,47902483);
insert into Hospital.Belongs_to(employee_number,department_id) values (339,2);
insert into Hospital.Pharmaceutical_product(product_id,cost,manufacturer) values(340,871.3337500224308,'kuifm');
insert into Hospital.Medicine(product_id,medicine_name,dosage) values (340,'kjtiq','ohsyi');
insert into Hospital.Employees (employee_number, name, location, ssn, home_address,phone_number,designation) values ( 340,'gidgm','mvqendduumspwmw',118614809,'aqeqg',16952007,'Radiology');
insert into Hospital.Visitation(patient_registration_no,date_of_visit,diagnosis) values (340,'2013-01-11','hbwzq');
insert into Hospital.Consulted(employee_number,certification_no,patient_registration_no,date_of_visit) values(2,2112233,340,'2013-01-11');
insert into Hospital.Treated_by(patient_registration_no,date_of_visit,employee_number,treatment) values(340,2013-01-11,96);
insert into Hospital.Prescribed(product_id,patient_registration_no,date_of_visit) values (87,340,'2013-01-11');
insert into Hospital.Visitation(patient_registration_no,date_of_visit,diagnosis) values (340,'2013-05-25','jeiau');
insert into Hospital.Consulted(employee_number,certification_no,patient_registration_no,date_of_visit) values(193,193112233,340,'2013-05-25');
insert into Hospital.Treated_by(patient_registration_no,date_of_visit,employee_number,treatment) values(340,2013-05-25,173);
insert into Hospital.Prescribed(product_id,patient_registration_no,date_of_visit) values (126,340,'2013-05-25');
insert into Hospital.Visitation(patient_registration_no,date_of_visit,diagnosis) values (340,'2013-05-14','jnabp');
insert into Hospital.Consulted(employee_number,certification_no,patient_registration_no,date_of_visit) values(258,258112233,340,'2013-05-14');
insert into Hospital.Treated_by(patient_registration_no,date_of_visit,employee_number,treatment) values(340,2013-05-14,81);
insert into Hospital.Prescribed(product_id,patient_registration_no,date_of_visit) values (194,340,'2013-05-14');
insert into Hospital.Visitation(patient_registration_no,date_of_visit,diagnosis) values (340,'2013-07-27','gqpcf');
insert into Hospital.Consulted(employee_number,certification_no,patient_registration_no,date_of_visit) values(44,44112233,340,'2013-07-27');
insert into Hospital.Treated_by(patient_registration_no,date_of_visit,employee_number,treatment) values(340,2013-07-27,224);
insert into Hospital.Prescribed(product_id,patient_registration_no,date_of_visit) values (31,340,'2013-07-27');
insert into Hospital.Visitation(patient_registration_no,date_of_visit,diagnosis) values (340,'2013-02-03','grjwp');
insert into Hospital.Consulted(employee_number,certification_no,patient_registration_no,date_of_visit) values(151,151112233,340,'2013-02-03');
insert into Hospital.Treated_by(patient_registration_no,date_of_visit,employee_number,treatment) values(340,2013-02-03,153);
insert into Hospital.Prescribed(product_id,patient_registration_no,date_of_visit) values (169,340,'2013-02-03');
insert into Hospital.Patient (patient_registration_no, name, ssn, address,contact_no,emergency_contact_no) values ( 340,'qfhcs',96757141,'qmmpb',95828828,65204775);
insert into Hospital.Takes (employee_number,shift_name ) values ( 340,'evening');
insert into Hospital.Belongs_to(employee_number,department_id) values (340,3);
insert into Hospital.Pharmaceutical_product(product_id,cost,manufacturer) values(341,598.3689236095812,'wcwxl');
insert into Hospital.Medicine(product_id,medicine_name,dosage) values (341,'tywyj','yoyqy');
insert into Hospital.Employees (employee_number, name, location, ssn, home_address,phone_number,designation) values ( 341,'cjjcu','fjguokofceocatd',147609630,'tjdyf',99687524,'Doctor');
insert into Hospital.Visitation(patient_registration_no,date_of_visit,diagnosis) values (341,'2013-04-10','dvwat');
insert into Hospital.Consulted(employee_number,certification_no,patient_registration_no,date_of_visit) values(222,222112233,341,'2013-04-10');
insert into Hospital.Treated_by(patient_registration_no,date_of_visit,employee_number,treatment) values(341,2013-04-10,50);
insert into Hospital.Prescribed(product_id,patient_registration_no,date_of_visit) values (210,341,'2013-04-10');
insert into Hospital.Visitation(patient_registration_no,date_of_visit,diagnosis) values (341,'2013-02-20','mcsdm');
insert into Hospital.Consulted(employee_number,certification_no,patient_registration_no,date_of_visit) values(43,43112233,341,'2013-02-20');
insert into Hospital.Treated_by(patient_registration_no,date_of_visit,employee_number,treatment) values(341,2013-02-20,115);
insert into Hospital.Prescribed(product_id,patient_registration_no,date_of_visit) values (82,341,'2013-02-20');
insert into Hospital.Visitation(patient_registration_no,date_of_visit,diagnosis) values (341,'2013-09-13','pjgkt');
insert into Hospital.Consulted(employee_number,certification_no,patient_registration_no,date_of_visit) values(60,60112233,341,'2013-09-13');
insert into Hospital.Treated_by(patient_registration_no,date_of_visit,employee_number,treatment) values(341,2013-09-13,50);
insert into Hospital.Prescribed(product_id,patient_registration_no,date_of_visit) values (119,341,'2013-09-13');
insert into Hospital.Visitation(patient_registration_no,date_of_visit,diagnosis) values (341,'2013-09-06','idsla');
insert into Hospital.Consulted(employee_number,certification_no,patient_registration_no,date_of_visit) values(197,197112233,341,'2013-09-06');
insert into Hospital.Treated_by(patient_registration_no,date_of_visit,employee_number,treatment) values(341,2013-09-06,263);
insert into Hospital.Prescribed(product_id,patient_registration_no,date_of_visit) values (45,341,'2013-09-06');
insert into Hospital.Visitation(patient_registration_no,date_of_visit,diagnosis) values (341,'2013-06-05','ygeco');
insert into Hospital.Consulted(employee_number,certification_no,patient_registration_no,date_of_visit) values(75,75112233,341,'2013-06-05');
insert into Hospital.Treated_by(patient_registration_no,date_of_visit,employee_number,treatment) values(341,2013-06-05,76);
insert into Hospital.Prescribed(product_id,patient_registration_no,date_of_visit) values (27,341,'2013-06-05');
insert into Hospital.Patient (patient_registration_no, name, ssn, address,contact_no,emergency_contact_no) values ( 341,'jytwf',119415053,'dturt',71803359,94338401);
insert into Hospital.Physician (employee_number, certification_no,specialization) values ( 341,341112233,'Pediatrics');
insert into Hospital.Belongs_to(employee_number,department_id) values (341,1);
insert into Hospital.Pharmaceutical_product(product_id,cost,manufacturer) values(342,665.5476343534591,'hajim');
insert into Hospital.Medicine(product_id,medicine_name,dosage) values (342,'twfwc','quuag');
insert into Hospital.Employees (employee_number, name, location, ssn, home_address,phone_number,designation) values ( 342,'jvkuv','fzkafwylykwoeqb',390797923,'naqyn',25131762,'Administration');
insert into Hospital.Visitation(patient_registration_no,date_of_visit,diagnosis) values (342,'2013-05-31','wtrpp');
insert into Hospital.Consulted(employee_number,certification_no,patient_registration_no,date_of_visit) values(176,176112233,342,'2013-05-31');
insert into Hospital.Treated_by(patient_registration_no,date_of_visit,employee_number,treatment) values(342,2013-05-31,157);
insert into Hospital.Prescribed(product_id,patient_registration_no,date_of_visit) values (327,342,'2013-05-31');
insert into Hospital.Visitation(patient_registration_no,date_of_visit,diagnosis) values (342,'2013-06-25','kkhez');
insert into Hospital.Consulted(employee_number,certification_no,patient_registration_no,date_of_visit) values(41,41112233,342,'2013-06-25');
insert into Hospital.Treated_by(patient_registration_no,date_of_visit,employee_number,treatment) values(342,2013-06-25,221);
insert into Hospital.Prescribed(product_id,patient_registration_no,date_of_visit) values (29,342,'2013-06-25');
insert into Hospital.Visitation(patient_registration_no,date_of_visit,diagnosis) values (342,'2013-08-31','nqopo');
insert into Hospital.Consulted(employee_number,certification_no,patient_registration_no,date_of_visit) values(34,34112233,342,'2013-08-31');
insert into Hospital.Treated_by(patient_registration_no,date_of_visit,employee_number,treatment) values(342,2013-08-31,61);
insert into Hospital.Prescribed(product_id,patient_registration_no,date_of_visit) values (248,342,'2013-08-31');
insert into Hospital.Visitation(patient_registration_no,date_of_visit,diagnosis) values (342,'2013-02-15','rqnru');
insert into Hospital.Consulted(employee_number,certification_no,patient_registration_no,date_of_visit) values(274,274112233,342,'2013-02-15');
insert into Hospital.Treated_by(patient_registration_no,date_of_visit,employee_number,treatment) values(342,2013-02-15,315);
insert into Hospital.Prescribed(product_id,patient_registration_no,date_of_visit) values (115,342,'2013-02-15');
insert into Hospital.Visitation(patient_registration_no,date_of_visit,diagnosis) values (342,'2013-02-16','jflka');
insert into Hospital.Consulted(employee_number,certification_no,patient_registration_no,date_of_visit) values(276,276112233,342,'2013-02-16');
insert into Hospital.Treated_by(patient_registration_no,date_of_visit,employee_number,treatment) values(342,2013-02-16,263);
insert into Hospital.Prescribed(product_id,patient_registration_no,date_of_visit) values (69,342,'2013-02-16');
insert into Hospital.Patient (patient_registration_no, name, ssn, address,contact_no,emergency_contact_no) values ( 342,'ocbwc',726858804,'ywobf',65485697,92973664);
insert into Hospital.Belongs_to(employee_number,department_id) values (342,2);
insert into Hospital.Pharmaceutical_product(product_id,cost,manufacturer) values(343,849.3281638628463,'jorpw');
insert into Hospital.Batch(batch_id,manufacture_date,expiry_date) values (343,'2013-05-14','2013-05-25');
insert into Hospital.Production(product_id,batch_id) values (343,343);
insert into Hospital.Batch(batch_id,manufacture_date,expiry_date) values (344,'2013-05-14','2013-05-25');
insert into Hospital.Production(product_id,batch_id) values (343,344);
insert into Hospital.Batch(batch_id,manufacture_date,expiry_date) values (345,'2013-05-14','2013-05-25');
insert into Hospital.Production(product_id,batch_id) values (343,345);
insert into Hospital.Batch(batch_id,manufacture_date,expiry_date) values (346,'2013-05-14','2013-05-25');
insert into Hospital.Production(product_id,batch_id) values (343,346);
insert into Hospital.Batch(batch_id,manufacture_date,expiry_date) values (347,'2013-05-14','2013-05-25');
insert into Hospital.Production(product_id,batch_id) values (343,347);
insert into Hospital.Employees (employee_number, name, location, ssn, home_address,phone_number,designation) values ( 343,'bklbt','nqdgmvkdkcofgoj',126695827,'waeeg',64843195,'Radiology');
insert into Hospital.Visitation(patient_registration_no,date_of_visit,diagnosis) values (343,'2013-06-06','xngph');
insert into Hospital.Consulted(employee_number,certification_no,patient_registration_no,date_of_visit) values(34,34112233,343,'2013-06-06');
insert into Hospital.Treated_by(patient_registration_no,date_of_visit,employee_number,treatment) values(343,2013-06-06,201);
insert into Hospital.Prescribed(product_id,patient_registration_no,date_of_visit) values (86,343,'2013-06-06');
insert into Hospital.Visitation(patient_registration_no,date_of_visit,diagnosis) values (343,'2013-01-16','owite');
insert into Hospital.Consulted(employee_number,certification_no,patient_registration_no,date_of_visit) values(92,92112233,343,'2013-01-16');
insert into Hospital.Treated_by(patient_registration_no,date_of_visit,employee_number,treatment) values(343,2013-01-16,315);
insert into Hospital.Prescribed(product_id,patient_registration_no,date_of_visit) values (178,343,'2013-01-16');
insert into Hospital.Visitation(patient_registration_no,date_of_visit,diagnosis) values (343,'2013-06-22','yiidk');
insert into Hospital.Consulted(employee_number,certification_no,patient_registration_no,date_of_visit) values(268,268112233,343,'2013-06-22');
insert into Hospital.Treated_by(patient_registration_no,date_of_visit,employee_number,treatment) values(343,2013-06-22,314);
insert into Hospital.Prescribed(product_id,patient_registration_no,date_of_visit) values (263,343,'2013-06-22');
insert into Hospital.Visitation(patient_registration_no,date_of_visit,diagnosis) values (343,'2013-07-04','rmssz');
insert into Hospital.Consulted(employee_number,certification_no,patient_registration_no,date_of_visit) values(297,297112233,343,'2013-07-04');
insert into Hospital.Treated_by(patient_registration_no,date_of_visit,employee_number,treatment) values(343,2013-07-04,322);
insert into Hospital.Prescribed(product_id,patient_registration_no,date_of_visit) values (37,343,'2013-07-04');
insert into Hospital.Visitation(patient_registration_no,date_of_visit,diagnosis) values (343,'2013-06-05','rttif');
insert into Hospital.Consulted(employee_number,certification_no,patient_registration_no,date_of_visit) values(214,214112233,343,'2013-06-05');
insert into Hospital.Treated_by(patient_registration_no,date_of_visit,employee_number,treatment) values(343,2013-06-05,289);
insert into Hospital.Prescribed(product_id,patient_registration_no,date_of_visit) values (204,343,'2013-06-05');
insert into Hospital.Patient (patient_registration_no, name, ssn, address,contact_no,emergency_contact_no) values ( 343,'htbzd',999525188,'mxyic',29683822,90965512);
insert into Hospital.Takes (employee_number,shift_name ) values ( 343,'morning');
insert into Hospital.Belongs_to(employee_number,department_id) values (343,3);
insert into Hospital.Pharmaceutical_product(product_id,cost,manufacturer) values(344,39.92775955595167,'zqbgn');
insert into Hospital.Employees (employee_number, name, location, ssn, home_address,phone_number,designation) values ( 344,'ipafm','abwrblowfnylbkd',474807058,'mendf',93058021,'Nurse');
insert into Hospital.Visitation(patient_registration_no,date_of_visit,diagnosis) values (344,'2013-04-07','rofyn');
insert into Hospital.Consulted(employee_number,certification_no,patient_registration_no,date_of_visit) values(75,75112233,344,'2013-04-07');
insert into Hospital.Treated_by(patient_registration_no,date_of_visit,employee_number,treatment) values(344,2013-04-07,10);
insert into Hospital.Prescribed(product_id,patient_registration_no,date_of_visit) values (152,344,'2013-04-07');
insert into Hospital.Visitation(patient_registration_no,date_of_visit,diagnosis) values (344,'2013-02-06','hcjga');
insert into Hospital.Consulted(employee_number,certification_no,patient_registration_no,date_of_visit) values(328,328112233,344,'2013-02-06');
insert into Hospital.Treated_by(patient_registration_no,date_of_visit,employee_number,treatment) values(344,2013-02-06,76);
insert into Hospital.Prescribed(product_id,patient_registration_no,date_of_visit) values (91,344,'2013-02-06');
insert into Hospital.Visitation(patient_registration_no,date_of_visit,diagnosis) values (344,'2013-10-09','aynah');
insert into Hospital.Consulted(employee_number,certification_no,patient_registration_no,date_of_visit) values(274,274112233,344,'2013-10-09');
insert into Hospital.Treated_by(patient_registration_no,date_of_visit,employee_number,treatment) values(344,2013-10-09,112);
insert into Hospital.Prescribed(product_id,patient_registration_no,date_of_visit) values (226,344,'2013-10-09');
insert into Hospital.Visitation(patient_registration_no,date_of_visit,diagnosis) values (344,'2013-05-02','frmdt');
insert into Hospital.Consulted(employee_number,certification_no,patient_registration_no,date_of_visit) values(280,280112233,344,'2013-05-02');
insert into Hospital.Treated_by(patient_registration_no,date_of_visit,employee_number,treatment) values(344,2013-05-02,209);
insert into Hospital.Prescribed(product_id,patient_registration_no,date_of_visit) values (220,344,'2013-05-02');
insert into Hospital.Visitation(patient_registration_no,date_of_visit,diagnosis) values (344,'2013-09-28','toqgr');
insert into Hospital.Consulted(employee_number,certification_no,patient_registration_no,date_of_visit) values(120,120112233,344,'2013-09-28');
insert into Hospital.Treated_by(patient_registration_no,date_of_visit,employee_number,treatment) values(344,2013-09-28,157);
insert into Hospital.Prescribed(product_id,patient_registration_no,date_of_visit) values (137,344,'2013-09-28');
insert into Hospital.Patient (patient_registration_no, name, ssn, address,contact_no,emergency_contact_no) values ( 344,'htqxl',344735307,'gtzpa',62902161,88635505);
insert into Hospital.Takes (employee_number,shift_name ) values ( 344,'morning');
insert into Hospital.Belongs_to(employee_number,department_id) values (344,3);
insert into Hospital.Pharmaceutical_product(product_id,cost,manufacturer) values(345,633.6233690104714,'ixtfe');
insert into Hospital.Batch(batch_id,manufacture_date,expiry_date) values (345,'2013-10-07','2013-10-12');
insert into Hospital.Production(product_id,batch_id) values (345,345);
insert into Hospital.Batch(batch_id,manufacture_date,expiry_date) values (346,'2013-10-07','2013-10-12');
insert into Hospital.Production(product_id,batch_id) values (345,346);
insert into Hospital.Batch(batch_id,manufacture_date,expiry_date) values (347,'2013-10-07','2013-10-12');
insert into Hospital.Production(product_id,batch_id) values (345,347);
insert into Hospital.Batch(batch_id,manufacture_date,expiry_date) values (348,'2013-10-07','2013-10-12');
insert into Hospital.Production(product_id,batch_id) values (345,348);
insert into Hospital.Batch(batch_id,manufacture_date,expiry_date) values (349,'2013-10-07','2013-10-12');
insert into Hospital.Production(product_id,batch_id) values (345,349);
insert into Hospital.Employees (employee_number, name, location, ssn, home_address,phone_number,designation) values ( 345,'aunrw','jjudikflafkrnob',257360075,'mjlfu',68340324,'Radiology');
insert into Hospital.Visitation(patient_registration_no,date_of_visit,diagnosis) values (345,'2013-04-18','wfpao');
insert into Hospital.Consulted(employee_number,certification_no,patient_registration_no,date_of_visit) values(168,168112233,345,'2013-04-18');
insert into Hospital.Treated_by(patient_registration_no,date_of_visit,employee_number,treatment) values(345,2013-04-18,277);
insert into Hospital.Prescribed(product_id,patient_registration_no,date_of_visit) values (129,345,'2013-04-18');
insert into Hospital.Visitation(patient_registration_no,date_of_visit,diagnosis) values (345,'2013-05-04','exose');
insert into Hospital.Consulted(employee_number,certification_no,patient_registration_no,date_of_visit) values(139,139112233,345,'2013-05-04');
insert into Hospital.Treated_by(patient_registration_no,date_of_visit,employee_number,treatment) values(345,2013-05-04,10);
insert into Hospital.Prescribed(product_id,patient_registration_no,date_of_visit) values (318,345,'2013-05-04');
insert into Hospital.Visitation(patient_registration_no,date_of_visit,diagnosis) values (345,'2013-10-04','fadif');
insert into Hospital.Consulted(employee_number,certification_no,patient_registration_no,date_of_visit) values(335,335112233,345,'2013-10-04');
insert into Hospital.Treated_by(patient_registration_no,date_of_visit,employee_number,treatment) values(345,2013-10-04,314);
insert into Hospital.Prescribed(product_id,patient_registration_no,date_of_visit) values (148,345,'2013-10-04');
insert into Hospital.Visitation(patient_registration_no,date_of_visit,diagnosis) values (345,'2013-08-07','kuasn');
insert into Hospital.Consulted(employee_number,certification_no,patient_registration_no,date_of_visit) values(2,2112233,345,'2013-08-07');
insert into Hospital.Treated_by(patient_registration_no,date_of_visit,employee_number,treatment) values(345,2013-08-07,104);
insert into Hospital.Prescribed(product_id,patient_registration_no,date_of_visit) values (225,345,'2013-08-07');
insert into Hospital.Visitation(patient_registration_no,date_of_visit,diagnosis) values (345,'2013-08-29','sgkdw');
insert into Hospital.Consulted(employee_number,certification_no,patient_registration_no,date_of_visit) values(35,35112233,345,'2013-08-29');
insert into Hospital.Treated_by(patient_registration_no,date_of_visit,employee_number,treatment) values(345,2013-08-29,224);
insert into Hospital.Prescribed(product_id,patient_registration_no,date_of_visit) values (9,345,'2013-08-29');
insert into Hospital.Patient (patient_registration_no, name, ssn, address,contact_no,emergency_contact_no) values ( 345,'cyphl',178565132,'gztew',57894048,44927912);
insert into Hospital.Takes (employee_number,shift_name ) values ( 345,'evening');
insert into Hospital.Belongs_to(employee_number,department_id) values (345,3);
insert into Hospital.Pharmaceutical_product(product_id,cost,manufacturer) values(346,780.451789104734,'gwyjb');
insert into Hospital.Batch(batch_id,manufacture_date,expiry_date) values (346,'2013-02-07','2013-05-23');
insert into Hospital.Production(product_id,batch_id) values (346,346);
insert into Hospital.Batch(batch_id,manufacture_date,expiry_date) values (347,'2013-02-07','2013-05-23');
insert into Hospital.Production(product_id,batch_id) values (346,347);
insert into Hospital.Batch(batch_id,manufacture_date,expiry_date) values (348,'2013-02-07','2013-05-23');
insert into Hospital.Production(product_id,batch_id) values (346,348);
insert into Hospital.Batch(batch_id,manufacture_date,expiry_date) values (349,'2013-02-07','2013-05-23');
insert into Hospital.Production(product_id,batch_id) values (346,349);
insert into Hospital.Batch(batch_id,manufacture_date,expiry_date) values (350,'2013-02-07','2013-05-23');
insert into Hospital.Production(product_id,batch_id) values (346,350);
insert into Hospital.Medicine(product_id,medicine_name,dosage) values (346,'bffhc','hztqg');
insert into Hospital.Employees (employee_number, name, location, ssn, home_address,phone_number,designation) values ( 346,'trkmn','tzeifufxiaiamzb',916002656,'slqav',64535265,'Doctor');
insert into Hospital.Visitation(patient_registration_no,date_of_visit,diagnosis) values (346,'2013-04-13','umupd');
insert into Hospital.Consulted(employee_number,certification_no,patient_registration_no,date_of_visit) values(139,139112233,346,'2013-04-13');
insert into Hospital.Treated_by(patient_registration_no,date_of_visit,employee_number,treatment) values(346,2013-04-13,231);
insert into Hospital.Prescribed(product_id,patient_registration_no,date_of_visit) values (76,346,'2013-04-13');
insert into Hospital.Visitation(patient_registration_no,date_of_visit,diagnosis) values (346,'2013-04-27','hdbto');
insert into Hospital.Consulted(employee_number,certification_no,patient_registration_no,date_of_visit) values(43,43112233,346,'2013-04-27');
insert into Hospital.Treated_by(patient_registration_no,date_of_visit,employee_number,treatment) values(346,2013-04-27,164);
insert into Hospital.Prescribed(product_id,patient_registration_no,date_of_visit) values (98,346,'2013-04-27');
insert into Hospital.Visitation(patient_registration_no,date_of_visit,diagnosis) values (346,'2013-02-17','fetjo');
insert into Hospital.Consulted(employee_number,certification_no,patient_registration_no,date_of_visit) values(119,119112233,346,'2013-02-17');
insert into Hospital.Treated_by(patient_registration_no,date_of_visit,employee_number,treatment) values(346,2013-02-17,261);
insert into Hospital.Prescribed(product_id,patient_registration_no,date_of_visit) values (318,346,'2013-02-17');
insert into Hospital.Visitation(patient_registration_no,date_of_visit,diagnosis) values (346,'2013-05-28','gordl');
insert into Hospital.Consulted(employee_number,certification_no,patient_registration_no,date_of_visit) values(208,208112233,346,'2013-05-28');
insert into Hospital.Treated_by(patient_registration_no,date_of_visit,employee_number,treatment) values(346,2013-05-28,204);
insert into Hospital.Prescribed(product_id,patient_registration_no,date_of_visit) values (322,346,'2013-05-28');
insert into Hospital.Visitation(patient_registration_no,date_of_visit,diagnosis) values (346,'2013-02-24','jgixy');
insert into Hospital.Consulted(employee_number,certification_no,patient_registration_no,date_of_visit) values(280,280112233,346,'2013-02-24');
insert into Hospital.Treated_by(patient_registration_no,date_of_visit,employee_number,treatment) values(346,2013-02-24,237);
insert into Hospital.Prescribed(product_id,patient_registration_no,date_of_visit) values (292,346,'2013-02-24');
insert into Hospital.Patient (patient_registration_no, name, ssn, address,contact_no,emergency_contact_no) values ( 346,'dbqtp',845873335,'wljvn',31451575,65393016);
insert into Hospital.Physician (employee_number, certification_no,specialization) values ( 346,346112233,'Cardiology');
insert into Hospital.Belongs_to(employee_number,department_id) values (346,1);
insert into Hospital.Pharmaceutical_product(product_id,cost,manufacturer) values(347,863.555397008776,'idyef');
insert into Hospital.Batch(batch_id,manufacture_date,expiry_date) values (347,'2013-07-24','2013-08-18');
insert into Hospital.Production(product_id,batch_id) values (347,347);
insert into Hospital.Batch(batch_id,manufacture_date,expiry_date) values (348,'2013-07-24','2013-08-18');
insert into Hospital.Production(product_id,batch_id) values (347,348);
insert into Hospital.Batch(batch_id,manufacture_date,expiry_date) values (349,'2013-07-24','2013-08-18');
insert into Hospital.Production(product_id,batch_id) values (347,349);
insert into Hospital.Batch(batch_id,manufacture_date,expiry_date) values (350,'2013-07-24','2013-08-18');
insert into Hospital.Production(product_id,batch_id) values (347,350);
insert into Hospital.Batch(batch_id,manufacture_date,expiry_date) values (351,'2013-07-24','2013-08-18');
insert into Hospital.Production(product_id,batch_id) values (347,351);
insert into Hospital.Employees (employee_number, name, location, ssn, home_address,phone_number,designation) values ( 347,'slzcs','qxuywantzyvatff',272824264,'uikcl',79616773,'Radiology');
insert into Hospital.Visitation(patient_registration_no,date_of_visit,diagnosis) values (347,'2013-08-01','hqcgm');
insert into Hospital.Consulted(employee_number,certification_no,patient_registration_no,date_of_visit) values(268,268112233,347,'2013-08-01');
insert into Hospital.Treated_by(patient_registration_no,date_of_visit,employee_number,treatment) values(347,2013-08-01,186);
insert into Hospital.Prescribed(product_id,patient_registration_no,date_of_visit) values (111,347,'2013-08-01');
insert into Hospital.Visitation(patient_registration_no,date_of_visit,diagnosis) values (347,'2013-05-30','jijtm');
insert into Hospital.Consulted(employee_number,certification_no,patient_registration_no,date_of_visit) values(122,122112233,347,'2013-05-30');
insert into Hospital.Treated_by(patient_registration_no,date_of_visit,employee_number,treatment) values(347,2013-05-30,248);
insert into Hospital.Prescribed(product_id,patient_registration_no,date_of_visit) values (48,347,'2013-05-30');
insert into Hospital.Visitation(patient_registration_no,date_of_visit,diagnosis) values (347,'2013-03-31','juefb');
insert into Hospital.Consulted(employee_number,certification_no,patient_registration_no,date_of_visit) values(337,337112233,347,'2013-03-31');
insert into Hospital.Treated_by(patient_registration_no,date_of_visit,employee_number,treatment) values(347,2013-03-31,88);
insert into Hospital.Prescribed(product_id,patient_registration_no,date_of_visit) values (91,347,'2013-03-31');
insert into Hospital.Visitation(patient_registration_no,date_of_visit,diagnosis) values (347,'2013-02-16','uhqoh');
insert into Hospital.Consulted(employee_number,certification_no,patient_registration_no,date_of_visit) values(341,341112233,347,'2013-02-16');
insert into Hospital.Treated_by(patient_registration_no,date_of_visit,employee_number,treatment) values(347,2013-02-16,196);
insert into Hospital.Prescribed(product_id,patient_registration_no,date_of_visit) values (77,347,'2013-02-16');
insert into Hospital.Visitation(patient_registration_no,date_of_visit,diagnosis) values (347,'2013-09-01','oqwcj');
insert into Hospital.Consulted(employee_number,certification_no,patient_registration_no,date_of_visit) values(276,276112233,347,'2013-09-01');
insert into Hospital.Treated_by(patient_registration_no,date_of_visit,employee_number,treatment) values(347,2013-09-01,336);
insert into Hospital.Prescribed(product_id,patient_registration_no,date_of_visit) values (305,347,'2013-09-01');
insert into Hospital.Patient (patient_registration_no, name, ssn, address,contact_no,emergency_contact_no) values ( 347,'bewax',886476689,'wxhhu',34246930,10915782);
insert into Hospital.Takes (employee_number,shift_name ) values ( 347,'morning');
insert into Hospital.Belongs_to(employee_number,department_id) values (347,3);
insert into Hospital.Pharmaceutical_product(product_id,cost,manufacturer) values(348,870.6199700258225,'ypztm');
insert into Hospital.Batch(batch_id,manufacture_date,expiry_date) values (348,'2013-05-11','2013-07-26');
insert into Hospital.Production(product_id,batch_id) values (348,348);
insert into Hospital.Batch(batch_id,manufacture_date,expiry_date) values (349,'2013-05-11','2013-07-26');
insert into Hospital.Production(product_id,batch_id) values (348,349);
insert into Hospital.Batch(batch_id,manufacture_date,expiry_date) values (350,'2013-05-11','2013-07-26');
insert into Hospital.Production(product_id,batch_id) values (348,350);
insert into Hospital.Batch(batch_id,manufacture_date,expiry_date) values (351,'2013-05-11','2013-07-26');
insert into Hospital.Production(product_id,batch_id) values (348,351);
insert into Hospital.Batch(batch_id,manufacture_date,expiry_date) values (352,'2013-05-11','2013-07-26');
insert into Hospital.Production(product_id,batch_id) values (348,352);
insert into Hospital.Medicine(product_id,medicine_name,dosage) values (348,'qbwtr','bsjmt');
insert into Hospital.Employees (employee_number, name, location, ssn, home_address,phone_number,designation) values ( 348,'ofjgg','jaekifnikthaetw',678974058,'wfowc',59103989,'Doctor');
insert into Hospital.Visitation(patient_registration_no,date_of_visit,diagnosis) values (348,'2013-06-25','zusvq');
insert into Hospital.Consulted(employee_number,certification_no,patient_registration_no,date_of_visit) values(228,228112233,348,'2013-06-25');
insert into Hospital.Treated_by(patient_registration_no,date_of_visit,employee_number,treatment) values(348,2013-06-25,104);
insert into Hospital.Prescribed(product_id,patient_registration_no,date_of_visit) values (5,348,'2013-06-25');
insert into Hospital.Visitation(patient_registration_no,date_of_visit,diagnosis) values (348,'2013-05-20','zavda');
insert into Hospital.Consulted(employee_number,certification_no,patient_registration_no,date_of_visit) values(346,346112233,348,'2013-05-20');
insert into Hospital.Treated_by(patient_registration_no,date_of_visit,employee_number,treatment) values(348,2013-05-20,186);
insert into Hospital.Prescribed(product_id,patient_registration_no,date_of_visit) values (167,348,'2013-05-20');
insert into Hospital.Visitation(patient_registration_no,date_of_visit,diagnosis) values (348,'2013-03-21','qfgjn');
insert into Hospital.Consulted(employee_number,certification_no,patient_registration_no,date_of_visit) values(335,335112233,348,'2013-03-21');
insert into Hospital.Treated_by(patient_registration_no,date_of_visit,employee_number,treatment) values(348,2013-03-21,237);
insert into Hospital.Prescribed(product_id,patient_registration_no,date_of_visit) values (154,348,'2013-03-21');
insert into Hospital.Visitation(patient_registration_no,date_of_visit,diagnosis) values (348,'2013-02-21','velco');
insert into Hospital.Consulted(employee_number,certification_no,patient_registration_no,date_of_visit) values(341,341112233,348,'2013-02-21');
insert into Hospital.Treated_by(patient_registration_no,date_of_visit,employee_number,treatment) values(348,2013-02-21,203);
insert into Hospital.Prescribed(product_id,patient_registration_no,date_of_visit) values (44,348,'2013-02-21');
insert into Hospital.Visitation(patient_registration_no,date_of_visit,diagnosis) values (348,'2013-04-17','blwfq');
insert into Hospital.Consulted(employee_number,certification_no,patient_registration_no,date_of_visit) values(265,265112233,348,'2013-04-17');
insert into Hospital.Treated_by(patient_registration_no,date_of_visit,employee_number,treatment) values(348,2013-04-17,91);
insert into Hospital.Prescribed(product_id,patient_registration_no,date_of_visit) values (220,348,'2013-04-17');
insert into Hospital.Patient (patient_registration_no, name, ssn, address,contact_no,emergency_contact_no) values ( 348,'levdq',377879745,'evpkx',94894829,60756093);
insert into Hospital.Physician (employee_number, certification_no,specialization) values ( 348,348112233,'Cardiology');
insert into Hospital.Belongs_to(employee_number,department_id) values (348,1);
insert into Hospital.Pharmaceutical_product(product_id,cost,manufacturer) values(349,71.0526291120402,'geyxq');
insert into Hospital.Batch(batch_id,manufacture_date,expiry_date) values (349,'2013-02-11','2013-04-23');
insert into Hospital.Production(product_id,batch_id) values (349,349);
insert into Hospital.Batch(batch_id,manufacture_date,expiry_date) values (350,'2013-02-11','2013-04-23');
insert into Hospital.Production(product_id,batch_id) values (349,350);
insert into Hospital.Batch(batch_id,manufacture_date,expiry_date) values (351,'2013-02-11','2013-04-23');
insert into Hospital.Production(product_id,batch_id) values (349,351);
insert into Hospital.Batch(batch_id,manufacture_date,expiry_date) values (352,'2013-02-11','2013-04-23');
insert into Hospital.Production(product_id,batch_id) values (349,352);
insert into Hospital.Batch(batch_id,manufacture_date,expiry_date) values (353,'2013-02-11','2013-04-23');
insert into Hospital.Production(product_id,batch_id) values (349,353);
insert into Hospital.Employees (employee_number, name, location, ssn, home_address,phone_number,designation) values ( 349,'ceiep','mfgrfikpiofsjwc',18204703,'mmndv',57488934,'Nurse');
insert into Hospital.Visitation(patient_registration_no,date_of_visit,diagnosis) values (349,'2013-07-29','fqatm');
insert into Hospital.Consulted(employee_number,certification_no,patient_registration_no,date_of_visit) values(319,319112233,349,'2013-07-29');
insert into Hospital.Treated_by(patient_registration_no,date_of_visit,employee_number,treatment) values(349,2013-07-29,50);
insert into Hospital.Prescribed(product_id,patient_registration_no,date_of_visit) values (171,349,'2013-07-29');
insert into Hospital.Visitation(patient_registration_no,date_of_visit,diagnosis) values (349,'2013-04-10','zetvc');
insert into Hospital.Consulted(employee_number,certification_no,patient_registration_no,date_of_visit) values(245,245112233,349,'2013-04-10');
insert into Hospital.Treated_by(patient_registration_no,date_of_visit,employee_number,treatment) values(349,2013-04-10,196);
insert into Hospital.Prescribed(product_id,patient_registration_no,date_of_visit) values (144,349,'2013-04-10');
insert into Hospital.Visitation(patient_registration_no,date_of_visit,diagnosis) values (349,'2013-06-02','aupxf');
insert into Hospital.Consulted(employee_number,certification_no,patient_registration_no,date_of_visit) values(89,89112233,349,'2013-06-02');
insert into Hospital.Treated_by(patient_registration_no,date_of_visit,employee_number,treatment) values(349,2013-06-02,178);
insert into Hospital.Prescribed(product_id,patient_registration_no,date_of_visit) values (187,349,'2013-06-02');
insert into Hospital.Visitation(patient_registration_no,date_of_visit,diagnosis) values (349,'2013-04-09','fycsw');
insert into Hospital.Consulted(employee_number,certification_no,patient_registration_no,date_of_visit) values(319,319112233,349,'2013-04-09');
insert into Hospital.Treated_by(patient_registration_no,date_of_visit,employee_number,treatment) values(349,2013-04-09,195);
insert into Hospital.Prescribed(product_id,patient_registration_no,date_of_visit) values (295,349,'2013-04-09');
insert into Hospital.Visitation(patient_registration_no,date_of_visit,diagnosis) values (349,'2013-01-09','aqnxr');
insert into Hospital.Consulted(employee_number,certification_no,patient_registration_no,date_of_visit) values(181,181112233,349,'2013-01-09');
insert into Hospital.Treated_by(patient_registration_no,date_of_visit,employee_number,treatment) values(349,2013-01-09,47);
insert into Hospital.Prescribed(product_id,patient_registration_no,date_of_visit) values (12,349,'2013-01-09');
insert into Hospital.Patient (patient_registration_no, name, ssn, address,contact_no,emergency_contact_no) values ( 349,'dmzpn',761562826,'fowyn',46335093,79137460);
insert into Hospital.Takes (employee_number,shift_name ) values ( 349,'night');
insert into Hospital.Belongs_to(employee_number,department_id) values (349,3);
insert into Hospital.Pharmaceutical_product(product_id,cost,manufacturer) values(350,601.8027431489601,'svfji');
insert into Hospital.Medicine(product_id,medicine_name,dosage) values (350,'btvkf','cjizp');
insert into Hospital.Employees (employee_number, name, location, ssn, home_address,phone_number,designation) values ( 350,'blyqh','ujkdcqdunkmqywn',40254373,'xpkxu',82429109,'Doctor');
insert into Hospital.Visitation(patient_registration_no,date_of_visit,diagnosis) values (350,'2013-03-21','kcppr');
insert into Hospital.Consulted(employee_number,certification_no,patient_registration_no,date_of_visit) values(313,313112233,350,'2013-03-21');
insert into Hospital.Treated_by(patient_registration_no,date_of_visit,employee_number,treatment) values(350,2013-03-21,315);
insert into Hospital.Prescribed(product_id,patient_registration_no,date_of_visit) values (152,350,'2013-03-21');
insert into Hospital.Visitation(patient_registration_no,date_of_visit,diagnosis) values (350,'2013-02-14','kvcjj');
insert into Hospital.Consulted(employee_number,certification_no,patient_registration_no,date_of_visit) values(46,46112233,350,'2013-02-14');
insert into Hospital.Treated_by(patient_registration_no,date_of_visit,employee_number,treatment) values(350,2013-02-14,178);
insert into Hospital.Prescribed(product_id,patient_registration_no,date_of_visit) values (8,350,'2013-02-14');
insert into Hospital.Visitation(patient_registration_no,date_of_visit,diagnosis) values (350,'2013-03-31','plrai');
insert into Hospital.Consulted(employee_number,certification_no,patient_registration_no,date_of_visit) values(194,194112233,350,'2013-03-31');
insert into Hospital.Treated_by(patient_registration_no,date_of_visit,employee_number,treatment) values(350,2013-03-31,233);
insert into Hospital.Prescribed(product_id,patient_registration_no,date_of_visit) values (87,350,'2013-03-31');
insert into Hospital.Visitation(patient_registration_no,date_of_visit,diagnosis) values (350,'2013-02-16','jofqs');
insert into Hospital.Consulted(employee_number,certification_no,patient_registration_no,date_of_visit) values(1,1112233,350,'2013-02-16');
insert into Hospital.Treated_by(patient_registration_no,date_of_visit,employee_number,treatment) values(350,2013-02-16,231);
insert into Hospital.Prescribed(product_id,patient_registration_no,date_of_visit) values (322,350,'2013-02-16');
insert into Hospital.Visitation(patient_registration_no,date_of_visit,diagnosis) values (350,'2013-01-30','gkauy');
insert into Hospital.Consulted(employee_number,certification_no,patient_registration_no,date_of_visit) values(46,46112233,350,'2013-01-30');
insert into Hospital.Treated_by(patient_registration_no,date_of_visit,employee_number,treatment) values(350,2013-01-30,96);
insert into Hospital.Prescribed(product_id,patient_registration_no,date_of_visit) values (217,350,'2013-01-30');
insert into Hospital.Patient (patient_registration_no, name, ssn, address,contact_no,emergency_contact_no) values ( 350,'clasn',991214273,'zkjrd',10077315,48031191);
insert into Hospital.Physician (employee_number, certification_no,specialization) values ( 350,350112233,'Cardiology');
insert into Hospital.Belongs_to(employee_number,department_id) values (350,1);
insert into Hospital.Pharmaceutical_product(product_id,cost,manufacturer) values(351,224.03479541703766,'gorba');
insert into Hospital.Batch(batch_id,manufacture_date,expiry_date) values (351,'2013-09-29','2013-10-07');
insert into Hospital.Production(product_id,batch_id) values (351,351);
insert into Hospital.Batch(batch_id,manufacture_date,expiry_date) values (352,'2013-09-29','2013-10-07');
insert into Hospital.Production(product_id,batch_id) values (351,352);
insert into Hospital.Batch(batch_id,manufacture_date,expiry_date) values (353,'2013-09-29','2013-10-07');
insert into Hospital.Production(product_id,batch_id) values (351,353);
insert into Hospital.Batch(batch_id,manufacture_date,expiry_date) values (354,'2013-09-29','2013-10-07');
insert into Hospital.Production(product_id,batch_id) values (351,354);
insert into Hospital.Batch(batch_id,manufacture_date,expiry_date) values (355,'2013-09-29','2013-10-07');
insert into Hospital.Production(product_id,batch_id) values (351,355);
insert into Hospital.Medicine(product_id,medicine_name,dosage) values (351,'ghnnf','lamfc');
insert into Hospital.Employees (employee_number, name, location, ssn, home_address,phone_number,designation) values ( 351,'wlpsz','crfdfjffbhhteel',240982477,'tvlhk',98483770,'Radiology');
insert into Hospital.Visitation(patient_registration_no,date_of_visit,diagnosis) values (351,'2013-02-08','vlmlw');
insert into Hospital.Consulted(employee_number,certification_no,patient_registration_no,date_of_visit) values(166,166112233,351,'2013-02-08');
insert into Hospital.Treated_by(patient_registration_no,date_of_visit,employee_number,treatment) values(351,2013-02-08,277);
insert into Hospital.Prescribed(product_id,patient_registration_no,date_of_visit) values (233,351,'2013-02-08');
insert into Hospital.Visitation(patient_registration_no,date_of_visit,diagnosis) values (351,'2013-05-13','txqsw');
insert into Hospital.Consulted(employee_number,certification_no,patient_registration_no,date_of_visit) values(141,141112233,351,'2013-05-13');
insert into Hospital.Treated_by(patient_registration_no,date_of_visit,employee_number,treatment) values(351,2013-05-13,224);
insert into Hospital.Prescribed(product_id,patient_registration_no,date_of_visit) values (33,351,'2013-05-13');
insert into Hospital.Visitation(patient_registration_no,date_of_visit,diagnosis) values (351,'2013-06-20','ixnyb');
insert into Hospital.Consulted(employee_number,certification_no,patient_registration_no,date_of_visit) values(29,29112233,351,'2013-06-20');
insert into Hospital.Treated_by(patient_registration_no,date_of_visit,employee_number,treatment) values(351,2013-06-20,125);
insert into Hospital.Prescribed(product_id,patient_registration_no,date_of_visit) values (41,351,'2013-06-20');
insert into Hospital.Visitation(patient_registration_no,date_of_visit,diagnosis) values (351,'2013-08-22','aqfdp');
insert into Hospital.Consulted(employee_number,certification_no,patient_registration_no,date_of_visit) values(265,265112233,351,'2013-08-22');
insert into Hospital.Treated_by(patient_registration_no,date_of_visit,employee_number,treatment) values(351,2013-08-22,10);
insert into Hospital.Prescribed(product_id,patient_registration_no,date_of_visit) values (234,351,'2013-08-22');
insert into Hospital.Visitation(patient_registration_no,date_of_visit,diagnosis) values (351,'2013-07-25','lpdbr');
insert into Hospital.Consulted(employee_number,certification_no,patient_registration_no,date_of_visit) values(194,194112233,351,'2013-07-25');
insert into Hospital.Treated_by(patient_registration_no,date_of_visit,employee_number,treatment) values(351,2013-07-25,325);
insert into Hospital.Prescribed(product_id,patient_registration_no,date_of_visit) values (196,351,'2013-07-25');
insert into Hospital.Patient (patient_registration_no, name, ssn, address,contact_no,emergency_contact_no) values ( 351,'femsw',240062504,'gstjq',25448004,50578566);
insert into Hospital.Takes (employee_number,shift_name ) values ( 351,'morning');
insert into Hospital.Belongs_to(employee_number,department_id) values (351,3);
insert into Hospital.Pharmaceutical_product(product_id,cost,manufacturer) values(352,375.30786792730015,'ortjy');
insert into Hospital.Employees (employee_number, name, location, ssn, home_address,phone_number,designation) values ( 352,'zxmaq','nervruvkhenjtru',759119854,'dbjjk',10566184,'Radiology');
insert into Hospital.Visitation(patient_registration_no,date_of_visit,diagnosis) values (352,'2013-04-29','jhibc');
insert into Hospital.Consulted(employee_number,certification_no,patient_registration_no,date_of_visit) values(268,268112233,352,'2013-04-29');
insert into Hospital.Treated_by(patient_registration_no,date_of_visit,employee_number,treatment) values(352,2013-04-29,281);
insert into Hospital.Prescribed(product_id,patient_registration_no,date_of_visit) values (76,352,'2013-04-29');
insert into Hospital.Visitation(patient_registration_no,date_of_visit,diagnosis) values (352,'2013-05-05','ekgnq');
insert into Hospital.Consulted(employee_number,certification_no,patient_registration_no,date_of_visit) values(43,43112233,352,'2013-05-05');
insert into Hospital.Treated_by(patient_registration_no,date_of_visit,employee_number,treatment) values(352,2013-05-05,87);
insert into Hospital.Prescribed(product_id,patient_registration_no,date_of_visit) values (131,352,'2013-05-05');
insert into Hospital.Visitation(patient_registration_no,date_of_visit,diagnosis) values (352,'2013-08-14','wsjst');
insert into Hospital.Consulted(employee_number,certification_no,patient_registration_no,date_of_visit) values(175,175112233,352,'2013-08-14');
insert into Hospital.Treated_by(patient_registration_no,date_of_visit,employee_number,treatment) values(352,2013-08-14,73);
insert into Hospital.Prescribed(product_id,patient_registration_no,date_of_visit) values (152,352,'2013-08-14');
insert into Hospital.Visitation(patient_registration_no,date_of_visit,diagnosis) values (352,'2013-07-15','kpzej');
insert into Hospital.Consulted(employee_number,certification_no,patient_registration_no,date_of_visit) values(137,137112233,352,'2013-07-15');
insert into Hospital.Treated_by(patient_registration_no,date_of_visit,employee_number,treatment) values(352,2013-07-15,10);
insert into Hospital.Prescribed(product_id,patient_registration_no,date_of_visit) values (154,352,'2013-07-15');
insert into Hospital.Visitation(patient_registration_no,date_of_visit,diagnosis) values (352,'2013-07-20','pjsoq');
insert into Hospital.Consulted(employee_number,certification_no,patient_registration_no,date_of_visit) values(321,321112233,352,'2013-07-20');
insert into Hospital.Treated_by(patient_registration_no,date_of_visit,employee_number,treatment) values(352,2013-07-20,61);
insert into Hospital.Prescribed(product_id,patient_registration_no,date_of_visit) values (305,352,'2013-07-20');
insert into Hospital.Patient (patient_registration_no, name, ssn, address,contact_no,emergency_contact_no) values ( 352,'fffte',744736451,'zcujq',56126054,78043786);
insert into Hospital.Takes (employee_number,shift_name ) values ( 352,'morning');
insert into Hospital.Belongs_to(employee_number,department_id) values (352,3);
insert into Hospital.Pharmaceutical_product(product_id,cost,manufacturer) values(353,832.3497845282044,'pfdrk');
insert into Hospital.Employees (employee_number, name, location, ssn, home_address,phone_number,designation) values ( 353,'gytnq','zelwhiisbxejhcq',753385108,'vzuqc',20457409,'Nurse');
insert into Hospital.Visitation(patient_registration_no,date_of_visit,diagnosis) values (353,'2013-07-26','enyuc');
insert into Hospital.Consulted(employee_number,certification_no,patient_registration_no,date_of_visit) values(37,37112233,353,'2013-07-26');
insert into Hospital.Treated_by(patient_registration_no,date_of_visit,employee_number,treatment) values(353,2013-07-26,49);
insert into Hospital.Prescribed(product_id,patient_registration_no,date_of_visit) values (148,353,'2013-07-26');
insert into Hospital.Visitation(patient_registration_no,date_of_visit,diagnosis) values (353,'2013-05-03','vdrlt');
insert into Hospital.Consulted(employee_number,certification_no,patient_registration_no,date_of_visit) values(58,58112233,353,'2013-05-03');
insert into Hospital.Treated_by(patient_registration_no,date_of_visit,employee_number,treatment) values(353,2013-05-03,241);
insert into Hospital.Prescribed(product_id,patient_registration_no,date_of_visit) values (112,353,'2013-05-03');
insert into Hospital.Visitation(patient_registration_no,date_of_visit,diagnosis) values (353,'2013-10-14','qhbzi');
insert into Hospital.Consulted(employee_number,certification_no,patient_registration_no,date_of_visit) values(21,21112233,353,'2013-10-14');
insert into Hospital.Treated_by(patient_registration_no,date_of_visit,employee_number,treatment) values(353,2013-10-14,91);
insert into Hospital.Prescribed(product_id,patient_registration_no,date_of_visit) values (205,353,'2013-10-14');
insert into Hospital.Visitation(patient_registration_no,date_of_visit,diagnosis) values (353,'2013-02-20','zxqsr');
insert into Hospital.Consulted(employee_number,certification_no,patient_registration_no,date_of_visit) values(313,313112233,353,'2013-02-20');
insert into Hospital.Treated_by(patient_registration_no,date_of_visit,employee_number,treatment) values(353,2013-02-20,212);
insert into Hospital.Prescribed(product_id,patient_registration_no,date_of_visit) values (108,353,'2013-02-20');
insert into Hospital.Visitation(patient_registration_no,date_of_visit,diagnosis) values (353,'2013-01-28','frhcc');
insert into Hospital.Consulted(employee_number,certification_no,patient_registration_no,date_of_visit) values(242,242112233,353,'2013-01-28');
insert into Hospital.Treated_by(patient_registration_no,date_of_visit,employee_number,treatment) values(353,2013-01-28,18);
insert into Hospital.Prescribed(product_id,patient_registration_no,date_of_visit) values (187,353,'2013-01-28');
insert into Hospital.Patient (patient_registration_no, name, ssn, address,contact_no,emergency_contact_no) values ( 353,'wvrnp',481369932,'vyrvl',47880982,85134716);
insert into Hospital.Takes (employee_number,shift_name ) values ( 353,'evening');
insert into Hospital.Belongs_to(employee_number,department_id) values (353,3);
insert into Hospital.Pharmaceutical_product(product_id,cost,manufacturer) values(354,143.69077177748693,'kmgmn');
insert into Hospital.Batch(batch_id,manufacture_date,expiry_date) values (354,'2013-01-15','2013-07-26');
insert into Hospital.Production(product_id,batch_id) values (354,354);
insert into Hospital.Batch(batch_id,manufacture_date,expiry_date) values (355,'2013-01-15','2013-07-26');
insert into Hospital.Production(product_id,batch_id) values (354,355);
insert into Hospital.Batch(batch_id,manufacture_date,expiry_date) values (356,'2013-01-15','2013-07-26');
insert into Hospital.Production(product_id,batch_id) values (354,356);
insert into Hospital.Batch(batch_id,manufacture_date,expiry_date) values (357,'2013-01-15','2013-07-26');
insert into Hospital.Production(product_id,batch_id) values (354,357);
insert into Hospital.Batch(batch_id,manufacture_date,expiry_date) values (358,'2013-01-15','2013-07-26');
insert into Hospital.Production(product_id,batch_id) values (354,358);
insert into Hospital.Medicine(product_id,medicine_name,dosage) values (354,'jhuun','bchnw');
insert into Hospital.Employees (employee_number, name, location, ssn, home_address,phone_number,designation) values ( 354,'ambnv','ssmrbwkvkuigezh',568334781,'kqhvk',56374663,'Radiology');
insert into Hospital.Visitation(patient_registration_no,date_of_visit,diagnosis) values (354,'2013-09-16','vfcla');
insert into Hospital.Consulted(employee_number,certification_no,patient_registration_no,date_of_visit) values(299,299112233,354,'2013-09-16');
insert into Hospital.Treated_by(patient_registration_no,date_of_visit,employee_number,treatment) values(354,2013-09-16,0);
insert into Hospital.Prescribed(product_id,patient_registration_no,date_of_visit) values (280,354,'2013-09-16');
insert into Hospital.Visitation(patient_registration_no,date_of_visit,diagnosis) values (354,'2013-02-03','pafgx');
insert into Hospital.Consulted(employee_number,certification_no,patient_registration_no,date_of_visit) values(92,92112233,354,'2013-02-03');
insert into Hospital.Treated_by(patient_registration_no,date_of_visit,employee_number,treatment) values(354,2013-02-03,351);
insert into Hospital.Prescribed(product_id,patient_registration_no,date_of_visit) values (19,354,'2013-02-03');
insert into Hospital.Visitation(patient_registration_no,date_of_visit,diagnosis) values (354,'2013-07-13','ndque');
insert into Hospital.Consulted(employee_number,certification_no,patient_registration_no,date_of_visit) values(242,242112233,354,'2013-07-13');
insert into Hospital.Treated_by(patient_registration_no,date_of_visit,employee_number,treatment) values(354,2013-07-13,67);
insert into Hospital.Prescribed(product_id,patient_registration_no,date_of_visit) values (193,354,'2013-07-13');
insert into Hospital.Visitation(patient_registration_no,date_of_visit,diagnosis) values (354,'2013-06-01','cmsfd');
insert into Hospital.Consulted(employee_number,certification_no,patient_registration_no,date_of_visit) values(253,253112233,354,'2013-06-01');
insert into Hospital.Treated_by(patient_registration_no,date_of_visit,employee_number,treatment) values(354,2013-06-01,19);
insert into Hospital.Prescribed(product_id,patient_registration_no,date_of_visit) values (309,354,'2013-06-01');
insert into Hospital.Visitation(patient_registration_no,date_of_visit,diagnosis) values (354,'2013-05-24','plrph');
insert into Hospital.Consulted(employee_number,certification_no,patient_registration_no,date_of_visit) values(166,166112233,354,'2013-05-24');
insert into Hospital.Treated_by(patient_registration_no,date_of_visit,employee_number,treatment) values(354,2013-05-24,115);
insert into Hospital.Prescribed(product_id,patient_registration_no,date_of_visit) values (85,354,'2013-05-24');
insert into Hospital.Patient (patient_registration_no, name, ssn, address,contact_no,emergency_contact_no) values ( 354,'jwjaq',222910232,'qztrj',83360408,81803752);
insert into Hospital.Takes (employee_number,shift_name ) values ( 354,'night');
insert into Hospital.Belongs_to(employee_number,department_id) values (354,3);
insert into Hospital.Pharmaceutical_product(product_id,cost,manufacturer) values(355,820.7146499318869,'fznxe');
insert into Hospital.Employees (employee_number, name, location, ssn, home_address,phone_number,designation) values ( 355,'ewdcs','avfbilwqnvmgcfx',422958622,'oxieu',61543251,'Doctor');
insert into Hospital.Visitation(patient_registration_no,date_of_visit,diagnosis) values (355,'2013-03-05','rwgcq');
insert into Hospital.Consulted(employee_number,certification_no,patient_registration_no,date_of_visit) values(128,128112233,355,'2013-03-05');
insert into Hospital.Treated_by(patient_registration_no,date_of_visit,employee_number,treatment) values(355,2013-03-05,241);
insert into Hospital.Prescribed(product_id,patient_registration_no,date_of_visit) values (192,355,'2013-03-05');
insert into Hospital.Visitation(patient_registration_no,date_of_visit,diagnosis) values (355,'2013-07-21','zsije');
insert into Hospital.Consulted(employee_number,certification_no,patient_registration_no,date_of_visit) values(69,69112233,355,'2013-07-21');
insert into Hospital.Treated_by(patient_registration_no,date_of_visit,employee_number,treatment) values(355,2013-07-21,336);
insert into Hospital.Prescribed(product_id,patient_registration_no,date_of_visit) values (263,355,'2013-07-21');
insert into Hospital.Visitation(patient_registration_no,date_of_visit,diagnosis) values (355,'2013-03-18','jbqna');
insert into Hospital.Consulted(employee_number,certification_no,patient_registration_no,date_of_visit) values(166,166112233,355,'2013-03-18');
insert into Hospital.Treated_by(patient_registration_no,date_of_visit,employee_number,treatment) values(355,2013-03-18,164);
insert into Hospital.Prescribed(product_id,patient_registration_no,date_of_visit) values (108,355,'2013-03-18');
insert into Hospital.Visitation(patient_registration_no,date_of_visit,diagnosis) values (355,'2013-06-26','nyizj');
insert into Hospital.Consulted(employee_number,certification_no,patient_registration_no,date_of_visit) values(166,166112233,355,'2013-06-26');
insert into Hospital.Treated_by(patient_registration_no,date_of_visit,employee_number,treatment) values(355,2013-06-26,96);
insert into Hospital.Prescribed(product_id,patient_registration_no,date_of_visit) values (257,355,'2013-06-26');
insert into Hospital.Visitation(patient_registration_no,date_of_visit,diagnosis) values (355,'2013-06-30','ludnk');
insert into Hospital.Consulted(employee_number,certification_no,patient_registration_no,date_of_visit) values(230,230112233,355,'2013-06-30');
insert into Hospital.Treated_by(patient_registration_no,date_of_visit,employee_number,treatment) values(355,2013-06-30,231);
insert into Hospital.Prescribed(product_id,patient_registration_no,date_of_visit) values (126,355,'2013-06-30');
insert into Hospital.Patient (patient_registration_no, name, ssn, address,contact_no,emergency_contact_no) values ( 355,'ynpis',235127421,'zcuhn',18521638,75768345);
insert into Hospital.Physician (employee_number, certification_no,specialization) values ( 355,355112233,'Anesthesiology');
insert into Hospital.Belongs_to(employee_number,department_id) values (355,1);
insert into Hospital.Pharmaceutical_product(product_id,cost,manufacturer) values(356,232.6063206986969,'crdbt');
insert into Hospital.Medicine(product_id,medicine_name,dosage) values (356,'lavwn','uyprv');
insert into Hospital.Employees (employee_number, name, location, ssn, home_address,phone_number,designation) values ( 356,'groui','khykdboltwkokct',781387911,'swthz',23903615,'Radiology');
insert into Hospital.Visitation(patient_registration_no,date_of_visit,diagnosis) values (356,'2013-07-23','qabxx');
insert into Hospital.Consulted(employee_number,certification_no,patient_registration_no,date_of_visit) values(120,120112233,356,'2013-07-23');
insert into Hospital.Treated_by(patient_registration_no,date_of_visit,employee_number,treatment) values(356,2013-07-23,289);
insert into Hospital.Prescribed(product_id,patient_registration_no,date_of_visit) values (305,356,'2013-07-23');
insert into Hospital.Visitation(patient_registration_no,date_of_visit,diagnosis) values (356,'2013-10-15','znaqm');
insert into Hospital.Consulted(employee_number,certification_no,patient_registration_no,date_of_visit) values(262,262112233,356,'2013-10-15');
insert into Hospital.Treated_by(patient_registration_no,date_of_visit,employee_number,treatment) values(356,2013-10-15,19);
insert into Hospital.Prescribed(product_id,patient_registration_no,date_of_visit) values (141,356,'2013-10-15');
insert into Hospital.Visitation(patient_registration_no,date_of_visit,diagnosis) values (356,'2013-04-27','fqmfz');
insert into Hospital.Consulted(employee_number,certification_no,patient_registration_no,date_of_visit) values(299,299112233,356,'2013-04-27');
insert into Hospital.Treated_by(patient_registration_no,date_of_visit,employee_number,treatment) values(356,2013-04-27,143);
insert into Hospital.Prescribed(product_id,patient_registration_no,date_of_visit) values (56,356,'2013-04-27');
insert into Hospital.Visitation(patient_registration_no,date_of_visit,diagnosis) values (356,'2013-04-08','ihhjc');
insert into Hospital.Consulted(employee_number,certification_no,patient_registration_no,date_of_visit) values(66,66112233,356,'2013-04-08');
insert into Hospital.Treated_by(patient_registration_no,date_of_visit,employee_number,treatment) values(356,2013-04-08,294);
insert into Hospital.Prescribed(product_id,patient_registration_no,date_of_visit) values (293,356,'2013-04-08');
insert into Hospital.Visitation(patient_registration_no,date_of_visit,diagnosis) values (356,'2013-09-30','obtso');
insert into Hospital.Consulted(employee_number,certification_no,patient_registration_no,date_of_visit) values(319,319112233,356,'2013-09-30');
insert into Hospital.Treated_by(patient_registration_no,date_of_visit,employee_number,treatment) values(356,2013-09-30,314);
insert into Hospital.Prescribed(product_id,patient_registration_no,date_of_visit) values (314,356,'2013-09-30');
insert into Hospital.Patient (patient_registration_no, name, ssn, address,contact_no,emergency_contact_no) values ( 356,'wlayi',358111581,'fkcnc',90691367,80432086);
insert into Hospital.Takes (employee_number,shift_name ) values ( 356,'night');
insert into Hospital.Belongs_to(employee_number,department_id) values (356,3);
insert into Hospital.Pharmaceutical_product(product_id,cost,manufacturer) values(357,905.8703935106137,'trjwi');
insert into Hospital.Employees (employee_number, name, location, ssn, home_address,phone_number,designation) values ( 357,'grfap','szgbrtjxjgapatu',437070605,'mvofn',49582968,'Doctor');
insert into Hospital.Visitation(patient_registration_no,date_of_visit,diagnosis) values (357,'2013-01-01','nzvuk');
insert into Hospital.Consulted(employee_number,certification_no,patient_registration_no,date_of_visit) values(107,107112233,357,'2013-01-01');
insert into Hospital.Treated_by(patient_registration_no,date_of_visit,employee_number,treatment) values(357,2013-01-01,272);
insert into Hospital.Prescribed(product_id,patient_registration_no,date_of_visit) values (342,357,'2013-01-01');
insert into Hospital.Visitation(patient_registration_no,date_of_visit,diagnosis) values (357,'2013-02-20','vajfz');
insert into Hospital.Consulted(employee_number,certification_no,patient_registration_no,date_of_visit) values(60,60112233,357,'2013-02-20');
insert into Hospital.Treated_by(patient_registration_no,date_of_visit,employee_number,treatment) values(357,2013-02-20,261);
insert into Hospital.Prescribed(product_id,patient_registration_no,date_of_visit) values (99,357,'2013-02-20');
insert into Hospital.Visitation(patient_registration_no,date_of_visit,diagnosis) values (357,'2013-02-02','odvnw');
insert into Hospital.Consulted(employee_number,certification_no,patient_registration_no,date_of_visit) values(335,335112233,357,'2013-02-02');
insert into Hospital.Treated_by(patient_registration_no,date_of_visit,employee_number,treatment) values(357,2013-02-02,115);
insert into Hospital.Prescribed(product_id,patient_registration_no,date_of_visit) values (322,357,'2013-02-02');
insert into Hospital.Visitation(patient_registration_no,date_of_visit,diagnosis) values (357,'2013-10-14','fugfo');
insert into Hospital.Consulted(employee_number,certification_no,patient_registration_no,date_of_visit) values(51,51112233,357,'2013-10-14');
insert into Hospital.Treated_by(patient_registration_no,date_of_visit,employee_number,treatment) values(357,2013-10-14,352);
insert into Hospital.Prescribed(product_id,patient_registration_no,date_of_visit) values (341,357,'2013-10-14');
insert into Hospital.Visitation(patient_registration_no,date_of_visit,diagnosis) values (357,'2013-02-08','ganpl');
insert into Hospital.Consulted(employee_number,certification_no,patient_registration_no,date_of_visit) values(13,13112233,357,'2013-02-08');
insert into Hospital.Treated_by(patient_registration_no,date_of_visit,employee_number,treatment) values(357,2013-02-08,30);
insert into Hospital.Prescribed(product_id,patient_registration_no,date_of_visit) values (105,357,'2013-02-08');
insert into Hospital.Patient (patient_registration_no, name, ssn, address,contact_no,emergency_contact_no) values ( 357,'dztwi',346475765,'yzoyo',36599012,46009852);
insert into Hospital.Physician (employee_number, certification_no,specialization) values ( 357,357112233,'Dermatology');
insert into Hospital.Belongs_to(employee_number,department_id) values (357,1);
insert into Hospital.Pharmaceutical_product(product_id,cost,manufacturer) values(358,705.1835324963092,'hrqas');
insert into Hospital.Employees (employee_number, name, location, ssn, home_address,phone_number,designation) values ( 358,'vjkbp','mdggjxotikjiyqc',122527015,'ccmxn',20834897,'Doctor');
insert into Hospital.Visitation(patient_registration_no,date_of_visit,diagnosis) values (358,'2013-02-01','lnsml');
insert into Hospital.Consulted(employee_number,certification_no,patient_registration_no,date_of_visit) values(92,92112233,358,'2013-02-01');
insert into Hospital.Treated_by(patient_registration_no,date_of_visit,employee_number,treatment) values(358,2013-02-01,173);
insert into Hospital.Prescribed(product_id,patient_registration_no,date_of_visit) values (295,358,'2013-02-01');
insert into Hospital.Visitation(patient_registration_no,date_of_visit,diagnosis) values (358,'2013-08-02','fnnbc');
insert into Hospital.Consulted(employee_number,certification_no,patient_registration_no,date_of_visit) values(313,313112233,358,'2013-08-02');
insert into Hospital.Treated_by(patient_registration_no,date_of_visit,employee_number,treatment) values(358,2013-08-02,221);
insert into Hospital.Prescribed(product_id,patient_registration_no,date_of_visit) values (214,358,'2013-08-02');
insert into Hospital.Visitation(patient_registration_no,date_of_visit,diagnosis) values (358,'2013-01-26','cwuon');
insert into Hospital.Consulted(employee_number,certification_no,patient_registration_no,date_of_visit) values(244,244112233,358,'2013-01-26');
insert into Hospital.Treated_by(patient_registration_no,date_of_visit,employee_number,treatment) values(358,2013-01-26,312);
insert into Hospital.Prescribed(product_id,patient_registration_no,date_of_visit) values (224,358,'2013-01-26');
insert into Hospital.Visitation(patient_registration_no,date_of_visit,diagnosis) values (358,'2013-02-23','ktdlv');
insert into Hospital.Consulted(employee_number,certification_no,patient_registration_no,date_of_visit) values(139,139112233,358,'2013-02-23');
insert into Hospital.Treated_by(patient_registration_no,date_of_visit,employee_number,treatment) values(358,2013-02-23,204);
insert into Hospital.Prescribed(product_id,patient_registration_no,date_of_visit) values (34,358,'2013-02-23');
insert into Hospital.Visitation(patient_registration_no,date_of_visit,diagnosis) values (358,'2013-05-30','wgsoz');
insert into Hospital.Consulted(employee_number,certification_no,patient_registration_no,date_of_visit) values(245,245112233,358,'2013-05-30');
insert into Hospital.Treated_by(patient_registration_no,date_of_visit,employee_number,treatment) values(358,2013-05-30,77);
insert into Hospital.Prescribed(product_id,patient_registration_no,date_of_visit) values (252,358,'2013-05-30');
insert into Hospital.Patient (patient_registration_no, name, ssn, address,contact_no,emergency_contact_no) values ( 358,'zptsk',311605164,'hiagc',46213264,77694630);
insert into Hospital.Physician (employee_number, certification_no,specialization) values ( 358,358112233,'Cardiology');
insert into Hospital.Belongs_to(employee_number,department_id) values (358,1);
insert into Hospital.Pharmaceutical_product(product_id,cost,manufacturer) values(359,767.5174976686731,'zibgy');
insert into Hospital.Medicine(product_id,medicine_name,dosage) values (359,'uarwm','sbzxs');
insert into Hospital.Employees (employee_number, name, location, ssn, home_address,phone_number,designation) values ( 359,'nnrot','bqjhjgtppzrmrxc',641397738,'egdow',39640018,'Nurse');
insert into Hospital.Visitation(patient_registration_no,date_of_visit,diagnosis) values (359,'2013-08-06','qnyjn');
insert into Hospital.Consulted(employee_number,certification_no,patient_registration_no,date_of_visit) values(23,23112233,359,'2013-08-06');
insert into Hospital.Treated_by(patient_registration_no,date_of_visit,employee_number,treatment) values(359,2013-08-06,61);
insert into Hospital.Prescribed(product_id,patient_registration_no,date_of_visit) values (99,359,'2013-08-06');
insert into Hospital.Visitation(patient_registration_no,date_of_visit,diagnosis) values (359,'2013-05-03','yyvep');
insert into Hospital.Consulted(employee_number,certification_no,patient_registration_no,date_of_visit) values(116,116112233,359,'2013-05-03');
insert into Hospital.Treated_by(patient_registration_no,date_of_visit,employee_number,treatment) values(359,2013-05-03,247);
insert into Hospital.Prescribed(product_id,patient_registration_no,date_of_visit) values (210,359,'2013-05-03');
insert into Hospital.Visitation(patient_registration_no,date_of_visit,diagnosis) values (359,'2013-08-25','xedro');
insert into Hospital.Consulted(employee_number,certification_no,patient_registration_no,date_of_visit) values(150,150112233,359,'2013-08-25');
insert into Hospital.Treated_by(patient_registration_no,date_of_visit,employee_number,treatment) values(359,2013-08-25,314);
insert into Hospital.Prescribed(product_id,patient_registration_no,date_of_visit) values (149,359,'2013-08-25');
insert into Hospital.Visitation(patient_registration_no,date_of_visit,diagnosis) values (359,'2013-02-02','ogoha');
insert into Hospital.Consulted(employee_number,certification_no,patient_registration_no,date_of_visit) values(6,6112233,359,'2013-02-02');
insert into Hospital.Treated_by(patient_registration_no,date_of_visit,employee_number,treatment) values(359,2013-02-02,73);
insert into Hospital.Prescribed(product_id,patient_registration_no,date_of_visit) values (249,359,'2013-02-02');
insert into Hospital.Visitation(patient_registration_no,date_of_visit,diagnosis) values (359,'2013-09-30','grtgl');
insert into Hospital.Consulted(employee_number,certification_no,patient_registration_no,date_of_visit) values(228,228112233,359,'2013-09-30');
insert into Hospital.Treated_by(patient_registration_no,date_of_visit,employee_number,treatment) values(359,2013-09-30,201);
insert into Hospital.Prescribed(product_id,patient_registration_no,date_of_visit) values (161,359,'2013-09-30');
insert into Hospital.Patient (patient_registration_no, name, ssn, address,contact_no,emergency_contact_no) values ( 359,'nevjl',303058288,'fzixf',29488065,13831974);
insert into Hospital.Takes (employee_number,shift_name ) values ( 359,'morning');
insert into Hospital.Belongs_to(employee_number,department_id) values (359,3);
insert into Hospital.Pharmaceutical_product(product_id,cost,manufacturer) values(360,931.6301227084087,'akkga');
insert into Hospital.Medicine(product_id,medicine_name,dosage) values (360,'tyzds','sdppb');
insert into Hospital.Employees (employee_number, name, location, ssn, home_address,phone_number,designation) values ( 360,'hyuft','aflfnftdehdemcj',47714145,'uqdvs',32137994,'Radiology');
insert into Hospital.Visitation(patient_registration_no,date_of_visit,diagnosis) values (360,'2013-09-16','yudod');
insert into Hospital.Consulted(employee_number,certification_no,patient_registration_no,date_of_visit) values(335,335112233,360,'2013-09-16');
insert into Hospital.Treated_by(patient_registration_no,date_of_visit,employee_number,treatment) values(360,2013-09-16,209);
insert into Hospital.Prescribed(product_id,patient_registration_no,date_of_visit) values (294,360,'2013-09-16');
insert into Hospital.Visitation(patient_registration_no,date_of_visit,diagnosis) values (360,'2013-02-04','phxig');
insert into Hospital.Consulted(employee_number,certification_no,patient_registration_no,date_of_visit) values(110,110112233,360,'2013-02-04');
insert into Hospital.Treated_by(patient_registration_no,date_of_visit,employee_number,treatment) values(360,2013-02-04,112);
insert into Hospital.Prescribed(product_id,patient_registration_no,date_of_visit) values (210,360,'2013-02-04');
insert into Hospital.Visitation(patient_registration_no,date_of_visit,diagnosis) values (360,'2013-07-27','fwdff');
insert into Hospital.Consulted(employee_number,certification_no,patient_registration_no,date_of_visit) values(116,116112233,360,'2013-07-27');
insert into Hospital.Treated_by(patient_registration_no,date_of_visit,employee_number,treatment) values(360,2013-07-27,112);
insert into Hospital.Prescribed(product_id,patient_registration_no,date_of_visit) values (289,360,'2013-07-27');
insert into Hospital.Visitation(patient_registration_no,date_of_visit,diagnosis) values (360,'2013-07-29','xhadq');
insert into Hospital.Consulted(employee_number,certification_no,patient_registration_no,date_of_visit) values(184,184112233,360,'2013-07-29');
insert into Hospital.Treated_by(patient_registration_no,date_of_visit,employee_number,treatment) values(360,2013-07-29,96);
insert into Hospital.Prescribed(product_id,patient_registration_no,date_of_visit) values (78,360,'2013-07-29');
insert into Hospital.Visitation(patient_registration_no,date_of_visit,diagnosis) values (360,'2013-07-21','gpxgs');
insert into Hospital.Consulted(employee_number,certification_no,patient_registration_no,date_of_visit) values(242,242112233,360,'2013-07-21');
insert into Hospital.Treated_by(patient_registration_no,date_of_visit,employee_number,treatment) values(360,2013-07-21,28);
insert into Hospital.Prescribed(product_id,patient_registration_no,date_of_visit) values (298,360,'2013-07-21');
insert into Hospital.Patient (patient_registration_no, name, ssn, address,contact_no,emergency_contact_no) values ( 360,'hrcva',881907792,'nldas',99768520,45964744);
insert into Hospital.Takes (employee_number,shift_name ) values ( 360,'night');
insert into Hospital.Belongs_to(employee_number,department_id) values (360,3);
insert into Hospital.Pharmaceutical_product(product_id,cost,manufacturer) values(361,513.2176364161937,'sxmll');
insert into Hospital.Medicine(product_id,medicine_name,dosage) values (361,'wuvvg','hwqdq');
insert into Hospital.Employees (employee_number, name, location, ssn, home_address,phone_number,designation) values ( 361,'tordj','fzcynqooyxqmtar',82485901,'nejar',34554857,'Administration');
insert into Hospital.Visitation(patient_registration_no,date_of_visit,diagnosis) values (361,'2013-01-04','lcmll');
insert into Hospital.Consulted(employee_number,certification_no,patient_registration_no,date_of_visit) values(12,12112233,361,'2013-01-04');
insert into Hospital.Treated_by(patient_registration_no,date_of_visit,employee_number,treatment) values(361,2013-01-04,63);
insert into Hospital.Prescribed(product_id,patient_registration_no,date_of_visit) values (305,361,'2013-01-04');
insert into Hospital.Visitation(patient_registration_no,date_of_visit,diagnosis) values (361,'2013-02-26','uqxjg');
insert into Hospital.Consulted(employee_number,certification_no,patient_registration_no,date_of_visit) values(337,337112233,361,'2013-02-26');
insert into Hospital.Treated_by(patient_registration_no,date_of_visit,employee_number,treatment) values(361,2013-02-26,224);
insert into Hospital.Prescribed(product_id,patient_registration_no,date_of_visit) values (226,361,'2013-02-26');
insert into Hospital.Visitation(patient_registration_no,date_of_visit,diagnosis) values (361,'2013-01-05','pclms');
insert into Hospital.Consulted(employee_number,certification_no,patient_registration_no,date_of_visit) values(319,319112233,361,'2013-01-05');
insert into Hospital.Treated_by(patient_registration_no,date_of_visit,employee_number,treatment) values(361,2013-01-05,165);
insert into Hospital.Prescribed(product_id,patient_registration_no,date_of_visit) values (170,361,'2013-01-05');
insert into Hospital.Visitation(patient_registration_no,date_of_visit,diagnosis) values (361,'2013-07-13','svupr');
insert into Hospital.Consulted(employee_number,certification_no,patient_registration_no,date_of_visit) values(318,318112233,361,'2013-07-13');
insert into Hospital.Treated_by(patient_registration_no,date_of_visit,employee_number,treatment) values(361,2013-07-13,26);
insert into Hospital.Prescribed(product_id,patient_registration_no,date_of_visit) values (213,361,'2013-07-13');
insert into Hospital.Visitation(patient_registration_no,date_of_visit,diagnosis) values (361,'2013-05-22','aeupc');
insert into Hospital.Consulted(employee_number,certification_no,patient_registration_no,date_of_visit) values(326,326112233,361,'2013-05-22');
insert into Hospital.Treated_by(patient_registration_no,date_of_visit,employee_number,treatment) values(361,2013-05-22,356);
insert into Hospital.Prescribed(product_id,patient_registration_no,date_of_visit) values (20,361,'2013-05-22');
insert into Hospital.Patient (patient_registration_no, name, ssn, address,contact_no,emergency_contact_no) values ( 361,'pwtny',953503432,'erlhb',60718917,15560277);
insert into Hospital.Belongs_to(employee_number,department_id) values (361,2);
insert into Hospital.Pharmaceutical_product(product_id,cost,manufacturer) values(362,569.4611339173771,'gkotq');
insert into Hospital.Batch(batch_id,manufacture_date,expiry_date) values (362,'2013-03-24','2013-10-15');
insert into Hospital.Production(product_id,batch_id) values (362,362);
insert into Hospital.Batch(batch_id,manufacture_date,expiry_date) values (363,'2013-03-24','2013-10-15');
insert into Hospital.Production(product_id,batch_id) values (362,363);
insert into Hospital.Batch(batch_id,manufacture_date,expiry_date) values (364,'2013-03-24','2013-10-15');
insert into Hospital.Production(product_id,batch_id) values (362,364);
insert into Hospital.Batch(batch_id,manufacture_date,expiry_date) values (365,'2013-03-24','2013-10-15');
insert into Hospital.Production(product_id,batch_id) values (362,365);
insert into Hospital.Batch(batch_id,manufacture_date,expiry_date) values (366,'2013-03-24','2013-10-15');
insert into Hospital.Production(product_id,batch_id) values (362,366);
insert into Hospital.Medicine(product_id,medicine_name,dosage) values (362,'pxefg','wtxai');
insert into Hospital.Employees (employee_number, name, location, ssn, home_address,phone_number,designation) values ( 362,'rvtzc','uqnfbnrozjpvrze',152562006,'xjscs',45904566,'Radiology');
insert into Hospital.Visitation(patient_registration_no,date_of_visit,diagnosis) values (362,'2013-07-18','dtbof');
insert into Hospital.Consulted(employee_number,certification_no,patient_registration_no,date_of_visit) values(55,55112233,362,'2013-07-18');
insert into Hospital.Treated_by(patient_registration_no,date_of_visit,employee_number,treatment) values(362,2013-07-18,91);
insert into Hospital.Prescribed(product_id,patient_registration_no,date_of_visit) values (271,362,'2013-07-18');
insert into Hospital.Visitation(patient_registration_no,date_of_visit,diagnosis) values (362,'2013-03-10','jznzj');
insert into Hospital.Consulted(employee_number,certification_no,patient_registration_no,date_of_visit) values(271,271112233,362,'2013-03-10');
insert into Hospital.Treated_by(patient_registration_no,date_of_visit,employee_number,treatment) values(362,2013-03-10,196);
insert into Hospital.Prescribed(product_id,patient_registration_no,date_of_visit) values (294,362,'2013-03-10');
insert into Hospital.Visitation(patient_registration_no,date_of_visit,diagnosis) values (362,'2013-02-01','quigf');
insert into Hospital.Consulted(employee_number,certification_no,patient_registration_no,date_of_visit) values(92,92112233,362,'2013-02-01');
insert into Hospital.Treated_by(patient_registration_no,date_of_visit,employee_number,treatment) values(362,2013-02-01,77);
insert into Hospital.Prescribed(product_id,patient_registration_no,date_of_visit) values (197,362,'2013-02-01');
insert into Hospital.Visitation(patient_registration_no,date_of_visit,diagnosis) values (362,'2013-02-21','atkch');
insert into Hospital.Consulted(employee_number,certification_no,patient_registration_no,date_of_visit) values(193,193112233,362,'2013-02-21');
insert into Hospital.Treated_by(patient_registration_no,date_of_visit,employee_number,treatment) values(362,2013-02-21,30);
insert into Hospital.Prescribed(product_id,patient_registration_no,date_of_visit) values (346,362,'2013-02-21');
insert into Hospital.Visitation(patient_registration_no,date_of_visit,diagnosis) values (362,'2013-02-15','lesfd');
insert into Hospital.Consulted(employee_number,certification_no,patient_registration_no,date_of_visit) values(128,128112233,362,'2013-02-15');
insert into Hospital.Treated_by(patient_registration_no,date_of_visit,employee_number,treatment) values(362,2013-02-15,172);
insert into Hospital.Prescribed(product_id,patient_registration_no,date_of_visit) values (14,362,'2013-02-15');
insert into Hospital.Patient (patient_registration_no, name, ssn, address,contact_no,emergency_contact_no) values ( 362,'smlgx',409861401,'dyuox',98243433,48019180);
insert into Hospital.Takes (employee_number,shift_name ) values ( 362,'morning');
insert into Hospital.Belongs_to(employee_number,department_id) values (362,3);
insert into Hospital.Pharmaceutical_product(product_id,cost,manufacturer) values(363,868.86781510202,'wlcsw');
insert into Hospital.Batch(batch_id,manufacture_date,expiry_date) values (363,'2013-05-15','2013-09-20');
insert into Hospital.Production(product_id,batch_id) values (363,363);
insert into Hospital.Batch(batch_id,manufacture_date,expiry_date) values (364,'2013-05-15','2013-09-20');
insert into Hospital.Production(product_id,batch_id) values (363,364);
insert into Hospital.Batch(batch_id,manufacture_date,expiry_date) values (365,'2013-05-15','2013-09-20');
insert into Hospital.Production(product_id,batch_id) values (363,365);
insert into Hospital.Batch(batch_id,manufacture_date,expiry_date) values (366,'2013-05-15','2013-09-20');
insert into Hospital.Production(product_id,batch_id) values (363,366);
insert into Hospital.Batch(batch_id,manufacture_date,expiry_date) values (367,'2013-05-15','2013-09-20');
insert into Hospital.Production(product_id,batch_id) values (363,367);
insert into Hospital.Medicine(product_id,medicine_name,dosage) values (363,'cuugw','fdxge');
insert into Hospital.Employees (employee_number, name, location, ssn, home_address,phone_number,designation) values ( 363,'fdylu','xdeprmwbrzkwqhc',410076599,'rvkam',29590173,'Doctor');
insert into Hospital.Visitation(patient_registration_no,date_of_visit,diagnosis) values (363,'2013-08-26','dfvwo');
insert into Hospital.Consulted(employee_number,certification_no,patient_registration_no,date_of_visit) values(122,122112233,363,'2013-08-26');
insert into Hospital.Treated_by(patient_registration_no,date_of_visit,employee_number,treatment) values(363,2013-08-26,112);
insert into Hospital.Prescribed(product_id,patient_registration_no,date_of_visit) values (37,363,'2013-08-26');
insert into Hospital.Visitation(patient_registration_no,date_of_visit,diagnosis) values (363,'2013-01-13','vowex');
insert into Hospital.Consulted(employee_number,certification_no,patient_registration_no,date_of_visit) values(43,43112233,363,'2013-01-13');
insert into Hospital.Treated_by(patient_registration_no,date_of_visit,employee_number,treatment) values(363,2013-01-13,261);
insert into Hospital.Prescribed(product_id,patient_registration_no,date_of_visit) values (113,363,'2013-01-13');
insert into Hospital.Visitation(patient_registration_no,date_of_visit,diagnosis) values (363,'2013-04-21','adxkt');
insert into Hospital.Consulted(employee_number,certification_no,patient_registration_no,date_of_visit) values(335,335112233,363,'2013-04-21');
insert into Hospital.Treated_by(patient_registration_no,date_of_visit,employee_number,treatment) values(363,2013-04-21,203);
insert into Hospital.Prescribed(product_id,patient_registration_no,date_of_visit) values (350,363,'2013-04-21');
insert into Hospital.Visitation(patient_registration_no,date_of_visit,diagnosis) values (363,'2013-08-24','ujdfh');
insert into Hospital.Consulted(employee_number,certification_no,patient_registration_no,date_of_visit) values(107,107112233,363,'2013-08-24');
insert into Hospital.Treated_by(patient_registration_no,date_of_visit,employee_number,treatment) values(363,2013-08-24,134);
insert into Hospital.Prescribed(product_id,patient_registration_no,date_of_visit) values (306,363,'2013-08-24');
insert into Hospital.Visitation(patient_registration_no,date_of_visit,diagnosis) values (363,'2013-08-30','najib');
insert into Hospital.Consulted(employee_number,certification_no,patient_registration_no,date_of_visit) values(21,21112233,363,'2013-08-30');
insert into Hospital.Treated_by(patient_registration_no,date_of_visit,employee_number,treatment) values(363,2013-08-30,314);
insert into Hospital.Prescribed(product_id,patient_registration_no,date_of_visit) values (180,363,'2013-08-30');
insert into Hospital.Patient (patient_registration_no, name, ssn, address,contact_no,emergency_contact_no) values ( 363,'xbrph',853930402,'xrdkw',73286989,11105120);
insert into Hospital.Physician (employee_number, certification_no,specialization) values ( 363,363112233,'Dermatology');
insert into Hospital.Belongs_to(employee_number,department_id) values (363,1);
insert into Hospital.Pharmaceutical_product(product_id,cost,manufacturer) values(364,374.0370562230947,'rrcis');
insert into Hospital.Medicine(product_id,medicine_name,dosage) values (364,'yyoht','pchnp');
insert into Hospital.Employees (employee_number, name, location, ssn, home_address,phone_number,designation) values ( 364,'zzxri','ttvlvbnuzoidnik',752423508,'slylw',24704695,'Radiology');
insert into Hospital.Visitation(patient_registration_no,date_of_visit,diagnosis) values (364,'2013-01-17','vtxud');
insert into Hospital.Consulted(employee_number,certification_no,patient_registration_no,date_of_visit) values(208,208112233,364,'2013-01-17');
insert into Hospital.Treated_by(patient_registration_no,date_of_visit,employee_number,treatment) values(364,2013-01-17,101);
insert into Hospital.Prescribed(product_id,patient_registration_no,date_of_visit) values (174,364,'2013-01-17');
insert into Hospital.Visitation(patient_registration_no,date_of_visit,diagnosis) values (364,'2013-09-17','vrjqh');
insert into Hospital.Consulted(employee_number,certification_no,patient_registration_no,date_of_visit) values(111,111112233,364,'2013-09-17');
insert into Hospital.Treated_by(patient_registration_no,date_of_visit,employee_number,treatment) values(364,2013-09-17,301);
insert into Hospital.Prescribed(product_id,patient_registration_no,date_of_visit) values (169,364,'2013-09-17');
insert into Hospital.Visitation(patient_registration_no,date_of_visit,diagnosis) values (364,'2013-04-26','epjef');
insert into Hospital.Consulted(employee_number,certification_no,patient_registration_no,date_of_visit) values(139,139112233,364,'2013-04-26');
insert into Hospital.Treated_by(patient_registration_no,date_of_visit,employee_number,treatment) values(364,2013-04-26,347);
insert into Hospital.Prescribed(product_id,patient_registration_no,date_of_visit) values (55,364,'2013-04-26');
insert into Hospital.Visitation(patient_registration_no,date_of_visit,diagnosis) values (364,'2013-10-07','ptgcm');
insert into Hospital.Consulted(employee_number,certification_no,patient_registration_no,date_of_visit) values(176,176112233,364,'2013-10-07');
insert into Hospital.Treated_by(patient_registration_no,date_of_visit,employee_number,treatment) values(364,2013-10-07,343);
insert into Hospital.Prescribed(product_id,patient_registration_no,date_of_visit) values (126,364,'2013-10-07');
insert into Hospital.Visitation(patient_registration_no,date_of_visit,diagnosis) values (364,'2013-03-05','ooaro');
insert into Hospital.Consulted(employee_number,certification_no,patient_registration_no,date_of_visit) values(159,159112233,364,'2013-03-05');
insert into Hospital.Treated_by(patient_registration_no,date_of_visit,employee_number,treatment) values(364,2013-03-05,241);
insert into Hospital.Prescribed(product_id,patient_registration_no,date_of_visit) values (306,364,'2013-03-05');
insert into Hospital.Patient (patient_registration_no, name, ssn, address,contact_no,emergency_contact_no) values ( 364,'hbsth',388419515,'aprbt',25864803,25753110);
insert into Hospital.Takes (employee_number,shift_name ) values ( 364,'evening');
insert into Hospital.Belongs_to(employee_number,department_id) values (364,3);
insert into Hospital.Pharmaceutical_product(product_id,cost,manufacturer) values(365,970.2065574594155,'fgwij');
insert into Hospital.Batch(batch_id,manufacture_date,expiry_date) values (365,'2013-04-20','2013-05-17');
insert into Hospital.Production(product_id,batch_id) values (365,365);
insert into Hospital.Batch(batch_id,manufacture_date,expiry_date) values (366,'2013-04-20','2013-05-17');
insert into Hospital.Production(product_id,batch_id) values (365,366);
insert into Hospital.Batch(batch_id,manufacture_date,expiry_date) values (367,'2013-04-20','2013-05-17');
insert into Hospital.Production(product_id,batch_id) values (365,367);
insert into Hospital.Batch(batch_id,manufacture_date,expiry_date) values (368,'2013-04-20','2013-05-17');
insert into Hospital.Production(product_id,batch_id) values (365,368);
insert into Hospital.Batch(batch_id,manufacture_date,expiry_date) values (369,'2013-04-20','2013-05-17');
insert into Hospital.Production(product_id,batch_id) values (365,369);
insert into Hospital.Medicine(product_id,medicine_name,dosage) values (365,'ysjyr','ujnxw');
insert into Hospital.Employees (employee_number, name, location, ssn, home_address,phone_number,designation) values ( 365,'ymzft','wylyxskaxyphneo',439976498,'eduqj',24124185,'Doctor');
insert into Hospital.Visitation(patient_registration_no,date_of_visit,diagnosis) values (365,'2013-09-28','dlvsi');
insert into Hospital.Consulted(employee_number,certification_no,patient_registration_no,date_of_visit) values(166,166112233,365,'2013-09-28');
insert into Hospital.Treated_by(patient_registration_no,date_of_visit,employee_number,treatment) values(365,2013-09-28,221);
insert into Hospital.Prescribed(product_id,patient_registration_no,date_of_visit) values (309,365,'2013-09-28');
insert into Hospital.Visitation(patient_registration_no,date_of_visit,diagnosis) values (365,'2013-06-29','ovtxo');
insert into Hospital.Consulted(employee_number,certification_no,patient_registration_no,date_of_visit) values(274,274112233,365,'2013-06-29');
insert into Hospital.Treated_by(patient_registration_no,date_of_visit,employee_number,treatment) values(365,2013-06-29,343);
insert into Hospital.Prescribed(product_id,patient_registration_no,date_of_visit) values (334,365,'2013-06-29');
insert into Hospital.Visitation(patient_registration_no,date_of_visit,diagnosis) values (365,'2013-01-10','sfoye');
insert into Hospital.Consulted(employee_number,certification_no,patient_registration_no,date_of_visit) values(363,363112233,365,'2013-01-10');
insert into Hospital.Treated_by(patient_registration_no,date_of_visit,employee_number,treatment) values(365,2013-01-10,273);
insert into Hospital.Prescribed(product_id,patient_registration_no,date_of_visit) values (118,365,'2013-01-10');
insert into Hospital.Visitation(patient_registration_no,date_of_visit,diagnosis) values (365,'2013-04-23','pvtkl');
insert into Hospital.Consulted(employee_number,certification_no,patient_registration_no,date_of_visit) values(228,228112233,365,'2013-04-23');
insert into Hospital.Treated_by(patient_registration_no,date_of_visit,employee_number,treatment) values(365,2013-04-23,50);
insert into Hospital.Prescribed(product_id,patient_registration_no,date_of_visit) values (224,365,'2013-04-23');
insert into Hospital.Visitation(patient_registration_no,date_of_visit,diagnosis) values (365,'2013-05-14','novzd');
insert into Hospital.Consulted(employee_number,certification_no,patient_registration_no,date_of_visit) values(137,137112233,365,'2013-05-14');
insert into Hospital.Treated_by(patient_registration_no,date_of_visit,employee_number,treatment) values(365,2013-05-14,356);
insert into Hospital.Prescribed(product_id,patient_registration_no,date_of_visit) values (123,365,'2013-05-14');
insert into Hospital.Patient (patient_registration_no, name, ssn, address,contact_no,emergency_contact_no) values ( 365,'vdwgh',723779029,'budof',46935635,31777094);
insert into Hospital.Physician (employee_number, certification_no,specialization) values ( 365,365112233,'Dermatology');
insert into Hospital.Belongs_to(employee_number,department_id) values (365,1);
insert into Hospital.Pharmaceutical_product(product_id,cost,manufacturer) values(366,794.9687241128979,'wspzk');
insert into Hospital.Batch(batch_id,manufacture_date,expiry_date) values (366,'2013-03-07','2013-09-25');
insert into Hospital.Production(product_id,batch_id) values (366,366);
insert into Hospital.Batch(batch_id,manufacture_date,expiry_date) values (367,'2013-03-07','2013-09-25');
insert into Hospital.Production(product_id,batch_id) values (366,367);
insert into Hospital.Batch(batch_id,manufacture_date,expiry_date) values (368,'2013-03-07','2013-09-25');
insert into Hospital.Production(product_id,batch_id) values (366,368);
insert into Hospital.Batch(batch_id,manufacture_date,expiry_date) values (369,'2013-03-07','2013-09-25');
insert into Hospital.Production(product_id,batch_id) values (366,369);
insert into Hospital.Batch(batch_id,manufacture_date,expiry_date) values (370,'2013-03-07','2013-09-25');
insert into Hospital.Production(product_id,batch_id) values (366,370);
insert into Hospital.Medicine(product_id,medicine_name,dosage) values (366,'kyztq','dufvb');
insert into Hospital.Employees (employee_number, name, location, ssn, home_address,phone_number,designation) values ( 366,'gjaqx','fpusgrxjijxdbwa',625224505,'hilhm',28948751,'Administration');
insert into Hospital.Visitation(patient_registration_no,date_of_visit,diagnosis) values (366,'2013-06-11','hhqru');
insert into Hospital.Consulted(employee_number,certification_no,patient_registration_no,date_of_visit) values(230,230112233,366,'2013-06-11');
insert into Hospital.Treated_by(patient_registration_no,date_of_visit,employee_number,treatment) values(366,2013-06-11,237);
insert into Hospital.Prescribed(product_id,patient_registration_no,date_of_visit) values (61,366,'2013-06-11');
insert into Hospital.Visitation(patient_registration_no,date_of_visit,diagnosis) values (366,'2013-09-17','nltdh');
insert into Hospital.Consulted(employee_number,certification_no,patient_registration_no,date_of_visit) values(75,75112233,366,'2013-09-17');
insert into Hospital.Treated_by(patient_registration_no,date_of_visit,employee_number,treatment) values(366,2013-09-17,204);
insert into Hospital.Prescribed(product_id,patient_registration_no,date_of_visit) values (55,366,'2013-09-17');
insert into Hospital.Visitation(patient_registration_no,date_of_visit,diagnosis) values (366,'2013-01-12','ipsyz');
insert into Hospital.Consulted(employee_number,certification_no,patient_registration_no,date_of_visit) values(23,23112233,366,'2013-01-12');
insert into Hospital.Treated_by(patient_registration_no,date_of_visit,employee_number,treatment) values(366,2013-01-12,19);
insert into Hospital.Prescribed(product_id,patient_registration_no,date_of_visit) values (211,366,'2013-01-12');
insert into Hospital.Visitation(patient_registration_no,date_of_visit,diagnosis) values (366,'2013-03-10','yzvfx');
insert into Hospital.Consulted(employee_number,certification_no,patient_registration_no,date_of_visit) values(159,159112233,366,'2013-03-10');
insert into Hospital.Treated_by(patient_registration_no,date_of_visit,employee_number,treatment) values(366,2013-03-10,247);
insert into Hospital.Prescribed(product_id,patient_registration_no,date_of_visit) values (234,366,'2013-03-10');
insert into Hospital.Visitation(patient_registration_no,date_of_visit,diagnosis) values (366,'2013-03-05','gkddc');
insert into Hospital.Consulted(employee_number,certification_no,patient_registration_no,date_of_visit) values(258,258112233,366,'2013-03-05');
insert into Hospital.Treated_by(patient_registration_no,date_of_visit,employee_number,treatment) values(366,2013-03-05,241);
insert into Hospital.Prescribed(product_id,patient_registration_no,date_of_visit) values (257,366,'2013-03-05');
insert into Hospital.Patient (patient_registration_no, name, ssn, address,contact_no,emergency_contact_no) values ( 366,'rvtsd',909349973,'eyipn',66334656,93350394);
insert into Hospital.Belongs_to(employee_number,department_id) values (366,2);
insert into Hospital.Pharmaceutical_product(product_id,cost,manufacturer) values(367,764.4931610087299,'qnvfr');
insert into Hospital.Medicine(product_id,medicine_name,dosage) values (367,'bvtke','zlzsl');
insert into Hospital.Employees (employee_number, name, location, ssn, home_address,phone_number,designation) values ( 367,'xcmmm','msbbnemxvtzicxt',913725081,'kabxw',21980387,'Nurse');
insert into Hospital.Visitation(patient_registration_no,date_of_visit,diagnosis) values (367,'2013-05-27','sdscz');
insert into Hospital.Consulted(employee_number,certification_no,patient_registration_no,date_of_visit) values(175,175112233,367,'2013-05-27');
insert into Hospital.Treated_by(patient_registration_no,date_of_visit,employee_number,treatment) values(367,2013-05-27,64);
insert into Hospital.Prescribed(product_id,patient_registration_no,date_of_visit) values (284,367,'2013-05-27');
insert into Hospital.Visitation(patient_registration_no,date_of_visit,diagnosis) values (367,'2013-08-18','tetul');
insert into Hospital.Consulted(employee_number,certification_no,patient_registration_no,date_of_visit) values(6,6112233,367,'2013-08-18');
insert into Hospital.Treated_by(patient_registration_no,date_of_visit,employee_number,treatment) values(367,2013-08-18,104);
insert into Hospital.Prescribed(product_id,patient_registration_no,date_of_visit) values (160,367,'2013-08-18');
insert into Hospital.Visitation(patient_registration_no,date_of_visit,diagnosis) values (367,'2013-09-11','yfpvk');
insert into Hospital.Consulted(employee_number,certification_no,patient_registration_no,date_of_visit) values(244,244112233,367,'2013-09-11');
insert into Hospital.Treated_by(patient_registration_no,date_of_visit,employee_number,treatment) values(367,2013-09-11,49);
insert into Hospital.Prescribed(product_id,patient_registration_no,date_of_visit) values (131,367,'2013-09-11');
insert into Hospital.Visitation(patient_registration_no,date_of_visit,diagnosis) values (367,'2013-02-13','baidu');
insert into Hospital.Consulted(employee_number,certification_no,patient_registration_no,date_of_visit) values(228,228112233,367,'2013-02-13');
insert into Hospital.Treated_by(patient_registration_no,date_of_visit,employee_number,treatment) values(367,2013-02-13,233);
insert into Hospital.Prescribed(product_id,patient_registration_no,date_of_visit) values (356,367,'2013-02-13');
insert into Hospital.Visitation(patient_registration_no,date_of_visit,diagnosis) values (367,'2013-07-18','ugmhi');
insert into Hospital.Consulted(employee_number,certification_no,patient_registration_no,date_of_visit) values(287,287112233,367,'2013-07-18');
insert into Hospital.Treated_by(patient_registration_no,date_of_visit,employee_number,treatment) values(367,2013-07-18,49);
insert into Hospital.Prescribed(product_id,patient_registration_no,date_of_visit) values (249,367,'2013-07-18');
insert into Hospital.Patient (patient_registration_no, name, ssn, address,contact_no,emergency_contact_no) values ( 367,'orvlc',686716007,'ciohx',74060871,66526548);
insert into Hospital.Takes (employee_number,shift_name ) values ( 367,'morning');
insert into Hospital.Belongs_to(employee_number,department_id) values (367,3);
insert into Hospital.Pharmaceutical_product(product_id,cost,manufacturer) values(368,279.5607882704931,'rpyku');
insert into Hospital.Batch(batch_id,manufacture_date,expiry_date) values (368,'2013-06-18','2013-08-01');
insert into Hospital.Production(product_id,batch_id) values (368,368);
insert into Hospital.Batch(batch_id,manufacture_date,expiry_date) values (369,'2013-06-18','2013-08-01');
insert into Hospital.Production(product_id,batch_id) values (368,369);
insert into Hospital.Batch(batch_id,manufacture_date,expiry_date) values (370,'2013-06-18','2013-08-01');
insert into Hospital.Production(product_id,batch_id) values (368,370);
insert into Hospital.Batch(batch_id,manufacture_date,expiry_date) values (371,'2013-06-18','2013-08-01');
insert into Hospital.Production(product_id,batch_id) values (368,371);
insert into Hospital.Batch(batch_id,manufacture_date,expiry_date) values (372,'2013-06-18','2013-08-01');
insert into Hospital.Production(product_id,batch_id) values (368,372);
insert into Hospital.Employees (employee_number, name, location, ssn, home_address,phone_number,designation) values ( 368,'evobm','fgqgcdhtxcztjxu',170183950,'rmmze',62801235,'Doctor');
insert into Hospital.Visitation(patient_registration_no,date_of_visit,diagnosis) values (368,'2013-09-26','mquzc');
insert into Hospital.Consulted(employee_number,certification_no,patient_registration_no,date_of_visit) values(12,12112233,368,'2013-09-26');
insert into Hospital.Treated_by(patient_registration_no,date_of_visit,employee_number,treatment) values(368,2013-09-26,157);
insert into Hospital.Prescribed(product_id,patient_registration_no,date_of_visit) values (307,368,'2013-09-26');
insert into Hospital.Visitation(patient_registration_no,date_of_visit,diagnosis) values (368,'2013-03-11','jwapi');
insert into Hospital.Consulted(employee_number,certification_no,patient_registration_no,date_of_visit) values(35,35112233,368,'2013-03-11');
insert into Hospital.Treated_by(patient_registration_no,date_of_visit,employee_number,treatment) values(368,2013-03-11,277);
insert into Hospital.Prescribed(product_id,patient_registration_no,date_of_visit) values (282,368,'2013-03-11');
insert into Hospital.Visitation(patient_registration_no,date_of_visit,diagnosis) values (368,'2013-09-10','wvfhe');
insert into Hospital.Consulted(employee_number,certification_no,patient_registration_no,date_of_visit) values(12,12112233,368,'2013-09-10');
insert into Hospital.Treated_by(patient_registration_no,date_of_visit,employee_number,treatment) values(368,2013-09-10,301);
insert into Hospital.Prescribed(product_id,patient_registration_no,date_of_visit) values (341,368,'2013-09-10');
insert into Hospital.Visitation(patient_registration_no,date_of_visit,diagnosis) values (368,'2013-07-01','hfwsg');
insert into Hospital.Consulted(employee_number,certification_no,patient_registration_no,date_of_visit) values(45,45112233,368,'2013-07-01');
insert into Hospital.Treated_by(patient_registration_no,date_of_visit,employee_number,treatment) values(368,2013-07-01,84);
insert into Hospital.Prescribed(product_id,patient_registration_no,date_of_visit) values (90,368,'2013-07-01');
insert into Hospital.Visitation(patient_registration_no,date_of_visit,diagnosis) values (368,'2013-05-30','byfdr');
insert into Hospital.Consulted(employee_number,certification_no,patient_registration_no,date_of_visit) values(232,232112233,368,'2013-05-30');
insert into Hospital.Treated_by(patient_registration_no,date_of_visit,employee_number,treatment) values(368,2013-05-30,354);
insert into Hospital.Prescribed(product_id,patient_registration_no,date_of_visit) values (364,368,'2013-05-30');
insert into Hospital.Patient (patient_registration_no, name, ssn, address,contact_no,emergency_contact_no) values ( 368,'uvbsq',686862483,'wokcw',11684551,93197638);
insert into Hospital.Physician (employee_number, certification_no,specialization) values ( 368,368112233,'Dermatology');
insert into Hospital.Belongs_to(employee_number,department_id) values (368,1);
insert into Hospital.Pharmaceutical_product(product_id,cost,manufacturer) values(369,596.2874922689829,'fjiky');
insert into Hospital.Employees (employee_number, name, location, ssn, home_address,phone_number,designation) values ( 369,'kcqcs','xzxbrszcnddgaig',569442109,'hlfps',40586105,'Administration');
insert into Hospital.Visitation(patient_registration_no,date_of_visit,diagnosis) values (369,'2013-04-14','lyjjd');
insert into Hospital.Consulted(employee_number,certification_no,patient_registration_no,date_of_visit) values(51,51112233,369,'2013-04-14');
insert into Hospital.Treated_by(patient_registration_no,date_of_visit,employee_number,treatment) values(369,2013-04-14,164);
insert into Hospital.Prescribed(product_id,patient_registration_no,date_of_visit) values (288,369,'2013-04-14');
insert into Hospital.Visitation(patient_registration_no,date_of_visit,diagnosis) values (369,'2013-03-10','upmbs');
insert into Hospital.Consulted(employee_number,certification_no,patient_registration_no,date_of_visit) values(302,302112233,369,'2013-03-10');
insert into Hospital.Treated_by(patient_registration_no,date_of_visit,employee_number,treatment) values(369,2013-03-10,362);
insert into Hospital.Prescribed(product_id,patient_registration_no,date_of_visit) values (276,369,'2013-03-10');
insert into Hospital.Visitation(patient_registration_no,date_of_visit,diagnosis) values (369,'2013-04-04','eovfl');
insert into Hospital.Consulted(employee_number,certification_no,patient_registration_no,date_of_visit) values(60,60112233,369,'2013-04-04');
insert into Hospital.Treated_by(patient_registration_no,date_of_visit,employee_number,treatment) values(369,2013-04-04,47);
insert into Hospital.Prescribed(product_id,patient_registration_no,date_of_visit) values (146,369,'2013-04-04');
insert into Hospital.Visitation(patient_registration_no,date_of_visit,diagnosis) values (369,'2013-07-07','cfdcc');
insert into Hospital.Consulted(employee_number,certification_no,patient_registration_no,date_of_visit) values(328,328112233,369,'2013-07-07');
insert into Hospital.Treated_by(patient_registration_no,date_of_visit,employee_number,treatment) values(369,2013-07-07,104);
insert into Hospital.Prescribed(product_id,patient_registration_no,date_of_visit) values (213,369,'2013-07-07');
insert into Hospital.Visitation(patient_registration_no,date_of_visit,diagnosis) values (369,'2013-10-01','rnrsc');
insert into Hospital.Consulted(employee_number,certification_no,patient_registration_no,date_of_visit) values(358,358112233,369,'2013-10-01');
insert into Hospital.Treated_by(patient_registration_no,date_of_visit,employee_number,treatment) values(369,2013-10-01,221);
insert into Hospital.Prescribed(product_id,patient_registration_no,date_of_visit) values (91,369,'2013-10-01');
insert into Hospital.Patient (patient_registration_no, name, ssn, address,contact_no,emergency_contact_no) values ( 369,'bwqbj',591246705,'tszeu',56640918,52477920);
insert into Hospital.Belongs_to(employee_number,department_id) values (369,2);
insert into Hospital.Pharmaceutical_product(product_id,cost,manufacturer) values(370,806.7388748089246,'zhqbv');
insert into Hospital.Employees (employee_number, name, location, ssn, home_address,phone_number,designation) values ( 370,'fwwzq','qgcvmfaofeclqes',163286731,'fvtmy',49217398,'Nurse');
insert into Hospital.Visitation(patient_registration_no,date_of_visit,diagnosis) values (370,'2013-06-01','scwoc');
insert into Hospital.Consulted(employee_number,certification_no,patient_registration_no,date_of_visit) values(1,1112233,370,'2013-06-01');
insert into Hospital.Treated_by(patient_registration_no,date_of_visit,employee_number,treatment) values(370,2013-06-01,67);
insert into Hospital.Prescribed(product_id,patient_registration_no,date_of_visit) values (339,370,'2013-06-01');
insert into Hospital.Visitation(patient_registration_no,date_of_visit,diagnosis) values (370,'2013-02-03','mkwve');
insert into Hospital.Consulted(employee_number,certification_no,patient_registration_no,date_of_visit) values(350,350112233,370,'2013-02-03');
insert into Hospital.Treated_by(patient_registration_no,date_of_visit,employee_number,treatment) values(370,2013-02-03,30);
insert into Hospital.Prescribed(product_id,patient_registration_no,date_of_visit) values (178,370,'2013-02-03');
insert into Hospital.Visitation(patient_registration_no,date_of_visit,diagnosis) values (370,'2013-04-23','jybvx');
insert into Hospital.Consulted(employee_number,certification_no,patient_registration_no,date_of_visit) values(253,253112233,370,'2013-04-23');
insert into Hospital.Treated_by(patient_registration_no,date_of_visit,employee_number,treatment) values(370,2013-04-23,76);
insert into Hospital.Prescribed(product_id,patient_registration_no,date_of_visit) values (339,370,'2013-04-23');
insert into Hospital.Visitation(patient_registration_no,date_of_visit,diagnosis) values (370,'2013-07-25','alqqj');
insert into Hospital.Consulted(employee_number,certification_no,patient_registration_no,date_of_visit) values(287,287112233,370,'2013-07-25');
insert into Hospital.Treated_by(patient_registration_no,date_of_visit,employee_number,treatment) values(370,2013-07-25,189);
insert into Hospital.Prescribed(product_id,patient_registration_no,date_of_visit) values (311,370,'2013-07-25');
insert into Hospital.Visitation(patient_registration_no,date_of_visit,diagnosis) values (370,'2013-01-28','rkrop');
insert into Hospital.Consulted(employee_number,certification_no,patient_registration_no,date_of_visit) values(232,232112233,370,'2013-01-28');
insert into Hospital.Treated_by(patient_registration_no,date_of_visit,employee_number,treatment) values(370,2013-01-28,263);
insert into Hospital.Prescribed(product_id,patient_registration_no,date_of_visit) values (19,370,'2013-01-28');
insert into Hospital.Patient (patient_registration_no, name, ssn, address,contact_no,emergency_contact_no) values ( 370,'kwset',363425249,'mckpp',89497104,35947122);
insert into Hospital.Takes (employee_number,shift_name ) values ( 370,'evening');
insert into Hospital.Belongs_to(employee_number,department_id) values (370,3);
insert into Hospital.Pharmaceutical_product(product_id,cost,manufacturer) values(371,621.1496203237069,'dyifd');
insert into Hospital.Medicine(product_id,medicine_name,dosage) values (371,'sztng','sqrwu');
insert into Hospital.Employees (employee_number, name, location, ssn, home_address,phone_number,designation) values ( 371,'capgr','inksylfthauxzzm',92969865,'gfolk',34849904,'Radiology');
insert into Hospital.Visitation(patient_registration_no,date_of_visit,diagnosis) values (371,'2013-04-26','qybec');
insert into Hospital.Consulted(employee_number,certification_no,patient_registration_no,date_of_visit) values(258,258112233,371,'2013-04-26');
insert into Hospital.Treated_by(patient_registration_no,date_of_visit,employee_number,treatment) values(371,2013-04-26,83);
insert into Hospital.Prescribed(product_id,patient_registration_no,date_of_visit) values (129,371,'2013-04-26');
insert into Hospital.Visitation(patient_registration_no,date_of_visit,diagnosis) values (371,'2013-05-05','hcebu');
insert into Hospital.Consulted(employee_number,certification_no,patient_registration_no,date_of_visit) values(184,184112233,371,'2013-05-05');
insert into Hospital.Treated_by(patient_registration_no,date_of_visit,employee_number,treatment) values(371,2013-05-05,347);
insert into Hospital.Prescribed(product_id,patient_registration_no,date_of_visit) values (91,371,'2013-05-05');
insert into Hospital.Visitation(patient_registration_no,date_of_visit,diagnosis) values (371,'2013-03-27','dmyfq');
insert into Hospital.Consulted(employee_number,certification_no,patient_registration_no,date_of_visit) values(288,288112233,371,'2013-03-27');
insert into Hospital.Treated_by(patient_registration_no,date_of_visit,employee_number,treatment) values(371,2013-03-27,247);
insert into Hospital.Prescribed(product_id,patient_registration_no,date_of_visit) values (311,371,'2013-03-27');
insert into Hospital.Visitation(patient_registration_no,date_of_visit,diagnosis) values (371,'2013-03-31','zptlt');
insert into Hospital.Consulted(employee_number,certification_no,patient_registration_no,date_of_visit) values(253,253112233,371,'2013-03-31');
insert into Hospital.Treated_by(patient_registration_no,date_of_visit,employee_number,treatment) values(371,2013-03-31,84);
insert into Hospital.Prescribed(product_id,patient_registration_no,date_of_visit) values (341,371,'2013-03-31');
insert into Hospital.Visitation(patient_registration_no,date_of_visit,diagnosis) values (371,'2013-01-19','wsgci');
insert into Hospital.Consulted(employee_number,certification_no,patient_registration_no,date_of_visit) values(197,197112233,371,'2013-01-19');
insert into Hospital.Treated_by(patient_registration_no,date_of_visit,employee_number,treatment) values(371,2013-01-19,157);
insert into Hospital.Prescribed(product_id,patient_registration_no,date_of_visit) values (21,371,'2013-01-19');
insert into Hospital.Patient (patient_registration_no, name, ssn, address,contact_no,emergency_contact_no) values ( 371,'qwazu',787883990,'sqlan',58665262,24385404);
insert into Hospital.Takes (employee_number,shift_name ) values ( 371,'morning');
insert into Hospital.Belongs_to(employee_number,department_id) values (371,3);
insert into Hospital.Pharmaceutical_product(product_id,cost,manufacturer) values(372,288.7612489879139,'fytmi');
insert into Hospital.Employees (employee_number, name, location, ssn, home_address,phone_number,designation) values ( 372,'ywuia','ywnfjtbgnlrijpt',376323005,'jylvq',51347257,'Administration');
insert into Hospital.Visitation(patient_registration_no,date_of_visit,diagnosis) values (372,'2013-06-16','chwhn');
insert into Hospital.Consulted(employee_number,certification_no,patient_registration_no,date_of_visit) values(113,113112233,372,'2013-06-16');
insert into Hospital.Treated_by(patient_registration_no,date_of_visit,employee_number,treatment) values(372,2013-06-16,18);
insert into Hospital.Prescribed(product_id,patient_registration_no,date_of_visit) values (331,372,'2013-06-16');
insert into Hospital.Visitation(patient_registration_no,date_of_visit,diagnosis) values (372,'2013-07-21','nbfjo');
insert into Hospital.Consulted(employee_number,certification_no,patient_registration_no,date_of_visit) values(133,133112233,372,'2013-07-21');
insert into Hospital.Treated_by(patient_registration_no,date_of_visit,employee_number,treatment) values(372,2013-07-21,212);
insert into Hospital.Prescribed(product_id,patient_registration_no,date_of_visit) values (272,372,'2013-07-21');
insert into Hospital.Visitation(patient_registration_no,date_of_visit,diagnosis) values (372,'2013-03-02','eqhvg');
insert into Hospital.Consulted(employee_number,certification_no,patient_registration_no,date_of_visit) values(288,288112233,372,'2013-03-02');
insert into Hospital.Treated_by(patient_registration_no,date_of_visit,employee_number,treatment) values(372,2013-03-02,26);
insert into Hospital.Prescribed(product_id,patient_registration_no,date_of_visit) values (37,372,'2013-03-02');
insert into Hospital.Visitation(patient_registration_no,date_of_visit,diagnosis) values (372,'2013-08-16','xvhys');
insert into Hospital.Consulted(employee_number,certification_no,patient_registration_no,date_of_visit) values(246,246112233,372,'2013-08-16');
insert into Hospital.Treated_by(patient_registration_no,date_of_visit,employee_number,treatment) values(372,2013-08-16,314);
insert into Hospital.Prescribed(product_id,patient_registration_no,date_of_visit) values (331,372,'2013-08-16');
insert into Hospital.Visitation(patient_registration_no,date_of_visit,diagnosis) values (372,'2013-03-10','gnwmm');
insert into Hospital.Consulted(employee_number,certification_no,patient_registration_no,date_of_visit) values(244,244112233,372,'2013-03-10');
insert into Hospital.Treated_by(patient_registration_no,date_of_visit,employee_number,treatment) values(372,2013-03-10,126);
insert into Hospital.Prescribed(product_id,patient_registration_no,date_of_visit) values (29,372,'2013-03-10');
insert into Hospital.Patient (patient_registration_no, name, ssn, address,contact_no,emergency_contact_no) values ( 372,'zavtz',109382369,'ctjnh',88192256,71776408);
insert into Hospital.Belongs_to(employee_number,department_id) values (372,2);
insert into Hospital.Pharmaceutical_product(product_id,cost,manufacturer) values(373,886.6130171047733,'vvoos');
insert into Hospital.Medicine(product_id,medicine_name,dosage) values (373,'dwwqk','tjopz');
insert into Hospital.Employees (employee_number, name, location, ssn, home_address,phone_number,designation) values ( 373,'rffka','qynvdbyvnriwdor',836282173,'kqaan',52227818,'Administration');
insert into Hospital.Visitation(patient_registration_no,date_of_visit,diagnosis) values (373,'2013-03-16','pdluc');
insert into Hospital.Consulted(employee_number,certification_no,patient_registration_no,date_of_visit) values(35,35112233,373,'2013-03-16');
insert into Hospital.Treated_by(patient_registration_no,date_of_visit,employee_number,treatment) values(373,2013-03-16,39);
insert into Hospital.Prescribed(product_id,patient_registration_no,date_of_visit) values (177,373,'2013-03-16');
insert into Hospital.Visitation(patient_registration_no,date_of_visit,diagnosis) values (373,'2013-01-07','yjubx');
insert into Hospital.Consulted(employee_number,certification_no,patient_registration_no,date_of_visit) values(137,137112233,373,'2013-01-07');
insert into Hospital.Treated_by(patient_registration_no,date_of_visit,employee_number,treatment) values(373,2013-01-07,325);
insert into Hospital.Prescribed(product_id,patient_registration_no,date_of_visit) values (235,373,'2013-01-07');
insert into Hospital.Visitation(patient_registration_no,date_of_visit,diagnosis) values (373,'2013-09-21','gayyj');
insert into Hospital.Consulted(employee_number,certification_no,patient_registration_no,date_of_visit) values(120,120112233,373,'2013-09-21');
insert into Hospital.Treated_by(patient_registration_no,date_of_visit,employee_number,treatment) values(373,2013-09-21,115);
insert into Hospital.Prescribed(product_id,patient_registration_no,date_of_visit) values (173,373,'2013-09-21');
insert into Hospital.Visitation(patient_registration_no,date_of_visit,diagnosis) values (373,'2013-08-31','eudli');
insert into Hospital.Consulted(employee_number,certification_no,patient_registration_no,date_of_visit) values(230,230112233,373,'2013-08-31');
insert into Hospital.Treated_by(patient_registration_no,date_of_visit,employee_number,treatment) values(373,2013-08-31,186);
insert into Hospital.Prescribed(product_id,patient_registration_no,date_of_visit) values (248,373,'2013-08-31');
insert into Hospital.Visitation(patient_registration_no,date_of_visit,diagnosis) values (373,'2013-08-07','qohyw');
insert into Hospital.Consulted(employee_number,certification_no,patient_registration_no,date_of_visit) values(238,238112233,373,'2013-08-07');
insert into Hospital.Treated_by(patient_registration_no,date_of_visit,employee_number,treatment) values(373,2013-08-07,91);
insert into Hospital.Prescribed(product_id,patient_registration_no,date_of_visit) values (249,373,'2013-08-07');
insert into Hospital.Patient (patient_registration_no, name, ssn, address,contact_no,emergency_contact_no) values ( 373,'jbrsn',209488170,'sceve',54475564,59895851);
insert into Hospital.Belongs_to(employee_number,department_id) values (373,2);
insert into Hospital.Pharmaceutical_product(product_id,cost,manufacturer) values(374,751.9768566085809,'zlvll');
insert into Hospital.Batch(batch_id,manufacture_date,expiry_date) values (374,'2013-01-21','2013-09-09');
insert into Hospital.Production(product_id,batch_id) values (374,374);
insert into Hospital.Batch(batch_id,manufacture_date,expiry_date) values (375,'2013-01-21','2013-09-09');
insert into Hospital.Production(product_id,batch_id) values (374,375);
insert into Hospital.Batch(batch_id,manufacture_date,expiry_date) values (376,'2013-01-21','2013-09-09');
insert into Hospital.Production(product_id,batch_id) values (374,376);
insert into Hospital.Batch(batch_id,manufacture_date,expiry_date) values (377,'2013-01-21','2013-09-09');
insert into Hospital.Production(product_id,batch_id) values (374,377);
insert into Hospital.Batch(batch_id,manufacture_date,expiry_date) values (378,'2013-01-21','2013-09-09');
insert into Hospital.Production(product_id,batch_id) values (374,378);
insert into Hospital.Medicine(product_id,medicine_name,dosage) values (374,'svlyo','uuwen');
insert into Hospital.Employees (employee_number, name, location, ssn, home_address,phone_number,designation) values ( 374,'hweee','dkjdlvwmqvsxxhz',563694414,'cxznt',71533046,'Doctor');
insert into Hospital.Visitation(patient_registration_no,date_of_visit,diagnosis) values (374,'2013-04-27','jhrln');
insert into Hospital.Consulted(employee_number,certification_no,patient_registration_no,date_of_visit) values(228,228112233,374,'2013-04-27');
insert into Hospital.Treated_by(patient_registration_no,date_of_visit,employee_number,treatment) values(374,2013-04-27,237);
insert into Hospital.Prescribed(product_id,patient_registration_no,date_of_visit) values (282,374,'2013-04-27');
insert into Hospital.Visitation(patient_registration_no,date_of_visit,diagnosis) values (374,'2013-05-05','xofjj');
insert into Hospital.Consulted(employee_number,certification_no,patient_registration_no,date_of_visit) values(230,230112233,374,'2013-05-05');
insert into Hospital.Treated_by(patient_registration_no,date_of_visit,employee_number,treatment) values(374,2013-05-05,186);
insert into Hospital.Prescribed(product_id,patient_registration_no,date_of_visit) values (172,374,'2013-05-05');
insert into Hospital.Visitation(patient_registration_no,date_of_visit,diagnosis) values (374,'2013-04-09','wiyod');
insert into Hospital.Consulted(employee_number,certification_no,patient_registration_no,date_of_visit) values(297,297112233,374,'2013-04-09');
insert into Hospital.Treated_by(patient_registration_no,date_of_visit,employee_number,treatment) values(374,2013-04-09,165);
insert into Hospital.Prescribed(product_id,patient_registration_no,date_of_visit) values (14,374,'2013-04-09');
insert into Hospital.Visitation(patient_registration_no,date_of_visit,diagnosis) values (374,'2013-09-15','ybmfl');
insert into Hospital.Consulted(employee_number,certification_no,patient_registration_no,date_of_visit) values(13,13112233,374,'2013-09-15');
insert into Hospital.Treated_by(patient_registration_no,date_of_visit,employee_number,treatment) values(374,2013-09-15,143);
insert into Hospital.Prescribed(product_id,patient_registration_no,date_of_visit) values (288,374,'2013-09-15');
insert into Hospital.Visitation(patient_registration_no,date_of_visit,diagnosis) values (374,'2013-08-01','tcexn');
insert into Hospital.Consulted(employee_number,certification_no,patient_registration_no,date_of_visit) values(242,242112233,374,'2013-08-01');
insert into Hospital.Treated_by(patient_registration_no,date_of_visit,employee_number,treatment) values(374,2013-08-01,77);
insert into Hospital.Prescribed(product_id,patient_registration_no,date_of_visit) values (360,374,'2013-08-01');
insert into Hospital.Patient (patient_registration_no, name, ssn, address,contact_no,emergency_contact_no) values ( 374,'rvuua',881027099,'lbycp',54474613,22657972);
insert into Hospital.Physician (employee_number, certification_no,specialization) values ( 374,374112233,'Cardiology');
insert into Hospital.Belongs_to(employee_number,department_id) values (374,1);
insert into Hospital.Pharmaceutical_product(product_id,cost,manufacturer) values(375,370.6136926500562,'tyams');
insert into Hospital.Medicine(product_id,medicine_name,dosage) values (375,'feogu','ocnib');
insert into Hospital.Employees (employee_number, name, location, ssn, home_address,phone_number,designation) values ( 375,'ffthu','aiyzhfutagbkraw',229646326,'rsckf',21236368,'Radiology');
insert into Hospital.Visitation(patient_registration_no,date_of_visit,diagnosis) values (375,'2013-04-01','vdkae');
insert into Hospital.Consulted(employee_number,certification_no,patient_registration_no,date_of_visit) values(357,357112233,375,'2013-04-01');
insert into Hospital.Treated_by(patient_registration_no,date_of_visit,employee_number,treatment) values(375,2013-04-01,47);
insert into Hospital.Prescribed(product_id,patient_registration_no,date_of_visit) values (263,375,'2013-04-01');
insert into Hospital.Visitation(patient_registration_no,date_of_visit,diagnosis) values (375,'2013-01-15','bdmbu');
insert into Hospital.Consulted(employee_number,certification_no,patient_registration_no,date_of_visit) values(232,232112233,375,'2013-01-15');
insert into Hospital.Treated_by(patient_registration_no,date_of_visit,employee_number,treatment) values(375,2013-01-15,224);
insert into Hospital.Prescribed(product_id,patient_registration_no,date_of_visit) values (256,375,'2013-01-15');
insert into Hospital.Visitation(patient_registration_no,date_of_visit,diagnosis) values (375,'2013-03-27','tjnca');
insert into Hospital.Consulted(employee_number,certification_no,patient_registration_no,date_of_visit) values(69,69112233,375,'2013-03-27');
insert into Hospital.Treated_by(patient_registration_no,date_of_visit,employee_number,treatment) values(375,2013-03-27,260);
insert into Hospital.Prescribed(product_id,patient_registration_no,date_of_visit) values (284,375,'2013-03-27');
insert into Hospital.Visitation(patient_registration_no,date_of_visit,diagnosis) values (375,'2013-02-26','iuprf');
insert into Hospital.Consulted(employee_number,certification_no,patient_registration_no,date_of_visit) values(44,44112233,375,'2013-02-26');
insert into Hospital.Treated_by(patient_registration_no,date_of_visit,employee_number,treatment) values(375,2013-02-26,237);
insert into Hospital.Prescribed(product_id,patient_registration_no,date_of_visit) values (182,375,'2013-02-26');
insert into Hospital.Visitation(patient_registration_no,date_of_visit,diagnosis) values (375,'2013-06-15','wabin');
insert into Hospital.Consulted(employee_number,certification_no,patient_registration_no,date_of_visit) values(230,230112233,375,'2013-06-15');
insert into Hospital.Treated_by(patient_registration_no,date_of_visit,employee_number,treatment) values(375,2013-06-15,247);
insert into Hospital.Prescribed(product_id,patient_registration_no,date_of_visit) values (39,375,'2013-06-15');
insert into Hospital.Patient (patient_registration_no, name, ssn, address,contact_no,emergency_contact_no) values ( 375,'cejle',749977358,'kadgs',67209011,49241384);
insert into Hospital.Takes (employee_number,shift_name ) values ( 375,'night');
insert into Hospital.Belongs_to(employee_number,department_id) values (375,3);
insert into Hospital.Pharmaceutical_product(product_id,cost,manufacturer) values(376,947.4523445849786,'lrsmu');
insert into Hospital.Batch(batch_id,manufacture_date,expiry_date) values (376,'2013-02-05','2013-08-25');
insert into Hospital.Production(product_id,batch_id) values (376,376);
insert into Hospital.Batch(batch_id,manufacture_date,expiry_date) values (377,'2013-02-05','2013-08-25');
insert into Hospital.Production(product_id,batch_id) values (376,377);
insert into Hospital.Batch(batch_id,manufacture_date,expiry_date) values (378,'2013-02-05','2013-08-25');
insert into Hospital.Production(product_id,batch_id) values (376,378);
insert into Hospital.Batch(batch_id,manufacture_date,expiry_date) values (379,'2013-02-05','2013-08-25');
insert into Hospital.Production(product_id,batch_id) values (376,379);
insert into Hospital.Batch(batch_id,manufacture_date,expiry_date) values (380,'2013-02-05','2013-08-25');
insert into Hospital.Production(product_id,batch_id) values (376,380);
insert into Hospital.Medicine(product_id,medicine_name,dosage) values (376,'utlps','cbecb');
insert into Hospital.Employees (employee_number, name, location, ssn, home_address,phone_number,designation) values ( 376,'koskm','xipqybaoroonbfq',400226638,'bkref',45063149,'Doctor');
insert into Hospital.Visitation(patient_registration_no,date_of_visit,diagnosis) values (376,'2013-07-05','hoyid');
insert into Hospital.Consulted(employee_number,certification_no,patient_registration_no,date_of_visit) values(44,44112233,376,'2013-07-05');
insert into Hospital.Treated_by(patient_registration_no,date_of_visit,employee_number,treatment) values(376,2013-07-05,67);
insert into Hospital.Prescribed(product_id,patient_registration_no,date_of_visit) values (178,376,'2013-07-05');
insert into Hospital.Visitation(patient_registration_no,date_of_visit,diagnosis) values (376,'2013-05-20','bkyax');
insert into Hospital.Consulted(employee_number,certification_no,patient_registration_no,date_of_visit) values(139,139112233,376,'2013-05-20');
insert into Hospital.Treated_by(patient_registration_no,date_of_visit,employee_number,treatment) values(376,2013-05-20,104);
insert into Hospital.Prescribed(product_id,patient_registration_no,date_of_visit) values (90,376,'2013-05-20');
insert into Hospital.Visitation(patient_registration_no,date_of_visit,diagnosis) values (376,'2013-08-12','hvkvx');
insert into Hospital.Consulted(employee_number,certification_no,patient_registration_no,date_of_visit) values(181,181112233,376,'2013-08-12');
insert into Hospital.Treated_by(patient_registration_no,date_of_visit,employee_number,treatment) values(376,2013-08-12,50);
insert into Hospital.Prescribed(product_id,patient_registration_no,date_of_visit) values (281,376,'2013-08-12');
insert into Hospital.Visitation(patient_registration_no,date_of_visit,diagnosis) values (376,'2013-02-22','jqoxs');
insert into Hospital.Consulted(employee_number,certification_no,patient_registration_no,date_of_visit) values(275,275112233,376,'2013-02-22');
insert into Hospital.Treated_by(patient_registration_no,date_of_visit,employee_number,treatment) values(376,2013-02-22,260);
insert into Hospital.Prescribed(product_id,patient_registration_no,date_of_visit) values (367,376,'2013-02-22');
insert into Hospital.Visitation(patient_registration_no,date_of_visit,diagnosis) values (376,'2013-06-05','nvisc');
insert into Hospital.Consulted(employee_number,certification_no,patient_registration_no,date_of_visit) values(12,12112233,376,'2013-06-05');
insert into Hospital.Treated_by(patient_registration_no,date_of_visit,employee_number,treatment) values(376,2013-06-05,104);
insert into Hospital.Prescribed(product_id,patient_registration_no,date_of_visit) values (69,376,'2013-06-05');
insert into Hospital.Patient (patient_registration_no, name, ssn, address,contact_no,emergency_contact_no) values ( 376,'wkosl',668818334,'ywojv',65944054,30312796);
insert into Hospital.Physician (employee_number, certification_no,specialization) values ( 376,376112233,'Dermatology');
insert into Hospital.Belongs_to(employee_number,department_id) values (376,1);
insert into Hospital.Pharmaceutical_product(product_id,cost,manufacturer) values(377,40.87727309617851,'tglli');
insert into Hospital.Medicine(product_id,medicine_name,dosage) values (377,'xteyg','oqnvb');
insert into Hospital.Employees (employee_number, name, location, ssn, home_address,phone_number,designation) values ( 377,'dparq','tyytrfnvixlxzcd',417128500,'amqmp',32809439,'Radiology');
insert into Hospital.Visitation(patient_registration_no,date_of_visit,diagnosis) values (377,'2013-08-20','lhjrv');
insert into Hospital.Consulted(employee_number,certification_no,patient_registration_no,date_of_visit) values(244,244112233,377,'2013-08-20');
insert into Hospital.Treated_by(patient_registration_no,date_of_visit,employee_number,treatment) values(377,2013-08-20,315);
insert into Hospital.Prescribed(product_id,patient_registration_no,date_of_visit) values (90,377,'2013-08-20');
insert into Hospital.Visitation(patient_registration_no,date_of_visit,diagnosis) values (377,'2013-09-05','ahtod');
insert into Hospital.Consulted(employee_number,certification_no,patient_registration_no,date_of_visit) values(44,44112233,377,'2013-09-05');
insert into Hospital.Treated_by(patient_registration_no,date_of_visit,employee_number,treatment) values(377,2013-09-05,336);
insert into Hospital.Prescribed(product_id,patient_registration_no,date_of_visit) values (48,377,'2013-09-05');
insert into Hospital.Visitation(patient_registration_no,date_of_visit,diagnosis) values (377,'2013-06-08','urnay');
insert into Hospital.Consulted(employee_number,certification_no,patient_registration_no,date_of_visit) values(133,133112233,377,'2013-06-08');
insert into Hospital.Treated_by(patient_registration_no,date_of_visit,employee_number,treatment) values(377,2013-06-08,322);
insert into Hospital.Prescribed(product_id,patient_registration_no,date_of_visit) values (134,377,'2013-06-08');
insert into Hospital.Visitation(patient_registration_no,date_of_visit,diagnosis) values (377,'2013-10-09','yhvpf');
insert into Hospital.Consulted(employee_number,certification_no,patient_registration_no,date_of_visit) values(216,216112233,377,'2013-10-09');
insert into Hospital.Treated_by(patient_registration_no,date_of_visit,employee_number,treatment) values(377,2013-10-09,115);
insert into Hospital.Prescribed(product_id,patient_registration_no,date_of_visit) values (70,377,'2013-10-09');
insert into Hospital.Visitation(patient_registration_no,date_of_visit,diagnosis) values (377,'2013-03-14','migys');
insert into Hospital.Consulted(employee_number,certification_no,patient_registration_no,date_of_visit) values(208,208112233,377,'2013-03-14');
insert into Hospital.Treated_by(patient_registration_no,date_of_visit,employee_number,treatment) values(377,2013-03-14,178);
insert into Hospital.Prescribed(product_id,patient_registration_no,date_of_visit) values (105,377,'2013-03-14');
insert into Hospital.Patient (patient_registration_no, name, ssn, address,contact_no,emergency_contact_no) values ( 377,'joefr',49577311,'efwtr',39509792,30942132);
insert into Hospital.Takes (employee_number,shift_name ) values ( 377,'evening');
insert into Hospital.Belongs_to(employee_number,department_id) values (377,3);
insert into Hospital.Pharmaceutical_product(product_id,cost,manufacturer) values(378,109.47780237255952,'kwuiv');
insert into Hospital.Medicine(product_id,medicine_name,dosage) values (378,'qjpcq','ewzlv');
insert into Hospital.Employees (employee_number, name, location, ssn, home_address,phone_number,designation) values ( 378,'tyqte','rvomobgaohxemrf',361984172,'exvao',61979796,'Doctor');
insert into Hospital.Visitation(patient_registration_no,date_of_visit,diagnosis) values (378,'2013-05-14','cttnn');
insert into Hospital.Consulted(employee_number,certification_no,patient_registration_no,date_of_visit) values(130,130112233,378,'2013-05-14');
insert into Hospital.Treated_by(patient_registration_no,date_of_visit,employee_number,treatment) values(378,2013-05-14,325);
insert into Hospital.Prescribed(product_id,patient_registration_no,date_of_visit) values (24,378,'2013-05-14');
insert into Hospital.Visitation(patient_registration_no,date_of_visit,diagnosis) values (378,'2013-06-10','cknue');
insert into Hospital.Consulted(employee_number,certification_no,patient_registration_no,date_of_visit) values(120,120112233,378,'2013-06-10');
insert into Hospital.Treated_by(patient_registration_no,date_of_visit,employee_number,treatment) values(378,2013-06-10,322);
insert into Hospital.Prescribed(product_id,patient_registration_no,date_of_visit) values (122,378,'2013-06-10');
insert into Hospital.Visitation(patient_registration_no,date_of_visit,diagnosis) values (378,'2013-06-30','jszuc');
insert into Hospital.Consulted(employee_number,certification_no,patient_registration_no,date_of_visit) values(341,341112233,378,'2013-06-30');
insert into Hospital.Treated_by(patient_registration_no,date_of_visit,employee_number,treatment) values(378,2013-06-30,231);
insert into Hospital.Prescribed(product_id,patient_registration_no,date_of_visit) values (248,378,'2013-06-30');
insert into Hospital.Visitation(patient_registration_no,date_of_visit,diagnosis) values (378,'2013-03-19','helht');
insert into Hospital.Consulted(employee_number,certification_no,patient_registration_no,date_of_visit) values(230,230112233,378,'2013-03-19');
insert into Hospital.Treated_by(patient_registration_no,date_of_visit,employee_number,treatment) values(378,2013-03-19,364);
insert into Hospital.Prescribed(product_id,patient_registration_no,date_of_visit) values (210,378,'2013-03-19');
insert into Hospital.Visitation(patient_registration_no,date_of_visit,diagnosis) values (378,'2013-07-22','wbfuv');
insert into Hospital.Consulted(employee_number,certification_no,patient_registration_no,date_of_visit) values(341,341112233,378,'2013-07-22');
insert into Hospital.Treated_by(patient_registration_no,date_of_visit,employee_number,treatment) values(378,2013-07-22,157);
insert into Hospital.Prescribed(product_id,patient_registration_no,date_of_visit) values (241,378,'2013-07-22');
insert into Hospital.Patient (patient_registration_no, name, ssn, address,contact_no,emergency_contact_no) values ( 378,'wbqyy',183648289,'ekubm',52816421,35185281);
insert into Hospital.Physician (employee_number, certification_no,specialization) values ( 378,378112233,'Dermatology');
insert into Hospital.Belongs_to(employee_number,department_id) values (378,1);
insert into Hospital.Pharmaceutical_product(product_id,cost,manufacturer) values(379,798.1518279015603,'tdazf');
insert into Hospital.Batch(batch_id,manufacture_date,expiry_date) values (379,'2013-02-20','2013-03-12');
insert into Hospital.Production(product_id,batch_id) values (379,379);
insert into Hospital.Batch(batch_id,manufacture_date,expiry_date) values (380,'2013-02-20','2013-03-12');
insert into Hospital.Production(product_id,batch_id) values (379,380);
insert into Hospital.Batch(batch_id,manufacture_date,expiry_date) values (381,'2013-02-20','2013-03-12');
insert into Hospital.Production(product_id,batch_id) values (379,381);
insert into Hospital.Batch(batch_id,manufacture_date,expiry_date) values (382,'2013-02-20','2013-03-12');
insert into Hospital.Production(product_id,batch_id) values (379,382);
insert into Hospital.Batch(batch_id,manufacture_date,expiry_date) values (383,'2013-02-20','2013-03-12');
insert into Hospital.Production(product_id,batch_id) values (379,383);
insert into Hospital.Employees (employee_number, name, location, ssn, home_address,phone_number,designation) values ( 379,'dlnlz','xojurdolpkelgwm',35181212,'rdeoj',15995542,'Radiology');
insert into Hospital.Visitation(patient_registration_no,date_of_visit,diagnosis) values (379,'2013-03-30','yxvtd');
insert into Hospital.Consulted(employee_number,certification_no,patient_registration_no,date_of_visit) values(365,365112233,379,'2013-03-30');
insert into Hospital.Treated_by(patient_registration_no,date_of_visit,employee_number,treatment) values(379,2013-03-30,186);
insert into Hospital.Prescribed(product_id,patient_registration_no,date_of_visit) values (12,379,'2013-03-30');
insert into Hospital.Visitation(patient_registration_no,date_of_visit,diagnosis) values (379,'2013-07-31','vhcpc');
insert into Hospital.Consulted(employee_number,certification_no,patient_registration_no,date_of_visit) values(34,34112233,379,'2013-07-31');
insert into Hospital.Treated_by(patient_registration_no,date_of_visit,employee_number,treatment) values(379,2013-07-31,356);
insert into Hospital.Prescribed(product_id,patient_registration_no,date_of_visit) values (126,379,'2013-07-31');
insert into Hospital.Visitation(patient_registration_no,date_of_visit,diagnosis) values (379,'2013-01-14','funaq');
insert into Hospital.Consulted(employee_number,certification_no,patient_registration_no,date_of_visit) values(13,13112233,379,'2013-01-14');
insert into Hospital.Treated_by(patient_registration_no,date_of_visit,employee_number,treatment) values(379,2013-01-14,39);
insert into Hospital.Prescribed(product_id,patient_registration_no,date_of_visit) values (181,379,'2013-01-14');
insert into Hospital.Visitation(patient_registration_no,date_of_visit,diagnosis) values (379,'2013-08-07','tqpzb');
insert into Hospital.Consulted(employee_number,certification_no,patient_registration_no,date_of_visit) values(168,168112233,379,'2013-08-07');
insert into Hospital.Treated_by(patient_registration_no,date_of_visit,employee_number,treatment) values(379,2013-08-07,164);
insert into Hospital.Prescribed(product_id,patient_registration_no,date_of_visit) values (338,379,'2013-08-07');
insert into Hospital.Visitation(patient_registration_no,date_of_visit,diagnosis) values (379,'2013-04-27','ivbur');
insert into Hospital.Consulted(employee_number,certification_no,patient_registration_no,date_of_visit) values(365,365112233,379,'2013-04-27');
insert into Hospital.Treated_by(patient_registration_no,date_of_visit,employee_number,treatment) values(379,2013-04-27,186);
insert into Hospital.Prescribed(product_id,patient_registration_no,date_of_visit) values (314,379,'2013-04-27');
insert into Hospital.Patient (patient_registration_no, name, ssn, address,contact_no,emergency_contact_no) values ( 379,'elqgc',714078973,'irzbu',53285088,36819191);
insert into Hospital.Takes (employee_number,shift_name ) values ( 379,'night');
insert into Hospital.Belongs_to(employee_number,department_id) values (379,3);
insert into Hospital.Pharmaceutical_product(product_id,cost,manufacturer) values(380,829.557283200191,'swfed');
insert into Hospital.Employees (employee_number, name, location, ssn, home_address,phone_number,designation) values ( 380,'gcgam','twkrqklsrrusviq',145796334,'ydics',76317361,'Radiology');
insert into Hospital.Visitation(patient_registration_no,date_of_visit,diagnosis) values (380,'2013-07-18','hmndy');
insert into Hospital.Consulted(employee_number,certification_no,patient_registration_no,date_of_visit) values(376,376112233,380,'2013-07-18');
insert into Hospital.Treated_by(patient_registration_no,date_of_visit,employee_number,treatment) values(380,2013-07-18,134);
insert into Hospital.Prescribed(product_id,patient_registration_no,date_of_visit) values (61,380,'2013-07-18');
insert into Hospital.Visitation(patient_registration_no,date_of_visit,diagnosis) values (380,'2013-02-10','nkbyd');
insert into Hospital.Consulted(employee_number,certification_no,patient_registration_no,date_of_visit) values(194,194112233,380,'2013-02-10');
insert into Hospital.Treated_by(patient_registration_no,date_of_visit,employee_number,treatment) values(380,2013-02-10,315);
insert into Hospital.Prescribed(product_id,patient_registration_no,date_of_visit) values (52,380,'2013-02-10');
insert into Hospital.Visitation(patient_registration_no,date_of_visit,diagnosis) values (380,'2013-02-20','mwvie');
insert into Hospital.Consulted(employee_number,certification_no,patient_registration_no,date_of_visit) values(43,43112233,380,'2013-02-20');
insert into Hospital.Treated_by(patient_registration_no,date_of_visit,employee_number,treatment) values(380,2013-02-20,30);
insert into Hospital.Prescribed(product_id,patient_registration_no,date_of_visit) values (295,380,'2013-02-20');
insert into Hospital.Visitation(patient_registration_no,date_of_visit,diagnosis) values (380,'2013-04-30','lvygi');
insert into Hospital.Consulted(employee_number,certification_no,patient_registration_no,date_of_visit) values(35,35112233,380,'2013-04-30');
insert into Hospital.Treated_by(patient_registration_no,date_of_visit,employee_number,treatment) values(380,2013-04-30,63);
insert into Hospital.Prescribed(product_id,patient_registration_no,date_of_visit) values (220,380,'2013-04-30');
insert into Hospital.Visitation(patient_registration_no,date_of_visit,diagnosis) values (380,'2013-04-04','rcren');
insert into Hospital.Consulted(employee_number,certification_no,patient_registration_no,date_of_visit) values(137,137112233,380,'2013-04-04');
insert into Hospital.Treated_by(patient_registration_no,date_of_visit,employee_number,treatment) values(380,2013-04-04,261);
insert into Hospital.Prescribed(product_id,patient_registration_no,date_of_visit) values (137,380,'2013-04-04');
insert into Hospital.Patient (patient_registration_no, name, ssn, address,contact_no,emergency_contact_no) values ( 380,'sskjg',175728104,'lfxyo',33463944,61722410);
insert into Hospital.Takes (employee_number,shift_name ) values ( 380,'evening');
insert into Hospital.Belongs_to(employee_number,department_id) values (380,3);
insert into Hospital.Pharmaceutical_product(product_id,cost,manufacturer) values(381,487.90936875596645,'btuux');
insert into Hospital.Medicine(product_id,medicine_name,dosage) values (381,'atkkq','kmjkr');
insert into Hospital.Employees (employee_number, name, location, ssn, home_address,phone_number,designation) values ( 381,'dypvo','mburnetkgfnjnpw',205584558,'uyiwg',26686428,'Doctor');
insert into Hospital.Visitation(patient_registration_no,date_of_visit,diagnosis) values (381,'2013-02-11','iljwp');
insert into Hospital.Consulted(employee_number,certification_no,patient_registration_no,date_of_visit) values(286,286112233,381,'2013-02-11');
insert into Hospital.Treated_by(patient_registration_no,date_of_visit,employee_number,treatment) values(381,2013-02-11,343);
insert into Hospital.Prescribed(product_id,patient_registration_no,date_of_visit) values (173,381,'2013-02-11');
insert into Hospital.Visitation(patient_registration_no,date_of_visit,diagnosis) values (381,'2013-10-19','sbxej');
insert into Hospital.Consulted(employee_number,certification_no,patient_registration_no,date_of_visit) values(166,166112233,381,'2013-10-19');
insert into Hospital.Treated_by(patient_registration_no,date_of_visit,employee_number,treatment) values(381,2013-10-19,195);
insert into Hospital.Prescribed(product_id,patient_registration_no,date_of_visit) values (211,381,'2013-10-19');
insert into Hospital.Visitation(patient_registration_no,date_of_visit,diagnosis) values (381,'2013-06-23','qhtib');
insert into Hospital.Consulted(employee_number,certification_no,patient_registration_no,date_of_visit) values(365,365112233,381,'2013-06-23');
insert into Hospital.Treated_by(patient_registration_no,date_of_visit,employee_number,treatment) values(381,2013-06-23,83);
insert into Hospital.Prescribed(product_id,patient_registration_no,date_of_visit) values (364,381,'2013-06-23');
insert into Hospital.Visitation(patient_registration_no,date_of_visit,diagnosis) values (381,'2013-04-18','zcjpm');
insert into Hospital.Consulted(employee_number,certification_no,patient_registration_no,date_of_visit) values(242,242112233,381,'2013-04-18');
insert into Hospital.Treated_by(patient_registration_no,date_of_visit,employee_number,treatment) values(381,2013-04-18,96);
insert into Hospital.Prescribed(product_id,patient_registration_no,date_of_visit) values (263,381,'2013-04-18');
insert into Hospital.Visitation(patient_registration_no,date_of_visit,diagnosis) values (381,'2013-06-14','zrabf');
insert into Hospital.Consulted(employee_number,certification_no,patient_registration_no,date_of_visit) values(326,326112233,381,'2013-06-14');
insert into Hospital.Treated_by(patient_registration_no,date_of_visit,employee_number,treatment) values(381,2013-06-14,76);
insert into Hospital.Prescribed(product_id,patient_registration_no,date_of_visit) values (378,381,'2013-06-14');
insert into Hospital.Patient (patient_registration_no, name, ssn, address,contact_no,emergency_contact_no) values ( 381,'qnamo',852430052,'rbtso',69556299,69725712);
insert into Hospital.Physician (employee_number, certification_no,specialization) values ( 381,381112233,'Cardiology');
insert into Hospital.Belongs_to(employee_number,department_id) values (381,1);
insert into Hospital.Pharmaceutical_product(product_id,cost,manufacturer) values(382,433.9822454601393,'fwblm');
insert into Hospital.Batch(batch_id,manufacture_date,expiry_date) values (382,'2013-01-21','2013-09-03');
insert into Hospital.Production(product_id,batch_id) values (382,382);
insert into Hospital.Batch(batch_id,manufacture_date,expiry_date) values (383,'2013-01-21','2013-09-03');
insert into Hospital.Production(product_id,batch_id) values (382,383);
insert into Hospital.Batch(batch_id,manufacture_date,expiry_date) values (384,'2013-01-21','2013-09-03');
insert into Hospital.Production(product_id,batch_id) values (382,384);
insert into Hospital.Batch(batch_id,manufacture_date,expiry_date) values (385,'2013-01-21','2013-09-03');
insert into Hospital.Production(product_id,batch_id) values (382,385);
insert into Hospital.Batch(batch_id,manufacture_date,expiry_date) values (386,'2013-01-21','2013-09-03');
insert into Hospital.Production(product_id,batch_id) values (382,386);
insert into Hospital.Medicine(product_id,medicine_name,dosage) values (382,'zwiaa','kgbrw');
insert into Hospital.Employees (employee_number, name, location, ssn, home_address,phone_number,designation) values ( 382,'dijyf','olvhpaojbqjkwik',538936092,'waumd',48724925,'Radiology');
insert into Hospital.Visitation(patient_registration_no,date_of_visit,diagnosis) values (382,'2013-09-29','ftdjx');
insert into Hospital.Consulted(employee_number,certification_no,patient_registration_no,date_of_visit) values(119,119112233,382,'2013-09-29');
insert into Hospital.Treated_by(patient_registration_no,date_of_visit,employee_number,treatment) values(382,2013-09-29,165);
insert into Hospital.Prescribed(product_id,patient_registration_no,date_of_visit) values (28,382,'2013-09-29');
insert into Hospital.Visitation(patient_registration_no,date_of_visit,diagnosis) values (382,'2013-01-16','ppdxe');
insert into Hospital.Consulted(employee_number,certification_no,patient_registration_no,date_of_visit) values(358,358112233,382,'2013-01-16');
insert into Hospital.Treated_by(patient_registration_no,date_of_visit,employee_number,treatment) values(382,2013-01-16,189);
insert into Hospital.Prescribed(product_id,patient_registration_no,date_of_visit) values (44,382,'2013-01-16');
insert into Hospital.Visitation(patient_registration_no,date_of_visit,diagnosis) values (382,'2013-06-06','euqey');
insert into Hospital.Consulted(employee_number,certification_no,patient_registration_no,date_of_visit) values(222,222112233,382,'2013-06-06');
insert into Hospital.Treated_by(patient_registration_no,date_of_visit,employee_number,treatment) values(382,2013-06-06,237);
insert into Hospital.Prescribed(product_id,patient_registration_no,date_of_visit) values (160,382,'2013-06-06');
insert into Hospital.Visitation(patient_registration_no,date_of_visit,diagnosis) values (382,'2013-06-11','epzex');
insert into Hospital.Consulted(employee_number,certification_no,patient_registration_no,date_of_visit) values(271,271112233,382,'2013-06-11');
insert into Hospital.Treated_by(patient_registration_no,date_of_visit,employee_number,treatment) values(382,2013-06-11,364);
insert into Hospital.Prescribed(product_id,patient_registration_no,date_of_visit) values (288,382,'2013-06-11');
insert into Hospital.Visitation(patient_registration_no,date_of_visit,diagnosis) values (382,'2013-07-13','onxta');
insert into Hospital.Consulted(employee_number,certification_no,patient_registration_no,date_of_visit) values(242,242112233,382,'2013-07-13');
insert into Hospital.Treated_by(patient_registration_no,date_of_visit,employee_number,treatment) values(382,2013-07-13,261);
insert into Hospital.Prescribed(product_id,patient_registration_no,date_of_visit) values (123,382,'2013-07-13');
insert into Hospital.Patient (patient_registration_no, name, ssn, address,contact_no,emergency_contact_no) values ( 382,'ynbna',173522172,'jpdmd',11195900,40152796);
insert into Hospital.Takes (employee_number,shift_name ) values ( 382,'evening');
insert into Hospital.Belongs_to(employee_number,department_id) values (382,3);
insert into Hospital.Pharmaceutical_product(product_id,cost,manufacturer) values(383,354.23234026786173,'waeuy');
insert into Hospital.Employees (employee_number, name, location, ssn, home_address,phone_number,designation) values ( 383,'yypbp','jtdfawirjuvamri',953780950,'plkfu',54282576,'Administration');
insert into Hospital.Visitation(patient_registration_no,date_of_visit,diagnosis) values (383,'2013-08-10','zmhsf');
insert into Hospital.Consulted(employee_number,certification_no,patient_registration_no,date_of_visit) values(41,41112233,383,'2013-08-10');
insert into Hospital.Treated_by(patient_registration_no,date_of_visit,employee_number,treatment) values(383,2013-08-10,261);
insert into Hospital.Prescribed(product_id,patient_registration_no,date_of_visit) values (65,383,'2013-08-10');
insert into Hospital.Visitation(patient_registration_no,date_of_visit,diagnosis) values (383,'2013-01-14','akyrv');
insert into Hospital.Consulted(employee_number,certification_no,patient_registration_no,date_of_visit) values(35,35112233,383,'2013-01-14');
insert into Hospital.Treated_by(patient_registration_no,date_of_visit,employee_number,treatment) values(383,2013-01-14,343);
insert into Hospital.Prescribed(product_id,patient_registration_no,date_of_visit) values (278,383,'2013-01-14');
insert into Hospital.Visitation(patient_registration_no,date_of_visit,diagnosis) values (383,'2013-02-18','fldqt');
insert into Hospital.Consulted(employee_number,certification_no,patient_registration_no,date_of_visit) values(45,45112233,383,'2013-02-18');
insert into Hospital.Treated_by(patient_registration_no,date_of_visit,employee_number,treatment) values(383,2013-02-18,261);
insert into Hospital.Prescribed(product_id,patient_registration_no,date_of_visit) values (378,383,'2013-02-18');
insert into Hospital.Visitation(patient_registration_no,date_of_visit,diagnosis) values (383,'2013-10-15','ysequ');
insert into Hospital.Consulted(employee_number,certification_no,patient_registration_no,date_of_visit) values(113,113112233,383,'2013-10-15');
insert into Hospital.Treated_by(patient_registration_no,date_of_visit,employee_number,treatment) values(383,2013-10-15,212);
insert into Hospital.Prescribed(product_id,patient_registration_no,date_of_visit) values (340,383,'2013-10-15');
insert into Hospital.Visitation(patient_registration_no,date_of_visit,diagnosis) values (383,'2013-06-18','rqfur');
insert into Hospital.Consulted(employee_number,certification_no,patient_registration_no,date_of_visit) values(122,122112233,383,'2013-06-18');
insert into Hospital.Treated_by(patient_registration_no,date_of_visit,employee_number,treatment) values(383,2013-06-18,294);
insert into Hospital.Prescribed(product_id,patient_registration_no,date_of_visit) values (111,383,'2013-06-18');
insert into Hospital.Patient (patient_registration_no, name, ssn, address,contact_no,emergency_contact_no) values ( 383,'migvy',131907834,'aurmc',64455150,95891930);
insert into Hospital.Belongs_to(employee_number,department_id) values (383,2);
insert into Hospital.Pharmaceutical_product(product_id,cost,manufacturer) values(384,46.55881473126776,'uooqx');
insert into Hospital.Batch(batch_id,manufacture_date,expiry_date) values (384,'2013-04-11','2013-07-11');
insert into Hospital.Production(product_id,batch_id) values (384,384);
insert into Hospital.Batch(batch_id,manufacture_date,expiry_date) values (385,'2013-04-11','2013-07-11');
insert into Hospital.Production(product_id,batch_id) values (384,385);
insert into Hospital.Batch(batch_id,manufacture_date,expiry_date) values (386,'2013-04-11','2013-07-11');
insert into Hospital.Production(product_id,batch_id) values (384,386);
insert into Hospital.Batch(batch_id,manufacture_date,expiry_date) values (387,'2013-04-11','2013-07-11');
insert into Hospital.Production(product_id,batch_id) values (384,387);
insert into Hospital.Batch(batch_id,manufacture_date,expiry_date) values (388,'2013-04-11','2013-07-11');
insert into Hospital.Production(product_id,batch_id) values (384,388);
insert into Hospital.Employees (employee_number, name, location, ssn, home_address,phone_number,designation) values ( 384,'fomvi','tgbskxdiisfcnoh',720475388,'flgpw',23369178,'Administration');
insert into Hospital.Visitation(patient_registration_no,date_of_visit,diagnosis) values (384,'2013-01-22','yoxjh');
insert into Hospital.Consulted(employee_number,certification_no,patient_registration_no,date_of_visit) values(245,245112233,384,'2013-01-22');
insert into Hospital.Treated_by(patient_registration_no,date_of_visit,employee_number,treatment) values(384,2013-01-22,125);
insert into Hospital.Prescribed(product_id,patient_registration_no,date_of_visit) values (334,384,'2013-01-22');
insert into Hospital.Visitation(patient_registration_no,date_of_visit,diagnosis) values (384,'2013-07-17','lsddc');
insert into Hospital.Consulted(employee_number,certification_no,patient_registration_no,date_of_visit) values(286,286112233,384,'2013-07-17');
insert into Hospital.Treated_by(patient_registration_no,date_of_visit,employee_number,treatment) values(384,2013-07-17,103);
insert into Hospital.Prescribed(product_id,patient_registration_no,date_of_visit) values (124,384,'2013-07-17');
insert into Hospital.Visitation(patient_registration_no,date_of_visit,diagnosis) values (384,'2013-09-04','yewik');
insert into Hospital.Consulted(employee_number,certification_no,patient_registration_no,date_of_visit) values(368,368112233,384,'2013-09-04');
insert into Hospital.Treated_by(patient_registration_no,date_of_visit,employee_number,treatment) values(384,2013-09-04,312);
insert into Hospital.Prescribed(product_id,patient_registration_no,date_of_visit) values (149,384,'2013-09-04');
insert into Hospital.Visitation(patient_registration_no,date_of_visit,diagnosis) values (384,'2013-04-23','idfwh');
insert into Hospital.Consulted(employee_number,certification_no,patient_registration_no,date_of_visit) values(151,151112233,384,'2013-04-23');
insert into Hospital.Treated_by(patient_registration_no,date_of_visit,employee_number,treatment) values(384,2013-04-23,294);
insert into Hospital.Prescribed(product_id,patient_registration_no,date_of_visit) values (215,384,'2013-04-23');
insert into Hospital.Visitation(patient_registration_no,date_of_visit,diagnosis) values (384,'2013-10-19','ifkmu');
insert into Hospital.Consulted(employee_number,certification_no,patient_registration_no,date_of_visit) values(141,141112233,384,'2013-10-19');
insert into Hospital.Treated_by(patient_registration_no,date_of_visit,employee_number,treatment) values(384,2013-10-19,88);
insert into Hospital.Prescribed(product_id,patient_registration_no,date_of_visit) values (267,384,'2013-10-19');
insert into Hospital.Patient (patient_registration_no, name, ssn, address,contact_no,emergency_contact_no) values ( 384,'xjarg',966369182,'pwuln',37432683,80457397);
insert into Hospital.Belongs_to(employee_number,department_id) values (384,2);
insert into Hospital.Pharmaceutical_product(product_id,cost,manufacturer) values(385,635.9078835667865,'owywn');
insert into Hospital.Batch(batch_id,manufacture_date,expiry_date) values (385,'2013-01-23','2013-04-14');
insert into Hospital.Production(product_id,batch_id) values (385,385);
insert into Hospital.Batch(batch_id,manufacture_date,expiry_date) values (386,'2013-01-23','2013-04-14');
insert into Hospital.Production(product_id,batch_id) values (385,386);
insert into Hospital.Batch(batch_id,manufacture_date,expiry_date) values (387,'2013-01-23','2013-04-14');
insert into Hospital.Production(product_id,batch_id) values (385,387);
insert into Hospital.Batch(batch_id,manufacture_date,expiry_date) values (388,'2013-01-23','2013-04-14');
insert into Hospital.Production(product_id,batch_id) values (385,388);
insert into Hospital.Batch(batch_id,manufacture_date,expiry_date) values (389,'2013-01-23','2013-04-14');
insert into Hospital.Production(product_id,batch_id) values (385,389);
insert into Hospital.Medicine(product_id,medicine_name,dosage) values (385,'yqbjl','tjgxm');
insert into Hospital.Employees (employee_number, name, location, ssn, home_address,phone_number,designation) values ( 385,'iblnr','cntmmddhplsatwe',241202483,'musgg',13648056,'Radiology');
insert into Hospital.Visitation(patient_registration_no,date_of_visit,diagnosis) values (385,'2013-08-19','neeta');
insert into Hospital.Consulted(employee_number,certification_no,patient_registration_no,date_of_visit) values(89,89112233,385,'2013-08-19');
insert into Hospital.Treated_by(patient_registration_no,date_of_visit,employee_number,treatment) values(385,2013-08-19,84);
insert into Hospital.Prescribed(product_id,patient_registration_no,date_of_visit) values (217,385,'2013-08-19');
insert into Hospital.Visitation(patient_registration_no,date_of_visit,diagnosis) values (385,'2013-05-30','ouwjh');
insert into Hospital.Consulted(employee_number,certification_no,patient_registration_no,date_of_visit) values(75,75112233,385,'2013-05-30');
insert into Hospital.Treated_by(patient_registration_no,date_of_visit,employee_number,treatment) values(385,2013-05-30,203);
insert into Hospital.Prescribed(product_id,patient_registration_no,date_of_visit) values (271,385,'2013-05-30');
insert into Hospital.Visitation(patient_registration_no,date_of_visit,diagnosis) values (385,'2013-05-27','pfowx');
insert into Hospital.Consulted(employee_number,certification_no,patient_registration_no,date_of_visit) values(37,37112233,385,'2013-05-27');
insert into Hospital.Treated_by(patient_registration_no,date_of_visit,employee_number,treatment) values(385,2013-05-27,364);
insert into Hospital.Prescribed(product_id,patient_registration_no,date_of_visit) values (206,385,'2013-05-27');
insert into Hospital.Visitation(patient_registration_no,date_of_visit,diagnosis) values (385,'2013-05-21','smdex');
insert into Hospital.Consulted(employee_number,certification_no,patient_registration_no,date_of_visit) values(242,242112233,385,'2013-05-21');
insert into Hospital.Treated_by(patient_registration_no,date_of_visit,employee_number,treatment) values(385,2013-05-21,96);
insert into Hospital.Prescribed(product_id,patient_registration_no,date_of_visit) values (327,385,'2013-05-21');
insert into Hospital.Visitation(patient_registration_no,date_of_visit,diagnosis) values (385,'2013-01-13','pzqwb');
insert into Hospital.Consulted(employee_number,certification_no,patient_registration_no,date_of_visit) values(60,60112233,385,'2013-01-13');
insert into Hospital.Treated_by(patient_registration_no,date_of_visit,employee_number,treatment) values(385,2013-01-13,77);
insert into Hospital.Prescribed(product_id,patient_registration_no,date_of_visit) values (213,385,'2013-01-13');
insert into Hospital.Patient (patient_registration_no, name, ssn, address,contact_no,emergency_contact_no) values ( 385,'tdkse',854744629,'pzpiv',55493779,65572110);
insert into Hospital.Takes (employee_number,shift_name ) values ( 385,'evening');
insert into Hospital.Belongs_to(employee_number,department_id) values (385,3);
insert into Hospital.Pharmaceutical_product(product_id,cost,manufacturer) values(386,42.84988090260734,'rnmxw');
insert into Hospital.Medicine(product_id,medicine_name,dosage) values (386,'qcczw','rhwwh');
insert into Hospital.Employees (employee_number, name, location, ssn, home_address,phone_number,designation) values ( 386,'dgpff','rqyoritxstrfcid',734661640,'fwbmv',85616288,'Administration');
insert into Hospital.Visitation(patient_registration_no,date_of_visit,diagnosis) values (386,'2013-07-21','cfkyl');
insert into Hospital.Consulted(employee_number,certification_no,patient_registration_no,date_of_visit) values(168,168112233,386,'2013-07-21');
insert into Hospital.Treated_by(patient_registration_no,date_of_visit,employee_number,treatment) values(386,2013-07-21,364);
insert into Hospital.Prescribed(product_id,patient_registration_no,date_of_visit) values (86,386,'2013-07-21');
insert into Hospital.Visitation(patient_registration_no,date_of_visit,diagnosis) values (386,'2013-09-10','bjdqb');
insert into Hospital.Consulted(employee_number,certification_no,patient_registration_no,date_of_visit) values(280,280112233,386,'2013-09-10');
insert into Hospital.Treated_by(patient_registration_no,date_of_visit,employee_number,treatment) values(386,2013-09-10,209);
insert into Hospital.Prescribed(product_id,patient_registration_no,date_of_visit) values (295,386,'2013-09-10');
insert into Hospital.Visitation(patient_registration_no,date_of_visit,diagnosis) values (386,'2013-08-27','hovgf');
insert into Hospital.Consulted(employee_number,certification_no,patient_registration_no,date_of_visit) values(137,137112233,386,'2013-08-27');
insert into Hospital.Treated_by(patient_registration_no,date_of_visit,employee_number,treatment) values(386,2013-08-27,312);
insert into Hospital.Prescribed(product_id,patient_registration_no,date_of_visit) values (61,386,'2013-08-27');
insert into Hospital.Visitation(patient_registration_no,date_of_visit,diagnosis) values (386,'2013-08-25','dfgei');
insert into Hospital.Consulted(employee_number,certification_no,patient_registration_no,date_of_visit) values(66,66112233,386,'2013-08-25');
insert into Hospital.Treated_by(patient_registration_no,date_of_visit,employee_number,treatment) values(386,2013-08-25,380);
insert into Hospital.Prescribed(product_id,patient_registration_no,date_of_visit) values (173,386,'2013-08-25');
insert into Hospital.Visitation(patient_registration_no,date_of_visit,diagnosis) values (386,'2013-03-01','xhgug');
insert into Hospital.Consulted(employee_number,certification_no,patient_registration_no,date_of_visit) values(374,374112233,386,'2013-03-01');
insert into Hospital.Treated_by(patient_registration_no,date_of_visit,employee_number,treatment) values(386,2013-03-01,362);
insert into Hospital.Prescribed(product_id,patient_registration_no,date_of_visit) values (378,386,'2013-03-01');
insert into Hospital.Patient (patient_registration_no, name, ssn, address,contact_no,emergency_contact_no) values ( 386,'npovg',346048015,'jojcu',86998346,66899402);
insert into Hospital.Belongs_to(employee_number,department_id) values (386,2);
insert into Hospital.Pharmaceutical_product(product_id,cost,manufacturer) values(387,536.4761065971364,'opavy');
insert into Hospital.Employees (employee_number, name, location, ssn, home_address,phone_number,designation) values ( 387,'auvbi','jrqyfalauusbefl',52459194,'mfbha',77273523,'Administration');
insert into Hospital.Visitation(patient_registration_no,date_of_visit,diagnosis) values (387,'2013-05-21','chdnh');
insert into Hospital.Consulted(employee_number,certification_no,patient_registration_no,date_of_visit) values(150,150112233,387,'2013-05-21');
insert into Hospital.Treated_by(patient_registration_no,date_of_visit,employee_number,treatment) values(387,2013-05-21,49);
insert into Hospital.Prescribed(product_id,patient_registration_no,date_of_visit) values (148,387,'2013-05-21');
insert into Hospital.Visitation(patient_registration_no,date_of_visit,diagnosis) values (387,'2013-03-02','ujrfz');
insert into Hospital.Consulted(employee_number,certification_no,patient_registration_no,date_of_visit) values(216,216112233,387,'2013-03-02');
insert into Hospital.Treated_by(patient_registration_no,date_of_visit,employee_number,treatment) values(387,2013-03-02,172);
insert into Hospital.Prescribed(product_id,patient_registration_no,date_of_visit) values (190,387,'2013-03-02');
insert into Hospital.Visitation(patient_registration_no,date_of_visit,diagnosis) values (387,'2013-04-24','lwkwk');
insert into Hospital.Consulted(employee_number,certification_no,patient_registration_no,date_of_visit) values(139,139112233,387,'2013-04-24');
insert into Hospital.Treated_by(patient_registration_no,date_of_visit,employee_number,treatment) values(387,2013-04-24,0);
insert into Hospital.Prescribed(product_id,patient_registration_no,date_of_visit) values (79,387,'2013-04-24');
insert into Hospital.Visitation(patient_registration_no,date_of_visit,diagnosis) values (387,'2013-07-16','rlzyv');
insert into Hospital.Consulted(employee_number,certification_no,patient_registration_no,date_of_visit) values(111,111112233,387,'2013-07-16');
insert into Hospital.Treated_by(patient_registration_no,date_of_visit,employee_number,treatment) values(387,2013-07-16,173);
insert into Hospital.Prescribed(product_id,patient_registration_no,date_of_visit) values (252,387,'2013-07-16');
insert into Hospital.Visitation(patient_registration_no,date_of_visit,diagnosis) values (387,'2013-07-01','nbbsf');
insert into Hospital.Consulted(employee_number,certification_no,patient_registration_no,date_of_visit) values(159,159112233,387,'2013-07-01');
insert into Hospital.Treated_by(patient_registration_no,date_of_visit,employee_number,treatment) values(387,2013-07-01,164);
insert into Hospital.Prescribed(product_id,patient_registration_no,date_of_visit) values (169,387,'2013-07-01');
insert into Hospital.Patient (patient_registration_no, name, ssn, address,contact_no,emergency_contact_no) values ( 387,'pqfyb',214554395,'iopeu',14611836,16931355);
insert into Hospital.Belongs_to(employee_number,department_id) values (387,2);
insert into Hospital.Pharmaceutical_product(product_id,cost,manufacturer) values(388,415.2133995126466,'xfdgp');
insert into Hospital.Employees (employee_number, name, location, ssn, home_address,phone_number,designation) values ( 388,'pezna','pvndarwlqnvspgl',419382324,'njiym',80270229,'Doctor');
insert into Hospital.Visitation(patient_registration_no,date_of_visit,diagnosis) values (388,'2013-07-09','buson');
insert into Hospital.Consulted(employee_number,certification_no,patient_registration_no,date_of_visit) values(216,216112233,388,'2013-07-09');
insert into Hospital.Treated_by(patient_registration_no,date_of_visit,employee_number,treatment) values(388,2013-07-09,186);
insert into Hospital.Prescribed(product_id,patient_registration_no,date_of_visit) values (233,388,'2013-07-09');
insert into Hospital.Visitation(patient_registration_no,date_of_visit,diagnosis) values (388,'2013-08-07','dwwta');
insert into Hospital.Consulted(employee_number,certification_no,patient_registration_no,date_of_visit) values(287,287112233,388,'2013-08-07');
insert into Hospital.Treated_by(patient_registration_no,date_of_visit,employee_number,treatment) values(388,2013-08-07,354);
insert into Hospital.Prescribed(product_id,patient_registration_no,date_of_visit) values (84,388,'2013-08-07');
insert into Hospital.Visitation(patient_registration_no,date_of_visit,diagnosis) values (388,'2013-01-30','hvyjj');
insert into Hospital.Consulted(employee_number,certification_no,patient_registration_no,date_of_visit) values(381,381112233,388,'2013-01-30');
insert into Hospital.Treated_by(patient_registration_no,date_of_visit,employee_number,treatment) values(388,2013-01-30,48);
insert into Hospital.Prescribed(product_id,patient_registration_no,date_of_visit) values (386,388,'2013-01-30');
insert into Hospital.Visitation(patient_registration_no,date_of_visit,diagnosis) values (388,'2013-10-23','yhiub');
insert into Hospital.Consulted(employee_number,certification_no,patient_registration_no,date_of_visit) values(51,51112233,388,'2013-10-23');
insert into Hospital.Treated_by(patient_registration_no,date_of_visit,employee_number,treatment) values(388,2013-10-23,52);
insert into Hospital.Prescribed(product_id,patient_registration_no,date_of_visit) values (312,388,'2013-10-23');
insert into Hospital.Visitation(patient_registration_no,date_of_visit,diagnosis) values (388,'2013-10-10','ktels');
insert into Hospital.Consulted(employee_number,certification_no,patient_registration_no,date_of_visit) values(258,258112233,388,'2013-10-10');
insert into Hospital.Treated_by(patient_registration_no,date_of_visit,employee_number,treatment) values(388,2013-10-10,325);
insert into Hospital.Prescribed(product_id,patient_registration_no,date_of_visit) values (137,388,'2013-10-10');
insert into Hospital.Patient (patient_registration_no, name, ssn, address,contact_no,emergency_contact_no) values ( 388,'vjanq',867951801,'nocoz',48303255,35572144);
insert into Hospital.Physician (employee_number, certification_no,specialization) values ( 388,388112233,'Anesthesiology');
insert into Hospital.Belongs_to(employee_number,department_id) values (388,1);
insert into Hospital.Pharmaceutical_product(product_id,cost,manufacturer) values(389,170.26128443834418,'osuzm');
insert into Hospital.Batch(batch_id,manufacture_date,expiry_date) values (389,'2013-05-25','2013-06-02');
insert into Hospital.Production(product_id,batch_id) values (389,389);
insert into Hospital.Batch(batch_id,manufacture_date,expiry_date) values (390,'2013-05-25','2013-06-02');
insert into Hospital.Production(product_id,batch_id) values (389,390);
insert into Hospital.Batch(batch_id,manufacture_date,expiry_date) values (391,'2013-05-25','2013-06-02');
insert into Hospital.Production(product_id,batch_id) values (389,391);
insert into Hospital.Batch(batch_id,manufacture_date,expiry_date) values (392,'2013-05-25','2013-06-02');
insert into Hospital.Production(product_id,batch_id) values (389,392);
insert into Hospital.Batch(batch_id,manufacture_date,expiry_date) values (393,'2013-05-25','2013-06-02');
insert into Hospital.Production(product_id,batch_id) values (389,393);
insert into Hospital.Employees (employee_number, name, location, ssn, home_address,phone_number,designation) values ( 389,'ntnaq','vgtwovrzojiesfr',645820705,'wbtct',98301161,'Doctor');
insert into Hospital.Visitation(patient_registration_no,date_of_visit,diagnosis) values (389,'2013-01-18','zodmo');
insert into Hospital.Consulted(employee_number,certification_no,patient_registration_no,date_of_visit) values(29,29112233,389,'2013-01-18');
insert into Hospital.Treated_by(patient_registration_no,date_of_visit,employee_number,treatment) values(389,2013-01-18,91);
insert into Hospital.Prescribed(product_id,patient_registration_no,date_of_visit) values (318,389,'2013-01-18');
insert into Hospital.Visitation(patient_registration_no,date_of_visit,diagnosis) values (389,'2013-03-02','hxgoj');
insert into Hospital.Consulted(employee_number,certification_no,patient_registration_no,date_of_visit) values(110,110112233,389,'2013-03-02');
insert into Hospital.Treated_by(patient_registration_no,date_of_visit,employee_number,treatment) values(389,2013-03-02,143);
insert into Hospital.Prescribed(product_id,patient_registration_no,date_of_visit) values (225,389,'2013-03-02');
insert into Hospital.Visitation(patient_registration_no,date_of_visit,diagnosis) values (389,'2013-07-09','heykp');
insert into Hospital.Consulted(employee_number,certification_no,patient_registration_no,date_of_visit) values(378,378112233,389,'2013-07-09');
insert into Hospital.Treated_by(patient_registration_no,date_of_visit,employee_number,treatment) values(389,2013-07-09,356);
insert into Hospital.Prescribed(product_id,patient_registration_no,date_of_visit) values (23,389,'2013-07-09');
insert into Hospital.Visitation(patient_registration_no,date_of_visit,diagnosis) values (389,'2013-06-17','hzynv');
insert into Hospital.Consulted(employee_number,certification_no,patient_registration_no,date_of_visit) values(85,85112233,389,'2013-06-17');
insert into Hospital.Treated_by(patient_registration_no,date_of_visit,employee_number,treatment) values(389,2013-06-17,189);
insert into Hospital.Prescribed(product_id,patient_registration_no,date_of_visit) values (85,389,'2013-06-17');
insert into Hospital.Visitation(patient_registration_no,date_of_visit,diagnosis) values (389,'2013-08-23','vmele');
insert into Hospital.Consulted(employee_number,certification_no,patient_registration_no,date_of_visit) values(151,151112233,389,'2013-08-23');
insert into Hospital.Treated_by(patient_registration_no,date_of_visit,employee_number,treatment) values(389,2013-08-23,261);
insert into Hospital.Prescribed(product_id,patient_registration_no,date_of_visit) values (374,389,'2013-08-23');
insert into Hospital.Patient (patient_registration_no, name, ssn, address,contact_no,emergency_contact_no) values ( 389,'idant',533116048,'fhzoa',84506235,94822553);
insert into Hospital.Physician (employee_number, certification_no,specialization) values ( 389,389112233,'Pediatrics');
insert into Hospital.Belongs_to(employee_number,department_id) values (389,1);
insert into Hospital.Pharmaceutical_product(product_id,cost,manufacturer) values(390,505.83435029983605,'ggvni');
insert into Hospital.Batch(batch_id,manufacture_date,expiry_date) values (390,'2013-03-15','2013-04-19');
insert into Hospital.Production(product_id,batch_id) values (390,390);
insert into Hospital.Batch(batch_id,manufacture_date,expiry_date) values (391,'2013-03-15','2013-04-19');
insert into Hospital.Production(product_id,batch_id) values (390,391);
insert into Hospital.Batch(batch_id,manufacture_date,expiry_date) values (392,'2013-03-15','2013-04-19');
insert into Hospital.Production(product_id,batch_id) values (390,392);
insert into Hospital.Batch(batch_id,manufacture_date,expiry_date) values (393,'2013-03-15','2013-04-19');
insert into Hospital.Production(product_id,batch_id) values (390,393);
insert into Hospital.Batch(batch_id,manufacture_date,expiry_date) values (394,'2013-03-15','2013-04-19');
insert into Hospital.Production(product_id,batch_id) values (390,394);
insert into Hospital.Employees (employee_number, name, location, ssn, home_address,phone_number,designation) values ( 390,'yzfim','zsphfdwvdoydydr',516421931,'bkill',18506992,'Radiology');
insert into Hospital.Visitation(patient_registration_no,date_of_visit,diagnosis) values (390,'2013-08-05','qixbj');
insert into Hospital.Consulted(employee_number,certification_no,patient_registration_no,date_of_visit) values(44,44112233,390,'2013-08-05');
insert into Hospital.Treated_by(patient_registration_no,date_of_visit,employee_number,treatment) values(390,2013-08-05,231);
insert into Hospital.Prescribed(product_id,patient_registration_no,date_of_visit) values (312,390,'2013-08-05');
insert into Hospital.Visitation(patient_registration_no,date_of_visit,diagnosis) values (390,'2013-01-19','brmib');
insert into Hospital.Consulted(employee_number,certification_no,patient_registration_no,date_of_visit) values(23,23112233,390,'2013-01-19');
insert into Hospital.Treated_by(patient_registration_no,date_of_visit,employee_number,treatment) values(390,2013-01-19,61);
insert into Hospital.Prescribed(product_id,patient_registration_no,date_of_visit) values (182,390,'2013-01-19');
insert into Hospital.Visitation(patient_registration_no,date_of_visit,diagnosis) values (390,'2013-10-13','xwkgt');
insert into Hospital.Consulted(employee_number,certification_no,patient_registration_no,date_of_visit) values(321,321112233,390,'2013-10-13');
insert into Hospital.Treated_by(patient_registration_no,date_of_visit,employee_number,treatment) values(390,2013-10-13,196);
insert into Hospital.Prescribed(product_id,patient_registration_no,date_of_visit) values (146,390,'2013-10-13');
insert into Hospital.Visitation(patient_registration_no,date_of_visit,diagnosis) values (390,'2013-03-08','hlrtw');
insert into Hospital.Consulted(employee_number,certification_no,patient_registration_no,date_of_visit) values(119,119112233,390,'2013-03-08');
insert into Hospital.Treated_by(patient_registration_no,date_of_visit,employee_number,treatment) values(390,2013-03-08,260);
insert into Hospital.Prescribed(product_id,patient_registration_no,date_of_visit) values (111,390,'2013-03-08');
insert into Hospital.Visitation(patient_registration_no,date_of_visit,diagnosis) values (390,'2013-05-13','cavhn');
insert into Hospital.Consulted(employee_number,certification_no,patient_registration_no,date_of_visit) values(363,363112233,390,'2013-05-13');
insert into Hospital.Treated_by(patient_registration_no,date_of_visit,employee_number,treatment) values(390,2013-05-13,84);
insert into Hospital.Prescribed(product_id,patient_registration_no,date_of_visit) values (305,390,'2013-05-13');
insert into Hospital.Patient (patient_registration_no, name, ssn, address,contact_no,emergency_contact_no) values ( 390,'vdeoi',255543175,'tzhkx',51104167,64452725);
insert into Hospital.Takes (employee_number,shift_name ) values ( 390,'morning');
insert into Hospital.Belongs_to(employee_number,department_id) values (390,3);
insert into Hospital.Pharmaceutical_product(product_id,cost,manufacturer) values(391,96.46047102257282,'huvla');
insert into Hospital.Employees (employee_number, name, location, ssn, home_address,phone_number,designation) values ( 391,'illsp','tzaffepxktijqny',374818801,'mfzle',49538404,'Radiology');
insert into Hospital.Visitation(patient_registration_no,date_of_visit,diagnosis) values (391,'2013-09-07','rjsyb');
insert into Hospital.Consulted(employee_number,certification_no,patient_registration_no,date_of_visit) values(193,193112233,391,'2013-09-07');
insert into Hospital.Treated_by(patient_registration_no,date_of_visit,employee_number,treatment) values(391,2013-09-07,56);
insert into Hospital.Prescribed(product_id,patient_registration_no,date_of_visit) values (371,391,'2013-09-07');
insert into Hospital.Visitation(patient_registration_no,date_of_visit,diagnosis) values (391,'2013-09-23','qmrbb');
insert into Hospital.Consulted(employee_number,certification_no,patient_registration_no,date_of_visit) values(365,365112233,391,'2013-09-23');
insert into Hospital.Treated_by(patient_registration_no,date_of_visit,employee_number,treatment) values(391,2013-09-23,76);
insert into Hospital.Prescribed(product_id,patient_registration_no,date_of_visit) values (66,391,'2013-09-23');
insert into Hospital.Visitation(patient_registration_no,date_of_visit,diagnosis) values (391,'2013-07-30','axbhj');
insert into Hospital.Consulted(employee_number,certification_no,patient_registration_no,date_of_visit) values(94,94112233,391,'2013-07-30');
insert into Hospital.Treated_by(patient_registration_no,date_of_visit,employee_number,treatment) values(391,2013-07-30,273);
insert into Hospital.Prescribed(product_id,patient_registration_no,date_of_visit) values (205,391,'2013-07-30');
insert into Hospital.Visitation(patient_registration_no,date_of_visit,diagnosis) values (391,'2013-08-13','ddybf');
insert into Hospital.Consulted(employee_number,certification_no,patient_registration_no,date_of_visit) values(181,181112233,391,'2013-08-13');
insert into Hospital.Treated_by(patient_registration_no,date_of_visit,employee_number,treatment) values(391,2013-08-13,340);
insert into Hospital.Prescribed(product_id,patient_registration_no,date_of_visit) values (111,391,'2013-08-13');
insert into Hospital.Visitation(patient_registration_no,date_of_visit,diagnosis) values (391,'2013-03-03','jgafr');
insert into Hospital.Consulted(employee_number,certification_no,patient_registration_no,date_of_visit) values(192,192112233,391,'2013-03-03');
insert into Hospital.Treated_by(patient_registration_no,date_of_visit,employee_number,treatment) values(391,2013-03-03,173);
insert into Hospital.Prescribed(product_id,patient_registration_no,date_of_visit) values (110,391,'2013-03-03');
insert into Hospital.Patient (patient_registration_no, name, ssn, address,contact_no,emergency_contact_no) values ( 391,'dugmo',19150448,'sjzhr',25541847,65820606);
insert into Hospital.Takes (employee_number,shift_name ) values ( 391,'morning');
insert into Hospital.Belongs_to(employee_number,department_id) values (391,3);
insert into Hospital.Pharmaceutical_product(product_id,cost,manufacturer) values(392,962.7613988690792,'xlknj');
insert into Hospital.Batch(batch_id,manufacture_date,expiry_date) values (392,'2013-02-25','2013-10-08');
insert into Hospital.Production(product_id,batch_id) values (392,392);
insert into Hospital.Batch(batch_id,manufacture_date,expiry_date) values (393,'2013-02-25','2013-10-08');
insert into Hospital.Production(product_id,batch_id) values (392,393);
insert into Hospital.Batch(batch_id,manufacture_date,expiry_date) values (394,'2013-02-25','2013-10-08');
insert into Hospital.Production(product_id,batch_id) values (392,394);
insert into Hospital.Batch(batch_id,manufacture_date,expiry_date) values (395,'2013-02-25','2013-10-08');
insert into Hospital.Production(product_id,batch_id) values (392,395);
insert into Hospital.Batch(batch_id,manufacture_date,expiry_date) values (396,'2013-02-25','2013-10-08');
insert into Hospital.Production(product_id,batch_id) values (392,396);
insert into Hospital.Employees (employee_number, name, location, ssn, home_address,phone_number,designation) values ( 392,'vlpfc','barhmlxegpladwt',697163110,'fqshb',44482673,'Nurse');
insert into Hospital.Visitation(patient_registration_no,date_of_visit,diagnosis) values (392,'2013-03-18','hhvgx');
insert into Hospital.Consulted(employee_number,certification_no,patient_registration_no,date_of_visit) values(9,9112233,392,'2013-03-18');
insert into Hospital.Treated_by(patient_registration_no,date_of_visit,employee_number,treatment) values(392,2013-03-18,362);
insert into Hospital.Prescribed(product_id,patient_registration_no,date_of_visit) values (265,392,'2013-03-18');
insert into Hospital.Visitation(patient_registration_no,date_of_visit,diagnosis) values (392,'2013-03-27','hqwlj');
insert into Hospital.Consulted(employee_number,certification_no,patient_registration_no,date_of_visit) values(29,29112233,392,'2013-03-27');
insert into Hospital.Treated_by(patient_registration_no,date_of_visit,employee_number,treatment) values(392,2013-03-27,263);
insert into Hospital.Prescribed(product_id,patient_registration_no,date_of_visit) values (346,392,'2013-03-27');
insert into Hospital.Visitation(patient_registration_no,date_of_visit,diagnosis) values (392,'2013-10-21','lgptn');
insert into Hospital.Consulted(employee_number,certification_no,patient_registration_no,date_of_visit) values(194,194112233,392,'2013-10-21');
insert into Hospital.Treated_by(patient_registration_no,date_of_visit,employee_number,treatment) values(392,2013-10-21,73);
insert into Hospital.Prescribed(product_id,patient_registration_no,date_of_visit) values (98,392,'2013-10-21');
insert into Hospital.Visitation(patient_registration_no,date_of_visit,diagnosis) values (392,'2013-06-11','qlxdt');
insert into Hospital.Consulted(employee_number,certification_no,patient_registration_no,date_of_visit) values(328,328112233,392,'2013-06-11');
insert into Hospital.Treated_by(patient_registration_no,date_of_visit,employee_number,treatment) values(392,2013-06-11,81);
insert into Hospital.Prescribed(product_id,patient_registration_no,date_of_visit) values (91,392,'2013-06-11');
insert into Hospital.Visitation(patient_registration_no,date_of_visit,diagnosis) values (392,'2013-01-13','csjmq');
insert into Hospital.Consulted(employee_number,certification_no,patient_registration_no,date_of_visit) values(92,92112233,392,'2013-01-13');
insert into Hospital.Treated_by(patient_registration_no,date_of_visit,employee_number,treatment) values(392,2013-01-13,285);
insert into Hospital.Prescribed(product_id,patient_registration_no,date_of_visit) values (359,392,'2013-01-13');
insert into Hospital.Patient (patient_registration_no, name, ssn, address,contact_no,emergency_contact_no) values ( 392,'lggrv',377799739,'zehps',25005621,69526435);
insert into Hospital.Takes (employee_number,shift_name ) values ( 392,'night');
insert into Hospital.Belongs_to(employee_number,department_id) values (392,3);
insert into Hospital.Pharmaceutical_product(product_id,cost,manufacturer) values(393,366.5377365925548,'wlzkl');
insert into Hospital.Batch(batch_id,manufacture_date,expiry_date) values (393,'2013-01-17','2013-03-10');
insert into Hospital.Production(product_id,batch_id) values (393,393);
insert into Hospital.Batch(batch_id,manufacture_date,expiry_date) values (394,'2013-01-17','2013-03-10');
insert into Hospital.Production(product_id,batch_id) values (393,394);
insert into Hospital.Batch(batch_id,manufacture_date,expiry_date) values (395,'2013-01-17','2013-03-10');
insert into Hospital.Production(product_id,batch_id) values (393,395);
insert into Hospital.Batch(batch_id,manufacture_date,expiry_date) values (396,'2013-01-17','2013-03-10');
insert into Hospital.Production(product_id,batch_id) values (393,396);
insert into Hospital.Batch(batch_id,manufacture_date,expiry_date) values (397,'2013-01-17','2013-03-10');
insert into Hospital.Production(product_id,batch_id) values (393,397);
insert into Hospital.Employees (employee_number, name, location, ssn, home_address,phone_number,designation) values ( 393,'nukqb','bdachdwaykwlqrz',318920677,'wrxat',42425223,'Nurse');
insert into Hospital.Visitation(patient_registration_no,date_of_visit,diagnosis) values (393,'2013-01-21','riurr');
insert into Hospital.Consulted(employee_number,certification_no,patient_registration_no,date_of_visit) values(194,194112233,393,'2013-01-21');
insert into Hospital.Treated_by(patient_registration_no,date_of_visit,employee_number,treatment) values(393,2013-01-21,178);
insert into Hospital.Prescribed(product_id,patient_registration_no,date_of_visit) values (86,393,'2013-01-21');
insert into Hospital.Visitation(patient_registration_no,date_of_visit,diagnosis) values (393,'2013-06-22','ishhd');
insert into Hospital.Consulted(employee_number,certification_no,patient_registration_no,date_of_visit) values(287,287112233,393,'2013-06-22');
insert into Hospital.Treated_by(patient_registration_no,date_of_visit,employee_number,treatment) values(393,2013-06-22,301);
insert into Hospital.Prescribed(product_id,patient_registration_no,date_of_visit) values (320,393,'2013-06-22');
insert into Hospital.Visitation(patient_registration_no,date_of_visit,diagnosis) values (393,'2013-04-27','nasfq');
insert into Hospital.Consulted(employee_number,certification_no,patient_registration_no,date_of_visit) values(89,89112233,393,'2013-04-27');
insert into Hospital.Treated_by(patient_registration_no,date_of_visit,employee_number,treatment) values(393,2013-04-27,189);
insert into Hospital.Prescribed(product_id,patient_registration_no,date_of_visit) values (5,393,'2013-04-27');
insert into Hospital.Visitation(patient_registration_no,date_of_visit,diagnosis) values (393,'2013-06-05','jernr');
insert into Hospital.Consulted(employee_number,certification_no,patient_registration_no,date_of_visit) values(341,341112233,393,'2013-06-05');
insert into Hospital.Treated_by(patient_registration_no,date_of_visit,employee_number,treatment) values(393,2013-06-05,277);
insert into Hospital.Prescribed(product_id,patient_registration_no,date_of_visit) values (65,393,'2013-06-05');
insert into Hospital.Visitation(patient_registration_no,date_of_visit,diagnosis) values (393,'2013-01-19','oaqrv');
insert into Hospital.Consulted(employee_number,certification_no,patient_registration_no,date_of_visit) values(348,348112233,393,'2013-01-19');
insert into Hospital.Treated_by(patient_registration_no,date_of_visit,employee_number,treatment) values(393,2013-01-19,195);
insert into Hospital.Prescribed(product_id,patient_registration_no,date_of_visit) values (56,393,'2013-01-19');
insert into Hospital.Patient (patient_registration_no, name, ssn, address,contact_no,emergency_contact_no) values ( 393,'lgzxg',669832166,'pcpux',87458852,77611699);
insert into Hospital.Takes (employee_number,shift_name ) values ( 393,'morning');
insert into Hospital.Belongs_to(employee_number,department_id) values (393,3);
insert into Hospital.Pharmaceutical_product(product_id,cost,manufacturer) values(394,379.39656713736,'nxzjw');
insert into Hospital.Employees (employee_number, name, location, ssn, home_address,phone_number,designation) values ( 394,'jjaen','ficbtkydhmemgiz',631700453,'bubux',87809773,'Nurse');
insert into Hospital.Visitation(patient_registration_no,date_of_visit,diagnosis) values (394,'2013-06-14','sqxni');
insert into Hospital.Consulted(employee_number,certification_no,patient_registration_no,date_of_visit) values(208,208112233,394,'2013-06-14');
insert into Hospital.Treated_by(patient_registration_no,date_of_visit,employee_number,treatment) values(394,2013-06-14,18);
insert into Hospital.Prescribed(product_id,patient_registration_no,date_of_visit) values (91,394,'2013-06-14');
insert into Hospital.Visitation(patient_registration_no,date_of_visit,diagnosis) values (394,'2013-08-20','kwfve');
insert into Hospital.Consulted(employee_number,certification_no,patient_registration_no,date_of_visit) values(193,193112233,394,'2013-08-20');
insert into Hospital.Treated_by(patient_registration_no,date_of_visit,employee_number,treatment) values(394,2013-08-20,73);
insert into Hospital.Prescribed(product_id,patient_registration_no,date_of_visit) values (141,394,'2013-08-20');
insert into Hospital.Visitation(patient_registration_no,date_of_visit,diagnosis) values (394,'2013-08-01','ezdgl');
insert into Hospital.Consulted(employee_number,certification_no,patient_registration_no,date_of_visit) values(357,357112233,394,'2013-08-01');
insert into Hospital.Treated_by(patient_registration_no,date_of_visit,employee_number,treatment) values(394,2013-08-01,73);
insert into Hospital.Prescribed(product_id,patient_registration_no,date_of_visit) values (82,394,'2013-08-01');
insert into Hospital.Visitation(patient_registration_no,date_of_visit,diagnosis) values (394,'2013-07-20','fjpew');
insert into Hospital.Consulted(employee_number,certification_no,patient_registration_no,date_of_visit) values(326,326112233,394,'2013-07-20');
insert into Hospital.Treated_by(patient_registration_no,date_of_visit,employee_number,treatment) values(394,2013-07-20,67);
insert into Hospital.Prescribed(product_id,patient_registration_no,date_of_visit) values (29,394,'2013-07-20');
insert into Hospital.Visitation(patient_registration_no,date_of_visit,diagnosis) values (394,'2013-06-27','yyfti');
insert into Hospital.Consulted(employee_number,certification_no,patient_registration_no,date_of_visit) values(389,389112233,394,'2013-06-27');
insert into Hospital.Treated_by(patient_registration_no,date_of_visit,employee_number,treatment) values(394,2013-06-27,96);
insert into Hospital.Prescribed(product_id,patient_registration_no,date_of_visit) values (34,394,'2013-06-27');
insert into Hospital.Patient (patient_registration_no, name, ssn, address,contact_no,emergency_contact_no) values ( 394,'jzgpe',586577681,'mkocx',99131040,92984309);
insert into Hospital.Takes (employee_number,shift_name ) values ( 394,'night');
insert into Hospital.Belongs_to(employee_number,department_id) values (394,3);
insert into Hospital.Pharmaceutical_product(product_id,cost,manufacturer) values(395,711.8578237056126,'istxb');
insert into Hospital.Employees (employee_number, name, location, ssn, home_address,phone_number,designation) values ( 395,'xxexe','jhzjnnyxicgxejm',278939355,'ojild',70603879,'Doctor');
insert into Hospital.Visitation(patient_registration_no,date_of_visit,diagnosis) values (395,'2013-08-26','gabyd');
insert into Hospital.Consulted(employee_number,certification_no,patient_registration_no,date_of_visit) values(358,358112233,395,'2013-08-26');
insert into Hospital.Treated_by(patient_registration_no,date_of_visit,employee_number,treatment) values(395,2013-08-26,172);
insert into Hospital.Prescribed(product_id,patient_registration_no,date_of_visit) values (249,395,'2013-08-26');
insert into Hospital.Visitation(patient_registration_no,date_of_visit,diagnosis) values (395,'2013-01-13','dckns');
insert into Hospital.Consulted(employee_number,certification_no,patient_registration_no,date_of_visit) values(365,365112233,395,'2013-01-13');
insert into Hospital.Treated_by(patient_registration_no,date_of_visit,employee_number,treatment) values(395,2013-01-13,382);
insert into Hospital.Prescribed(product_id,patient_registration_no,date_of_visit) values (331,395,'2013-01-13');
insert into Hospital.Visitation(patient_registration_no,date_of_visit,diagnosis) values (395,'2013-09-21','newsg');
insert into Hospital.Consulted(employee_number,certification_no,patient_registration_no,date_of_visit) values(350,350112233,395,'2013-09-21');
insert into Hospital.Treated_by(patient_registration_no,date_of_visit,employee_number,treatment) values(395,2013-09-21,360);
insert into Hospital.Prescribed(product_id,patient_registration_no,date_of_visit) values (267,395,'2013-09-21');
insert into Hospital.Visitation(patient_registration_no,date_of_visit,diagnosis) values (395,'2013-08-05','srout');
insert into Hospital.Consulted(employee_number,certification_no,patient_registration_no,date_of_visit) values(184,184112233,395,'2013-08-05');
insert into Hospital.Treated_by(patient_registration_no,date_of_visit,employee_number,treatment) values(395,2013-08-05,71);
insert into Hospital.Prescribed(product_id,patient_registration_no,date_of_visit) values (305,395,'2013-08-05');
insert into Hospital.Visitation(patient_registration_no,date_of_visit,diagnosis) values (395,'2013-08-18','wdegb');
insert into Hospital.Consulted(employee_number,certification_no,patient_registration_no,date_of_visit) values(166,166112233,395,'2013-08-18');
insert into Hospital.Treated_by(patient_registration_no,date_of_visit,employee_number,treatment) values(395,2013-08-18,164);
insert into Hospital.Prescribed(product_id,patient_registration_no,date_of_visit) values (140,395,'2013-08-18');
insert into Hospital.Patient (patient_registration_no, name, ssn, address,contact_no,emergency_contact_no) values ( 395,'gkxdw',416811114,'kyeve',17455980,71987069);
insert into Hospital.Physician (employee_number, certification_no,specialization) values ( 395,395112233,'Dermatology');
insert into Hospital.Belongs_to(employee_number,department_id) values (395,1);
insert into Hospital.Pharmaceutical_product(product_id,cost,manufacturer) values(396,118.63727780043523,'avwur');
insert into Hospital.Batch(batch_id,manufacture_date,expiry_date) values (396,'2013-01-15','2013-07-14');
insert into Hospital.Production(product_id,batch_id) values (396,396);
insert into Hospital.Batch(batch_id,manufacture_date,expiry_date) values (397,'2013-01-15','2013-07-14');
insert into Hospital.Production(product_id,batch_id) values (396,397);
insert into Hospital.Batch(batch_id,manufacture_date,expiry_date) values (398,'2013-01-15','2013-07-14');
insert into Hospital.Production(product_id,batch_id) values (396,398);
insert into Hospital.Batch(batch_id,manufacture_date,expiry_date) values (399,'2013-01-15','2013-07-14');
insert into Hospital.Production(product_id,batch_id) values (396,399);
insert into Hospital.Batch(batch_id,manufacture_date,expiry_date) values (400,'2013-01-15','2013-07-14');
insert into Hospital.Production(product_id,batch_id) values (396,400);
insert into Hospital.Employees (employee_number, name, location, ssn, home_address,phone_number,designation) values ( 396,'yrpma','grwruaipzyaofin',518199109,'ansls',69139644,'Radiology');
insert into Hospital.Visitation(patient_registration_no,date_of_visit,diagnosis) values (396,'2013-04-22','ydqnt');
insert into Hospital.Consulted(employee_number,certification_no,patient_registration_no,date_of_visit) values(37,37112233,396,'2013-04-22');
insert into Hospital.Treated_by(patient_registration_no,date_of_visit,employee_number,treatment) values(396,2013-04-22,294);
insert into Hospital.Prescribed(product_id,patient_registration_no,date_of_visit) values (11,396,'2013-04-22');
insert into Hospital.Visitation(patient_registration_no,date_of_visit,diagnosis) values (396,'2013-05-07','ztfuw');
insert into Hospital.Consulted(employee_number,certification_no,patient_registration_no,date_of_visit) values(276,276112233,396,'2013-05-07');
insert into Hospital.Treated_by(patient_registration_no,date_of_visit,employee_number,treatment) values(396,2013-05-07,125);
insert into Hospital.Prescribed(product_id,patient_registration_no,date_of_visit) values (213,396,'2013-05-07');
insert into Hospital.Visitation(patient_registration_no,date_of_visit,diagnosis) values (396,'2013-01-01','exwto');
insert into Hospital.Consulted(employee_number,certification_no,patient_registration_no,date_of_visit) values(348,348112233,396,'2013-01-01');
insert into Hospital.Treated_by(patient_registration_no,date_of_visit,employee_number,treatment) values(396,2013-01-01,354);
insert into Hospital.Prescribed(product_id,patient_registration_no,date_of_visit) values (226,396,'2013-01-01');
insert into Hospital.Visitation(patient_registration_no,date_of_visit,diagnosis) values (396,'2013-09-13','wjjxx');
insert into Hospital.Consulted(employee_number,certification_no,patient_registration_no,date_of_visit) values(214,214112233,396,'2013-09-13');
insert into Hospital.Treated_by(patient_registration_no,date_of_visit,employee_number,treatment) values(396,2013-09-13,91);
insert into Hospital.Prescribed(product_id,patient_registration_no,date_of_visit) values (76,396,'2013-09-13');
insert into Hospital.Visitation(patient_registration_no,date_of_visit,diagnosis) values (396,'2013-03-19','sxrhh');
insert into Hospital.Consulted(employee_number,certification_no,patient_registration_no,date_of_visit) values(222,222112233,396,'2013-03-19');
insert into Hospital.Treated_by(patient_registration_no,date_of_visit,employee_number,treatment) values(396,2013-03-19,91);
insert into Hospital.Prescribed(product_id,patient_registration_no,date_of_visit) values (147,396,'2013-03-19');
insert into Hospital.Patient (patient_registration_no, name, ssn, address,contact_no,emergency_contact_no) values ( 396,'basyn',513402752,'lgtot',56774555,93118879);
insert into Hospital.Takes (employee_number,shift_name ) values ( 396,'morning');
insert into Hospital.Belongs_to(employee_number,department_id) values (396,3);
insert into Hospital.Pharmaceutical_product(product_id,cost,manufacturer) values(397,55.625924505495036,'pnmut');
insert into Hospital.Batch(batch_id,manufacture_date,expiry_date) values (397,'2013-05-29','2013-08-27');
insert into Hospital.Production(product_id,batch_id) values (397,397);
insert into Hospital.Batch(batch_id,manufacture_date,expiry_date) values (398,'2013-05-29','2013-08-27');
insert into Hospital.Production(product_id,batch_id) values (397,398);
insert into Hospital.Batch(batch_id,manufacture_date,expiry_date) values (399,'2013-05-29','2013-08-27');
insert into Hospital.Production(product_id,batch_id) values (397,399);
insert into Hospital.Batch(batch_id,manufacture_date,expiry_date) values (400,'2013-05-29','2013-08-27');
insert into Hospital.Production(product_id,batch_id) values (397,400);
insert into Hospital.Batch(batch_id,manufacture_date,expiry_date) values (401,'2013-05-29','2013-08-27');
insert into Hospital.Production(product_id,batch_id) values (397,401);
insert into Hospital.Employees (employee_number, name, location, ssn, home_address,phone_number,designation) values ( 397,'nxkkt','adpscfokrwrvjvb',608041158,'jcmiy',19547478,'Doctor');
insert into Hospital.Visitation(patient_registration_no,date_of_visit,diagnosis) values (397,'2013-01-01','thfal');
insert into Hospital.Consulted(employee_number,certification_no,patient_registration_no,date_of_visit) values(150,150112233,397,'2013-01-01');
insert into Hospital.Treated_by(patient_registration_no,date_of_visit,employee_number,treatment) values(397,2013-01-01,396);
insert into Hospital.Prescribed(product_id,patient_registration_no,date_of_visit) values (31,397,'2013-01-01');
insert into Hospital.Visitation(patient_registration_no,date_of_visit,diagnosis) values (397,'2013-08-20','lcizf');
insert into Hospital.Consulted(employee_number,certification_no,patient_registration_no,date_of_visit) values(328,328112233,397,'2013-08-20');
insert into Hospital.Treated_by(patient_registration_no,date_of_visit,employee_number,treatment) values(397,2013-08-20,294);
insert into Hospital.Prescribed(product_id,patient_registration_no,date_of_visit) values (233,397,'2013-08-20');
insert into Hospital.Visitation(patient_registration_no,date_of_visit,diagnosis) values (397,'2013-04-26','xobco');
insert into Hospital.Consulted(employee_number,certification_no,patient_registration_no,date_of_visit) values(313,313112233,397,'2013-04-26');
insert into Hospital.Treated_by(patient_registration_no,date_of_visit,employee_number,treatment) values(397,2013-04-26,28);
insert into Hospital.Prescribed(product_id,patient_registration_no,date_of_visit) values (342,397,'2013-04-26');
insert into Hospital.Visitation(patient_registration_no,date_of_visit,diagnosis) values (397,'2013-07-02','ugskh');
insert into Hospital.Consulted(employee_number,certification_no,patient_registration_no,date_of_visit) values(6,6112233,397,'2013-07-02');
insert into Hospital.Treated_by(patient_registration_no,date_of_visit,employee_number,treatment) values(397,2013-07-02,30);
insert into Hospital.Prescribed(product_id,patient_registration_no,date_of_visit) values (99,397,'2013-07-02');
insert into Hospital.Visitation(patient_registration_no,date_of_visit,diagnosis) values (397,'2013-03-19','mhack');
insert into Hospital.Consulted(employee_number,certification_no,patient_registration_no,date_of_visit) values(85,85112233,397,'2013-03-19');
insert into Hospital.Treated_by(patient_registration_no,date_of_visit,employee_number,treatment) values(397,2013-03-19,61);
insert into Hospital.Prescribed(product_id,patient_registration_no,date_of_visit) values (146,397,'2013-03-19');
insert into Hospital.Patient (patient_registration_no, name, ssn, address,contact_no,emergency_contact_no) values ( 397,'twbfv',861437434,'gobog',96869448,68398804);
insert into Hospital.Physician (employee_number, certification_no,specialization) values ( 397,397112233,'Anesthesiology');
insert into Hospital.Belongs_to(employee_number,department_id) values (397,1);
insert into Hospital.Pharmaceutical_product(product_id,cost,manufacturer) values(398,444.37149988445043,'skuzn');
insert into Hospital.Batch(batch_id,manufacture_date,expiry_date) values (398,'2013-07-27','2013-08-02');
insert into Hospital.Production(product_id,batch_id) values (398,398);
insert into Hospital.Batch(batch_id,manufacture_date,expiry_date) values (399,'2013-07-27','2013-08-02');
insert into Hospital.Production(product_id,batch_id) values (398,399);
insert into Hospital.Batch(batch_id,manufacture_date,expiry_date) values (400,'2013-07-27','2013-08-02');
insert into Hospital.Production(product_id,batch_id) values (398,400);
insert into Hospital.Batch(batch_id,manufacture_date,expiry_date) values (401,'2013-07-27','2013-08-02');
insert into Hospital.Production(product_id,batch_id) values (398,401);
insert into Hospital.Batch(batch_id,manufacture_date,expiry_date) values (402,'2013-07-27','2013-08-02');
insert into Hospital.Production(product_id,batch_id) values (398,402);
insert into Hospital.Employees (employee_number, name, location, ssn, home_address,phone_number,designation) values ( 398,'zybmd','vghphsdrvovjrkb',928936177,'crvba',70145632,'Administration');
insert into Hospital.Visitation(patient_registration_no,date_of_visit,diagnosis) values (398,'2013-04-24','ahzcj');
insert into Hospital.Consulted(employee_number,certification_no,patient_registration_no,date_of_visit) values(92,92112233,398,'2013-04-24');
insert into Hospital.Treated_by(patient_registration_no,date_of_visit,employee_number,treatment) values(398,2013-04-24,157);
insert into Hospital.Prescribed(product_id,patient_registration_no,date_of_visit) values (160,398,'2013-04-24');
insert into Hospital.Visitation(patient_registration_no,date_of_visit,diagnosis) values (398,'2013-06-22','gbegl');
insert into Hospital.Consulted(employee_number,certification_no,patient_registration_no,date_of_visit) values(111,111112233,398,'2013-06-22');
insert into Hospital.Treated_by(patient_registration_no,date_of_visit,employee_number,treatment) values(398,2013-06-22,260);
insert into Hospital.Prescribed(product_id,patient_registration_no,date_of_visit) values (235,398,'2013-06-22');
insert into Hospital.Visitation(patient_registration_no,date_of_visit,diagnosis) values (398,'2013-01-12','jjpcb');
insert into Hospital.Consulted(employee_number,certification_no,patient_registration_no,date_of_visit) values(381,381112233,398,'2013-01-12');
insert into Hospital.Treated_by(patient_registration_no,date_of_visit,employee_number,treatment) values(398,2013-01-12,233);
insert into Hospital.Prescribed(product_id,patient_registration_no,date_of_visit) values (190,398,'2013-01-12');
insert into Hospital.Visitation(patient_registration_no,date_of_visit,diagnosis) values (398,'2013-01-11','koljm');
insert into Hospital.Consulted(employee_number,certification_no,patient_registration_no,date_of_visit) values(302,302112233,398,'2013-01-11');
insert into Hospital.Treated_by(patient_registration_no,date_of_visit,employee_number,treatment) values(398,2013-01-11,247);
insert into Hospital.Prescribed(product_id,patient_registration_no,date_of_visit) values (359,398,'2013-01-11');
insert into Hospital.Visitation(patient_registration_no,date_of_visit,diagnosis) values (398,'2013-03-24','acymz');
insert into Hospital.Consulted(employee_number,certification_no,patient_registration_no,date_of_visit) values(44,44112233,398,'2013-03-24');
insert into Hospital.Treated_by(patient_registration_no,date_of_visit,employee_number,treatment) values(398,2013-03-24,196);
insert into Hospital.Prescribed(product_id,patient_registration_no,date_of_visit) values (367,398,'2013-03-24');
insert into Hospital.Patient (patient_registration_no, name, ssn, address,contact_no,emergency_contact_no) values ( 398,'qlsqo',847304407,'ylwva',92187845,41412490);
insert into Hospital.Belongs_to(employee_number,department_id) values (398,2);
insert into Hospital.Pharmaceutical_product(product_id,cost,manufacturer) values(399,613.6935424839032,'wonis');
insert into Hospital.Employees (employee_number, name, location, ssn, home_address,phone_number,designation) values ( 399,'rpder','rmxpvkyjyzogsqk',941941090,'kdznl',76517525,'Radiology');
insert into Hospital.Visitation(patient_registration_no,date_of_visit,diagnosis) values (399,'2013-05-22','hyidn');
insert into Hospital.Consulted(employee_number,certification_no,patient_registration_no,date_of_visit) values(150,150112233,399,'2013-05-22');
insert into Hospital.Treated_by(patient_registration_no,date_of_visit,employee_number,treatment) values(399,2013-05-22,73);
insert into Hospital.Prescribed(product_id,patient_registration_no,date_of_visit) values (104,399,'2013-05-22');
insert into Hospital.Visitation(patient_registration_no,date_of_visit,diagnosis) values (399,'2013-07-18','vjfak');
insert into Hospital.Consulted(employee_number,certification_no,patient_registration_no,date_of_visit) values(133,133112233,399,'2013-07-18');
insert into Hospital.Treated_by(patient_registration_no,date_of_visit,employee_number,treatment) values(399,2013-07-18,71);
insert into Hospital.Prescribed(product_id,patient_registration_no,date_of_visit) values (132,399,'2013-07-18');
insert into Hospital.Visitation(patient_registration_no,date_of_visit,diagnosis) values (399,'2013-05-30','epjdu');
insert into Hospital.Consulted(employee_number,certification_no,patient_registration_no,date_of_visit) values(44,44112233,399,'2013-05-30');
insert into Hospital.Treated_by(patient_registration_no,date_of_visit,employee_number,treatment) values(399,2013-05-30,396);
insert into Hospital.Prescribed(product_id,patient_registration_no,date_of_visit) values (312,399,'2013-05-30');
insert into Hospital.Visitation(patient_registration_no,date_of_visit,diagnosis) values (399,'2013-08-16','wgikp');
insert into Hospital.Consulted(employee_number,certification_no,patient_registration_no,date_of_visit) values(280,280112233,399,'2013-08-16');
insert into Hospital.Treated_by(patient_registration_no,date_of_visit,employee_number,treatment) values(399,2013-08-16,173);
insert into Hospital.Prescribed(product_id,patient_registration_no,date_of_visit) values (363,399,'2013-08-16');
insert into Hospital.Visitation(patient_registration_no,date_of_visit,diagnosis) values (399,'2013-03-20','mhozf');
insert into Hospital.Consulted(employee_number,certification_no,patient_registration_no,date_of_visit) values(128,128112233,399,'2013-03-20');
insert into Hospital.Treated_by(patient_registration_no,date_of_visit,employee_number,treatment) values(399,2013-03-20,157);
insert into Hospital.Prescribed(product_id,patient_registration_no,date_of_visit) values (160,399,'2013-03-20');
insert into Hospital.Patient (patient_registration_no, name, ssn, address,contact_no,emergency_contact_no) values ( 399,'czlyd',228189396,'dzblt',26395010,26740806);
insert into Hospital.Takes (employee_number,shift_name ) values ( 399,'night');
insert into Hospital.Belongs_to(employee_number,department_id) values (399,3);
insert into Hospital.Pharmaceutical_product(product_id,cost,manufacturer) values(400,477.193204175289,'ygyom');
insert into Hospital.Medicine(product_id,medicine_name,dosage) values (400,'xxhfy','lscpa');
insert into Hospital.Employees (employee_number, name, location, ssn, home_address,phone_number,designation) values ( 400,'ubdxa','kcfojrtxwuzvecf',873030787,'roywt',93917967,'Radiology');
insert into Hospital.Visitation(patient_registration_no,date_of_visit,diagnosis) values (400,'2013-04-17','hqaeq');
insert into Hospital.Consulted(employee_number,certification_no,patient_registration_no,date_of_visit) values(246,246112233,400,'2013-04-17');
insert into Hospital.Treated_by(patient_registration_no,date_of_visit,employee_number,treatment) values(400,2013-04-17,47);
insert into Hospital.Prescribed(product_id,patient_registration_no,date_of_visit) values (333,400,'2013-04-17');
insert into Hospital.Visitation(patient_registration_no,date_of_visit,diagnosis) values (400,'2013-04-23','zsric');
insert into Hospital.Consulted(employee_number,certification_no,patient_registration_no,date_of_visit) values(299,299112233,400,'2013-04-23');
insert into Hospital.Treated_by(patient_registration_no,date_of_visit,employee_number,treatment) values(400,2013-04-23,212);
insert into Hospital.Prescribed(product_id,patient_registration_no,date_of_visit) values (263,400,'2013-04-23');
insert into Hospital.Visitation(patient_registration_no,date_of_visit,diagnosis) values (400,'2013-10-08','pladv');
insert into Hospital.Consulted(employee_number,certification_no,patient_registration_no,date_of_visit) values(299,299112233,400,'2013-10-08');
insert into Hospital.Treated_by(patient_registration_no,date_of_visit,employee_number,treatment) values(400,2013-10-08,103);
insert into Hospital.Prescribed(product_id,patient_registration_no,date_of_visit) values (118,400,'2013-10-08');
insert into Hospital.Visitation(patient_registration_no,date_of_visit,diagnosis) values (400,'2013-09-26','mjtrn');
insert into Hospital.Consulted(employee_number,certification_no,patient_registration_no,date_of_visit) values(8,8112233,400,'2013-09-26');
insert into Hospital.Treated_by(patient_registration_no,date_of_visit,employee_number,treatment) values(400,2013-09-26,0);
insert into Hospital.Prescribed(product_id,patient_registration_no,date_of_visit) values (118,400,'2013-09-26');
insert into Hospital.Visitation(patient_registration_no,date_of_visit,diagnosis) values (400,'2013-06-01','opmcx');
insert into Hospital.Consulted(employee_number,certification_no,patient_registration_no,date_of_visit) values(120,120112233,400,'2013-06-01');
insert into Hospital.Treated_by(patient_registration_no,date_of_visit,employee_number,treatment) values(400,2013-06-01,360);
insert into Hospital.Prescribed(product_id,patient_registration_no,date_of_visit) values (377,400,'2013-06-01');
insert into Hospital.Patient (patient_registration_no, name, ssn, address,contact_no,emergency_contact_no) values ( 400,'suhpl',762424543,'rhqsy',36387228,44608987);
insert into Hospital.Takes (employee_number,shift_name ) values ( 400,'night');
insert into Hospital.Belongs_to(employee_number,department_id) values (400,3);
insert into Hospital.Pharmaceutical_product(product_id,cost,manufacturer) values(401,991.315115995524,'ywroc');
insert into Hospital.Batch(batch_id,manufacture_date,expiry_date) values (401,'2013-06-22','2013-10-17');
insert into Hospital.Production(product_id,batch_id) values (401,401);
insert into Hospital.Batch(batch_id,manufacture_date,expiry_date) values (402,'2013-06-22','2013-10-17');
insert into Hospital.Production(product_id,batch_id) values (401,402);
insert into Hospital.Batch(batch_id,manufacture_date,expiry_date) values (403,'2013-06-22','2013-10-17');
insert into Hospital.Production(product_id,batch_id) values (401,403);
insert into Hospital.Batch(batch_id,manufacture_date,expiry_date) values (404,'2013-06-22','2013-10-17');
insert into Hospital.Production(product_id,batch_id) values (401,404);
insert into Hospital.Batch(batch_id,manufacture_date,expiry_date) values (405,'2013-06-22','2013-10-17');
insert into Hospital.Production(product_id,batch_id) values (401,405);
insert into Hospital.Employees (employee_number, name, location, ssn, home_address,phone_number,designation) values ( 401,'dhghg','etixkeylvamkpwo',368027531,'dvcgi',47910478,'Doctor');
insert into Hospital.Visitation(patient_registration_no,date_of_visit,diagnosis) values (401,'2013-01-30','unuac');
insert into Hospital.Consulted(employee_number,certification_no,patient_registration_no,date_of_visit) values(268,268112233,401,'2013-01-30');
insert into Hospital.Treated_by(patient_registration_no,date_of_visit,employee_number,treatment) values(401,2013-01-30,285);
insert into Hospital.Prescribed(product_id,patient_registration_no,date_of_visit) values (146,401,'2013-01-30');
insert into Hospital.Visitation(patient_registration_no,date_of_visit,diagnosis) values (401,'2013-03-25','kwvdf');
insert into Hospital.Consulted(employee_number,certification_no,patient_registration_no,date_of_visit) values(216,216112233,401,'2013-03-25');
insert into Hospital.Treated_by(patient_registration_no,date_of_visit,employee_number,treatment) values(401,2013-03-25,371);
insert into Hospital.Prescribed(product_id,patient_registration_no,date_of_visit) values (9,401,'2013-03-25');
insert into Hospital.Visitation(patient_registration_no,date_of_visit,diagnosis) values (401,'2013-07-31','uzlmg');
insert into Hospital.Consulted(employee_number,certification_no,patient_registration_no,date_of_visit) values(128,128112233,401,'2013-07-31');
insert into Hospital.Treated_by(patient_registration_no,date_of_visit,employee_number,treatment) values(401,2013-07-31,52);
insert into Hospital.Prescribed(product_id,patient_registration_no,date_of_visit) values (265,401,'2013-07-31');
insert into Hospital.Visitation(patient_registration_no,date_of_visit,diagnosis) values (401,'2013-09-28','rpsnj');
insert into Hospital.Consulted(employee_number,certification_no,patient_registration_no,date_of_visit) values(58,58112233,401,'2013-09-28');
insert into Hospital.Treated_by(patient_registration_no,date_of_visit,employee_number,treatment) values(401,2013-09-28,30);
insert into Hospital.Prescribed(product_id,patient_registration_no,date_of_visit) values (113,401,'2013-09-28');
insert into Hospital.Visitation(patient_registration_no,date_of_visit,diagnosis) values (401,'2013-10-27','zfloj');
insert into Hospital.Consulted(employee_number,certification_no,patient_registration_no,date_of_visit) values(6,6112233,401,'2013-10-27');
insert into Hospital.Treated_by(patient_registration_no,date_of_visit,employee_number,treatment) values(401,2013-10-27,301);
insert into Hospital.Prescribed(product_id,patient_registration_no,date_of_visit) values (272,401,'2013-10-27');
insert into Hospital.Patient (patient_registration_no, name, ssn, address,contact_no,emergency_contact_no) values ( 401,'jrukc',866770674,'hefqm',74461242,38852301);
insert into Hospital.Physician (employee_number, certification_no,specialization) values ( 401,401112233,'Pediatrics');
insert into Hospital.Belongs_to(employee_number,department_id) values (401,1);
insert into Hospital.Pharmaceutical_product(product_id,cost,manufacturer) values(402,38.117062732415235,'iznfp');
insert into Hospital.Batch(batch_id,manufacture_date,expiry_date) values (402,'2013-02-12','2013-10-06');
insert into Hospital.Production(product_id,batch_id) values (402,402);
insert into Hospital.Batch(batch_id,manufacture_date,expiry_date) values (403,'2013-02-12','2013-10-06');
insert into Hospital.Production(product_id,batch_id) values (402,403);
insert into Hospital.Batch(batch_id,manufacture_date,expiry_date) values (404,'2013-02-12','2013-10-06');
insert into Hospital.Production(product_id,batch_id) values (402,404);
insert into Hospital.Batch(batch_id,manufacture_date,expiry_date) values (405,'2013-02-12','2013-10-06');
insert into Hospital.Production(product_id,batch_id) values (402,405);
insert into Hospital.Batch(batch_id,manufacture_date,expiry_date) values (406,'2013-02-12','2013-10-06');
insert into Hospital.Production(product_id,batch_id) values (402,406);
insert into Hospital.Employees (employee_number, name, location, ssn, home_address,phone_number,designation) values ( 402,'hulhy','bqvfbyzybyvbmwx',733297545,'voptq',43250498,'Nurse');
insert into Hospital.Visitation(patient_registration_no,date_of_visit,diagnosis) values (402,'2013-01-17','njgci');
insert into Hospital.Consulted(employee_number,certification_no,patient_registration_no,date_of_visit) values(46,46112233,402,'2013-01-17');
insert into Hospital.Treated_by(patient_registration_no,date_of_visit,employee_number,treatment) values(402,2013-01-17,134);
insert into Hospital.Prescribed(product_id,patient_registration_no,date_of_visit) values (224,402,'2013-01-17');
insert into Hospital.Visitation(patient_registration_no,date_of_visit,diagnosis) values (402,'2013-04-04','qozwt');
insert into Hospital.Consulted(employee_number,certification_no,patient_registration_no,date_of_visit) values(389,389112233,402,'2013-04-04');
insert into Hospital.Treated_by(patient_registration_no,date_of_visit,employee_number,treatment) values(402,2013-04-04,294);
insert into Hospital.Prescribed(product_id,patient_registration_no,date_of_visit) values (232,402,'2013-04-04');
insert into Hospital.Visitation(patient_registration_no,date_of_visit,diagnosis) values (402,'2013-03-13','hzhma');
insert into Hospital.Consulted(employee_number,certification_no,patient_registration_no,date_of_visit) values(150,150112233,402,'2013-03-13');
insert into Hospital.Treated_by(patient_registration_no,date_of_visit,employee_number,treatment) values(402,2013-03-13,125);
insert into Hospital.Prescribed(product_id,patient_registration_no,date_of_visit) values (226,402,'2013-03-13');
insert into Hospital.Visitation(patient_registration_no,date_of_visit,diagnosis) values (402,'2013-06-04','xrocc');
insert into Hospital.Consulted(employee_number,certification_no,patient_registration_no,date_of_visit) values(130,130112233,402,'2013-06-04');
insert into Hospital.Treated_by(patient_registration_no,date_of_visit,employee_number,treatment) values(402,2013-06-04,396);
insert into Hospital.Prescribed(product_id,patient_registration_no,date_of_visit) values (267,402,'2013-06-04');
insert into Hospital.Visitation(patient_registration_no,date_of_visit,diagnosis) values (402,'2013-02-21','iyoba');
insert into Hospital.Consulted(employee_number,certification_no,patient_registration_no,date_of_visit) values(9,9112233,402,'2013-02-21');
insert into Hospital.Treated_by(patient_registration_no,date_of_visit,employee_number,treatment) values(402,2013-02-21,64);
insert into Hospital.Prescribed(product_id,patient_registration_no,date_of_visit) values (314,402,'2013-02-21');
insert into Hospital.Patient (patient_registration_no, name, ssn, address,contact_no,emergency_contact_no) values ( 402,'ogkqm',269098810,'ybbex',44204100,25380232);
insert into Hospital.Takes (employee_number,shift_name ) values ( 402,'night');
insert into Hospital.Belongs_to(employee_number,department_id) values (402,3);
insert into Hospital.Pharmaceutical_product(product_id,cost,manufacturer) values(403,481.30410385158933,'ummoa');
insert into Hospital.Medicine(product_id,medicine_name,dosage) values (403,'qwane','eyesa');
insert into Hospital.Employees (employee_number, name, location, ssn, home_address,phone_number,designation) values ( 403,'obxmq','hikacsymplbhzqt',999884181,'djfxw',14596001,'Doctor');
insert into Hospital.Visitation(patient_registration_no,date_of_visit,diagnosis) values (403,'2013-03-25','bjmos');
insert into Hospital.Consulted(employee_number,certification_no,patient_registration_no,date_of_visit) values(401,401112233,403,'2013-03-25');
insert into Hospital.Treated_by(patient_registration_no,date_of_visit,employee_number,treatment) values(403,2013-03-25,277);
insert into Hospital.Prescribed(product_id,patient_registration_no,date_of_visit) values (211,403,'2013-03-25');
insert into Hospital.Visitation(patient_registration_no,date_of_visit,diagnosis) values (403,'2013-02-12','mqevr');
insert into Hospital.Consulted(employee_number,certification_no,patient_registration_no,date_of_visit) values(245,245112233,403,'2013-02-12');
insert into Hospital.Treated_by(patient_registration_no,date_of_visit,employee_number,treatment) values(403,2013-02-12,88);
insert into Hospital.Prescribed(product_id,patient_registration_no,date_of_visit) values (125,403,'2013-02-12');
insert into Hospital.Visitation(patient_registration_no,date_of_visit,diagnosis) values (403,'2013-02-06','ldtij');
insert into Hospital.Consulted(employee_number,certification_no,patient_registration_no,date_of_visit) values(12,12112233,403,'2013-02-06');
insert into Hospital.Treated_by(patient_registration_no,date_of_visit,employee_number,treatment) values(403,2013-02-06,76);
insert into Hospital.Prescribed(product_id,patient_registration_no,date_of_visit) values (115,403,'2013-02-06');
insert into Hospital.Visitation(patient_registration_no,date_of_visit,diagnosis) values (403,'2013-08-03','iplpn');
insert into Hospital.Consulted(employee_number,certification_no,patient_registration_no,date_of_visit) values(8,8112233,403,'2013-08-03');
insert into Hospital.Treated_by(patient_registration_no,date_of_visit,employee_number,treatment) values(403,2013-08-03,360);
insert into Hospital.Prescribed(product_id,patient_registration_no,date_of_visit) values (78,403,'2013-08-03');
insert into Hospital.Visitation(patient_registration_no,date_of_visit,diagnosis) values (403,'2013-06-02','aiulb');
insert into Hospital.Consulted(employee_number,certification_no,patient_registration_no,date_of_visit) values(193,193112233,403,'2013-06-02');
insert into Hospital.Treated_by(patient_registration_no,date_of_visit,employee_number,treatment) values(403,2013-06-02,354);
insert into Hospital.Prescribed(product_id,patient_registration_no,date_of_visit) values (134,403,'2013-06-02');
insert into Hospital.Patient (patient_registration_no, name, ssn, address,contact_no,emergency_contact_no) values ( 403,'qrfvp',950623749,'rouag',59217982,93265848);
insert into Hospital.Physician (employee_number, certification_no,specialization) values ( 403,403112233,'Anesthesiology');
insert into Hospital.Belongs_to(employee_number,department_id) values (403,1);
insert into Hospital.Pharmaceutical_product(product_id,cost,manufacturer) values(404,492.2828343709088,'auklf');
insert into Hospital.Employees (employee_number, name, location, ssn, home_address,phone_number,designation) values ( 404,'ivzbd','smibslmawntuccp',762738663,'xubka',90093393,'Nurse');
insert into Hospital.Visitation(patient_registration_no,date_of_visit,diagnosis) values (404,'2013-03-20','oiaah');
insert into Hospital.Consulted(employee_number,certification_no,patient_registration_no,date_of_visit) values(346,346112233,404,'2013-03-20');
insert into Hospital.Treated_by(patient_registration_no,date_of_visit,employee_number,treatment) values(404,2013-03-20,380);
insert into Hospital.Prescribed(product_id,patient_registration_no,date_of_visit) values (319,404,'2013-03-20');
insert into Hospital.Visitation(patient_registration_no,date_of_visit,diagnosis) values (404,'2013-01-14','dwkdk');
insert into Hospital.Consulted(employee_number,certification_no,patient_registration_no,date_of_visit) values(357,357112233,404,'2013-01-14');
insert into Hospital.Treated_by(patient_registration_no,date_of_visit,employee_number,treatment) values(404,2013-01-14,186);
insert into Hospital.Prescribed(product_id,patient_registration_no,date_of_visit) values (334,404,'2013-01-14');
insert into Hospital.Visitation(patient_registration_no,date_of_visit,diagnosis) values (404,'2013-09-17','eqbwk');
insert into Hospital.Consulted(employee_number,certification_no,patient_registration_no,date_of_visit) values(43,43112233,404,'2013-09-17');
insert into Hospital.Treated_by(patient_registration_no,date_of_visit,employee_number,treatment) values(404,2013-09-17,112);
insert into Hospital.Prescribed(product_id,patient_registration_no,date_of_visit) values (257,404,'2013-09-17');
insert into Hospital.Visitation(patient_registration_no,date_of_visit,diagnosis) values (404,'2013-06-26','dbwbh');
insert into Hospital.Consulted(employee_number,certification_no,patient_registration_no,date_of_visit) values(159,159112233,404,'2013-06-26');
insert into Hospital.Treated_by(patient_registration_no,date_of_visit,employee_number,treatment) values(404,2013-06-26,340);
insert into Hospital.Prescribed(product_id,patient_registration_no,date_of_visit) values (403,404,'2013-06-26');
insert into Hospital.Visitation(patient_registration_no,date_of_visit,diagnosis) values (404,'2013-08-23','woczp');
insert into Hospital.Consulted(employee_number,certification_no,patient_registration_no,date_of_visit) values(46,46112233,404,'2013-08-23');
insert into Hospital.Treated_by(patient_registration_no,date_of_visit,employee_number,treatment) values(404,2013-08-23,172);
insert into Hospital.Prescribed(product_id,patient_registration_no,date_of_visit) values (55,404,'2013-08-23');
insert into Hospital.Patient (patient_registration_no, name, ssn, address,contact_no,emergency_contact_no) values ( 404,'suyve',584193666,'iewce',44931697,24914892);
insert into Hospital.Takes (employee_number,shift_name ) values ( 404,'morning');
insert into Hospital.Belongs_to(employee_number,department_id) values (404,3);
insert into Hospital.Pharmaceutical_product(product_id,cost,manufacturer) values(405,533.5622017773482,'ornsa');
insert into Hospital.Employees (employee_number, name, location, ssn, home_address,phone_number,designation) values ( 405,'obpwg','cwlcuehiyodkvqq',430117248,'iwwtp',81988826,'Nurse');
insert into Hospital.Visitation(patient_registration_no,date_of_visit,diagnosis) values (405,'2013-05-27','ichsz');
insert into Hospital.Consulted(employee_number,certification_no,patient_registration_no,date_of_visit) values(246,246112233,405,'2013-05-27');
insert into Hospital.Treated_by(patient_registration_no,date_of_visit,employee_number,treatment) values(405,2013-05-27,173);
insert into Hospital.Prescribed(product_id,patient_registration_no,date_of_visit) values (125,405,'2013-05-27');
insert into Hospital.Visitation(patient_registration_no,date_of_visit,diagnosis) values (405,'2013-01-22','acryj');
insert into Hospital.Consulted(employee_number,certification_no,patient_registration_no,date_of_visit) values(357,357112233,405,'2013-01-22');
insert into Hospital.Treated_by(patient_registration_no,date_of_visit,employee_number,treatment) values(405,2013-01-22,390);
insert into Hospital.Prescribed(product_id,patient_registration_no,date_of_visit) values (98,405,'2013-01-22');
insert into Hospital.Visitation(patient_registration_no,date_of_visit,diagnosis) values (405,'2013-05-12','rvqse');
insert into Hospital.Consulted(employee_number,certification_no,patient_registration_no,date_of_visit) values(374,374112233,405,'2013-05-12');
insert into Hospital.Treated_by(patient_registration_no,date_of_visit,employee_number,treatment) values(405,2013-05-12,81);
insert into Hospital.Prescribed(product_id,patient_registration_no,date_of_visit) values (374,405,'2013-05-12');
insert into Hospital.Visitation(patient_registration_no,date_of_visit,diagnosis) values (405,'2013-05-19','hdxne');
insert into Hospital.Consulted(employee_number,certification_no,patient_registration_no,date_of_visit) values(381,381112233,405,'2013-05-19');
insert into Hospital.Treated_by(patient_registration_no,date_of_visit,employee_number,treatment) values(405,2013-05-19,356);
insert into Hospital.Prescribed(product_id,patient_registration_no,date_of_visit) values (340,405,'2013-05-19');
insert into Hospital.Visitation(patient_registration_no,date_of_visit,diagnosis) values (405,'2013-10-13','ohmgz');
insert into Hospital.Consulted(employee_number,certification_no,patient_registration_no,date_of_visit) values(107,107112233,405,'2013-10-13');
insert into Hospital.Treated_by(patient_registration_no,date_of_visit,employee_number,treatment) values(405,2013-10-13,134);
insert into Hospital.Prescribed(product_id,patient_registration_no,date_of_visit) values (91,405,'2013-10-13');
insert into Hospital.Patient (patient_registration_no, name, ssn, address,contact_no,emergency_contact_no) values ( 405,'acvsa',391343087,'tlacf',13681729,82284918);
insert into Hospital.Takes (employee_number,shift_name ) values ( 405,'night');
insert into Hospital.Belongs_to(employee_number,department_id) values (405,3);
insert into Hospital.Pharmaceutical_product(product_id,cost,manufacturer) values(406,700.5489282571333,'gugqf');
insert into Hospital.Employees (employee_number, name, location, ssn, home_address,phone_number,designation) values ( 406,'xmnof','xtdtwdxzphxcuvu',286155737,'xcbjv',31714696,'Nurse');
insert into Hospital.Visitation(patient_registration_no,date_of_visit,diagnosis) values (406,'2013-07-30','jyags');
insert into Hospital.Consulted(employee_number,certification_no,patient_registration_no,date_of_visit) values(395,395112233,406,'2013-07-30');
insert into Hospital.Treated_by(patient_registration_no,date_of_visit,employee_number,treatment) values(406,2013-07-30,379);
insert into Hospital.Prescribed(product_id,patient_registration_no,date_of_visit) values (181,406,'2013-07-30');
insert into Hospital.Visitation(patient_registration_no,date_of_visit,diagnosis) values (406,'2013-08-10','bbyqf');
insert into Hospital.Consulted(employee_number,certification_no,patient_registration_no,date_of_visit) values(287,287112233,406,'2013-08-10');
insert into Hospital.Treated_by(patient_registration_no,date_of_visit,employee_number,treatment) values(406,2013-08-10,50);
insert into Hospital.Prescribed(product_id,patient_registration_no,date_of_visit) values (118,406,'2013-08-10');
insert into Hospital.Visitation(patient_registration_no,date_of_visit,diagnosis) values (406,'2013-03-16','udttw');
insert into Hospital.Consulted(employee_number,certification_no,patient_registration_no,date_of_visit) values(355,355112233,406,'2013-03-16');
insert into Hospital.Treated_by(patient_registration_no,date_of_visit,employee_number,treatment) values(406,2013-03-16,399);
insert into Hospital.Prescribed(product_id,patient_registration_no,date_of_visit) values (105,406,'2013-03-16');
insert into Hospital.Visitation(patient_registration_no,date_of_visit,diagnosis) values (406,'2013-01-09','lkezq');
insert into Hospital.Consulted(employee_number,certification_no,patient_registration_no,date_of_visit) values(113,113112233,406,'2013-01-09');
insert into Hospital.Treated_by(patient_registration_no,date_of_visit,employee_number,treatment) values(406,2013-01-09,52);
insert into Hospital.Prescribed(product_id,patient_registration_no,date_of_visit) values (45,406,'2013-01-09');
insert into Hospital.Visitation(patient_registration_no,date_of_visit,diagnosis) values (406,'2013-06-02','qyohc');
insert into Hospital.Consulted(employee_number,certification_no,patient_registration_no,date_of_visit) values(319,319112233,406,'2013-06-02');
insert into Hospital.Treated_by(patient_registration_no,date_of_visit,employee_number,treatment) values(406,2013-06-02,314);
insert into Hospital.Prescribed(product_id,patient_registration_no,date_of_visit) values (169,406,'2013-06-02');
insert into Hospital.Patient (patient_registration_no, name, ssn, address,contact_no,emergency_contact_no) values ( 406,'czuht',400223005,'bnyfy',18748522,97411633);
insert into Hospital.Takes (employee_number,shift_name ) values ( 406,'night');
insert into Hospital.Belongs_to(employee_number,department_id) values (406,3);
insert into Hospital.Pharmaceutical_product(product_id,cost,manufacturer) values(407,891.522090775324,'rwfev');
insert into Hospital.Employees (employee_number, name, location, ssn, home_address,phone_number,designation) values ( 407,'qrwby','akgnfuiblcldkix',161784559,'ktloa',31463694,'Administration');
insert into Hospital.Visitation(patient_registration_no,date_of_visit,diagnosis) values (407,'2013-04-25','lmorn');
insert into Hospital.Consulted(employee_number,certification_no,patient_registration_no,date_of_visit) values(6,6112233,407,'2013-04-25');
insert into Hospital.Treated_by(patient_registration_no,date_of_visit,employee_number,treatment) values(407,2013-04-25,203);
insert into Hospital.Prescribed(product_id,patient_registration_no,date_of_visit) values (386,407,'2013-04-25');
insert into Hospital.Visitation(patient_registration_no,date_of_visit,diagnosis) values (407,'2013-07-24','kzyld');
insert into Hospital.Consulted(employee_number,certification_no,patient_registration_no,date_of_visit) values(275,275112233,407,'2013-07-24');
insert into Hospital.Treated_by(patient_registration_no,date_of_visit,employee_number,treatment) values(407,2013-07-24,71);
insert into Hospital.Prescribed(product_id,patient_registration_no,date_of_visit) values (6,407,'2013-07-24');
insert into Hospital.Visitation(patient_registration_no,date_of_visit,diagnosis) values (407,'2013-02-02','eomsa');
insert into Hospital.Consulted(employee_number,certification_no,patient_registration_no,date_of_visit) values(168,168112233,407,'2013-02-02');
insert into Hospital.Treated_by(patient_registration_no,date_of_visit,employee_number,treatment) values(407,2013-02-02,390);
insert into Hospital.Prescribed(product_id,patient_registration_no,date_of_visit) values (193,407,'2013-02-02');
insert into Hospital.Visitation(patient_registration_no,date_of_visit,diagnosis) values (407,'2013-05-12','mbnzn');
insert into Hospital.Consulted(employee_number,certification_no,patient_registration_no,date_of_visit) values(321,321112233,407,'2013-05-12');
insert into Hospital.Treated_by(patient_registration_no,date_of_visit,employee_number,treatment) values(407,2013-05-12,26);
insert into Hospital.Prescribed(product_id,patient_registration_no,date_of_visit) values (214,407,'2013-05-12');
insert into Hospital.Visitation(patient_registration_no,date_of_visit,diagnosis) values (407,'2013-02-26','vjvyx');
insert into Hospital.Consulted(employee_number,certification_no,patient_registration_no,date_of_visit) values(348,348112233,407,'2013-02-26');
insert into Hospital.Treated_by(patient_registration_no,date_of_visit,employee_number,treatment) values(407,2013-02-26,126);
insert into Hospital.Prescribed(product_id,patient_registration_no,date_of_visit) values (294,407,'2013-02-26');
insert into Hospital.Patient (patient_registration_no, name, ssn, address,contact_no,emergency_contact_no) values ( 407,'zdcmz',301696269,'htvso',46161537,99615598);
insert into Hospital.Belongs_to(employee_number,department_id) values (407,2);
insert into Hospital.Pharmaceutical_product(product_id,cost,manufacturer) values(408,87.57561367108484,'pqncf');
insert into Hospital.Batch(batch_id,manufacture_date,expiry_date) values (408,'2013-01-13','2013-10-14');
insert into Hospital.Production(product_id,batch_id) values (408,408);
insert into Hospital.Batch(batch_id,manufacture_date,expiry_date) values (409,'2013-01-13','2013-10-14');
insert into Hospital.Production(product_id,batch_id) values (408,409);
insert into Hospital.Batch(batch_id,manufacture_date,expiry_date) values (410,'2013-01-13','2013-10-14');
insert into Hospital.Production(product_id,batch_id) values (408,410);
insert into Hospital.Batch(batch_id,manufacture_date,expiry_date) values (411,'2013-01-13','2013-10-14');
insert into Hospital.Production(product_id,batch_id) values (408,411);
insert into Hospital.Batch(batch_id,manufacture_date,expiry_date) values (412,'2013-01-13','2013-10-14');
insert into Hospital.Production(product_id,batch_id) values (408,412);
insert into Hospital.Medicine(product_id,medicine_name,dosage) values (408,'iqays','wdgbj');
insert into Hospital.Employees (employee_number, name, location, ssn, home_address,phone_number,designation) values ( 408,'fyvef','ydkjbuzcqozkykz',489225399,'knlvu',72139020,'Administration');
insert into Hospital.Visitation(patient_registration_no,date_of_visit,diagnosis) values (408,'2013-07-14','qzicg');
insert into Hospital.Consulted(employee_number,certification_no,patient_registration_no,date_of_visit) values(341,341112233,408,'2013-07-14');
insert into Hospital.Treated_by(patient_registration_no,date_of_visit,employee_number,treatment) values(408,2013-07-14,314);
insert into Hospital.Prescribed(product_id,patient_registration_no,date_of_visit) values (152,408,'2013-07-14');
insert into Hospital.Visitation(patient_registration_no,date_of_visit,diagnosis) values (408,'2013-02-01','nycct');
insert into Hospital.Consulted(employee_number,certification_no,patient_registration_no,date_of_visit) values(245,245112233,408,'2013-02-01');
insert into Hospital.Treated_by(patient_registration_no,date_of_visit,employee_number,treatment) values(408,2013-02-01,178);
insert into Hospital.Prescribed(product_id,patient_registration_no,date_of_visit) values (270,408,'2013-02-01');
insert into Hospital.Visitation(patient_registration_no,date_of_visit,diagnosis) values (408,'2013-02-14','tsxuc');
insert into Hospital.Consulted(employee_number,certification_no,patient_registration_no,date_of_visit) values(55,55112233,408,'2013-02-14');
insert into Hospital.Treated_by(patient_registration_no,date_of_visit,employee_number,treatment) values(408,2013-02-14,153);
insert into Hospital.Prescribed(product_id,patient_registration_no,date_of_visit) values (354,408,'2013-02-14');
insert into Hospital.Visitation(patient_registration_no,date_of_visit,diagnosis) values (408,'2013-05-24','mrush');
insert into Hospital.Consulted(employee_number,certification_no,patient_registration_no,date_of_visit) values(37,37112233,408,'2013-05-24');
insert into Hospital.Treated_by(patient_registration_no,date_of_visit,employee_number,treatment) values(408,2013-05-24,331);
insert into Hospital.Prescribed(product_id,patient_registration_no,date_of_visit) values (21,408,'2013-05-24');
insert into Hospital.Visitation(patient_registration_no,date_of_visit,diagnosis) values (408,'2013-07-26','bvsru');
insert into Hospital.Consulted(employee_number,certification_no,patient_registration_no,date_of_visit) values(137,137112233,408,'2013-07-26');
insert into Hospital.Treated_by(patient_registration_no,date_of_visit,employee_number,treatment) values(408,2013-07-26,52);
insert into Hospital.Prescribed(product_id,patient_registration_no,date_of_visit) values (85,408,'2013-07-26');
insert into Hospital.Patient (patient_registration_no, name, ssn, address,contact_no,emergency_contact_no) values ( 408,'gruhk',483564955,'vynfp',28712835,23491618);
insert into Hospital.Belongs_to(employee_number,department_id) values (408,2);
insert into Hospital.Pharmaceutical_product(product_id,cost,manufacturer) values(409,831.2680715746545,'zgyzb');
insert into Hospital.Batch(batch_id,manufacture_date,expiry_date) values (409,'2013-06-05','2013-06-22');
insert into Hospital.Production(product_id,batch_id) values (409,409);
insert into Hospital.Batch(batch_id,manufacture_date,expiry_date) values (410,'2013-06-05','2013-06-22');
insert into Hospital.Production(product_id,batch_id) values (409,410);
insert into Hospital.Batch(batch_id,manufacture_date,expiry_date) values (411,'2013-06-05','2013-06-22');
insert into Hospital.Production(product_id,batch_id) values (409,411);
insert into Hospital.Batch(batch_id,manufacture_date,expiry_date) values (412,'2013-06-05','2013-06-22');
insert into Hospital.Production(product_id,batch_id) values (409,412);
insert into Hospital.Batch(batch_id,manufacture_date,expiry_date) values (413,'2013-06-05','2013-06-22');
insert into Hospital.Production(product_id,batch_id) values (409,413);
insert into Hospital.Employees (employee_number, name, location, ssn, home_address,phone_number,designation) values ( 409,'ranfk','jxyoybgtbowwfhv',124269889,'zwpax',73460699,'Radiology');
insert into Hospital.Visitation(patient_registration_no,date_of_visit,diagnosis) values (409,'2013-05-09','kjafq');
insert into Hospital.Consulted(employee_number,certification_no,patient_registration_no,date_of_visit) values(2,2112233,409,'2013-05-09');
insert into Hospital.Treated_by(patient_registration_no,date_of_visit,employee_number,treatment) values(409,2013-05-09,189);
insert into Hospital.Prescribed(product_id,patient_registration_no,date_of_visit) values (341,409,'2013-05-09');
insert into Hospital.Visitation(patient_registration_no,date_of_visit,diagnosis) values (409,'2013-05-18','tqxdy');
insert into Hospital.Consulted(employee_number,certification_no,patient_registration_no,date_of_visit) values(216,216112233,409,'2013-05-18');
insert into Hospital.Treated_by(patient_registration_no,date_of_visit,employee_number,treatment) values(409,2013-05-18,325);
insert into Hospital.Prescribed(product_id,patient_registration_no,date_of_visit) values (2,409,'2013-05-18');
insert into Hospital.Visitation(patient_registration_no,date_of_visit,diagnosis) values (409,'2013-09-01','xheik');
insert into Hospital.Consulted(employee_number,certification_no,patient_registration_no,date_of_visit) values(288,288112233,409,'2013-09-01');
insert into Hospital.Treated_by(patient_registration_no,date_of_visit,employee_number,treatment) values(409,2013-09-01,56);
insert into Hospital.Prescribed(product_id,patient_registration_no,date_of_visit) values (125,409,'2013-09-01');
insert into Hospital.Visitation(patient_registration_no,date_of_visit,diagnosis) values (409,'2013-07-24','upxgj');
insert into Hospital.Consulted(employee_number,certification_no,patient_registration_no,date_of_visit) values(348,348112233,409,'2013-07-24');
insert into Hospital.Treated_by(patient_registration_no,date_of_visit,employee_number,treatment) values(409,2013-07-24,356);
insert into Hospital.Prescribed(product_id,patient_registration_no,date_of_visit) values (118,409,'2013-07-24');
insert into Hospital.Visitation(patient_registration_no,date_of_visit,diagnosis) values (409,'2013-07-23','kfloc');
insert into Hospital.Consulted(employee_number,certification_no,patient_registration_no,date_of_visit) values(288,288112233,409,'2013-07-23');
insert into Hospital.Treated_by(patient_registration_no,date_of_visit,employee_number,treatment) values(409,2013-07-23,195);
insert into Hospital.Prescribed(product_id,patient_registration_no,date_of_visit) values (57,409,'2013-07-23');
insert into Hospital.Patient (patient_registration_no, name, ssn, address,contact_no,emergency_contact_no) values ( 409,'hkowb',643309528,'vnfqr',25163041,51542915);
insert into Hospital.Takes (employee_number,shift_name ) values ( 409,'morning');
insert into Hospital.Belongs_to(employee_number,department_id) values (409,3);
insert into Hospital.Pharmaceutical_product(product_id,cost,manufacturer) values(410,513.1963152082153,'lanhk');
insert into Hospital.Medicine(product_id,medicine_name,dosage) values (410,'lfdzm','zizwa');
insert into Hospital.Employees (employee_number, name, location, ssn, home_address,phone_number,designation) values ( 410,'jhbjn','vwdsrazcygxeeuj',574842864,'usytb',54225171,'Radiology');
insert into Hospital.Visitation(patient_registration_no,date_of_visit,diagnosis) values (410,'2013-08-27','yqjmi');
insert into Hospital.Consulted(employee_number,certification_no,patient_registration_no,date_of_visit) values(45,45112233,410,'2013-08-27');
insert into Hospital.Treated_by(patient_registration_no,date_of_visit,employee_number,treatment) values(410,2013-08-27,390);
insert into Hospital.Prescribed(product_id,patient_registration_no,date_of_visit) values (312,410,'2013-08-27');
insert into Hospital.Visitation(patient_registration_no,date_of_visit,diagnosis) values (410,'2013-02-04','kutmz');
insert into Hospital.Consulted(employee_number,certification_no,patient_registration_no,date_of_visit) values(302,302112233,410,'2013-02-04');
insert into Hospital.Treated_by(patient_registration_no,date_of_visit,employee_number,treatment) values(410,2013-02-04,189);
insert into Hospital.Prescribed(product_id,patient_registration_no,date_of_visit) values (376,410,'2013-02-04');
insert into Hospital.Visitation(patient_registration_no,date_of_visit,diagnosis) values (410,'2013-04-08','ibqtt');
insert into Hospital.Consulted(employee_number,certification_no,patient_registration_no,date_of_visit) values(299,299112233,410,'2013-04-08');
insert into Hospital.Treated_by(patient_registration_no,date_of_visit,employee_number,treatment) values(410,2013-04-08,285);
insert into Hospital.Prescribed(product_id,patient_registration_no,date_of_visit) values (84,410,'2013-04-08');
insert into Hospital.Visitation(patient_registration_no,date_of_visit,diagnosis) values (410,'2013-09-08','smbbr');
insert into Hospital.Consulted(employee_number,certification_no,patient_registration_no,date_of_visit) values(44,44112233,410,'2013-09-08');
insert into Hospital.Treated_by(patient_registration_no,date_of_visit,employee_number,treatment) values(410,2013-09-08,354);
insert into Hospital.Prescribed(product_id,patient_registration_no,date_of_visit) values (18,410,'2013-09-08');
insert into Hospital.Visitation(patient_registration_no,date_of_visit,diagnosis) values (410,'2013-07-14','vkqxg');
insert into Hospital.Consulted(employee_number,certification_no,patient_registration_no,date_of_visit) values(395,395112233,410,'2013-07-14');
insert into Hospital.Treated_by(patient_registration_no,date_of_visit,employee_number,treatment) values(410,2013-07-14,173);
insert into Hospital.Prescribed(product_id,patient_registration_no,date_of_visit) values (180,410,'2013-07-14');
insert into Hospital.Patient (patient_registration_no, name, ssn, address,contact_no,emergency_contact_no) values ( 410,'dlxma',337412439,'iubgx',57870756,91488786);
insert into Hospital.Takes (employee_number,shift_name ) values ( 410,'night');
insert into Hospital.Belongs_to(employee_number,department_id) values (410,3);
insert into Hospital.Pharmaceutical_product(product_id,cost,manufacturer) values(411,538.7349471289746,'almmi');
insert into Hospital.Medicine(product_id,medicine_name,dosage) values (411,'xqbco','wawoa');
insert into Hospital.Employees (employee_number, name, location, ssn, home_address,phone_number,designation) values ( 411,'gnqql','aranzwyjywhknib',319096341,'qojlr',35295369,'Nurse');
insert into Hospital.Visitation(patient_registration_no,date_of_visit,diagnosis) values (411,'2013-06-13','fszwy');
insert into Hospital.Consulted(employee_number,certification_no,patient_registration_no,date_of_visit) values(94,94112233,411,'2013-06-13');
insert into Hospital.Treated_by(patient_registration_no,date_of_visit,employee_number,treatment) values(411,2013-06-13,360);
insert into Hospital.Prescribed(product_id,patient_registration_no,date_of_visit) values (346,411,'2013-06-13');
insert into Hospital.Visitation(patient_registration_no,date_of_visit,diagnosis) values (411,'2013-07-29','oiguj');
insert into Hospital.Consulted(employee_number,certification_no,patient_registration_no,date_of_visit) values(166,166112233,411,'2013-07-29');
insert into Hospital.Treated_by(patient_registration_no,date_of_visit,employee_number,treatment) values(411,2013-07-29,91);
insert into Hospital.Prescribed(product_id,patient_registration_no,date_of_visit) values (252,411,'2013-07-29');
insert into Hospital.Visitation(patient_registration_no,date_of_visit,diagnosis) values (411,'2013-03-20','hqudd');
insert into Hospital.Consulted(employee_number,certification_no,patient_registration_no,date_of_visit) values(346,346112233,411,'2013-03-20');
insert into Hospital.Treated_by(patient_registration_no,date_of_visit,employee_number,treatment) values(411,2013-03-20,409);
insert into Hospital.Prescribed(product_id,patient_registration_no,date_of_visit) values (376,411,'2013-03-20');
insert into Hospital.Visitation(patient_registration_no,date_of_visit,diagnosis) values (411,'2013-05-04','arigu');
insert into Hospital.Consulted(employee_number,certification_no,patient_registration_no,date_of_visit) values(244,244112233,411,'2013-05-04');
insert into Hospital.Treated_by(patient_registration_no,date_of_visit,employee_number,treatment) values(411,2013-05-04,212);
insert into Hospital.Prescribed(product_id,patient_registration_no,date_of_visit) values (348,411,'2013-05-04');
insert into Hospital.Visitation(patient_registration_no,date_of_visit,diagnosis) values (411,'2013-02-20','nnzxk');
insert into Hospital.Consulted(employee_number,certification_no,patient_registration_no,date_of_visit) values(328,328112233,411,'2013-02-20');
insert into Hospital.Treated_by(patient_registration_no,date_of_visit,employee_number,treatment) values(411,2013-02-20,380);
insert into Hospital.Prescribed(product_id,patient_registration_no,date_of_visit) values (334,411,'2013-02-20');
insert into Hospital.Patient (patient_registration_no, name, ssn, address,contact_no,emergency_contact_no) values ( 411,'lbzbj',52908473,'xrbtx',22845347,22672726);
insert into Hospital.Takes (employee_number,shift_name ) values ( 411,'morning');
insert into Hospital.Belongs_to(employee_number,department_id) values (411,3);
insert into Hospital.Pharmaceutical_product(product_id,cost,manufacturer) values(412,120.42639537838545,'cdsuo');
insert into Hospital.Batch(batch_id,manufacture_date,expiry_date) values (412,'2013-01-18','2013-08-30');
insert into Hospital.Production(product_id,batch_id) values (412,412);
insert into Hospital.Batch(batch_id,manufacture_date,expiry_date) values (413,'2013-01-18','2013-08-30');
insert into Hospital.Production(product_id,batch_id) values (412,413);
insert into Hospital.Batch(batch_id,manufacture_date,expiry_date) values (414,'2013-01-18','2013-08-30');
insert into Hospital.Production(product_id,batch_id) values (412,414);
insert into Hospital.Batch(batch_id,manufacture_date,expiry_date) values (415,'2013-01-18','2013-08-30');
insert into Hospital.Production(product_id,batch_id) values (412,415);
insert into Hospital.Batch(batch_id,manufacture_date,expiry_date) values (416,'2013-01-18','2013-08-30');
insert into Hospital.Production(product_id,batch_id) values (412,416);
insert into Hospital.Medicine(product_id,medicine_name,dosage) values (412,'gslwj','wsxal');
insert into Hospital.Employees (employee_number, name, location, ssn, home_address,phone_number,designation) values ( 412,'tuzim','sosexdcxkhklosb',898524468,'rwrwf',92031117,'Administration');
insert into Hospital.Visitation(patient_registration_no,date_of_visit,diagnosis) values (412,'2013-07-03','vfrqg');
insert into Hospital.Consulted(employee_number,certification_no,patient_registration_no,date_of_visit) values(337,337112233,412,'2013-07-03');
insert into Hospital.Treated_by(patient_registration_no,date_of_visit,employee_number,treatment) values(412,2013-07-03,19);
insert into Hospital.Prescribed(product_id,patient_registration_no,date_of_visit) values (148,412,'2013-07-03');
insert into Hospital.Visitation(patient_registration_no,date_of_visit,diagnosis) values (412,'2013-02-22','puwnt');
insert into Hospital.Consulted(employee_number,certification_no,patient_registration_no,date_of_visit) values(1,1112233,412,'2013-02-22');
insert into Hospital.Treated_by(patient_registration_no,date_of_visit,employee_number,treatment) values(412,2013-02-22,56);
insert into Hospital.Prescribed(product_id,patient_registration_no,date_of_visit) values (211,412,'2013-02-22');
insert into Hospital.Visitation(patient_registration_no,date_of_visit,diagnosis) values (412,'2013-04-05','pwabk');
insert into Hospital.Consulted(employee_number,certification_no,patient_registration_no,date_of_visit) values(2,2112233,412,'2013-04-05');
insert into Hospital.Treated_by(patient_registration_no,date_of_visit,employee_number,treatment) values(412,2013-04-05,143);
insert into Hospital.Prescribed(product_id,patient_registration_no,date_of_visit) values (37,412,'2013-04-05');
insert into Hospital.Visitation(patient_registration_no,date_of_visit,diagnosis) values (412,'2013-05-20','iezst');
insert into Hospital.Consulted(employee_number,certification_no,patient_registration_no,date_of_visit) values(350,350112233,412,'2013-05-20');
insert into Hospital.Treated_by(patient_registration_no,date_of_visit,employee_number,treatment) values(412,2013-05-20,126);
insert into Hospital.Prescribed(product_id,patient_registration_no,date_of_visit) values (276,412,'2013-05-20');
insert into Hospital.Visitation(patient_registration_no,date_of_visit,diagnosis) values (412,'2013-09-15','bllor');
insert into Hospital.Consulted(employee_number,certification_no,patient_registration_no,date_of_visit) values(341,341112233,412,'2013-09-15');
insert into Hospital.Treated_by(patient_registration_no,date_of_visit,employee_number,treatment) values(412,2013-09-15,201);
insert into Hospital.Prescribed(product_id,patient_registration_no,date_of_visit) values (213,412,'2013-09-15');
insert into Hospital.Patient (patient_registration_no, name, ssn, address,contact_no,emergency_contact_no) values ( 412,'lkpmf',152968447,'qyhwz',38406386,91868378);
insert into Hospital.Belongs_to(employee_number,department_id) values (412,2);
insert into Hospital.Pharmaceutical_product(product_id,cost,manufacturer) values(413,283.2418584941517,'euapy');
insert into Hospital.Medicine(product_id,medicine_name,dosage) values (413,'zhznr','hcjac');
insert into Hospital.Employees (employee_number, name, location, ssn, home_address,phone_number,designation) values ( 413,'chzvw','qglzxcualyfgbmb',681004682,'ojlzj',62321552,'Nurse');
insert into Hospital.Visitation(patient_registration_no,date_of_visit,diagnosis) values (413,'2013-02-25','fosav');
insert into Hospital.Consulted(employee_number,certification_no,patient_registration_no,date_of_visit) values(150,150112233,413,'2013-02-25');
insert into Hospital.Treated_by(patient_registration_no,date_of_visit,employee_number,treatment) values(413,2013-02-25,28);
insert into Hospital.Prescribed(product_id,patient_registration_no,date_of_visit) values (112,413,'2013-02-25');
insert into Hospital.Visitation(patient_registration_no,date_of_visit,diagnosis) values (413,'2013-02-22','psuek');
insert into Hospital.Consulted(employee_number,certification_no,patient_registration_no,date_of_visit) values(1,1112233,413,'2013-02-22');
insert into Hospital.Treated_by(patient_registration_no,date_of_visit,employee_number,treatment) values(413,2013-02-22,165);
insert into Hospital.Prescribed(product_id,patient_registration_no,date_of_visit) values (119,413,'2013-02-22');
insert into Hospital.Visitation(patient_registration_no,date_of_visit,diagnosis) values (413,'2013-09-29','jtxof');
insert into Hospital.Consulted(employee_number,certification_no,patient_registration_no,date_of_visit) values(176,176112233,413,'2013-09-29');
insert into Hospital.Treated_by(patient_registration_no,date_of_visit,employee_number,treatment) values(413,2013-09-29,312);
insert into Hospital.Prescribed(product_id,patient_registration_no,date_of_visit) values (21,413,'2013-09-29');
insert into Hospital.Visitation(patient_registration_no,date_of_visit,diagnosis) values (413,'2013-03-23','kaebk');
insert into Hospital.Consulted(employee_number,certification_no,patient_registration_no,date_of_visit) values(368,368112233,413,'2013-03-23');
insert into Hospital.Treated_by(patient_registration_no,date_of_visit,employee_number,treatment) values(413,2013-03-23,314);
insert into Hospital.Prescribed(product_id,patient_registration_no,date_of_visit) values (249,413,'2013-03-23');
insert into Hospital.Visitation(patient_registration_no,date_of_visit,diagnosis) values (413,'2013-03-01','rhbnt');
insert into Hospital.Consulted(employee_number,certification_no,patient_registration_no,date_of_visit) values(253,253112233,413,'2013-03-01');
insert into Hospital.Treated_by(patient_registration_no,date_of_visit,employee_number,treatment) values(413,2013-03-01,382);
insert into Hospital.Prescribed(product_id,patient_registration_no,date_of_visit) values (153,413,'2013-03-01');
insert into Hospital.Patient (patient_registration_no, name, ssn, address,contact_no,emergency_contact_no) values ( 413,'jwlos',882253609,'kaccu',32438917,32291563);
insert into Hospital.Takes (employee_number,shift_name ) values ( 413,'morning');
insert into Hospital.Belongs_to(employee_number,department_id) values (413,3);
insert into Hospital.Pharmaceutical_product(product_id,cost,manufacturer) values(414,880.6490521097818,'tjuwp');
insert into Hospital.Medicine(product_id,medicine_name,dosage) values (414,'ucdli','gnuwp');
insert into Hospital.Employees (employee_number, name, location, ssn, home_address,phone_number,designation) values ( 414,'mqtty','rwbcryhgflsezsp',62491826,'xdrmw',29623797,'Radiology');
insert into Hospital.Visitation(patient_registration_no,date_of_visit,diagnosis) values (414,'2013-05-31','mlhxs');
insert into Hospital.Consulted(employee_number,certification_no,patient_registration_no,date_of_visit) values(141,141112233,414,'2013-05-31');
insert into Hospital.Treated_by(patient_registration_no,date_of_visit,employee_number,treatment) values(414,2013-05-31,390);
insert into Hospital.Prescribed(product_id,patient_registration_no,date_of_visit) values (61,414,'2013-05-31');
insert into Hospital.Visitation(patient_registration_no,date_of_visit,diagnosis) values (414,'2013-09-02','xhoem');
insert into Hospital.Consulted(employee_number,certification_no,patient_registration_no,date_of_visit) values(208,208112233,414,'2013-09-02');
insert into Hospital.Treated_by(patient_registration_no,date_of_visit,employee_number,treatment) values(414,2013-09-02,112);
insert into Hospital.Prescribed(product_id,patient_registration_no,date_of_visit) values (361,414,'2013-09-02');
insert into Hospital.Visitation(patient_registration_no,date_of_visit,diagnosis) values (414,'2013-02-16','amsuv');
insert into Hospital.Consulted(employee_number,certification_no,patient_registration_no,date_of_visit) values(193,193112233,414,'2013-02-16');
insert into Hospital.Treated_by(patient_registration_no,date_of_visit,employee_number,treatment) values(414,2013-02-16,48);
insert into Hospital.Prescribed(product_id,patient_registration_no,date_of_visit) values (327,414,'2013-02-16');
insert into Hospital.Visitation(patient_registration_no,date_of_visit,diagnosis) values (414,'2013-04-25','mjnhe');
insert into Hospital.Consulted(employee_number,certification_no,patient_registration_no,date_of_visit) values(51,51112233,414,'2013-04-25');
insert into Hospital.Treated_by(patient_registration_no,date_of_visit,employee_number,treatment) values(414,2013-04-25,143);
insert into Hospital.Prescribed(product_id,patient_registration_no,date_of_visit) values (295,414,'2013-04-25');
insert into Hospital.Visitation(patient_registration_no,date_of_visit,diagnosis) values (414,'2013-09-28','xrxmr');
insert into Hospital.Consulted(employee_number,certification_no,patient_registration_no,date_of_visit) values(41,41112233,414,'2013-09-28');
insert into Hospital.Treated_by(patient_registration_no,date_of_visit,employee_number,treatment) values(414,2013-09-28,247);
insert into Hospital.Prescribed(product_id,patient_registration_no,date_of_visit) values (129,414,'2013-09-28');
insert into Hospital.Patient (patient_registration_no, name, ssn, address,contact_no,emergency_contact_no) values ( 414,'wypgf',207283933,'tpgnl',51044406,74549481);
insert into Hospital.Takes (employee_number,shift_name ) values ( 414,'evening');
insert into Hospital.Belongs_to(employee_number,department_id) values (414,3);
insert into Hospital.Pharmaceutical_product(product_id,cost,manufacturer) values(415,614.1654776115568,'zjygk');
insert into Hospital.Batch(batch_id,manufacture_date,expiry_date) values (415,'2013-01-26','2013-04-25');
insert into Hospital.Production(product_id,batch_id) values (415,415);
insert into Hospital.Batch(batch_id,manufacture_date,expiry_date) values (416,'2013-01-26','2013-04-25');
insert into Hospital.Production(product_id,batch_id) values (415,416);
insert into Hospital.Batch(batch_id,manufacture_date,expiry_date) values (417,'2013-01-26','2013-04-25');
insert into Hospital.Production(product_id,batch_id) values (415,417);
insert into Hospital.Batch(batch_id,manufacture_date,expiry_date) values (418,'2013-01-26','2013-04-25');
insert into Hospital.Production(product_id,batch_id) values (415,418);
insert into Hospital.Batch(batch_id,manufacture_date,expiry_date) values (419,'2013-01-26','2013-04-25');
insert into Hospital.Production(product_id,batch_id) values (415,419);
insert into Hospital.Employees (employee_number, name, location, ssn, home_address,phone_number,designation) values ( 415,'xgzjb','ybpsldjdpkoeqnp',700014288,'dvzov',83675075,'Nurse');
insert into Hospital.Visitation(patient_registration_no,date_of_visit,diagnosis) values (415,'2013-05-12','fvlmw');
insert into Hospital.Consulted(employee_number,certification_no,patient_registration_no,date_of_visit) values(41,41112233,415,'2013-05-12');
insert into Hospital.Treated_by(patient_registration_no,date_of_visit,employee_number,treatment) values(415,2013-05-12,301);
insert into Hospital.Prescribed(product_id,patient_registration_no,date_of_visit) values (177,415,'2013-05-12');
insert into Hospital.Visitation(patient_registration_no,date_of_visit,diagnosis) values (415,'2013-10-18','tlpxz');
insert into Hospital.Consulted(employee_number,certification_no,patient_registration_no,date_of_visit) values(230,230112233,415,'2013-10-18');
insert into Hospital.Treated_by(patient_registration_no,date_of_visit,employee_number,treatment) values(415,2013-10-18,379);
insert into Hospital.Prescribed(product_id,patient_registration_no,date_of_visit) values (234,415,'2013-10-18');
insert into Hospital.Visitation(patient_registration_no,date_of_visit,diagnosis) values (415,'2013-01-12','dlinn');
insert into Hospital.Consulted(employee_number,certification_no,patient_registration_no,date_of_visit) values(280,280112233,415,'2013-01-12');
insert into Hospital.Treated_by(patient_registration_no,date_of_visit,employee_number,treatment) values(415,2013-01-12,195);
insert into Hospital.Prescribed(product_id,patient_registration_no,date_of_visit) values (69,415,'2013-01-12');
insert into Hospital.Visitation(patient_registration_no,date_of_visit,diagnosis) values (415,'2013-04-29','jmfij');
insert into Hospital.Consulted(employee_number,certification_no,patient_registration_no,date_of_visit) values(60,60112233,415,'2013-04-29');
insert into Hospital.Treated_by(patient_registration_no,date_of_visit,employee_number,treatment) values(415,2013-04-29,390);
insert into Hospital.Prescribed(product_id,patient_registration_no,date_of_visit) values (341,415,'2013-04-29');
insert into Hospital.Visitation(patient_registration_no,date_of_visit,diagnosis) values (415,'2013-06-10','lrtht');
insert into Hospital.Consulted(employee_number,certification_no,patient_registration_no,date_of_visit) values(208,208112233,415,'2013-06-10');
insert into Hospital.Treated_by(patient_registration_no,date_of_visit,employee_number,treatment) values(415,2013-06-10,63);
insert into Hospital.Prescribed(product_id,patient_registration_no,date_of_visit) values (148,415,'2013-06-10');
insert into Hospital.Patient (patient_registration_no, name, ssn, address,contact_no,emergency_contact_no) values ( 415,'nhjjo',538186818,'gukws',89380292,69305325);
insert into Hospital.Takes (employee_number,shift_name ) values ( 415,'night');
insert into Hospital.Belongs_to(employee_number,department_id) values (415,3);
insert into Hospital.Pharmaceutical_product(product_id,cost,manufacturer) values(416,836.9926036751393,'kcegi');
insert into Hospital.Batch(batch_id,manufacture_date,expiry_date) values (416,'2013-02-13','2013-10-08');
insert into Hospital.Production(product_id,batch_id) values (416,416);
insert into Hospital.Batch(batch_id,manufacture_date,expiry_date) values (417,'2013-02-13','2013-10-08');
insert into Hospital.Production(product_id,batch_id) values (416,417);
insert into Hospital.Batch(batch_id,manufacture_date,expiry_date) values (418,'2013-02-13','2013-10-08');
insert into Hospital.Production(product_id,batch_id) values (416,418);
insert into Hospital.Batch(batch_id,manufacture_date,expiry_date) values (419,'2013-02-13','2013-10-08');
insert into Hospital.Production(product_id,batch_id) values (416,419);
insert into Hospital.Batch(batch_id,manufacture_date,expiry_date) values (420,'2013-02-13','2013-10-08');
insert into Hospital.Production(product_id,batch_id) values (416,420);
insert into Hospital.Medicine(product_id,medicine_name,dosage) values (416,'mtawl','gutwi');
insert into Hospital.Employees (employee_number, name, location, ssn, home_address,phone_number,designation) values ( 416,'bbxbd','milincivsuigpts',308264621,'yeaso',78199789,'Administration');
insert into Hospital.Visitation(patient_registration_no,date_of_visit,diagnosis) values (416,'2013-07-28','fawui');
insert into Hospital.Consulted(employee_number,certification_no,patient_registration_no,date_of_visit) values(326,326112233,416,'2013-07-28');
insert into Hospital.Treated_by(patient_registration_no,date_of_visit,employee_number,treatment) values(416,2013-07-28,399);
insert into Hospital.Prescribed(product_id,patient_registration_no,date_of_visit) values (66,416,'2013-07-28');
insert into Hospital.Visitation(patient_registration_no,date_of_visit,diagnosis) values (416,'2013-08-02','ypuso');
insert into Hospital.Consulted(employee_number,certification_no,patient_registration_no,date_of_visit) values(357,357112233,416,'2013-08-02');
insert into Hospital.Treated_by(patient_registration_no,date_of_visit,employee_number,treatment) values(416,2013-08-02,233);
insert into Hospital.Prescribed(product_id,patient_registration_no,date_of_visit) values (276,416,'2013-08-02');
insert into Hospital.Visitation(patient_registration_no,date_of_visit,diagnosis) values (416,'2013-01-10','myoyo');
insert into Hospital.Consulted(employee_number,certification_no,patient_registration_no,date_of_visit) values(348,348112233,416,'2013-01-10');
insert into Hospital.Treated_by(patient_registration_no,date_of_visit,employee_number,treatment) values(416,2013-01-10,47);
insert into Hospital.Prescribed(product_id,patient_registration_no,date_of_visit) values (112,416,'2013-01-10');
insert into Hospital.Visitation(patient_registration_no,date_of_visit,diagnosis) values (416,'2013-05-10','zwvwg');
insert into Hospital.Consulted(employee_number,certification_no,patient_registration_no,date_of_visit) values(348,348112233,416,'2013-05-10');
insert into Hospital.Treated_by(patient_registration_no,date_of_visit,employee_number,treatment) values(416,2013-05-10,237);
insert into Hospital.Prescribed(product_id,patient_registration_no,date_of_visit) values (382,416,'2013-05-10');
insert into Hospital.Visitation(patient_registration_no,date_of_visit,diagnosis) values (416,'2013-03-31','yimkv');
insert into Hospital.Consulted(employee_number,certification_no,patient_registration_no,date_of_visit) values(122,122112233,416,'2013-03-31');
insert into Hospital.Treated_by(patient_registration_no,date_of_visit,employee_number,treatment) values(416,2013-03-31,294);
insert into Hospital.Prescribed(product_id,patient_registration_no,date_of_visit) values (248,416,'2013-03-31');
insert into Hospital.Patient (patient_registration_no, name, ssn, address,contact_no,emergency_contact_no) values ( 416,'qwkui',932771656,'jwwno',95407469,68149366);
insert into Hospital.Belongs_to(employee_number,department_id) values (416,2);
insert into Hospital.Pharmaceutical_product(product_id,cost,manufacturer) values(417,309.45574132499786,'fftga');
insert into Hospital.Batch(batch_id,manufacture_date,expiry_date) values (417,'2013-01-20','2013-07-28');
insert into Hospital.Production(product_id,batch_id) values (417,417);
insert into Hospital.Batch(batch_id,manufacture_date,expiry_date) values (418,'2013-01-20','2013-07-28');
insert into Hospital.Production(product_id,batch_id) values (417,418);
insert into Hospital.Batch(batch_id,manufacture_date,expiry_date) values (419,'2013-01-20','2013-07-28');
insert into Hospital.Production(product_id,batch_id) values (417,419);
insert into Hospital.Batch(batch_id,manufacture_date,expiry_date) values (420,'2013-01-20','2013-07-28');
insert into Hospital.Production(product_id,batch_id) values (417,420);
insert into Hospital.Batch(batch_id,manufacture_date,expiry_date) values (421,'2013-01-20','2013-07-28');
insert into Hospital.Production(product_id,batch_id) values (417,421);
insert into Hospital.Employees (employee_number, name, location, ssn, home_address,phone_number,designation) values ( 417,'yuyas','ahgkiatocoezzxx',667755192,'fdizz',47603630,'Nurse');
insert into Hospital.Visitation(patient_registration_no,date_of_visit,diagnosis) values (417,'2013-04-05','jijkc');
insert into Hospital.Consulted(employee_number,certification_no,patient_registration_no,date_of_visit) values(258,258112233,417,'2013-04-05');
insert into Hospital.Treated_by(patient_registration_no,date_of_visit,employee_number,treatment) values(417,2013-04-05,237);
insert into Hospital.Prescribed(product_id,patient_registration_no,date_of_visit) values (51,417,'2013-04-05');
insert into Hospital.Visitation(patient_registration_no,date_of_visit,diagnosis) values (417,'2013-02-26','nhaze');
insert into Hospital.Consulted(employee_number,certification_no,patient_registration_no,date_of_visit) values(184,184112233,417,'2013-02-26');
insert into Hospital.Treated_by(patient_registration_no,date_of_visit,employee_number,treatment) values(417,2013-02-26,371);
insert into Hospital.Prescribed(product_id,patient_registration_no,date_of_visit) values (292,417,'2013-02-26');
insert into Hospital.Visitation(patient_registration_no,date_of_visit,diagnosis) values (417,'2013-10-08','glfsi');
insert into Hospital.Consulted(employee_number,certification_no,patient_registration_no,date_of_visit) values(358,358112233,417,'2013-10-08');
insert into Hospital.Treated_by(patient_registration_no,date_of_visit,employee_number,treatment) values(417,2013-10-08,169);
insert into Hospital.Prescribed(product_id,patient_registration_no,date_of_visit) values (257,417,'2013-10-08');
insert into Hospital.Visitation(patient_registration_no,date_of_visit,diagnosis) values (417,'2013-07-08','hgelh');
insert into Hospital.Consulted(employee_number,certification_no,patient_registration_no,date_of_visit) values(110,110112233,417,'2013-07-08');
insert into Hospital.Treated_by(patient_registration_no,date_of_visit,employee_number,treatment) values(417,2013-07-08,96);
insert into Hospital.Prescribed(product_id,patient_registration_no,date_of_visit) values (362,417,'2013-07-08');
insert into Hospital.Visitation(patient_registration_no,date_of_visit,diagnosis) values (417,'2013-03-23','wzyrt');
insert into Hospital.Consulted(employee_number,certification_no,patient_registration_no,date_of_visit) values(120,120112233,417,'2013-03-23');
insert into Hospital.Treated_by(patient_registration_no,date_of_visit,employee_number,treatment) values(417,2013-03-23,233);
insert into Hospital.Prescribed(product_id,patient_registration_no,date_of_visit) values (91,417,'2013-03-23');
insert into Hospital.Patient (patient_registration_no, name, ssn, address,contact_no,emergency_contact_no) values ( 417,'phcvy',285202160,'hfssp',39293056,64965589);
insert into Hospital.Takes (employee_number,shift_name ) values ( 417,'morning');
insert into Hospital.Belongs_to(employee_number,department_id) values (417,3);
insert into Hospital.Pharmaceutical_product(product_id,cost,manufacturer) values(418,614.8688764804214,'nmazq');
insert into Hospital.Batch(batch_id,manufacture_date,expiry_date) values (418,'2013-05-03','2013-09-03');
insert into Hospital.Production(product_id,batch_id) values (418,418);
insert into Hospital.Batch(batch_id,manufacture_date,expiry_date) values (419,'2013-05-03','2013-09-03');
insert into Hospital.Production(product_id,batch_id) values (418,419);
insert into Hospital.Batch(batch_id,manufacture_date,expiry_date) values (420,'2013-05-03','2013-09-03');
insert into Hospital.Production(product_id,batch_id) values (418,420);
insert into Hospital.Batch(batch_id,manufacture_date,expiry_date) values (421,'2013-05-03','2013-09-03');
insert into Hospital.Production(product_id,batch_id) values (418,421);
insert into Hospital.Batch(batch_id,manufacture_date,expiry_date) values (422,'2013-05-03','2013-09-03');
insert into Hospital.Production(product_id,batch_id) values (418,422);
insert into Hospital.Employees (employee_number, name, location, ssn, home_address,phone_number,designation) values ( 418,'uiats','jvzuqsphybuwssg',377540443,'rarhb',40214553,'Nurse');
insert into Hospital.Visitation(patient_registration_no,date_of_visit,diagnosis) values (418,'2013-04-04','kkeud');
insert into Hospital.Consulted(employee_number,certification_no,patient_registration_no,date_of_visit) values(216,216112233,418,'2013-04-04');
insert into Hospital.Treated_by(patient_registration_no,date_of_visit,employee_number,treatment) values(418,2013-04-04,248);
insert into Hospital.Prescribed(product_id,patient_registration_no,date_of_visit) values (235,418,'2013-04-04');
insert into Hospital.Visitation(patient_registration_no,date_of_visit,diagnosis) values (418,'2013-05-26','vafzj');
insert into Hospital.Consulted(employee_number,certification_no,patient_registration_no,date_of_visit) values(346,346112233,418,'2013-05-26');
insert into Hospital.Treated_by(patient_registration_no,date_of_visit,employee_number,treatment) values(418,2013-05-26,261);
insert into Hospital.Prescribed(product_id,patient_registration_no,date_of_visit) values (224,418,'2013-05-26');
insert into Hospital.Visitation(patient_registration_no,date_of_visit,diagnosis) values (418,'2013-07-23','wtcwt');
insert into Hospital.Consulted(employee_number,certification_no,patient_registration_no,date_of_visit) values(60,60112233,418,'2013-07-23');
insert into Hospital.Treated_by(patient_registration_no,date_of_visit,employee_number,treatment) values(418,2013-07-23,260);
insert into Hospital.Prescribed(product_id,patient_registration_no,date_of_visit) values (7,418,'2013-07-23');
insert into Hospital.Visitation(patient_registration_no,date_of_visit,diagnosis) values (418,'2013-03-31','yurvh');
insert into Hospital.Consulted(employee_number,certification_no,patient_registration_no,date_of_visit) values(9,9112233,418,'2013-03-31');
insert into Hospital.Treated_by(patient_registration_no,date_of_visit,employee_number,treatment) values(418,2013-03-31,26);
insert into Hospital.Prescribed(product_id,patient_registration_no,date_of_visit) values (98,418,'2013-03-31');
insert into Hospital.Visitation(patient_registration_no,date_of_visit,diagnosis) values (418,'2013-06-01','ekrhj');
insert into Hospital.Consulted(employee_number,certification_no,patient_registration_no,date_of_visit) values(388,388112233,418,'2013-06-01');
insert into Hospital.Treated_by(patient_registration_no,date_of_visit,employee_number,treatment) values(418,2013-06-01,81);
insert into Hospital.Prescribed(product_id,patient_registration_no,date_of_visit) values (108,418,'2013-06-01');
insert into Hospital.Patient (patient_registration_no, name, ssn, address,contact_no,emergency_contact_no) values ( 418,'nkctn',544283683,'txhfi',24057755,31754807);
insert into Hospital.Takes (employee_number,shift_name ) values ( 418,'evening');
insert into Hospital.Belongs_to(employee_number,department_id) values (418,3);
insert into Hospital.Pharmaceutical_product(product_id,cost,manufacturer) values(419,116.44407510793145,'coodf');
insert into Hospital.Batch(batch_id,manufacture_date,expiry_date) values (419,'2013-01-01','2013-09-09');
insert into Hospital.Production(product_id,batch_id) values (419,419);
insert into Hospital.Batch(batch_id,manufacture_date,expiry_date) values (420,'2013-01-01','2013-09-09');
insert into Hospital.Production(product_id,batch_id) values (419,420);
insert into Hospital.Batch(batch_id,manufacture_date,expiry_date) values (421,'2013-01-01','2013-09-09');
insert into Hospital.Production(product_id,batch_id) values (419,421);
insert into Hospital.Batch(batch_id,manufacture_date,expiry_date) values (422,'2013-01-01','2013-09-09');
insert into Hospital.Production(product_id,batch_id) values (419,422);
insert into Hospital.Batch(batch_id,manufacture_date,expiry_date) values (423,'2013-01-01','2013-09-09');
insert into Hospital.Production(product_id,batch_id) values (419,423);
insert into Hospital.Medicine(product_id,medicine_name,dosage) values (419,'pldpq','ozgkf');
insert into Hospital.Employees (employee_number, name, location, ssn, home_address,phone_number,designation) values ( 419,'bhqqp','hsgjpsyesrgiuru',436677524,'tdopw',20394250,'Administration');
insert into Hospital.Visitation(patient_registration_no,date_of_visit,diagnosis) values (419,'2013-06-17','hjtbd');
insert into Hospital.Consulted(employee_number,certification_no,patient_registration_no,date_of_visit) values(197,197112233,419,'2013-06-17');
insert into Hospital.Treated_by(patient_registration_no,date_of_visit,employee_number,treatment) values(419,2013-06-17,400);
insert into Hospital.Prescribed(product_id,patient_registration_no,date_of_visit) values (403,419,'2013-06-17');
insert into Hospital.Visitation(patient_registration_no,date_of_visit,diagnosis) values (419,'2013-04-18','rjzeg');
insert into Hospital.Consulted(employee_number,certification_no,patient_registration_no,date_of_visit) values(397,397112233,419,'2013-04-18');
insert into Hospital.Treated_by(patient_registration_no,date_of_visit,employee_number,treatment) values(419,2013-04-18,233);
insert into Hospital.Prescribed(product_id,patient_registration_no,date_of_visit) values (26,419,'2013-04-18');
insert into Hospital.Visitation(patient_registration_no,date_of_visit,diagnosis) values (419,'2013-03-17','fwhzq');
insert into Hospital.Consulted(employee_number,certification_no,patient_registration_no,date_of_visit) values(130,130112233,419,'2013-03-17');
insert into Hospital.Treated_by(patient_registration_no,date_of_visit,employee_number,treatment) values(419,2013-03-17,83);
insert into Hospital.Prescribed(product_id,patient_registration_no,date_of_visit) values (350,419,'2013-03-17');
insert into Hospital.Visitation(patient_registration_no,date_of_visit,diagnosis) values (419,'2013-02-26','fupgv');
insert into Hospital.Consulted(employee_number,certification_no,patient_registration_no,date_of_visit) values(161,161112233,419,'2013-02-26');
insert into Hospital.Treated_by(patient_registration_no,date_of_visit,employee_number,treatment) values(419,2013-02-26,104);
insert into Hospital.Prescribed(product_id,patient_registration_no,date_of_visit) values (263,419,'2013-02-26');
insert into Hospital.Visitation(patient_registration_no,date_of_visit,diagnosis) values (419,'2013-08-23','uomrs');
insert into Hospital.Consulted(employee_number,certification_no,patient_registration_no,date_of_visit) values(175,175112233,419,'2013-08-23');
insert into Hospital.Treated_by(patient_registration_no,date_of_visit,employee_number,treatment) values(419,2013-08-23,409);
insert into Hospital.Prescribed(product_id,patient_registration_no,date_of_visit) values (11,419,'2013-08-23');
insert into Hospital.Patient (patient_registration_no, name, ssn, address,contact_no,emergency_contact_no) values ( 419,'wpvdz',997399807,'oypjw',94283066,91863224);
insert into Hospital.Belongs_to(employee_number,department_id) values (419,2);
insert into Hospital.Pharmaceutical_product(product_id,cost,manufacturer) values(420,507.3981251503755,'rlkch');
insert into Hospital.Batch(batch_id,manufacture_date,expiry_date) values (420,'2013-04-29','2013-05-25');
insert into Hospital.Production(product_id,batch_id) values (420,420);
insert into Hospital.Batch(batch_id,manufacture_date,expiry_date) values (421,'2013-04-29','2013-05-25');
insert into Hospital.Production(product_id,batch_id) values (420,421);
insert into Hospital.Batch(batch_id,manufacture_date,expiry_date) values (422,'2013-04-29','2013-05-25');
insert into Hospital.Production(product_id,batch_id) values (420,422);
insert into Hospital.Batch(batch_id,manufacture_date,expiry_date) values (423,'2013-04-29','2013-05-25');
insert into Hospital.Production(product_id,batch_id) values (420,423);
insert into Hospital.Batch(batch_id,manufacture_date,expiry_date) values (424,'2013-04-29','2013-05-25');
insert into Hospital.Production(product_id,batch_id) values (420,424);
insert into Hospital.Employees (employee_number, name, location, ssn, home_address,phone_number,designation) values ( 420,'yhjhg','spqwrbgbvkcuqcn',209256651,'jxsut',11450571,'Administration');
insert into Hospital.Visitation(patient_registration_no,date_of_visit,diagnosis) values (420,'2013-08-14','pxkmd');
insert into Hospital.Consulted(employee_number,certification_no,patient_registration_no,date_of_visit) values(1,1112233,420,'2013-08-14');
insert into Hospital.Treated_by(patient_registration_no,date_of_visit,employee_number,treatment) values(420,2013-08-14,91);
insert into Hospital.Prescribed(product_id,patient_registration_no,date_of_visit) values (302,420,'2013-08-14');
insert into Hospital.Visitation(patient_registration_no,date_of_visit,diagnosis) values (420,'2013-02-01','uytcs');
insert into Hospital.Consulted(employee_number,certification_no,patient_registration_no,date_of_visit) values(348,348112233,420,'2013-02-01');
insert into Hospital.Treated_by(patient_registration_no,date_of_visit,employee_number,treatment) values(420,2013-02-01,185);
insert into Hospital.Prescribed(product_id,patient_registration_no,date_of_visit) values (104,420,'2013-02-01');
insert into Hospital.Visitation(patient_registration_no,date_of_visit,diagnosis) values (420,'2013-08-10','bequq');
insert into Hospital.Consulted(employee_number,certification_no,patient_registration_no,date_of_visit) values(168,168112233,420,'2013-08-10');
insert into Hospital.Treated_by(patient_registration_no,date_of_visit,employee_number,treatment) values(420,2013-08-10,71);
insert into Hospital.Prescribed(product_id,patient_registration_no,date_of_visit) values (309,420,'2013-08-10');
insert into Hospital.Visitation(patient_registration_no,date_of_visit,diagnosis) values (420,'2013-07-21','sgmkz');
insert into Hospital.Consulted(employee_number,certification_no,patient_registration_no,date_of_visit) values(245,245112233,420,'2013-07-21');
insert into Hospital.Treated_by(patient_registration_no,date_of_visit,employee_number,treatment) values(420,2013-07-21,63);
insert into Hospital.Prescribed(product_id,patient_registration_no,date_of_visit) values (234,420,'2013-07-21');
insert into Hospital.Visitation(patient_registration_no,date_of_visit,diagnosis) values (420,'2013-01-30','sarst');
insert into Hospital.Consulted(employee_number,certification_no,patient_registration_no,date_of_visit) values(176,176112233,420,'2013-01-30');
insert into Hospital.Treated_by(patient_registration_no,date_of_visit,employee_number,treatment) values(420,2013-01-30,18);
insert into Hospital.Prescribed(product_id,patient_registration_no,date_of_visit) values (203,420,'2013-01-30');
insert into Hospital.Patient (patient_registration_no, name, ssn, address,contact_no,emergency_contact_no) values ( 420,'cqgog',463791600,'soqfh',65046034,47749469);
insert into Hospital.Belongs_to(employee_number,department_id) values (420,2);
insert into Hospital.Pharmaceutical_product(product_id,cost,manufacturer) values(421,684.7250784424739,'mlkmz');
insert into Hospital.Batch(batch_id,manufacture_date,expiry_date) values (421,'2013-04-08','2013-09-04');
insert into Hospital.Production(product_id,batch_id) values (421,421);
insert into Hospital.Batch(batch_id,manufacture_date,expiry_date) values (422,'2013-04-08','2013-09-04');
insert into Hospital.Production(product_id,batch_id) values (421,422);
insert into Hospital.Batch(batch_id,manufacture_date,expiry_date) values (423,'2013-04-08','2013-09-04');
insert into Hospital.Production(product_id,batch_id) values (421,423);
insert into Hospital.Batch(batch_id,manufacture_date,expiry_date) values (424,'2013-04-08','2013-09-04');
insert into Hospital.Production(product_id,batch_id) values (421,424);
insert into Hospital.Batch(batch_id,manufacture_date,expiry_date) values (425,'2013-04-08','2013-09-04');
insert into Hospital.Production(product_id,batch_id) values (421,425);
insert into Hospital.Medicine(product_id,medicine_name,dosage) values (421,'czqmo','hacdu');
insert into Hospital.Employees (employee_number, name, location, ssn, home_address,phone_number,designation) values ( 421,'hscjc','mdvofvverrzddqj',749198317,'dlfpc',41834407,'Nurse');
insert into Hospital.Visitation(patient_registration_no,date_of_visit,diagnosis) values (421,'2013-10-08','drkmw');
insert into Hospital.Consulted(employee_number,certification_no,patient_registration_no,date_of_visit) values(228,228112233,421,'2013-10-08');
insert into Hospital.Treated_by(patient_registration_no,date_of_visit,employee_number,treatment) values(421,2013-10-08,30);
insert into Hospital.Prescribed(product_id,patient_registration_no,date_of_visit) values (84,421,'2013-10-08');
insert into Hospital.Visitation(patient_registration_no,date_of_visit,diagnosis) values (421,'2013-07-17','prtcv');
insert into Hospital.Consulted(employee_number,certification_no,patient_registration_no,date_of_visit) values(194,194112233,421,'2013-07-17');
insert into Hospital.Treated_by(patient_registration_no,date_of_visit,employee_number,treatment) values(421,2013-07-17,178);
insert into Hospital.Prescribed(product_id,patient_registration_no,date_of_visit) values (76,421,'2013-07-17');
insert into Hospital.Visitation(patient_registration_no,date_of_visit,diagnosis) values (421,'2013-06-20','otmbu');
insert into Hospital.Consulted(employee_number,certification_no,patient_registration_no,date_of_visit) values(107,107112233,421,'2013-06-20');
insert into Hospital.Treated_by(patient_registration_no,date_of_visit,employee_number,treatment) values(421,2013-06-20,196);
insert into Hospital.Prescribed(product_id,patient_registration_no,date_of_visit) values (319,421,'2013-06-20');
insert into Hospital.Visitation(patient_registration_no,date_of_visit,diagnosis) values (421,'2013-10-02','keqre');
insert into Hospital.Consulted(employee_number,certification_no,patient_registration_no,date_of_visit) values(274,274112233,421,'2013-10-02');
insert into Hospital.Treated_by(patient_registration_no,date_of_visit,employee_number,treatment) values(421,2013-10-02,196);
insert into Hospital.Prescribed(product_id,patient_registration_no,date_of_visit) values (76,421,'2013-10-02');
insert into Hospital.Visitation(patient_registration_no,date_of_visit,diagnosis) values (421,'2013-03-02','msahf');
insert into Hospital.Consulted(employee_number,certification_no,patient_registration_no,date_of_visit) values(363,363112233,421,'2013-03-02');
insert into Hospital.Treated_by(patient_registration_no,date_of_visit,employee_number,treatment) values(421,2013-03-02,379);
insert into Hospital.Prescribed(product_id,patient_registration_no,date_of_visit) values (413,421,'2013-03-02');
insert into Hospital.Patient (patient_registration_no, name, ssn, address,contact_no,emergency_contact_no) values ( 421,'ynroa',456340834,'wcxqf',34142402,46276261);
insert into Hospital.Takes (employee_number,shift_name ) values ( 421,'evening');
insert into Hospital.Belongs_to(employee_number,department_id) values (421,3);
insert into Hospital.Pharmaceutical_product(product_id,cost,manufacturer) values(422,584.1765433470902,'vfqwd');
insert into Hospital.Medicine(product_id,medicine_name,dosage) values (422,'ovdfk','lancw');
insert into Hospital.Employees (employee_number, name, location, ssn, home_address,phone_number,designation) values ( 422,'eeyld','walgzsvlwlspbap',764537143,'isrqh',99452025,'Doctor');
insert into Hospital.Visitation(patient_registration_no,date_of_visit,diagnosis) values (422,'2013-09-07','pqnsr');
insert into Hospital.Consulted(employee_number,certification_no,patient_registration_no,date_of_visit) values(337,337112233,422,'2013-09-07');
insert into Hospital.Treated_by(patient_registration_no,date_of_visit,employee_number,treatment) values(422,2013-09-07,351);
insert into Hospital.Prescribed(product_id,patient_registration_no,date_of_visit) values (49,422,'2013-09-07');
insert into Hospital.Visitation(patient_registration_no,date_of_visit,diagnosis) values (422,'2013-03-29','eprxe');
insert into Hospital.Consulted(employee_number,certification_no,patient_registration_no,date_of_visit) values(403,403112233,422,'2013-03-29');
insert into Hospital.Treated_by(patient_registration_no,date_of_visit,employee_number,treatment) values(422,2013-03-29,104);
insert into Hospital.Prescribed(product_id,patient_registration_no,date_of_visit) values (282,422,'2013-03-29');
insert into Hospital.Visitation(patient_registration_no,date_of_visit,diagnosis) values (422,'2013-09-02','stdjv');
insert into Hospital.Consulted(employee_number,certification_no,patient_registration_no,date_of_visit) values(242,242112233,422,'2013-09-02');
insert into Hospital.Treated_by(patient_registration_no,date_of_visit,employee_number,treatment) values(422,2013-09-02,88);
insert into Hospital.Prescribed(product_id,patient_registration_no,date_of_visit) values (373,422,'2013-09-02');
insert into Hospital.Visitation(patient_registration_no,date_of_visit,diagnosis) values (422,'2013-06-06','qwkjz');
insert into Hospital.Consulted(employee_number,certification_no,patient_registration_no,date_of_visit) values(113,113112233,422,'2013-06-06');
insert into Hospital.Treated_by(patient_registration_no,date_of_visit,employee_number,treatment) values(422,2013-06-06,336);
insert into Hospital.Prescribed(product_id,patient_registration_no,date_of_visit) values (375,422,'2013-06-06');
insert into Hospital.Visitation(patient_registration_no,date_of_visit,diagnosis) values (422,'2013-02-20','slmrx');
insert into Hospital.Consulted(employee_number,certification_no,patient_registration_no,date_of_visit) values(141,141112233,422,'2013-02-20');
insert into Hospital.Treated_by(patient_registration_no,date_of_visit,employee_number,treatment) values(422,2013-02-20,409);
insert into Hospital.Prescribed(product_id,patient_registration_no,date_of_visit) values (214,422,'2013-02-20');
insert into Hospital.Patient (patient_registration_no, name, ssn, address,contact_no,emergency_contact_no) values ( 422,'xempu',704892241,'gkixo',92803891,79297482);
insert into Hospital.Physician (employee_number, certification_no,specialization) values ( 422,422112233,'Pediatrics');
insert into Hospital.Belongs_to(employee_number,department_id) values (422,1);
insert into Hospital.Pharmaceutical_product(product_id,cost,manufacturer) values(423,181.1931232806398,'eppdm');
insert into Hospital.Batch(batch_id,manufacture_date,expiry_date) values (423,'2013-04-13','2013-06-30');
insert into Hospital.Production(product_id,batch_id) values (423,423);
insert into Hospital.Batch(batch_id,manufacture_date,expiry_date) values (424,'2013-04-13','2013-06-30');
insert into Hospital.Production(product_id,batch_id) values (423,424);
insert into Hospital.Batch(batch_id,manufacture_date,expiry_date) values (425,'2013-04-13','2013-06-30');
insert into Hospital.Production(product_id,batch_id) values (423,425);
insert into Hospital.Batch(batch_id,manufacture_date,expiry_date) values (426,'2013-04-13','2013-06-30');
insert into Hospital.Production(product_id,batch_id) values (423,426);
insert into Hospital.Batch(batch_id,manufacture_date,expiry_date) values (427,'2013-04-13','2013-06-30');
insert into Hospital.Production(product_id,batch_id) values (423,427);
insert into Hospital.Employees (employee_number, name, location, ssn, home_address,phone_number,designation) values ( 423,'zrgim','uqfrrirxmoqqaxm',195682715,'inqet',61673431,'Administration');
insert into Hospital.Visitation(patient_registration_no,date_of_visit,diagnosis) values (423,'2013-03-06','ezcbm');
insert into Hospital.Consulted(employee_number,certification_no,patient_registration_no,date_of_visit) values(403,403112233,423,'2013-03-06');
insert into Hospital.Treated_by(patient_registration_no,date_of_visit,employee_number,treatment) values(423,2013-03-06,50);
insert into Hospital.Prescribed(product_id,patient_registration_no,date_of_visit) values (252,423,'2013-03-06');
insert into Hospital.Visitation(patient_registration_no,date_of_visit,diagnosis) values (423,'2013-02-03','xyihl');
insert into Hospital.Consulted(employee_number,certification_no,patient_registration_no,date_of_visit) values(44,44112233,423,'2013-02-03');
insert into Hospital.Treated_by(patient_registration_no,date_of_visit,employee_number,treatment) values(423,2013-02-03,96);
insert into Hospital.Prescribed(product_id,patient_registration_no,date_of_visit) values (248,423,'2013-02-03');
insert into Hospital.Visitation(patient_registration_no,date_of_visit,diagnosis) values (423,'2013-04-19','jvatd');
insert into Hospital.Consulted(employee_number,certification_no,patient_registration_no,date_of_visit) values(245,245112233,423,'2013-04-19');
insert into Hospital.Treated_by(patient_registration_no,date_of_visit,employee_number,treatment) values(423,2013-04-19,231);
insert into Hospital.Prescribed(product_id,patient_registration_no,date_of_visit) values (69,423,'2013-04-19');
insert into Hospital.Visitation(patient_registration_no,date_of_visit,diagnosis) values (423,'2013-05-20','vbnvw');
insert into Hospital.Consulted(employee_number,certification_no,patient_registration_no,date_of_visit) values(194,194112233,423,'2013-05-20');
insert into Hospital.Treated_by(patient_registration_no,date_of_visit,employee_number,treatment) values(423,2013-05-20,129);
insert into Hospital.Prescribed(product_id,patient_registration_no,date_of_visit) values (119,423,'2013-05-20');
insert into Hospital.Visitation(patient_registration_no,date_of_visit,diagnosis) values (423,'2013-06-05','mmtxc');
insert into Hospital.Consulted(employee_number,certification_no,patient_registration_no,date_of_visit) values(286,286112233,423,'2013-06-05');
insert into Hospital.Treated_by(patient_registration_no,date_of_visit,employee_number,treatment) values(423,2013-06-05,322);
insert into Hospital.Prescribed(product_id,patient_registration_no,date_of_visit) values (204,423,'2013-06-05');
insert into Hospital.Patient (patient_registration_no, name, ssn, address,contact_no,emergency_contact_no) values ( 423,'ypugt',19064969,'hglzx',23172002,32222720);
insert into Hospital.Belongs_to(employee_number,department_id) values (423,2);
insert into Hospital.Pharmaceutical_product(product_id,cost,manufacturer) values(424,116.76371308301684,'xueza');
insert into Hospital.Medicine(product_id,medicine_name,dosage) values (424,'lqmnd','nfmxh');
insert into Hospital.Employees (employee_number, name, location, ssn, home_address,phone_number,designation) values ( 424,'feibw','imwlqeuzvsxmqbn',702172035,'auqee',90520110,'Radiology');
insert into Hospital.Visitation(patient_registration_no,date_of_visit,diagnosis) values (424,'2013-04-23','gndtz');
insert into Hospital.Consulted(employee_number,certification_no,patient_registration_no,date_of_visit) values(37,37112233,424,'2013-04-23');
insert into Hospital.Treated_by(patient_registration_no,date_of_visit,employee_number,treatment) values(424,2013-04-23,88);
insert into Hospital.Prescribed(product_id,patient_registration_no,date_of_visit) values (302,424,'2013-04-23');
insert into Hospital.Visitation(patient_registration_no,date_of_visit,diagnosis) values (424,'2013-04-21','xkgqu');
insert into Hospital.Consulted(employee_number,certification_no,patient_registration_no,date_of_visit) values(348,348112233,424,'2013-04-21');
insert into Hospital.Treated_by(patient_registration_no,date_of_visit,employee_number,treatment) values(424,2013-04-21,101);
insert into Hospital.Prescribed(product_id,patient_registration_no,date_of_visit) values (44,424,'2013-04-21');
insert into Hospital.Visitation(patient_registration_no,date_of_visit,diagnosis) values (424,'2013-05-19','rmqyn');
insert into Hospital.Consulted(employee_number,certification_no,patient_registration_no,date_of_visit) values(258,258112233,424,'2013-05-19');
insert into Hospital.Treated_by(patient_registration_no,date_of_visit,employee_number,treatment) values(424,2013-05-19,375);
insert into Hospital.Prescribed(product_id,patient_registration_no,date_of_visit) values (193,424,'2013-05-19');
insert into Hospital.Visitation(patient_registration_no,date_of_visit,diagnosis) values (424,'2013-01-17','rcbcf');
insert into Hospital.Consulted(employee_number,certification_no,patient_registration_no,date_of_visit) values(58,58112233,424,'2013-01-17');
insert into Hospital.Treated_by(patient_registration_no,date_of_visit,employee_number,treatment) values(424,2013-01-17,126);
insert into Hospital.Prescribed(product_id,patient_registration_no,date_of_visit) values (197,424,'2013-01-17');
insert into Hospital.Visitation(patient_registration_no,date_of_visit,diagnosis) values (424,'2013-02-08','egxlx');
insert into Hospital.Consulted(employee_number,certification_no,patient_registration_no,date_of_visit) values(113,113112233,424,'2013-02-08');
insert into Hospital.Treated_by(patient_registration_no,date_of_visit,employee_number,treatment) values(424,2013-02-08,91);
insert into Hospital.Prescribed(product_id,patient_registration_no,date_of_visit) values (422,424,'2013-02-08');
insert into Hospital.Patient (patient_registration_no, name, ssn, address,contact_no,emergency_contact_no) values ( 424,'uauci',311976701,'zceif',74122902,63004672);
insert into Hospital.Takes (employee_number,shift_name ) values ( 424,'morning');
insert into Hospital.Belongs_to(employee_number,department_id) values (424,3);
insert into Hospital.Pharmaceutical_product(product_id,cost,manufacturer) values(425,208.76810196851443,'nmhqa');
insert into Hospital.Batch(batch_id,manufacture_date,expiry_date) values (425,'2013-01-29','2013-05-21');
insert into Hospital.Production(product_id,batch_id) values (425,425);
insert into Hospital.Batch(batch_id,manufacture_date,expiry_date) values (426,'2013-01-29','2013-05-21');
insert into Hospital.Production(product_id,batch_id) values (425,426);
insert into Hospital.Batch(batch_id,manufacture_date,expiry_date) values (427,'2013-01-29','2013-05-21');
insert into Hospital.Production(product_id,batch_id) values (425,427);
insert into Hospital.Batch(batch_id,manufacture_date,expiry_date) values (428,'2013-01-29','2013-05-21');
insert into Hospital.Production(product_id,batch_id) values (425,428);
insert into Hospital.Batch(batch_id,manufacture_date,expiry_date) values (429,'2013-01-29','2013-05-21');
insert into Hospital.Production(product_id,batch_id) values (425,429);
insert into Hospital.Employees (employee_number, name, location, ssn, home_address,phone_number,designation) values ( 425,'bjvoy','gjskcxriwxjfjay',936508186,'ettlg',58302034,'Radiology');
insert into Hospital.Visitation(patient_registration_no,date_of_visit,diagnosis) values (425,'2013-06-01','owbte');
insert into Hospital.Consulted(employee_number,certification_no,patient_registration_no,date_of_visit) values(318,318112233,425,'2013-06-01');
insert into Hospital.Treated_by(patient_registration_no,date_of_visit,employee_number,treatment) values(425,2013-06-01,396);
insert into Hospital.Prescribed(product_id,patient_registration_no,date_of_visit) values (85,425,'2013-06-01');
insert into Hospital.Visitation(patient_registration_no,date_of_visit,diagnosis) values (425,'2013-03-19','iknjw');
insert into Hospital.Consulted(employee_number,certification_no,patient_registration_no,date_of_visit) values(374,374112233,425,'2013-03-19');
insert into Hospital.Treated_by(patient_registration_no,date_of_visit,employee_number,treatment) values(425,2013-03-19,360);
insert into Hospital.Prescribed(product_id,patient_registration_no,date_of_visit) values (314,425,'2013-03-19');
insert into Hospital.Visitation(patient_registration_no,date_of_visit,diagnosis) values (425,'2013-06-08','zrzwx');
insert into Hospital.Consulted(employee_number,certification_no,patient_registration_no,date_of_visit) values(197,197112233,425,'2013-06-08');
insert into Hospital.Treated_by(patient_registration_no,date_of_visit,employee_number,treatment) values(425,2013-06-08,364);
insert into Hospital.Prescribed(product_id,patient_registration_no,date_of_visit) values (220,425,'2013-06-08');
insert into Hospital.Visitation(patient_registration_no,date_of_visit,diagnosis) values (425,'2013-09-18','nbkmt');
insert into Hospital.Consulted(employee_number,certification_no,patient_registration_no,date_of_visit) values(388,388112233,425,'2013-09-18');
insert into Hospital.Treated_by(patient_registration_no,date_of_visit,employee_number,treatment) values(425,2013-09-18,125);
insert into Hospital.Prescribed(product_id,patient_registration_no,date_of_visit) values (20,425,'2013-09-18');
insert into Hospital.Visitation(patient_registration_no,date_of_visit,diagnosis) values (425,'2013-04-09','jaosh');
insert into Hospital.Consulted(employee_number,certification_no,patient_registration_no,date_of_visit) values(37,37112233,425,'2013-04-09');
insert into Hospital.Treated_by(patient_registration_no,date_of_visit,employee_number,treatment) values(425,2013-04-09,391);
insert into Hospital.Prescribed(product_id,patient_registration_no,date_of_visit) values (214,425,'2013-04-09');
insert into Hospital.Patient (patient_registration_no, name, ssn, address,contact_no,emergency_contact_no) values ( 425,'rwgva',948020622,'gpfgx',15734383,37394736);
insert into Hospital.Takes (employee_number,shift_name ) values ( 425,'morning');
insert into Hospital.Belongs_to(employee_number,department_id) values (425,3);
insert into Hospital.Pharmaceutical_product(product_id,cost,manufacturer) values(426,997.8015059242887,'obzti');
insert into Hospital.Batch(batch_id,manufacture_date,expiry_date) values (426,'2013-01-20','2013-06-28');
insert into Hospital.Production(product_id,batch_id) values (426,426);
insert into Hospital.Batch(batch_id,manufacture_date,expiry_date) values (427,'2013-01-20','2013-06-28');
insert into Hospital.Production(product_id,batch_id) values (426,427);
insert into Hospital.Batch(batch_id,manufacture_date,expiry_date) values (428,'2013-01-20','2013-06-28');
insert into Hospital.Production(product_id,batch_id) values (426,428);
insert into Hospital.Batch(batch_id,manufacture_date,expiry_date) values (429,'2013-01-20','2013-06-28');
insert into Hospital.Production(product_id,batch_id) values (426,429);
insert into Hospital.Batch(batch_id,manufacture_date,expiry_date) values (430,'2013-01-20','2013-06-28');
insert into Hospital.Production(product_id,batch_id) values (426,430);
insert into Hospital.Employees (employee_number, name, location, ssn, home_address,phone_number,designation) values ( 426,'exmxu','nnureopbwtvcvwk',944957137,'twwqm',81869790,'Radiology');
insert into Hospital.Visitation(patient_registration_no,date_of_visit,diagnosis) values (426,'2013-01-09','rkbvj');
insert into Hospital.Consulted(employee_number,certification_no,patient_registration_no,date_of_visit) values(368,368112233,426,'2013-01-09');
insert into Hospital.Treated_by(patient_registration_no,date_of_visit,employee_number,treatment) values(426,2013-01-09,73);
insert into Hospital.Prescribed(product_id,patient_registration_no,date_of_visit) values (86,426,'2013-01-09');
insert into Hospital.Visitation(patient_registration_no,date_of_visit,diagnosis) values (426,'2013-06-03','hqpny');
insert into Hospital.Consulted(employee_number,certification_no,patient_registration_no,date_of_visit) values(12,12112233,426,'2013-06-03');
insert into Hospital.Treated_by(patient_registration_no,date_of_visit,employee_number,treatment) values(426,2013-06-03,347);
insert into Hospital.Prescribed(product_id,patient_registration_no,date_of_visit) values (412,426,'2013-06-03');
insert into Hospital.Visitation(patient_registration_no,date_of_visit,diagnosis) values (426,'2013-10-22','hhuwr');
insert into Hospital.Consulted(employee_number,certification_no,patient_registration_no,date_of_visit) values(350,350112233,426,'2013-10-22');
insert into Hospital.Treated_by(patient_registration_no,date_of_visit,employee_number,treatment) values(426,2013-10-22,64);
insert into Hospital.Prescribed(product_id,patient_registration_no,date_of_visit) values (225,426,'2013-10-22');
insert into Hospital.Visitation(patient_registration_no,date_of_visit,diagnosis) values (426,'2013-06-25','mkfcj');
insert into Hospital.Consulted(employee_number,certification_no,patient_registration_no,date_of_visit) values(286,286112233,426,'2013-06-25');
insert into Hospital.Treated_by(patient_registration_no,date_of_visit,employee_number,treatment) values(426,2013-06-25,409);
insert into Hospital.Prescribed(product_id,patient_registration_no,date_of_visit) values (342,426,'2013-06-25');
insert into Hospital.Visitation(patient_registration_no,date_of_visit,diagnosis) values (426,'2013-07-25','mzrxr');
insert into Hospital.Consulted(employee_number,certification_no,patient_registration_no,date_of_visit) values(288,288112233,426,'2013-07-25');
insert into Hospital.Treated_by(patient_registration_no,date_of_visit,employee_number,treatment) values(426,2013-07-25,380);
insert into Hospital.Prescribed(product_id,patient_registration_no,date_of_visit) values (276,426,'2013-07-25');
insert into Hospital.Patient (patient_registration_no, name, ssn, address,contact_no,emergency_contact_no) values ( 426,'szvtm',194174158,'wpexz',79457419,90787095);
insert into Hospital.Takes (employee_number,shift_name ) values ( 426,'evening');
insert into Hospital.Belongs_to(employee_number,department_id) values (426,3);
insert into Hospital.Pharmaceutical_product(product_id,cost,manufacturer) values(427,552.3360579962518,'bettf');
insert into Hospital.Batch(batch_id,manufacture_date,expiry_date) values (427,'2013-04-03','2013-07-07');
insert into Hospital.Production(product_id,batch_id) values (427,427);
insert into Hospital.Batch(batch_id,manufacture_date,expiry_date) values (428,'2013-04-03','2013-07-07');
insert into Hospital.Production(product_id,batch_id) values (427,428);
insert into Hospital.Batch(batch_id,manufacture_date,expiry_date) values (429,'2013-04-03','2013-07-07');
insert into Hospital.Production(product_id,batch_id) values (427,429);
insert into Hospital.Batch(batch_id,manufacture_date,expiry_date) values (430,'2013-04-03','2013-07-07');
insert into Hospital.Production(product_id,batch_id) values (427,430);
insert into Hospital.Batch(batch_id,manufacture_date,expiry_date) values (431,'2013-04-03','2013-07-07');
insert into Hospital.Production(product_id,batch_id) values (427,431);
insert into Hospital.Medicine(product_id,medicine_name,dosage) values (427,'kgmpq','lymbw');
insert into Hospital.Employees (employee_number, name, location, ssn, home_address,phone_number,designation) values ( 427,'blenh','dlhaswwxbgxbcgp',170296463,'mpyxy',15237838,'Administration');
insert into Hospital.Visitation(patient_registration_no,date_of_visit,diagnosis) values (427,'2013-08-12','jwafo');
insert into Hospital.Consulted(employee_number,certification_no,patient_registration_no,date_of_visit) values(151,151112233,427,'2013-08-12');
insert into Hospital.Treated_by(patient_registration_no,date_of_visit,employee_number,treatment) values(427,2013-08-12,399);
insert into Hospital.Prescribed(product_id,patient_registration_no,date_of_visit) values (19,427,'2013-08-12');
insert into Hospital.Visitation(patient_registration_no,date_of_visit,diagnosis) values (427,'2013-10-12','djfeq');
insert into Hospital.Consulted(employee_number,certification_no,patient_registration_no,date_of_visit) values(389,389112233,427,'2013-10-12');
insert into Hospital.Treated_by(patient_registration_no,date_of_visit,employee_number,treatment) values(427,2013-10-12,67);
insert into Hospital.Prescribed(product_id,patient_registration_no,date_of_visit) values (376,427,'2013-10-12');
insert into Hospital.Visitation(patient_registration_no,date_of_visit,diagnosis) values (427,'2013-08-01','xogtb');
insert into Hospital.Consulted(employee_number,certification_no,patient_registration_no,date_of_visit) values(348,348112233,427,'2013-08-01');
insert into Hospital.Treated_by(patient_registration_no,date_of_visit,employee_number,treatment) values(427,2013-08-01,424);
insert into Hospital.Prescribed(product_id,patient_registration_no,date_of_visit) values (222,427,'2013-08-01');
insert into Hospital.Visitation(patient_registration_no,date_of_visit,diagnosis) values (427,'2013-10-04','xguvw');
insert into Hospital.Consulted(employee_number,certification_no,patient_registration_no,date_of_visit) values(328,328112233,427,'2013-10-04');
insert into Hospital.Treated_by(patient_registration_no,date_of_visit,employee_number,treatment) values(427,2013-10-04,209);
insert into Hospital.Prescribed(product_id,patient_registration_no,date_of_visit) values (421,427,'2013-10-04');
insert into Hospital.Visitation(patient_registration_no,date_of_visit,diagnosis) values (427,'2013-02-23','umcnr');
insert into Hospital.Consulted(employee_number,certification_no,patient_registration_no,date_of_visit) values(92,92112233,427,'2013-02-23');
insert into Hospital.Treated_by(patient_registration_no,date_of_visit,employee_number,treatment) values(427,2013-02-23,67);
insert into Hospital.Prescribed(product_id,patient_registration_no,date_of_visit) values (91,427,'2013-02-23');
insert into Hospital.Patient (patient_registration_no, name, ssn, address,contact_no,emergency_contact_no) values ( 427,'uoddu',850610618,'nptmx',86837777,72242832);
insert into Hospital.Belongs_to(employee_number,department_id) values (427,2);
insert into Hospital.Pharmaceutical_product(product_id,cost,manufacturer) values(428,455.62061004515795,'isspc');
insert into Hospital.Batch(batch_id,manufacture_date,expiry_date) values (428,'2013-07-29','2013-08-04');
insert into Hospital.Production(product_id,batch_id) values (428,428);
insert into Hospital.Batch(batch_id,manufacture_date,expiry_date) values (429,'2013-07-29','2013-08-04');
insert into Hospital.Production(product_id,batch_id) values (428,429);
insert into Hospital.Batch(batch_id,manufacture_date,expiry_date) values (430,'2013-07-29','2013-08-04');
insert into Hospital.Production(product_id,batch_id) values (428,430);
insert into Hospital.Batch(batch_id,manufacture_date,expiry_date) values (431,'2013-07-29','2013-08-04');
insert into Hospital.Production(product_id,batch_id) values (428,431);
insert into Hospital.Batch(batch_id,manufacture_date,expiry_date) values (432,'2013-07-29','2013-08-04');
insert into Hospital.Production(product_id,batch_id) values (428,432);
insert into Hospital.Employees (employee_number, name, location, ssn, home_address,phone_number,designation) values ( 428,'vbmzf','ulbqukyfrwyljvc',834927821,'xpbey',14948757,'Administration');
insert into Hospital.Visitation(patient_registration_no,date_of_visit,diagnosis) values (428,'2013-05-18','arywp');
insert into Hospital.Consulted(employee_number,certification_no,patient_registration_no,date_of_visit) values(389,389112233,428,'2013-05-18');
insert into Hospital.Treated_by(patient_registration_no,date_of_visit,employee_number,treatment) values(428,2013-05-18,390);
insert into Hospital.Prescribed(product_id,patient_registration_no,date_of_visit) values (125,428,'2013-05-18');
insert into Hospital.Visitation(patient_registration_no,date_of_visit,diagnosis) values (428,'2013-05-05','aphvu');
insert into Hospital.Consulted(employee_number,certification_no,patient_registration_no,date_of_visit) values(41,41112233,428,'2013-05-05');
insert into Hospital.Treated_by(patient_registration_no,date_of_visit,employee_number,treatment) values(428,2013-05-05,261);
insert into Hospital.Prescribed(product_id,patient_registration_no,date_of_visit) values (44,428,'2013-05-05');
insert into Hospital.Visitation(patient_registration_no,date_of_visit,diagnosis) values (428,'2013-04-02','ijatp');
insert into Hospital.Consulted(employee_number,certification_no,patient_registration_no,date_of_visit) values(168,168112233,428,'2013-04-02');
insert into Hospital.Treated_by(patient_registration_no,date_of_visit,employee_number,treatment) values(428,2013-04-02,375);
insert into Hospital.Prescribed(product_id,patient_registration_no,date_of_visit) values (421,428,'2013-04-02');
insert into Hospital.Visitation(patient_registration_no,date_of_visit,diagnosis) values (428,'2013-05-23','sjosv');
insert into Hospital.Consulted(employee_number,certification_no,patient_registration_no,date_of_visit) values(60,60112233,428,'2013-05-23');
insert into Hospital.Treated_by(patient_registration_no,date_of_visit,employee_number,treatment) values(428,2013-05-23,248);
insert into Hospital.Prescribed(product_id,patient_registration_no,date_of_visit) values (27,428,'2013-05-23');
insert into Hospital.Visitation(patient_registration_no,date_of_visit,diagnosis) values (428,'2013-10-08','zwigi');
insert into Hospital.Consulted(employee_number,certification_no,patient_registration_no,date_of_visit) values(319,319112233,428,'2013-10-08');
insert into Hospital.Treated_by(patient_registration_no,date_of_visit,employee_number,treatment) values(428,2013-10-08,201);
insert into Hospital.Prescribed(product_id,patient_registration_no,date_of_visit) values (111,428,'2013-10-08');
insert into Hospital.Patient (patient_registration_no, name, ssn, address,contact_no,emergency_contact_no) values ( 428,'vdkmk',716310269,'pqips',82597428,17091321);
insert into Hospital.Belongs_to(employee_number,department_id) values (428,2);
insert into Hospital.Pharmaceutical_product(product_id,cost,manufacturer) values(429,864.3179297721717,'xplhd');
insert into Hospital.Batch(batch_id,manufacture_date,expiry_date) values (429,'2013-06-16','2013-09-24');
insert into Hospital.Production(product_id,batch_id) values (429,429);
insert into Hospital.Batch(batch_id,manufacture_date,expiry_date) values (430,'2013-06-16','2013-09-24');
insert into Hospital.Production(product_id,batch_id) values (429,430);
insert into Hospital.Batch(batch_id,manufacture_date,expiry_date) values (431,'2013-06-16','2013-09-24');
insert into Hospital.Production(product_id,batch_id) values (429,431);
insert into Hospital.Batch(batch_id,manufacture_date,expiry_date) values (432,'2013-06-16','2013-09-24');
insert into Hospital.Production(product_id,batch_id) values (429,432);
insert into Hospital.Batch(batch_id,manufacture_date,expiry_date) values (433,'2013-06-16','2013-09-24');
insert into Hospital.Production(product_id,batch_id) values (429,433);
insert into Hospital.Employees (employee_number, name, location, ssn, home_address,phone_number,designation) values ( 429,'mezxk','mqpzcbscwczyshw',302668608,'ucvtw',51631838,'Doctor');
insert into Hospital.Visitation(patient_registration_no,date_of_visit,diagnosis) values (429,'2013-07-14','zfkoh');
insert into Hospital.Consulted(employee_number,certification_no,patient_registration_no,date_of_visit) values(378,378112233,429,'2013-07-14');
insert into Hospital.Treated_by(patient_registration_no,date_of_visit,employee_number,treatment) values(429,2013-07-14,248);
insert into Hospital.Prescribed(product_id,patient_registration_no,date_of_visit) values (271,429,'2013-07-14');
insert into Hospital.Visitation(patient_registration_no,date_of_visit,diagnosis) values (429,'2013-10-05','phjtw');
insert into Hospital.Consulted(employee_number,certification_no,patient_registration_no,date_of_visit) values(319,319112233,429,'2013-10-05');
insert into Hospital.Treated_by(patient_registration_no,date_of_visit,employee_number,treatment) values(429,2013-10-05,48);
insert into Hospital.Prescribed(product_id,patient_registration_no,date_of_visit) values (271,429,'2013-10-05');
insert into Hospital.Visitation(patient_registration_no,date_of_visit,diagnosis) values (429,'2013-04-06','klhig');
insert into Hospital.Consulted(employee_number,certification_no,patient_registration_no,date_of_visit) values(313,313112233,429,'2013-04-06');
insert into Hospital.Treated_by(patient_registration_no,date_of_visit,employee_number,treatment) values(429,2013-04-06,351);
insert into Hospital.Prescribed(product_id,patient_registration_no,date_of_visit) values (334,429,'2013-04-06');
insert into Hospital.Visitation(patient_registration_no,date_of_visit,diagnosis) values (429,'2013-06-25','dsace');
insert into Hospital.Consulted(employee_number,certification_no,patient_registration_no,date_of_visit) values(397,397112233,429,'2013-06-25');
insert into Hospital.Treated_by(patient_registration_no,date_of_visit,employee_number,treatment) values(429,2013-06-25,84);
insert into Hospital.Prescribed(product_id,patient_registration_no,date_of_visit) values (86,429,'2013-06-25');
insert into Hospital.Visitation(patient_registration_no,date_of_visit,diagnosis) values (429,'2013-02-21','jbxof');
insert into Hospital.Consulted(employee_number,certification_no,patient_registration_no,date_of_visit) values(363,363112233,429,'2013-02-21');
insert into Hospital.Treated_by(patient_registration_no,date_of_visit,employee_number,treatment) values(429,2013-02-21,185);
insert into Hospital.Prescribed(product_id,patient_registration_no,date_of_visit) values (125,429,'2013-02-21');
insert into Hospital.Patient (patient_registration_no, name, ssn, address,contact_no,emergency_contact_no) values ( 429,'drggr',253015489,'hrzql',30985085,67952547);
insert into Hospital.Physician (employee_number, certification_no,specialization) values ( 429,429112233,'Cardiology');
insert into Hospital.Belongs_to(employee_number,department_id) values (429,1);
insert into Hospital.Pharmaceutical_product(product_id,cost,manufacturer) values(430,457.76821528820375,'izmqy');
insert into Hospital.Batch(batch_id,manufacture_date,expiry_date) values (430,'2013-02-15','2013-04-03');
insert into Hospital.Production(product_id,batch_id) values (430,430);
insert into Hospital.Batch(batch_id,manufacture_date,expiry_date) values (431,'2013-02-15','2013-04-03');
insert into Hospital.Production(product_id,batch_id) values (430,431);
insert into Hospital.Batch(batch_id,manufacture_date,expiry_date) values (432,'2013-02-15','2013-04-03');
insert into Hospital.Production(product_id,batch_id) values (430,432);
insert into Hospital.Batch(batch_id,manufacture_date,expiry_date) values (433,'2013-02-15','2013-04-03');
insert into Hospital.Production(product_id,batch_id) values (430,433);
insert into Hospital.Batch(batch_id,manufacture_date,expiry_date) values (434,'2013-02-15','2013-04-03');
insert into Hospital.Production(product_id,batch_id) values (430,434);
insert into Hospital.Medicine(product_id,medicine_name,dosage) values (430,'dloyp','ohxul');
insert into Hospital.Employees (employee_number, name, location, ssn, home_address,phone_number,designation) values ( 430,'vxznw','xyxtvkiewogfekt',105857052,'hmcxc',12475463,'Nurse');
insert into Hospital.Visitation(patient_registration_no,date_of_visit,diagnosis) values (430,'2013-01-22','acsnv');
insert into Hospital.Consulted(employee_number,certification_no,patient_registration_no,date_of_visit) values(313,313112233,430,'2013-01-22');
insert into Hospital.Treated_by(patient_registration_no,date_of_visit,employee_number,treatment) values(430,2013-01-22,354);
insert into Hospital.Prescribed(product_id,patient_registration_no,date_of_visit) values (21,430,'2013-01-22');
insert into Hospital.Visitation(patient_registration_no,date_of_visit,diagnosis) values (430,'2013-09-01','xzmbx');
insert into Hospital.Consulted(employee_number,certification_no,patient_registration_no,date_of_visit) values(122,122112233,430,'2013-09-01');
insert into Hospital.Treated_by(patient_registration_no,date_of_visit,employee_number,treatment) values(430,2013-09-01,26);
insert into Hospital.Prescribed(product_id,patient_registration_no,date_of_visit) values (51,430,'2013-09-01');
insert into Hospital.Visitation(patient_registration_no,date_of_visit,diagnosis) values (430,'2013-10-25','mqubi');
insert into Hospital.Consulted(employee_number,certification_no,patient_registration_no,date_of_visit) values(116,116112233,430,'2013-10-25');
insert into Hospital.Treated_by(patient_registration_no,date_of_visit,employee_number,treatment) values(430,2013-10-25,343);
insert into Hospital.Prescribed(product_id,patient_registration_no,date_of_visit) values (331,430,'2013-10-25');
insert into Hospital.Visitation(patient_registration_no,date_of_visit,diagnosis) values (430,'2013-08-22','kooep');
insert into Hospital.Consulted(employee_number,certification_no,patient_registration_no,date_of_visit) values(245,245112233,430,'2013-08-22');
insert into Hospital.Treated_by(patient_registration_no,date_of_visit,employee_number,treatment) values(430,2013-08-22,164);
insert into Hospital.Prescribed(product_id,patient_registration_no,date_of_visit) values (77,430,'2013-08-22');
insert into Hospital.Visitation(patient_registration_no,date_of_visit,diagnosis) values (430,'2013-05-08','yydem');
insert into Hospital.Consulted(employee_number,certification_no,patient_registration_no,date_of_visit) values(23,23112233,430,'2013-05-08');
insert into Hospital.Treated_by(patient_registration_no,date_of_visit,employee_number,treatment) values(430,2013-05-08,84);
insert into Hospital.Prescribed(product_id,patient_registration_no,date_of_visit) values (214,430,'2013-05-08');
insert into Hospital.Patient (patient_registration_no, name, ssn, address,contact_no,emergency_contact_no) values ( 430,'xogzy',641110147,'wqavw',97937458,69793145);
insert into Hospital.Takes (employee_number,shift_name ) values ( 430,'night');
insert into Hospital.Belongs_to(employee_number,department_id) values (430,3);
insert into Hospital.Pharmaceutical_product(product_id,cost,manufacturer) values(431,286.03524884853334,'uhyrr');
insert into Hospital.Medicine(product_id,medicine_name,dosage) values (431,'xccap','bvuxy');
insert into Hospital.Employees (employee_number, name, location, ssn, home_address,phone_number,designation) values ( 431,'ulnim','ozafscsmilpyugt',257685129,'ppnyz',51659176,'Nurse');
insert into Hospital.Visitation(patient_registration_no,date_of_visit,diagnosis) values (431,'2013-06-28','dxfuc');
insert into Hospital.Consulted(employee_number,certification_no,patient_registration_no,date_of_visit) values(2,2112233,431,'2013-06-28');
insert into Hospital.Treated_by(patient_registration_no,date_of_visit,employee_number,treatment) values(431,2013-06-28,39);
insert into Hospital.Prescribed(product_id,patient_registration_no,date_of_visit) values (192,431,'2013-06-28');
insert into Hospital.Visitation(patient_registration_no,date_of_visit,diagnosis) values (431,'2013-08-16','dnvcl');
insert into Hospital.Consulted(employee_number,certification_no,patient_registration_no,date_of_visit) values(45,45112233,431,'2013-08-16');
insert into Hospital.Treated_by(patient_registration_no,date_of_visit,employee_number,treatment) values(431,2013-08-16,76);
insert into Hospital.Prescribed(product_id,patient_registration_no,date_of_visit) values (49,431,'2013-08-16');
insert into Hospital.Visitation(patient_registration_no,date_of_visit,diagnosis) values (431,'2013-04-21','yrhkn');
insert into Hospital.Consulted(employee_number,certification_no,patient_registration_no,date_of_visit) values(302,302112233,431,'2013-04-21');
insert into Hospital.Treated_by(patient_registration_no,date_of_visit,employee_number,treatment) values(431,2013-04-21,49);
insert into Hospital.Prescribed(product_id,patient_registration_no,date_of_visit) values (82,431,'2013-04-21');
insert into Hospital.Visitation(patient_registration_no,date_of_visit,diagnosis) values (431,'2013-03-15','xfvbs');
insert into Hospital.Consulted(employee_number,certification_no,patient_registration_no,date_of_visit) values(120,120112233,431,'2013-03-15');
insert into Hospital.Treated_by(patient_registration_no,date_of_visit,employee_number,treatment) values(431,2013-03-15,172);
insert into Hospital.Prescribed(product_id,patient_registration_no,date_of_visit) values (327,431,'2013-03-15');
insert into Hospital.Visitation(patient_registration_no,date_of_visit,diagnosis) values (431,'2013-03-13','agzor');
insert into Hospital.Consulted(employee_number,certification_no,patient_registration_no,date_of_visit) values(397,397112233,431,'2013-03-13');
insert into Hospital.Treated_by(patient_registration_no,date_of_visit,employee_number,treatment) values(431,2013-03-13,212);
insert into Hospital.Prescribed(product_id,patient_registration_no,date_of_visit) values (94,431,'2013-03-13');
insert into Hospital.Patient (patient_registration_no, name, ssn, address,contact_no,emergency_contact_no) values ( 431,'irepz',85470875,'lrrxm',13115600,90033647);
insert into Hospital.Takes (employee_number,shift_name ) values ( 431,'morning');
insert into Hospital.Belongs_to(employee_number,department_id) values (431,3);
insert into Hospital.Pharmaceutical_product(product_id,cost,manufacturer) values(432,176.37350966190672,'locyx');
insert into Hospital.Batch(batch_id,manufacture_date,expiry_date) values (432,'2013-02-13','2013-09-22');
insert into Hospital.Production(product_id,batch_id) values (432,432);
insert into Hospital.Batch(batch_id,manufacture_date,expiry_date) values (433,'2013-02-13','2013-09-22');
insert into Hospital.Production(product_id,batch_id) values (432,433);
insert into Hospital.Batch(batch_id,manufacture_date,expiry_date) values (434,'2013-02-13','2013-09-22');
insert into Hospital.Production(product_id,batch_id) values (432,434);
insert into Hospital.Batch(batch_id,manufacture_date,expiry_date) values (435,'2013-02-13','2013-09-22');
insert into Hospital.Production(product_id,batch_id) values (432,435);
insert into Hospital.Batch(batch_id,manufacture_date,expiry_date) values (436,'2013-02-13','2013-09-22');
insert into Hospital.Production(product_id,batch_id) values (432,436);
insert into Hospital.Medicine(product_id,medicine_name,dosage) values (432,'ngoiv','gfzod');
insert into Hospital.Employees (employee_number, name, location, ssn, home_address,phone_number,designation) values ( 432,'whday','eoxwfxxleaczlkw',528767099,'brusk',25823575,'Radiology');
insert into Hospital.Visitation(patient_registration_no,date_of_visit,diagnosis) values (432,'2013-08-31','qwcjh');
insert into Hospital.Consulted(employee_number,certification_no,patient_registration_no,date_of_visit) values(350,350112233,432,'2013-08-31');
insert into Hospital.Treated_by(patient_registration_no,date_of_visit,employee_number,treatment) values(432,2013-08-31,189);
insert into Hospital.Prescribed(product_id,patient_registration_no,date_of_visit) values (414,432,'2013-08-31');
insert into Hospital.Visitation(patient_registration_no,date_of_visit,diagnosis) values (432,'2013-10-26','adiaz');
insert into Hospital.Consulted(employee_number,certification_no,patient_registration_no,date_of_visit) values(318,318112233,432,'2013-10-26');
insert into Hospital.Treated_by(patient_registration_no,date_of_visit,employee_number,treatment) values(432,2013-10-26,101);
insert into Hospital.Prescribed(product_id,patient_registration_no,date_of_visit) values (364,432,'2013-10-26');
insert into Hospital.Visitation(patient_registration_no,date_of_visit,diagnosis) values (432,'2013-03-08','atdwu');
insert into Hospital.Consulted(employee_number,certification_no,patient_registration_no,date_of_visit) values(94,94112233,432,'2013-03-08');
insert into Hospital.Treated_by(patient_registration_no,date_of_visit,employee_number,treatment) values(432,2013-03-08,83);
insert into Hospital.Prescribed(product_id,patient_registration_no,date_of_visit) values (41,432,'2013-03-08');
insert into Hospital.Visitation(patient_registration_no,date_of_visit,diagnosis) values (432,'2013-09-01','rxqaq');
insert into Hospital.Consulted(employee_number,certification_no,patient_registration_no,date_of_visit) values(276,276112233,432,'2013-09-01');
insert into Hospital.Treated_by(patient_registration_no,date_of_visit,employee_number,treatment) values(432,2013-09-01,18);
insert into Hospital.Prescribed(product_id,patient_registration_no,date_of_visit) values (320,432,'2013-09-01');
insert into Hospital.Visitation(patient_registration_no,date_of_visit,diagnosis) values (432,'2013-09-30','mbpdk');
insert into Hospital.Consulted(employee_number,certification_no,patient_registration_no,date_of_visit) values(107,107112233,432,'2013-09-30');
insert into Hospital.Treated_by(patient_registration_no,date_of_visit,employee_number,treatment) values(432,2013-09-30,260);
insert into Hospital.Prescribed(product_id,patient_registration_no,date_of_visit) values (366,432,'2013-09-30');
insert into Hospital.Patient (patient_registration_no, name, ssn, address,contact_no,emergency_contact_no) values ( 432,'dozuh',686758182,'amllh',48094472,61925077);
insert into Hospital.Takes (employee_number,shift_name ) values ( 432,'morning');
insert into Hospital.Belongs_to(employee_number,department_id) values (432,3);
insert into Hospital.Pharmaceutical_product(product_id,cost,manufacturer) values(433,866.7304998500697,'gggoe');
insert into Hospital.Employees (employee_number, name, location, ssn, home_address,phone_number,designation) values ( 433,'jvuye','qksbynzzubsvvob',105252938,'tbanb',68428635,'Administration');
insert into Hospital.Visitation(patient_registration_no,date_of_visit,diagnosis) values (433,'2013-07-06','sddnr');
insert into Hospital.Consulted(employee_number,certification_no,patient_registration_no,date_of_visit) values(45,45112233,433,'2013-07-06');
insert into Hospital.Treated_by(patient_registration_no,date_of_visit,employee_number,treatment) values(433,2013-07-06,272);
insert into Hospital.Prescribed(product_id,patient_registration_no,date_of_visit) values (79,433,'2013-07-06');
insert into Hospital.Visitation(patient_registration_no,date_of_visit,diagnosis) values (433,'2013-05-29','kaoqq');
insert into Hospital.Consulted(employee_number,certification_no,patient_registration_no,date_of_visit) values(299,299112233,433,'2013-05-29');
insert into Hospital.Treated_by(patient_registration_no,date_of_visit,employee_number,treatment) values(433,2013-05-29,409);
insert into Hospital.Prescribed(product_id,patient_registration_no,date_of_visit) values (46,433,'2013-05-29');
insert into Hospital.Visitation(patient_registration_no,date_of_visit,diagnosis) values (433,'2013-03-03','xrpuc');
insert into Hospital.Consulted(employee_number,certification_no,patient_registration_no,date_of_visit) values(51,51112233,433,'2013-03-03');
insert into Hospital.Treated_by(patient_registration_no,date_of_visit,employee_number,treatment) values(433,2013-03-03,83);
insert into Hospital.Prescribed(product_id,patient_registration_no,date_of_visit) values (170,433,'2013-03-03');
insert into Hospital.Visitation(patient_registration_no,date_of_visit,diagnosis) values (433,'2013-04-20','iykcf');
insert into Hospital.Consulted(employee_number,certification_no,patient_registration_no,date_of_visit) values(355,355112233,433,'2013-04-20');
insert into Hospital.Treated_by(patient_registration_no,date_of_visit,employee_number,treatment) values(433,2013-04-20,39);
insert into Hospital.Prescribed(product_id,patient_registration_no,date_of_visit) values (144,433,'2013-04-20');
insert into Hospital.Visitation(patient_registration_no,date_of_visit,diagnosis) values (433,'2013-01-02','qfwcq');
insert into Hospital.Consulted(employee_number,certification_no,patient_registration_no,date_of_visit) values(422,422112233,433,'2013-01-02');
insert into Hospital.Treated_by(patient_registration_no,date_of_visit,employee_number,treatment) values(433,2013-01-02,87);
insert into Hospital.Prescribed(product_id,patient_registration_no,date_of_visit) values (51,433,'2013-01-02');
insert into Hospital.Patient (patient_registration_no, name, ssn, address,contact_no,emergency_contact_no) values ( 433,'gmqtu',164495378,'jseyv',27749976,35677105);
insert into Hospital.Belongs_to(employee_number,department_id) values (433,2);
insert into Hospital.Pharmaceutical_product(product_id,cost,manufacturer) values(434,581.6453393377384,'ancll');
insert into Hospital.Batch(batch_id,manufacture_date,expiry_date) values (434,'2013-02-03','2013-04-04');
insert into Hospital.Production(product_id,batch_id) values (434,434);
insert into Hospital.Batch(batch_id,manufacture_date,expiry_date) values (435,'2013-02-03','2013-04-04');
insert into Hospital.Production(product_id,batch_id) values (434,435);
insert into Hospital.Batch(batch_id,manufacture_date,expiry_date) values (436,'2013-02-03','2013-04-04');
insert into Hospital.Production(product_id,batch_id) values (434,436);
insert into Hospital.Batch(batch_id,manufacture_date,expiry_date) values (437,'2013-02-03','2013-04-04');
insert into Hospital.Production(product_id,batch_id) values (434,437);
insert into Hospital.Batch(batch_id,manufacture_date,expiry_date) values (438,'2013-02-03','2013-04-04');
insert into Hospital.Production(product_id,batch_id) values (434,438);
insert into Hospital.Employees (employee_number, name, location, ssn, home_address,phone_number,designation) values ( 434,'leeyd','cifqdizlwtfzpzb',835723576,'cquvk',12985906,'Radiology');
insert into Hospital.Visitation(patient_registration_no,date_of_visit,diagnosis) values (434,'2013-02-28','xbztx');
insert into Hospital.Consulted(employee_number,certification_no,patient_registration_no,date_of_visit) values(46,46112233,434,'2013-02-28');
insert into Hospital.Treated_by(patient_registration_no,date_of_visit,employee_number,treatment) values(434,2013-02-28,73);
insert into Hospital.Prescribed(product_id,patient_registration_no,date_of_visit) values (282,434,'2013-02-28');
insert into Hospital.Visitation(patient_registration_no,date_of_visit,diagnosis) values (434,'2013-03-23','lfilo');
insert into Hospital.Consulted(employee_number,certification_no,patient_registration_no,date_of_visit) values(51,51112233,434,'2013-03-23');
insert into Hospital.Treated_by(patient_registration_no,date_of_visit,employee_number,treatment) values(434,2013-03-23,129);
insert into Hospital.Prescribed(product_id,patient_registration_no,date_of_visit) values (217,434,'2013-03-23');
insert into Hospital.Visitation(patient_registration_no,date_of_visit,diagnosis) values (434,'2013-04-29','unkfq');
insert into Hospital.Consulted(employee_number,certification_no,patient_registration_no,date_of_visit) values(258,258112233,434,'2013-04-29');
insert into Hospital.Treated_by(patient_registration_no,date_of_visit,employee_number,treatment) values(434,2013-04-29,382);
insert into Hospital.Prescribed(product_id,patient_registration_no,date_of_visit) values (363,434,'2013-04-29');
insert into Hospital.Visitation(patient_registration_no,date_of_visit,diagnosis) values (434,'2013-09-21','wxnkx');
insert into Hospital.Consulted(employee_number,certification_no,patient_registration_no,date_of_visit) values(51,51112233,434,'2013-09-21');
insert into Hospital.Treated_by(patient_registration_no,date_of_visit,employee_number,treatment) values(434,2013-09-21,178);
insert into Hospital.Prescribed(product_id,patient_registration_no,date_of_visit) values (386,434,'2013-09-21');
insert into Hospital.Visitation(patient_registration_no,date_of_visit,diagnosis) values (434,'2013-03-14','qwboa');
insert into Hospital.Consulted(employee_number,certification_no,patient_registration_no,date_of_visit) values(168,168112233,434,'2013-03-14');
insert into Hospital.Treated_by(patient_registration_no,date_of_visit,employee_number,treatment) values(434,2013-03-14,354);
insert into Hospital.Prescribed(product_id,patient_registration_no,date_of_visit) values (105,434,'2013-03-14');
insert into Hospital.Patient (patient_registration_no, name, ssn, address,contact_no,emergency_contact_no) values ( 434,'gmrka',954211708,'nimsi',31436499,62658356);
insert into Hospital.Takes (employee_number,shift_name ) values ( 434,'morning');
insert into Hospital.Belongs_to(employee_number,department_id) values (434,3);
insert into Hospital.Pharmaceutical_product(product_id,cost,manufacturer) values(435,249.5259289573395,'qfmho');
insert into Hospital.Employees (employee_number, name, location, ssn, home_address,phone_number,designation) values ( 435,'olgwu','oxlqelemvekcjxp',313242616,'mxely',43303803,'Radiology');
insert into Hospital.Visitation(patient_registration_no,date_of_visit,diagnosis) values (435,'2013-09-13','orfno');
insert into Hospital.Consulted(employee_number,certification_no,patient_registration_no,date_of_visit) values(230,230112233,435,'2013-09-13');
insert into Hospital.Treated_by(patient_registration_no,date_of_visit,employee_number,treatment) values(435,2013-09-13,385);
insert into Hospital.Prescribed(product_id,patient_registration_no,date_of_visit) values (122,435,'2013-09-13');
insert into Hospital.Visitation(patient_registration_no,date_of_visit,diagnosis) values (435,'2013-08-29','ujheu');
insert into Hospital.Consulted(employee_number,certification_no,patient_registration_no,date_of_visit) values(318,318112233,435,'2013-08-29');
insert into Hospital.Treated_by(patient_registration_no,date_of_visit,employee_number,treatment) values(435,2013-08-29,364);
insert into Hospital.Prescribed(product_id,patient_registration_no,date_of_visit) values (270,435,'2013-08-29');
insert into Hospital.Visitation(patient_registration_no,date_of_visit,diagnosis) values (435,'2013-04-22','jcguh');
insert into Hospital.Consulted(employee_number,certification_no,patient_registration_no,date_of_visit) values(232,232112233,435,'2013-04-22');
insert into Hospital.Treated_by(patient_registration_no,date_of_visit,employee_number,treatment) values(435,2013-04-22,237);
insert into Hospital.Prescribed(product_id,patient_registration_no,date_of_visit) values (217,435,'2013-04-22');
insert into Hospital.Visitation(patient_registration_no,date_of_visit,diagnosis) values (435,'2013-02-22','mfltj');
insert into Hospital.Consulted(employee_number,certification_no,patient_registration_no,date_of_visit) values(376,376112233,435,'2013-02-22');
insert into Hospital.Treated_by(patient_registration_no,date_of_visit,employee_number,treatment) values(435,2013-02-22,64);
insert into Hospital.Prescribed(product_id,patient_registration_no,date_of_visit) values (328,435,'2013-02-22');
insert into Hospital.Visitation(patient_registration_no,date_of_visit,diagnosis) values (435,'2013-08-26','vgajs');
insert into Hospital.Consulted(employee_number,certification_no,patient_registration_no,date_of_visit) values(228,228112233,435,'2013-08-26');
insert into Hospital.Treated_by(patient_registration_no,date_of_visit,employee_number,treatment) values(435,2013-08-26,48);
insert into Hospital.Prescribed(product_id,patient_registration_no,date_of_visit) values (118,435,'2013-08-26');
insert into Hospital.Patient (patient_registration_no, name, ssn, address,contact_no,emergency_contact_no) values ( 435,'tgofu',412679038,'vhazc',72523397,51039582);
insert into Hospital.Takes (employee_number,shift_name ) values ( 435,'evening');
insert into Hospital.Belongs_to(employee_number,department_id) values (435,3);
insert into Hospital.Pharmaceutical_product(product_id,cost,manufacturer) values(436,169.2924620552187,'hyppk');
insert into Hospital.Employees (employee_number, name, location, ssn, home_address,phone_number,designation) values ( 436,'gmqpt','hxajalgciugscwo',399773778,'ghqir',28159269,'Administration');
insert into Hospital.Visitation(patient_registration_no,date_of_visit,diagnosis) values (436,'2013-05-24','oeflr');
insert into Hospital.Consulted(employee_number,certification_no,patient_registration_no,date_of_visit) values(51,51112233,436,'2013-05-24');
insert into Hospital.Treated_by(patient_registration_no,date_of_visit,employee_number,treatment) values(436,2013-05-24,351);
insert into Hospital.Prescribed(product_id,patient_registration_no,date_of_visit) values (91,436,'2013-05-24');
insert into Hospital.Visitation(patient_registration_no,date_of_visit,diagnosis) values (436,'2013-05-17','mqzbk');
insert into Hospital.Consulted(employee_number,certification_no,patient_registration_no,date_of_visit) values(388,388112233,436,'2013-05-17');
insert into Hospital.Treated_by(patient_registration_no,date_of_visit,employee_number,treatment) values(436,2013-05-17,195);
insert into Hospital.Prescribed(product_id,patient_registration_no,date_of_visit) values (108,436,'2013-05-17');
insert into Hospital.Visitation(patient_registration_no,date_of_visit,diagnosis) values (436,'2013-05-01','lflue');
insert into Hospital.Consulted(employee_number,certification_no,patient_registration_no,date_of_visit) values(368,368112233,436,'2013-05-01');
insert into Hospital.Treated_by(patient_registration_no,date_of_visit,employee_number,treatment) values(436,2013-05-01,362);
insert into Hospital.Prescribed(product_id,patient_registration_no,date_of_visit) values (147,436,'2013-05-01');
insert into Hospital.Visitation(patient_registration_no,date_of_visit,diagnosis) values (436,'2013-01-28','wrdee');
insert into Hospital.Consulted(employee_number,certification_no,patient_registration_no,date_of_visit) values(120,120112233,436,'2013-01-28');
insert into Hospital.Treated_by(patient_registration_no,date_of_visit,employee_number,treatment) values(436,2013-01-28,312);
insert into Hospital.Prescribed(product_id,patient_registration_no,date_of_visit) values (233,436,'2013-01-28');
insert into Hospital.Visitation(patient_registration_no,date_of_visit,diagnosis) values (436,'2013-10-13','uibis');
insert into Hospital.Consulted(employee_number,certification_no,patient_registration_no,date_of_visit) values(297,297112233,436,'2013-10-13');
insert into Hospital.Treated_by(patient_registration_no,date_of_visit,employee_number,treatment) values(436,2013-10-13,88);
insert into Hospital.Prescribed(product_id,patient_registration_no,date_of_visit) values (276,436,'2013-10-13');
insert into Hospital.Patient (patient_registration_no, name, ssn, address,contact_no,emergency_contact_no) values ( 436,'rcrun',322398049,'jqibp',33069727,14412922);
insert into Hospital.Belongs_to(employee_number,department_id) values (436,2);
insert into Hospital.Pharmaceutical_product(product_id,cost,manufacturer) values(437,488.0819735448253,'rejlw');
insert into Hospital.Employees (employee_number, name, location, ssn, home_address,phone_number,designation) values ( 437,'tufoy','kxukbxoesxjzalz',477376791,'ofsry',37212621,'Doctor');
insert into Hospital.Visitation(patient_registration_no,date_of_visit,diagnosis) values (437,'2013-04-01','jepyf');
insert into Hospital.Consulted(employee_number,certification_no,patient_registration_no,date_of_visit) values(245,245112233,437,'2013-04-01');
insert into Hospital.Treated_by(patient_registration_no,date_of_visit,employee_number,treatment) values(437,2013-04-01,354);
insert into Hospital.Prescribed(product_id,patient_registration_no,date_of_visit) values (298,437,'2013-04-01');
insert into Hospital.Visitation(patient_registration_no,date_of_visit,diagnosis) values (437,'2013-02-05','tbvll');
insert into Hospital.Consulted(employee_number,certification_no,patient_registration_no,date_of_visit) values(41,41112233,437,'2013-02-05');
insert into Hospital.Treated_by(patient_registration_no,date_of_visit,employee_number,treatment) values(437,2013-02-05,385);
insert into Hospital.Prescribed(product_id,patient_registration_no,date_of_visit) values (84,437,'2013-02-05');
insert into Hospital.Visitation(patient_registration_no,date_of_visit,diagnosis) values (437,'2013-08-07','pugog');
insert into Hospital.Consulted(employee_number,certification_no,patient_registration_no,date_of_visit) values(368,368112233,437,'2013-08-07');
insert into Hospital.Treated_by(patient_registration_no,date_of_visit,employee_number,treatment) values(437,2013-08-07,81);
insert into Hospital.Prescribed(product_id,patient_registration_no,date_of_visit) values (280,437,'2013-08-07');
insert into Hospital.Visitation(patient_registration_no,date_of_visit,diagnosis) values (437,'2013-01-31','bjgof');
insert into Hospital.Consulted(employee_number,certification_no,patient_registration_no,date_of_visit) values(403,403112233,437,'2013-01-31');
insert into Hospital.Treated_by(patient_registration_no,date_of_visit,employee_number,treatment) values(437,2013-01-31,231);
insert into Hospital.Prescribed(product_id,patient_registration_no,date_of_visit) values (367,437,'2013-01-31');
insert into Hospital.Visitation(patient_registration_no,date_of_visit,diagnosis) values (437,'2013-09-11','fjmgh');
insert into Hospital.Consulted(employee_number,certification_no,patient_registration_no,date_of_visit) values(41,41112233,437,'2013-09-11');
insert into Hospital.Treated_by(patient_registration_no,date_of_visit,employee_number,treatment) values(437,2013-09-11,91);
insert into Hospital.Prescribed(product_id,patient_registration_no,date_of_visit) values (78,437,'2013-09-11');
insert into Hospital.Patient (patient_registration_no, name, ssn, address,contact_no,emergency_contact_no) values ( 437,'eytrk',379977764,'uthaj',61018281,96789431);
insert into Hospital.Physician (employee_number, certification_no,specialization) values ( 437,437112233,'Anesthesiology');
insert into Hospital.Belongs_to(employee_number,department_id) values (437,1);
insert into Hospital.Pharmaceutical_product(product_id,cost,manufacturer) values(438,968.7569105864499,'azphy');
insert into Hospital.Medicine(product_id,medicine_name,dosage) values (438,'cvwyr','hwqjs');
insert into Hospital.Employees (employee_number, name, location, ssn, home_address,phone_number,designation) values ( 438,'arryi','uimxlyidquebmcu',515754923,'tfwhc',45409516,'Radiology');
insert into Hospital.Visitation(patient_registration_no,date_of_visit,diagnosis) values (438,'2013-05-29','ozcqo');
insert into Hospital.Consulted(employee_number,certification_no,patient_registration_no,date_of_visit) values(389,389112233,438,'2013-05-29');
insert into Hospital.Treated_by(patient_registration_no,date_of_visit,employee_number,treatment) values(438,2013-05-29,169);
insert into Hospital.Prescribed(product_id,patient_registration_no,date_of_visit) values (24,438,'2013-05-29');
insert into Hospital.Visitation(patient_registration_no,date_of_visit,diagnosis) values (438,'2013-04-09','zslcp');
insert into Hospital.Consulted(employee_number,certification_no,patient_registration_no,date_of_visit) values(21,21112233,438,'2013-04-09');
insert into Hospital.Treated_by(patient_registration_no,date_of_visit,employee_number,treatment) values(438,2013-04-09,165);
insert into Hospital.Prescribed(product_id,patient_registration_no,date_of_visit) values (385,438,'2013-04-09');
insert into Hospital.Visitation(patient_registration_no,date_of_visit,diagnosis) values (438,'2013-05-22','byxqj');
insert into Hospital.Consulted(employee_number,certification_no,patient_registration_no,date_of_visit) values(262,262112233,438,'2013-05-22');
insert into Hospital.Treated_by(patient_registration_no,date_of_visit,employee_number,treatment) values(438,2013-05-22,377);
insert into Hospital.Prescribed(product_id,patient_registration_no,date_of_visit) values (280,438,'2013-05-22');
insert into Hospital.Visitation(patient_registration_no,date_of_visit,diagnosis) values (438,'2013-07-31','jbhjy');
insert into Hospital.Consulted(employee_number,certification_no,patient_registration_no,date_of_visit) values(244,244112233,438,'2013-07-31');
insert into Hospital.Treated_by(patient_registration_no,date_of_visit,employee_number,treatment) values(438,2013-07-31,233);
insert into Hospital.Prescribed(product_id,patient_registration_no,date_of_visit) values (424,438,'2013-07-31');
insert into Hospital.Visitation(patient_registration_no,date_of_visit,diagnosis) values (438,'2013-07-13','fbjlj');
insert into Hospital.Consulted(employee_number,certification_no,patient_registration_no,date_of_visit) values(268,268112233,438,'2013-07-13');
insert into Hospital.Treated_by(patient_registration_no,date_of_visit,employee_number,treatment) values(438,2013-07-13,375);
insert into Hospital.Prescribed(product_id,patient_registration_no,date_of_visit) values (424,438,'2013-07-13');
insert into Hospital.Patient (patient_registration_no, name, ssn, address,contact_no,emergency_contact_no) values ( 438,'huvds',349853903,'otrps',59605638,29374802);
insert into Hospital.Takes (employee_number,shift_name ) values ( 438,'morning');
insert into Hospital.Belongs_to(employee_number,department_id) values (438,3);
insert into Hospital.Pharmaceutical_product(product_id,cost,manufacturer) values(439,600.0183325778617,'jacpr');
insert into Hospital.Employees (employee_number, name, location, ssn, home_address,phone_number,designation) values ( 439,'pgawd','aeagbyqxauldonx',793948139,'knsma',60691564,'Doctor');
insert into Hospital.Visitation(patient_registration_no,date_of_visit,diagnosis) values (439,'2013-01-17','taxcx');
insert into Hospital.Consulted(employee_number,certification_no,patient_registration_no,date_of_visit) values(429,429112233,439,'2013-01-17');
insert into Hospital.Treated_by(patient_registration_no,date_of_visit,employee_number,treatment) values(439,2013-01-17,340);
insert into Hospital.Prescribed(product_id,patient_registration_no,date_of_visit) values (85,439,'2013-01-17');
insert into Hospital.Visitation(patient_registration_no,date_of_visit,diagnosis) values (439,'2013-03-02','brzxg');
insert into Hospital.Consulted(employee_number,certification_no,patient_registration_no,date_of_visit) values(133,133112233,439,'2013-03-02');
insert into Hospital.Treated_by(patient_registration_no,date_of_visit,employee_number,treatment) values(439,2013-03-02,76);
insert into Hospital.Prescribed(product_id,patient_registration_no,date_of_visit) values (366,439,'2013-03-02');
insert into Hospital.Visitation(patient_registration_no,date_of_visit,diagnosis) values (439,'2013-07-12','nifrd');
insert into Hospital.Consulted(employee_number,certification_no,patient_registration_no,date_of_visit) values(12,12112233,439,'2013-07-12');
insert into Hospital.Treated_by(patient_registration_no,date_of_visit,employee_number,treatment) values(439,2013-07-12,203);
insert into Hospital.Prescribed(product_id,patient_registration_no,date_of_visit) values (414,439,'2013-07-12');
insert into Hospital.Visitation(patient_registration_no,date_of_visit,diagnosis) values (439,'2013-07-09','sgupn');
insert into Hospital.Consulted(employee_number,certification_no,patient_registration_no,date_of_visit) values(230,230112233,439,'2013-07-09');
insert into Hospital.Treated_by(patient_registration_no,date_of_visit,employee_number,treatment) values(439,2013-07-09,87);
insert into Hospital.Prescribed(product_id,patient_registration_no,date_of_visit) values (51,439,'2013-07-09');
insert into Hospital.Visitation(patient_registration_no,date_of_visit,diagnosis) values (439,'2013-07-03','vwzne');
insert into Hospital.Consulted(employee_number,certification_no,patient_registration_no,date_of_visit) values(216,216112233,439,'2013-07-03');
insert into Hospital.Treated_by(patient_registration_no,date_of_visit,employee_number,treatment) values(439,2013-07-03,377);
insert into Hospital.Prescribed(product_id,patient_registration_no,date_of_visit) values (408,439,'2013-07-03');
insert into Hospital.Patient (patient_registration_no, name, ssn, address,contact_no,emergency_contact_no) values ( 439,'zvxrz',295547364,'ckrgj',79811487,23264149);
insert into Hospital.Physician (employee_number, certification_no,specialization) values ( 439,439112233,'Pediatrics');
insert into Hospital.Belongs_to(employee_number,department_id) values (439,1);
insert into Hospital.Pharmaceutical_product(product_id,cost,manufacturer) values(440,147.1088292380131,'uynuw');
insert into Hospital.Medicine(product_id,medicine_name,dosage) values (440,'ncpml','xqwet');
insert into Hospital.Employees (employee_number, name, location, ssn, home_address,phone_number,designation) values ( 440,'worul','gyixnubrfsrcoet',922022796,'kyqxv',25512480,'Nurse');
insert into Hospital.Visitation(patient_registration_no,date_of_visit,diagnosis) values (440,'2013-06-03','igufs');
insert into Hospital.Consulted(employee_number,certification_no,patient_registration_no,date_of_visit) values(286,286112233,440,'2013-06-03');
insert into Hospital.Treated_by(patient_registration_no,date_of_visit,employee_number,treatment) values(440,2013-06-03,30);
insert into Hospital.Prescribed(product_id,patient_registration_no,date_of_visit) values (90,440,'2013-06-03');
insert into Hospital.Visitation(patient_registration_no,date_of_visit,diagnosis) values (440,'2013-04-08','fjjvj');
insert into Hospital.Consulted(employee_number,certification_no,patient_registration_no,date_of_visit) values(232,232112233,440,'2013-04-08');
insert into Hospital.Treated_by(patient_registration_no,date_of_visit,employee_number,treatment) values(440,2013-04-08,178);
insert into Hospital.Prescribed(product_id,patient_registration_no,date_of_visit) values (90,440,'2013-04-08');
insert into Hospital.Visitation(patient_registration_no,date_of_visit,diagnosis) values (440,'2013-02-25','yfgme');
insert into Hospital.Consulted(employee_number,certification_no,patient_registration_no,date_of_visit) values(184,184112233,440,'2013-02-25');
insert into Hospital.Treated_by(patient_registration_no,date_of_visit,employee_number,treatment) values(440,2013-02-25,185);
insert into Hospital.Prescribed(product_id,patient_registration_no,date_of_visit) values (210,440,'2013-02-25');
insert into Hospital.Visitation(patient_registration_no,date_of_visit,diagnosis) values (440,'2013-02-25','hwzpu');
insert into Hospital.Consulted(employee_number,certification_no,patient_registration_no,date_of_visit) values(381,381112233,440,'2013-02-25');
insert into Hospital.Treated_by(patient_registration_no,date_of_visit,employee_number,treatment) values(440,2013-02-25,165);
insert into Hospital.Prescribed(product_id,patient_registration_no,date_of_visit) values (173,440,'2013-02-25');
insert into Hospital.Visitation(patient_registration_no,date_of_visit,diagnosis) values (440,'2013-09-22','rmlku');
insert into Hospital.Consulted(employee_number,certification_no,patient_registration_no,date_of_visit) values(107,107112233,440,'2013-09-22');
insert into Hospital.Treated_by(patient_registration_no,date_of_visit,employee_number,treatment) values(440,2013-09-22,104);
insert into Hospital.Prescribed(product_id,patient_registration_no,date_of_visit) values (375,440,'2013-09-22');
insert into Hospital.Patient (patient_registration_no, name, ssn, address,contact_no,emergency_contact_no) values ( 440,'hxlpm',779167110,'kmwab',29790067,45696831);
insert into Hospital.Takes (employee_number,shift_name ) values ( 440,'evening');
insert into Hospital.Belongs_to(employee_number,department_id) values (440,3);
insert into Hospital.Pharmaceutical_product(product_id,cost,manufacturer) values(441,497.0192016104925,'zmarb');
insert into Hospital.Batch(batch_id,manufacture_date,expiry_date) values (441,'2013-02-19','2013-10-13');
insert into Hospital.Production(product_id,batch_id) values (441,441);
insert into Hospital.Batch(batch_id,manufacture_date,expiry_date) values (442,'2013-02-19','2013-10-13');
insert into Hospital.Production(product_id,batch_id) values (441,442);
insert into Hospital.Batch(batch_id,manufacture_date,expiry_date) values (443,'2013-02-19','2013-10-13');
insert into Hospital.Production(product_id,batch_id) values (441,443);
insert into Hospital.Batch(batch_id,manufacture_date,expiry_date) values (444,'2013-02-19','2013-10-13');
insert into Hospital.Production(product_id,batch_id) values (441,444);
insert into Hospital.Batch(batch_id,manufacture_date,expiry_date) values (445,'2013-02-19','2013-10-13');
insert into Hospital.Production(product_id,batch_id) values (441,445);
insert into Hospital.Employees (employee_number, name, location, ssn, home_address,phone_number,designation) values ( 441,'kfqzd','cthvkkowdyfzbpn',626474494,'ztblk',45495623,'Doctor');
insert into Hospital.Visitation(patient_registration_no,date_of_visit,diagnosis) values (441,'2013-06-19','qcbdv');
insert into Hospital.Consulted(employee_number,certification_no,patient_registration_no,date_of_visit) values(246,246112233,441,'2013-06-19');
insert into Hospital.Treated_by(patient_registration_no,date_of_visit,employee_number,treatment) values(441,2013-06-19,248);
insert into Hospital.Prescribed(product_id,patient_registration_no,date_of_visit) values (204,441,'2013-06-19');
insert into Hospital.Visitation(patient_registration_no,date_of_visit,diagnosis) values (441,'2013-07-04','qmgkx');
insert into Hospital.Consulted(employee_number,certification_no,patient_registration_no,date_of_visit) values(348,348112233,441,'2013-07-04');
insert into Hospital.Treated_by(patient_registration_no,date_of_visit,employee_number,treatment) values(441,2013-07-04,340);
insert into Hospital.Prescribed(product_id,patient_registration_no,date_of_visit) values (319,441,'2013-07-04');
insert into Hospital.Visitation(patient_registration_no,date_of_visit,diagnosis) values (441,'2013-08-09','lvrui');
insert into Hospital.Consulted(employee_number,certification_no,patient_registration_no,date_of_visit) values(75,75112233,441,'2013-08-09');
insert into Hospital.Treated_by(patient_registration_no,date_of_visit,employee_number,treatment) values(441,2013-08-09,196);
insert into Hospital.Prescribed(product_id,patient_registration_no,date_of_visit) values (177,441,'2013-08-09');
insert into Hospital.Visitation(patient_registration_no,date_of_visit,diagnosis) values (441,'2013-03-30','kpuud');
insert into Hospital.Consulted(employee_number,certification_no,patient_registration_no,date_of_visit) values(9,9112233,441,'2013-03-30');
insert into Hospital.Treated_by(patient_registration_no,date_of_visit,employee_number,treatment) values(441,2013-03-30,434);
insert into Hospital.Prescribed(product_id,patient_registration_no,date_of_visit) values (354,441,'2013-03-30');
insert into Hospital.Visitation(patient_registration_no,date_of_visit,diagnosis) values (441,'2013-10-11','ubptx');
insert into Hospital.Consulted(employee_number,certification_no,patient_registration_no,date_of_visit) values(113,113112233,441,'2013-10-11');
insert into Hospital.Treated_by(patient_registration_no,date_of_visit,employee_number,treatment) values(441,2013-10-11,209);
insert into Hospital.Prescribed(product_id,patient_registration_no,date_of_visit) values (217,441,'2013-10-11');
insert into Hospital.Patient (patient_registration_no, name, ssn, address,contact_no,emergency_contact_no) values ( 441,'tgiof',172344869,'kgujj',87312355,87784915);
insert into Hospital.Physician (employee_number, certification_no,specialization) values ( 441,441112233,'Pediatrics');
insert into Hospital.Belongs_to(employee_number,department_id) values (441,1);
insert into Hospital.Pharmaceutical_product(product_id,cost,manufacturer) values(442,651.6277421758938,'sbxcp');
insert into Hospital.Employees (employee_number, name, location, ssn, home_address,phone_number,designation) values ( 442,'szwwf','bqxvggihgsmrhwv',627813224,'wuwdv',30650168,'Administration');
insert into Hospital.Visitation(patient_registration_no,date_of_visit,diagnosis) values (442,'2013-10-19','koxit');
insert into Hospital.Consulted(employee_number,certification_no,patient_registration_no,date_of_visit) values(8,8112233,442,'2013-10-19');
insert into Hospital.Treated_by(patient_registration_no,date_of_visit,employee_number,treatment) values(442,2013-10-19,263);
insert into Hospital.Prescribed(product_id,patient_registration_no,date_of_visit) values (302,442,'2013-10-19');
insert into Hospital.Visitation(patient_registration_no,date_of_visit,diagnosis) values (442,'2013-02-14','corkk');
insert into Hospital.Consulted(employee_number,certification_no,patient_registration_no,date_of_visit) values(1,1112233,442,'2013-02-14');
insert into Hospital.Treated_by(patient_registration_no,date_of_visit,employee_number,treatment) values(442,2013-02-14,71);
insert into Hospital.Prescribed(product_id,patient_registration_no,date_of_visit) values (90,442,'2013-02-14');
insert into Hospital.Visitation(patient_registration_no,date_of_visit,diagnosis) values (442,'2013-04-30','wguxz');
insert into Hospital.Consulted(employee_number,certification_no,patient_registration_no,date_of_visit) values(35,35112233,442,'2013-04-30');
insert into Hospital.Treated_by(patient_registration_no,date_of_visit,employee_number,treatment) values(442,2013-04-30,231);
insert into Hospital.Prescribed(product_id,patient_registration_no,date_of_visit) values (257,442,'2013-04-30');
insert into Hospital.Visitation(patient_registration_no,date_of_visit,diagnosis) values (442,'2013-03-19','ptpjn');
insert into Hospital.Consulted(employee_number,certification_no,patient_registration_no,date_of_visit) values(326,326112233,442,'2013-03-19');
insert into Hospital.Treated_by(patient_registration_no,date_of_visit,employee_number,treatment) values(442,2013-03-19,241);
insert into Hospital.Prescribed(product_id,patient_registration_no,date_of_visit) values (373,442,'2013-03-19');
insert into Hospital.Visitation(patient_registration_no,date_of_visit,diagnosis) values (442,'2013-04-08','vtvbx');
insert into Hospital.Consulted(employee_number,certification_no,patient_registration_no,date_of_visit) values(268,268112233,442,'2013-04-08');
insert into Hospital.Treated_by(patient_registration_no,date_of_visit,employee_number,treatment) values(442,2013-04-08,380);
insert into Hospital.Prescribed(product_id,patient_registration_no,date_of_visit) values (430,442,'2013-04-08');
insert into Hospital.Patient (patient_registration_no, name, ssn, address,contact_no,emergency_contact_no) values ( 442,'gewsf',618461086,'teirx',54522097,70458256);
insert into Hospital.Belongs_to(employee_number,department_id) values (442,2);
insert into Hospital.Pharmaceutical_product(product_id,cost,manufacturer) values(443,850.5624294630578,'oyphp');
insert into Hospital.Medicine(product_id,medicine_name,dosage) values (443,'fqyny','jidkk');
insert into Hospital.Employees (employee_number, name, location, ssn, home_address,phone_number,designation) values ( 443,'mkpcr','jtlqmroecsofoob',132969911,'lhoob',37293608,'Administration');
insert into Hospital.Visitation(patient_registration_no,date_of_visit,diagnosis) values (443,'2013-05-31','xviiy');
insert into Hospital.Consulted(employee_number,certification_no,patient_registration_no,date_of_visit) values(238,238112233,443,'2013-05-31');
insert into Hospital.Treated_by(patient_registration_no,date_of_visit,employee_number,treatment) values(443,2013-05-31,382);
insert into Hospital.Prescribed(product_id,patient_registration_no,date_of_visit) values (232,443,'2013-05-31');
insert into Hospital.Visitation(patient_registration_no,date_of_visit,diagnosis) values (443,'2013-01-16','imgpv');
insert into Hospital.Consulted(employee_number,certification_no,patient_registration_no,date_of_visit) values(13,13112233,443,'2013-01-16');
insert into Hospital.Treated_by(patient_registration_no,date_of_visit,employee_number,treatment) values(443,2013-01-16,81);
insert into Hospital.Prescribed(product_id,patient_registration_no,date_of_visit) values (173,443,'2013-01-16');
insert into Hospital.Visitation(patient_registration_no,date_of_visit,diagnosis) values (443,'2013-02-28','vzqea');
insert into Hospital.Consulted(employee_number,certification_no,patient_registration_no,date_of_visit) values(1,1112233,443,'2013-02-28');
insert into Hospital.Treated_by(patient_registration_no,date_of_visit,employee_number,treatment) values(443,2013-02-28,336);
insert into Hospital.Prescribed(product_id,patient_registration_no,date_of_visit) values (77,443,'2013-02-28');
insert into Hospital.Visitation(patient_registration_no,date_of_visit,diagnosis) values (443,'2013-07-28','eltyl');
insert into Hospital.Consulted(employee_number,certification_no,patient_registration_no,date_of_visit) values(216,216112233,443,'2013-07-28');
insert into Hospital.Treated_by(patient_registration_no,date_of_visit,employee_number,treatment) values(443,2013-07-28,345);
insert into Hospital.Prescribed(product_id,patient_registration_no,date_of_visit) values (1,443,'2013-07-28');
insert into Hospital.Visitation(patient_registration_no,date_of_visit,diagnosis) values (443,'2013-05-21','mpeff');
insert into Hospital.Consulted(employee_number,certification_no,patient_registration_no,date_of_visit) values(130,130112233,443,'2013-05-21');
insert into Hospital.Treated_by(patient_registration_no,date_of_visit,employee_number,treatment) values(443,2013-05-21,432);
insert into Hospital.Prescribed(product_id,patient_registration_no,date_of_visit) values (41,443,'2013-05-21');
insert into Hospital.Patient (patient_registration_no, name, ssn, address,contact_no,emergency_contact_no) values ( 443,'opptt',241522825,'gfhrx',24379246,84231287);
insert into Hospital.Belongs_to(employee_number,department_id) values (443,2);
insert into Hospital.Pharmaceutical_product(product_id,cost,manufacturer) values(444,642.3714167002894,'wbpqc');
insert into Hospital.Medicine(product_id,medicine_name,dosage) values (444,'cagth','nxgiz');
insert into Hospital.Employees (employee_number, name, location, ssn, home_address,phone_number,designation) values ( 444,'wxpyz','renmykwavlvkrkt',156608273,'zybzr',21445110,'Radiology');
insert into Hospital.Visitation(patient_registration_no,date_of_visit,diagnosis) values (444,'2013-05-06','aixtr');
insert into Hospital.Consulted(employee_number,certification_no,patient_registration_no,date_of_visit) values(75,75112233,444,'2013-05-06');
insert into Hospital.Treated_by(patient_registration_no,date_of_visit,employee_number,treatment) values(444,2013-05-06,126);
insert into Hospital.Prescribed(product_id,patient_registration_no,date_of_visit) values (322,444,'2013-05-06');
insert into Hospital.Visitation(patient_registration_no,date_of_visit,diagnosis) values (444,'2013-01-23','naaos');
insert into Hospital.Consulted(employee_number,certification_no,patient_registration_no,date_of_visit) values(208,208112233,444,'2013-01-23');
insert into Hospital.Treated_by(patient_registration_no,date_of_visit,employee_number,treatment) values(444,2013-01-23,49);
insert into Hospital.Prescribed(product_id,patient_registration_no,date_of_visit) values (193,444,'2013-01-23');
insert into Hospital.Visitation(patient_registration_no,date_of_visit,diagnosis) values (444,'2013-04-14','elhpd');
insert into Hospital.Consulted(employee_number,certification_no,patient_registration_no,date_of_visit) values(363,363112233,444,'2013-04-14');
insert into Hospital.Treated_by(patient_registration_no,date_of_visit,employee_number,treatment) values(444,2013-04-14,322);
insert into Hospital.Prescribed(product_id,patient_registration_no,date_of_visit) values (27,444,'2013-04-14');
insert into Hospital.Visitation(patient_registration_no,date_of_visit,diagnosis) values (444,'2013-04-20','vphpo');
insert into Hospital.Consulted(employee_number,certification_no,patient_registration_no,date_of_visit) values(35,35112233,444,'2013-04-20');
insert into Hospital.Treated_by(patient_registration_no,date_of_visit,employee_number,treatment) values(444,2013-04-20,129);
insert into Hospital.Prescribed(product_id,patient_registration_no,date_of_visit) values (118,444,'2013-04-20');
insert into Hospital.Visitation(patient_registration_no,date_of_visit,diagnosis) values (444,'2013-04-13','ndvvk');
insert into Hospital.Consulted(employee_number,certification_no,patient_registration_no,date_of_visit) values(374,374112233,444,'2013-04-13');
insert into Hospital.Treated_by(patient_registration_no,date_of_visit,employee_number,treatment) values(444,2013-04-13,61);
insert into Hospital.Prescribed(product_id,patient_registration_no,date_of_visit) values (278,444,'2013-04-13');
insert into Hospital.Patient (patient_registration_no, name, ssn, address,contact_no,emergency_contact_no) values ( 444,'aukyq',652507630,'bdynw',95732146,97922736);
insert into Hospital.Takes (employee_number,shift_name ) values ( 444,'morning');
insert into Hospital.Belongs_to(employee_number,department_id) values (444,3);
insert into Hospital.Pharmaceutical_product(product_id,cost,manufacturer) values(445,882.3705578924402,'rxgjh');
insert into Hospital.Employees (employee_number, name, location, ssn, home_address,phone_number,designation) values ( 445,'mjwvu','agfknlaejuosuob',128875450,'gzddk',30140088,'Administration');
insert into Hospital.Visitation(patient_registration_no,date_of_visit,diagnosis) values (445,'2013-08-27','tpczq');
insert into Hospital.Consulted(employee_number,certification_no,patient_registration_no,date_of_visit) values(279,279112233,445,'2013-08-27');
insert into Hospital.Treated_by(patient_registration_no,date_of_visit,employee_number,treatment) values(445,2013-08-27,424);
insert into Hospital.Prescribed(product_id,patient_registration_no,date_of_visit) values (382,445,'2013-08-27');
insert into Hospital.Visitation(patient_registration_no,date_of_visit,diagnosis) values (445,'2013-06-11','vdoii');
insert into Hospital.Consulted(employee_number,certification_no,patient_registration_no,date_of_visit) values(381,381112233,445,'2013-06-11');
insert into Hospital.Treated_by(patient_registration_no,date_of_visit,employee_number,treatment) values(445,2013-06-11,49);
insert into Hospital.Prescribed(product_id,patient_registration_no,date_of_visit) values (49,445,'2013-06-11');
insert into Hospital.Visitation(patient_registration_no,date_of_visit,diagnosis) values (445,'2013-04-19','qiqyd');
insert into Hospital.Consulted(employee_number,certification_no,patient_registration_no,date_of_visit) values(184,184112233,445,'2013-04-19');
insert into Hospital.Treated_by(patient_registration_no,date_of_visit,employee_number,treatment) values(445,2013-04-19,432);
insert into Hospital.Prescribed(product_id,patient_registration_no,date_of_visit) values (215,445,'2013-04-19');
insert into Hospital.Visitation(patient_registration_no,date_of_visit,diagnosis) values (445,'2013-02-28','usctm');
insert into Hospital.Consulted(employee_number,certification_no,patient_registration_no,date_of_visit) values(116,116112233,445,'2013-02-28');
insert into Hospital.Treated_by(patient_registration_no,date_of_visit,employee_number,treatment) values(445,2013-02-28,201);
insert into Hospital.Prescribed(product_id,patient_registration_no,date_of_visit) values (364,445,'2013-02-28');
insert into Hospital.Visitation(patient_registration_no,date_of_visit,diagnosis) values (445,'2013-08-14','wffhb');
insert into Hospital.Consulted(employee_number,certification_no,patient_registration_no,date_of_visit) values(276,276112233,445,'2013-08-14');
insert into Hospital.Treated_by(patient_registration_no,date_of_visit,employee_number,treatment) values(445,2013-08-14,351);
insert into Hospital.Prescribed(product_id,patient_registration_no,date_of_visit) values (334,445,'2013-08-14');
insert into Hospital.Patient (patient_registration_no, name, ssn, address,contact_no,emergency_contact_no) values ( 445,'vuoyg',204657524,'ghtff',79898144,69462587);
insert into Hospital.Belongs_to(employee_number,department_id) values (445,2);
insert into Hospital.Pharmaceutical_product(product_id,cost,manufacturer) values(446,295.68391249045413,'srkbt');
insert into Hospital.Medicine(product_id,medicine_name,dosage) values (446,'ylssv','ocjkf');
insert into Hospital.Employees (employee_number, name, location, ssn, home_address,phone_number,designation) values ( 446,'kutjg','kkyecdhmafmqgxg',71756145,'goput',55706503,'Radiology');
insert into Hospital.Visitation(patient_registration_no,date_of_visit,diagnosis) values (446,'2013-04-01','pnedy');
insert into Hospital.Consulted(employee_number,certification_no,patient_registration_no,date_of_visit) values(141,141112233,446,'2013-04-01');
insert into Hospital.Treated_by(patient_registration_no,date_of_visit,employee_number,treatment) values(446,2013-04-01,375);
insert into Hospital.Prescribed(product_id,patient_registration_no,date_of_visit) values (339,446,'2013-04-01');
insert into Hospital.Visitation(patient_registration_no,date_of_visit,diagnosis) values (446,'2013-07-14','qchtv');
insert into Hospital.Consulted(employee_number,certification_no,patient_registration_no,date_of_visit) values(130,130112233,446,'2013-07-14');
insert into Hospital.Treated_by(patient_registration_no,date_of_visit,employee_number,treatment) values(446,2013-07-14,178);
insert into Hospital.Prescribed(product_id,patient_registration_no,date_of_visit) values (376,446,'2013-07-14');
insert into Hospital.Visitation(patient_registration_no,date_of_visit,diagnosis) values (446,'2013-02-20','fungs');
insert into Hospital.Consulted(employee_number,certification_no,patient_registration_no,date_of_visit) values(51,51112233,446,'2013-02-20');
insert into Hospital.Treated_by(patient_registration_no,date_of_visit,employee_number,treatment) values(446,2013-02-20,343);
insert into Hospital.Prescribed(product_id,patient_registration_no,date_of_visit) values (28,446,'2013-02-20');
insert into Hospital.Visitation(patient_registration_no,date_of_visit,diagnosis) values (446,'2013-02-14','mjzhu');
insert into Hospital.Consulted(employee_number,certification_no,patient_registration_no,date_of_visit) values(397,397112233,446,'2013-02-14');
insert into Hospital.Treated_by(patient_registration_no,date_of_visit,employee_number,treatment) values(446,2013-02-14,390);
insert into Hospital.Prescribed(product_id,patient_registration_no,date_of_visit) values (367,446,'2013-02-14');
insert into Hospital.Visitation(patient_registration_no,date_of_visit,diagnosis) values (446,'2013-08-05','hcvla');
insert into Hospital.Consulted(employee_number,certification_no,patient_registration_no,date_of_visit) values(21,21112233,446,'2013-08-05');
insert into Hospital.Treated_by(patient_registration_no,date_of_visit,employee_number,treatment) values(446,2013-08-05,169);
insert into Hospital.Prescribed(product_id,patient_registration_no,date_of_visit) values (292,446,'2013-08-05');
insert into Hospital.Patient (patient_registration_no, name, ssn, address,contact_no,emergency_contact_no) values ( 446,'oeluq',964337081,'rgdpc',80899718,94305800);
insert into Hospital.Takes (employee_number,shift_name ) values ( 446,'morning');
insert into Hospital.Belongs_to(employee_number,department_id) values (446,3);
insert into Hospital.Pharmaceutical_product(product_id,cost,manufacturer) values(447,859.773289209889,'ccdjh');
insert into Hospital.Batch(batch_id,manufacture_date,expiry_date) values (447,'2013-09-21','2013-09-26');
insert into Hospital.Production(product_id,batch_id) values (447,447);
insert into Hospital.Batch(batch_id,manufacture_date,expiry_date) values (448,'2013-09-21','2013-09-26');
insert into Hospital.Production(product_id,batch_id) values (447,448);
insert into Hospital.Batch(batch_id,manufacture_date,expiry_date) values (449,'2013-09-21','2013-09-26');
insert into Hospital.Production(product_id,batch_id) values (447,449);
insert into Hospital.Batch(batch_id,manufacture_date,expiry_date) values (450,'2013-09-21','2013-09-26');
insert into Hospital.Production(product_id,batch_id) values (447,450);
insert into Hospital.Batch(batch_id,manufacture_date,expiry_date) values (451,'2013-09-21','2013-09-26');
insert into Hospital.Production(product_id,batch_id) values (447,451);
insert into Hospital.Medicine(product_id,medicine_name,dosage) values (447,'njitc','ibskg');
insert into Hospital.Employees (employee_number, name, location, ssn, home_address,phone_number,designation) values ( 447,'menzq','bzqbnvgqaqsoiwl',970485384,'biotk',19823913,'Nurse');
insert into Hospital.Visitation(patient_registration_no,date_of_visit,diagnosis) values (447,'2013-09-19','zovbs');
insert into Hospital.Consulted(employee_number,certification_no,patient_registration_no,date_of_visit) values(341,341112233,447,'2013-09-19');
insert into Hospital.Treated_by(patient_registration_no,date_of_visit,employee_number,treatment) values(447,2013-09-19,112);
insert into Hospital.Prescribed(product_id,patient_registration_no,date_of_visit) values (160,447,'2013-09-19');
insert into Hospital.Visitation(patient_registration_no,date_of_visit,diagnosis) values (447,'2013-07-11','vldsk');
insert into Hospital.Consulted(employee_number,certification_no,patient_registration_no,date_of_visit) values(395,395112233,447,'2013-07-11');
insert into Hospital.Treated_by(patient_registration_no,date_of_visit,employee_number,treatment) values(447,2013-07-11,101);
insert into Hospital.Prescribed(product_id,patient_registration_no,date_of_visit) values (192,447,'2013-07-11');
insert into Hospital.Visitation(patient_registration_no,date_of_visit,diagnosis) values (447,'2013-05-08','uibzd');
insert into Hospital.Consulted(employee_number,certification_no,patient_registration_no,date_of_visit) values(258,258112233,447,'2013-05-08');
insert into Hospital.Treated_by(patient_registration_no,date_of_visit,employee_number,treatment) values(447,2013-05-08,382);
insert into Hospital.Prescribed(product_id,patient_registration_no,date_of_visit) values (411,447,'2013-05-08');
insert into Hospital.Visitation(patient_registration_no,date_of_visit,diagnosis) values (447,'2013-05-27','rlplg');
insert into Hospital.Consulted(employee_number,certification_no,patient_registration_no,date_of_visit) values(60,60112233,447,'2013-05-27');
insert into Hospital.Treated_by(patient_registration_no,date_of_visit,employee_number,treatment) values(447,2013-05-27,61);
insert into Hospital.Prescribed(product_id,patient_registration_no,date_of_visit) values (173,447,'2013-05-27');
insert into Hospital.Visitation(patient_registration_no,date_of_visit,diagnosis) values (447,'2013-03-01','vgrfa');
insert into Hospital.Consulted(employee_number,certification_no,patient_registration_no,date_of_visit) values(274,274112233,447,'2013-03-01');
insert into Hospital.Treated_by(patient_registration_no,date_of_visit,employee_number,treatment) values(447,2013-03-01,356);
insert into Hospital.Prescribed(product_id,patient_registration_no,date_of_visit) values (318,447,'2013-03-01');
insert into Hospital.Patient (patient_registration_no, name, ssn, address,contact_no,emergency_contact_no) values ( 447,'zuvqf',915423688,'xxlzp',45550130,33651538);
insert into Hospital.Takes (employee_number,shift_name ) values ( 447,'night');
insert into Hospital.Belongs_to(employee_number,department_id) values (447,3);
insert into Hospital.Pharmaceutical_product(product_id,cost,manufacturer) values(448,872.1271429646479,'tmjxu');
insert into Hospital.Batch(batch_id,manufacture_date,expiry_date) values (448,'2013-02-19','2013-10-27');
insert into Hospital.Production(product_id,batch_id) values (448,448);
insert into Hospital.Batch(batch_id,manufacture_date,expiry_date) values (449,'2013-02-19','2013-10-27');
insert into Hospital.Production(product_id,batch_id) values (448,449);
insert into Hospital.Batch(batch_id,manufacture_date,expiry_date) values (450,'2013-02-19','2013-10-27');
insert into Hospital.Production(product_id,batch_id) values (448,450);
insert into Hospital.Batch(batch_id,manufacture_date,expiry_date) values (451,'2013-02-19','2013-10-27');
insert into Hospital.Production(product_id,batch_id) values (448,451);
insert into Hospital.Batch(batch_id,manufacture_date,expiry_date) values (452,'2013-02-19','2013-10-27');
insert into Hospital.Production(product_id,batch_id) values (448,452);
insert into Hospital.Employees (employee_number, name, location, ssn, home_address,phone_number,designation) values ( 448,'kraie','awbajpvwaexfucf',438884795,'srbie',64993624,'Nurse');
insert into Hospital.Visitation(patient_registration_no,date_of_visit,diagnosis) values (448,'2013-08-25','ayupy');
insert into Hospital.Consulted(employee_number,certification_no,patient_registration_no,date_of_visit) values(29,29112233,448,'2013-08-25');
insert into Hospital.Treated_by(patient_registration_no,date_of_visit,employee_number,treatment) values(448,2013-08-25,315);
insert into Hospital.Prescribed(product_id,patient_registration_no,date_of_visit) values (220,448,'2013-08-25');
insert into Hospital.Visitation(patient_registration_no,date_of_visit,diagnosis) values (448,'2013-04-25','pbcau');
insert into Hospital.Consulted(employee_number,certification_no,patient_registration_no,date_of_visit) values(66,66112233,448,'2013-04-25');
insert into Hospital.Treated_by(patient_registration_no,date_of_visit,employee_number,treatment) values(448,2013-04-25,87);
insert into Hospital.Prescribed(product_id,patient_registration_no,date_of_visit) values (123,448,'2013-04-25');
insert into Hospital.Visitation(patient_registration_no,date_of_visit,diagnosis) values (448,'2013-07-04','cfrms');
insert into Hospital.Consulted(employee_number,certification_no,patient_registration_no,date_of_visit) values(120,120112233,448,'2013-07-04');
insert into Hospital.Treated_by(patient_registration_no,date_of_visit,employee_number,treatment) values(448,2013-07-04,19);
insert into Hospital.Prescribed(product_id,patient_registration_no,date_of_visit) values (294,448,'2013-07-04');
insert into Hospital.Visitation(patient_registration_no,date_of_visit,diagnosis) values (448,'2013-06-06','yvgct');
insert into Hospital.Consulted(employee_number,certification_no,patient_registration_no,date_of_visit) values(111,111112233,448,'2013-06-06');
insert into Hospital.Treated_by(patient_registration_no,date_of_visit,employee_number,treatment) values(448,2013-06-06,382);
insert into Hospital.Prescribed(product_id,patient_registration_no,date_of_visit) values (91,448,'2013-06-06');
insert into Hospital.Visitation(patient_registration_no,date_of_visit,diagnosis) values (448,'2013-08-24','zyjom');
insert into Hospital.Consulted(employee_number,certification_no,patient_registration_no,date_of_visit) values(230,230112233,448,'2013-08-24');
insert into Hospital.Treated_by(patient_registration_no,date_of_visit,employee_number,treatment) values(448,2013-08-24,379);
insert into Hospital.Prescribed(product_id,patient_registration_no,date_of_visit) values (113,448,'2013-08-24');
insert into Hospital.Patient (patient_registration_no, name, ssn, address,contact_no,emergency_contact_no) values ( 448,'yovhu',177931894,'remwn',28250652,96812644);
insert into Hospital.Takes (employee_number,shift_name ) values ( 448,'night');
insert into Hospital.Belongs_to(employee_number,department_id) values (448,3);
insert into Hospital.Pharmaceutical_product(product_id,cost,manufacturer) values(449,568.1092264974352,'zhkvx');
insert into Hospital.Batch(batch_id,manufacture_date,expiry_date) values (449,'2013-04-23','2013-09-04');
insert into Hospital.Production(product_id,batch_id) values (449,449);
insert into Hospital.Batch(batch_id,manufacture_date,expiry_date) values (450,'2013-04-23','2013-09-04');
insert into Hospital.Production(product_id,batch_id) values (449,450);
insert into Hospital.Batch(batch_id,manufacture_date,expiry_date) values (451,'2013-04-23','2013-09-04');
insert into Hospital.Production(product_id,batch_id) values (449,451);
insert into Hospital.Batch(batch_id,manufacture_date,expiry_date) values (452,'2013-04-23','2013-09-04');
insert into Hospital.Production(product_id,batch_id) values (449,452);
insert into Hospital.Batch(batch_id,manufacture_date,expiry_date) values (453,'2013-04-23','2013-09-04');
insert into Hospital.Production(product_id,batch_id) values (449,453);
insert into Hospital.Employees (employee_number, name, location, ssn, home_address,phone_number,designation) values ( 449,'zbcjw','ptgxbztcfdsaoha',413510183,'bwhcl',50676889,'Radiology');
insert into Hospital.Visitation(patient_registration_no,date_of_visit,diagnosis) values (449,'2013-04-22','queex');
insert into Hospital.Consulted(employee_number,certification_no,patient_registration_no,date_of_visit) values(401,401112233,449,'2013-04-22');
insert into Hospital.Treated_by(patient_registration_no,date_of_visit,employee_number,treatment) values(449,2013-04-22,331);
insert into Hospital.Prescribed(product_id,patient_registration_no,date_of_visit) values (302,449,'2013-04-22');
insert into Hospital.Visitation(patient_registration_no,date_of_visit,diagnosis) values (449,'2013-05-22','nevle');
insert into Hospital.Consulted(employee_number,certification_no,patient_registration_no,date_of_visit) values(6,6112233,449,'2013-05-22');
insert into Hospital.Treated_by(patient_registration_no,date_of_visit,employee_number,treatment) values(449,2013-05-22,315);
insert into Hospital.Prescribed(product_id,patient_registration_no,date_of_visit) values (78,449,'2013-05-22');
insert into Hospital.Visitation(patient_registration_no,date_of_visit,diagnosis) values (449,'2013-02-01','abbiv');
insert into Hospital.Consulted(employee_number,certification_no,patient_registration_no,date_of_visit) values(139,139112233,449,'2013-02-01');
insert into Hospital.Treated_by(patient_registration_no,date_of_visit,employee_number,treatment) values(449,2013-02-01,315);
insert into Hospital.Prescribed(product_id,patient_registration_no,date_of_visit) values (211,449,'2013-02-01');
insert into Hospital.Visitation(patient_registration_no,date_of_visit,diagnosis) values (449,'2013-02-15','jeqxu');
insert into Hospital.Consulted(employee_number,certification_no,patient_registration_no,date_of_visit) values(208,208112233,449,'2013-02-15');
insert into Hospital.Treated_by(patient_registration_no,date_of_visit,employee_number,treatment) values(449,2013-02-15,260);
insert into Hospital.Prescribed(product_id,patient_registration_no,date_of_visit) values (191,449,'2013-02-15');
insert into Hospital.Visitation(patient_registration_no,date_of_visit,diagnosis) values (449,'2013-07-21','logrf');
insert into Hospital.Consulted(employee_number,certification_no,patient_registration_no,date_of_visit) values(133,133112233,449,'2013-07-21');
insert into Hospital.Treated_by(patient_registration_no,date_of_visit,employee_number,treatment) values(449,2013-07-21,272);
insert into Hospital.Prescribed(product_id,patient_registration_no,date_of_visit) values (366,449,'2013-07-21');
insert into Hospital.Patient (patient_registration_no, name, ssn, address,contact_no,emergency_contact_no) values ( 449,'yoxqy',231538005,'dvuro',91716744,59923717);
insert into Hospital.Takes (employee_number,shift_name ) values ( 449,'night');
insert into Hospital.Belongs_to(employee_number,department_id) values (449,3);
insert into Hospital.Pharmaceutical_product(product_id,cost,manufacturer) values(450,331.53958561626877,'tahoo');
insert into Hospital.Employees (employee_number, name, location, ssn, home_address,phone_number,designation) values ( 450,'wtnva','ijulfimxzvknpcb',679092035,'lnvvj',12611842,'Doctor');
insert into Hospital.Visitation(patient_registration_no,date_of_visit,diagnosis) values (450,'2013-08-11','uhifg');
insert into Hospital.Consulted(employee_number,certification_no,patient_registration_no,date_of_visit) values(326,326112233,450,'2013-08-11');
insert into Hospital.Treated_by(patient_registration_no,date_of_visit,employee_number,treatment) values(450,2013-08-11,432);
insert into Hospital.Prescribed(product_id,patient_registration_no,date_of_visit) values (111,450,'2013-08-11');
insert into Hospital.Visitation(patient_registration_no,date_of_visit,diagnosis) values (450,'2013-05-15','khbhq');
insert into Hospital.Consulted(employee_number,certification_no,patient_registration_no,date_of_visit) values(197,197112233,450,'2013-05-15');
insert into Hospital.Treated_by(patient_registration_no,date_of_visit,employee_number,treatment) values(450,2013-05-15,382);
insert into Hospital.Prescribed(product_id,patient_registration_no,date_of_visit) values (376,450,'2013-05-15');
insert into Hospital.Visitation(patient_registration_no,date_of_visit,diagnosis) values (450,'2013-08-11','egwsr');
insert into Hospital.Consulted(employee_number,certification_no,patient_registration_no,date_of_visit) values(401,401112233,450,'2013-08-11');
insert into Hospital.Treated_by(patient_registration_no,date_of_visit,employee_number,treatment) values(450,2013-08-11,260);
insert into Hospital.Prescribed(product_id,patient_registration_no,date_of_visit) values (292,450,'2013-08-11');
insert into Hospital.Visitation(patient_registration_no,date_of_visit,diagnosis) values (450,'2013-05-06','jdfmf');
insert into Hospital.Consulted(employee_number,certification_no,patient_registration_no,date_of_visit) values(265,265112233,450,'2013-05-06');
insert into Hospital.Treated_by(patient_registration_no,date_of_visit,employee_number,treatment) values(450,2013-05-06,351);
insert into Hospital.Prescribed(product_id,patient_registration_no,date_of_visit) values (416,450,'2013-05-06');
insert into Hospital.Visitation(patient_registration_no,date_of_visit,diagnosis) values (450,'2013-08-27','ewapx');
insert into Hospital.Consulted(employee_number,certification_no,patient_registration_no,date_of_visit) values(363,363112233,450,'2013-08-27');
insert into Hospital.Treated_by(patient_registration_no,date_of_visit,employee_number,treatment) values(450,2013-08-27,73);
insert into Hospital.Prescribed(product_id,patient_registration_no,date_of_visit) values (37,450,'2013-08-27');
insert into Hospital.Patient (patient_registration_no, name, ssn, address,contact_no,emergency_contact_no) values ( 450,'wupty',514727421,'sjnwy',49076362,75395475);
insert into Hospital.Physician (employee_number, certification_no,specialization) values ( 450,450112233,'Pediatrics');
insert into Hospital.Belongs_to(employee_number,department_id) values (450,1);
insert into Hospital.Pharmaceutical_product(product_id,cost,manufacturer) values(451,366.7952925709218,'ealtp');
insert into Hospital.Medicine(product_id,medicine_name,dosage) values (451,'drqky','dgfei');
insert into Hospital.Employees (employee_number, name, location, ssn, home_address,phone_number,designation) values ( 451,'adfeh','ngvzzkezavkfajs',278624087,'ioqpq',45588894,'Doctor');
insert into Hospital.Visitation(patient_registration_no,date_of_visit,diagnosis) values (451,'2013-09-11','slvsd');
insert into Hospital.Consulted(employee_number,certification_no,patient_registration_no,date_of_visit) values(287,287112233,451,'2013-09-11');
insert into Hospital.Treated_by(patient_registration_no,date_of_visit,employee_number,treatment) values(451,2013-09-11,209);
insert into Hospital.Prescribed(product_id,patient_registration_no,date_of_visit) values (360,451,'2013-09-11');
insert into Hospital.Visitation(patient_registration_no,date_of_visit,diagnosis) values (451,'2013-03-05','ciycc');
insert into Hospital.Consulted(employee_number,certification_no,patient_registration_no,date_of_visit) values(274,274112233,451,'2013-03-05');
insert into Hospital.Treated_by(patient_registration_no,date_of_visit,employee_number,treatment) values(451,2013-03-05,178);
insert into Hospital.Prescribed(product_id,patient_registration_no,date_of_visit) values (138,451,'2013-03-05');
insert into Hospital.Visitation(patient_registration_no,date_of_visit,diagnosis) values (451,'2013-04-01','tskts');
insert into Hospital.Consulted(employee_number,certification_no,patient_registration_no,date_of_visit) values(288,288112233,451,'2013-04-01');
insert into Hospital.Treated_by(patient_registration_no,date_of_visit,employee_number,treatment) values(451,2013-04-01,390);
insert into Hospital.Prescribed(product_id,patient_registration_no,date_of_visit) values (381,451,'2013-04-01');
insert into Hospital.Visitation(patient_registration_no,date_of_visit,diagnosis) values (451,'2013-05-11','moxdu');
insert into Hospital.Consulted(employee_number,certification_no,patient_registration_no,date_of_visit) values(44,44112233,451,'2013-05-11');
insert into Hospital.Treated_by(patient_registration_no,date_of_visit,employee_number,treatment) values(451,2013-05-11,91);
insert into Hospital.Prescribed(product_id,patient_registration_no,date_of_visit) values (232,451,'2013-05-11');
insert into Hospital.Visitation(patient_registration_no,date_of_visit,diagnosis) values (451,'2013-05-26','xlgdk');
insert into Hospital.Consulted(employee_number,certification_no,patient_registration_no,date_of_visit) values(44,44112233,451,'2013-05-26');
insert into Hospital.Treated_by(patient_registration_no,date_of_visit,employee_number,treatment) values(451,2013-05-26,221);
insert into Hospital.Prescribed(product_id,patient_registration_no,date_of_visit) values (432,451,'2013-05-26');
insert into Hospital.Patient (patient_registration_no, name, ssn, address,contact_no,emergency_contact_no) values ( 451,'kedwa',357863915,'crzqt',66155135,74554183);
insert into Hospital.Physician (employee_number, certification_no,specialization) values ( 451,451112233,'Pediatrics');
insert into Hospital.Belongs_to(employee_number,department_id) values (451,1);
insert into Hospital.Pharmaceutical_product(product_id,cost,manufacturer) values(452,987.3919055396727,'prplv');
insert into Hospital.Employees (employee_number, name, location, ssn, home_address,phone_number,designation) values ( 452,'taukk','vdezklmgludyufq',777583720,'bejdk',71718869,'Administration');
insert into Hospital.Visitation(patient_registration_no,date_of_visit,diagnosis) values (452,'2013-03-09','amdfz');
insert into Hospital.Consulted(employee_number,certification_no,patient_registration_no,date_of_visit) values(137,137112233,452,'2013-03-09');
insert into Hospital.Treated_by(patient_registration_no,date_of_visit,employee_number,treatment) values(452,2013-03-09,201);
insert into Hospital.Prescribed(product_id,patient_registration_no,date_of_visit) values (294,452,'2013-03-09');
insert into Hospital.Visitation(patient_registration_no,date_of_visit,diagnosis) values (452,'2013-02-01','jtiwh');
insert into Hospital.Consulted(employee_number,certification_no,patient_registration_no,date_of_visit) values(321,321112233,452,'2013-02-01');
insert into Hospital.Treated_by(patient_registration_no,date_of_visit,employee_number,treatment) values(452,2013-02-01,204);
insert into Hospital.Prescribed(product_id,patient_registration_no,date_of_visit) values (66,452,'2013-02-01');
insert into Hospital.Visitation(patient_registration_no,date_of_visit,diagnosis) values (452,'2013-08-16','shfyq');
insert into Hospital.Consulted(employee_number,certification_no,patient_registration_no,date_of_visit) values(358,358112233,452,'2013-08-16');
insert into Hospital.Treated_by(patient_registration_no,date_of_visit,employee_number,treatment) values(452,2013-08-16,185);
insert into Hospital.Prescribed(product_id,patient_registration_no,date_of_visit) values (218,452,'2013-08-16');
insert into Hospital.Visitation(patient_registration_no,date_of_visit,diagnosis) values (452,'2013-01-29','dbtyy');
insert into Hospital.Consulted(employee_number,certification_no,patient_registration_no,date_of_visit) values(262,262112233,452,'2013-01-29');
insert into Hospital.Treated_by(patient_registration_no,date_of_visit,employee_number,treatment) values(452,2013-01-29,64);
insert into Hospital.Prescribed(product_id,patient_registration_no,date_of_visit) values (340,452,'2013-01-29');
insert into Hospital.Visitation(patient_registration_no,date_of_visit,diagnosis) values (452,'2013-01-25','dyfli');
insert into Hospital.Consulted(employee_number,certification_no,patient_registration_no,date_of_visit) values(44,44112233,452,'2013-01-25');
insert into Hospital.Treated_by(patient_registration_no,date_of_visit,employee_number,treatment) values(452,2013-01-25,377);
insert into Hospital.Prescribed(product_id,patient_registration_no,date_of_visit) values (8,452,'2013-01-25');
insert into Hospital.Patient (patient_registration_no, name, ssn, address,contact_no,emergency_contact_no) values ( 452,'osmbu',84825028,'iiaai',20356874,50036483);
insert into Hospital.Belongs_to(employee_number,department_id) values (452,2);
insert into Hospital.Pharmaceutical_product(product_id,cost,manufacturer) values(453,423.5344784694401,'aiaqe');
insert into Hospital.Batch(batch_id,manufacture_date,expiry_date) values (453,'2013-06-07','2013-07-28');
insert into Hospital.Production(product_id,batch_id) values (453,453);
insert into Hospital.Batch(batch_id,manufacture_date,expiry_date) values (454,'2013-06-07','2013-07-28');
insert into Hospital.Production(product_id,batch_id) values (453,454);
insert into Hospital.Batch(batch_id,manufacture_date,expiry_date) values (455,'2013-06-07','2013-07-28');
insert into Hospital.Production(product_id,batch_id) values (453,455);
insert into Hospital.Batch(batch_id,manufacture_date,expiry_date) values (456,'2013-06-07','2013-07-28');
insert into Hospital.Production(product_id,batch_id) values (453,456);
insert into Hospital.Batch(batch_id,manufacture_date,expiry_date) values (457,'2013-06-07','2013-07-28');
insert into Hospital.Production(product_id,batch_id) values (453,457);
insert into Hospital.Employees (employee_number, name, location, ssn, home_address,phone_number,designation) values ( 453,'dvczb','xuuhjsofsodteay',329703422,'dfedi',85932554,'Nurse');
insert into Hospital.Visitation(patient_registration_no,date_of_visit,diagnosis) values (453,'2013-01-26','qxwvm');
insert into Hospital.Consulted(employee_number,certification_no,patient_registration_no,date_of_visit) values(85,85112233,453,'2013-01-26');
insert into Hospital.Treated_by(patient_registration_no,date_of_visit,employee_number,treatment) values(453,2013-01-26,18);
insert into Hospital.Prescribed(product_id,patient_registration_no,date_of_visit) values (408,453,'2013-01-26');
insert into Hospital.Visitation(patient_registration_no,date_of_visit,diagnosis) values (453,'2013-10-26','smbim');
insert into Hospital.Consulted(employee_number,certification_no,patient_registration_no,date_of_visit) values(120,120112233,453,'2013-10-26');
insert into Hospital.Treated_by(patient_registration_no,date_of_visit,employee_number,treatment) values(453,2013-10-26,196);
insert into Hospital.Prescribed(product_id,patient_registration_no,date_of_visit) values (147,453,'2013-10-26');
insert into Hospital.Visitation(patient_registration_no,date_of_visit,diagnosis) values (453,'2013-09-30','lpifg');
insert into Hospital.Consulted(employee_number,certification_no,patient_registration_no,date_of_visit) values(9,9112233,453,'2013-09-30');
insert into Hospital.Treated_by(patient_registration_no,date_of_visit,employee_number,treatment) values(453,2013-09-30,185);
insert into Hospital.Prescribed(product_id,patient_registration_no,date_of_visit) values (10,453,'2013-09-30');
insert into Hospital.Visitation(patient_registration_no,date_of_visit,diagnosis) values (453,'2013-04-15','bxcfv');
insert into Hospital.Consulted(employee_number,certification_no,patient_registration_no,date_of_visit) values(194,194112233,453,'2013-04-15');
insert into Hospital.Treated_by(patient_registration_no,date_of_visit,employee_number,treatment) values(453,2013-04-15,241);
insert into Hospital.Prescribed(product_id,patient_registration_no,date_of_visit) values (206,453,'2013-04-15');
insert into Hospital.Visitation(patient_registration_no,date_of_visit,diagnosis) values (453,'2013-07-14','dbpky');
insert into Hospital.Consulted(employee_number,certification_no,patient_registration_no,date_of_visit) values(337,337112233,453,'2013-07-14');
insert into Hospital.Treated_by(patient_registration_no,date_of_visit,employee_number,treatment) values(453,2013-07-14,52);
insert into Hospital.Prescribed(product_id,patient_registration_no,date_of_visit) values (246,453,'2013-07-14');
insert into Hospital.Patient (patient_registration_no, name, ssn, address,contact_no,emergency_contact_no) values ( 453,'hailu',673155039,'ovlic',57447521,44907960);
insert into Hospital.Takes (employee_number,shift_name ) values ( 453,'night');
insert into Hospital.Belongs_to(employee_number,department_id) values (453,3);
insert into Hospital.Pharmaceutical_product(product_id,cost,manufacturer) values(454,777.2515033607482,'twlpc');
insert into Hospital.Batch(batch_id,manufacture_date,expiry_date) values (454,'2013-03-03','2013-04-04');
insert into Hospital.Production(product_id,batch_id) values (454,454);
insert into Hospital.Batch(batch_id,manufacture_date,expiry_date) values (455,'2013-03-03','2013-04-04');
insert into Hospital.Production(product_id,batch_id) values (454,455);
insert into Hospital.Batch(batch_id,manufacture_date,expiry_date) values (456,'2013-03-03','2013-04-04');
insert into Hospital.Production(product_id,batch_id) values (454,456);
insert into Hospital.Batch(batch_id,manufacture_date,expiry_date) values (457,'2013-03-03','2013-04-04');
insert into Hospital.Production(product_id,batch_id) values (454,457);
insert into Hospital.Batch(batch_id,manufacture_date,expiry_date) values (458,'2013-03-03','2013-04-04');
insert into Hospital.Production(product_id,batch_id) values (454,458);
insert into Hospital.Medicine(product_id,medicine_name,dosage) values (454,'rywnd','ovwua');
insert into Hospital.Employees (employee_number, name, location, ssn, home_address,phone_number,designation) values ( 454,'ygcmi','fdkekmjvdwirymh',402634743,'zbudb',43960482,'Administration');
insert into Hospital.Visitation(patient_registration_no,date_of_visit,diagnosis) values (454,'2013-10-25','kdcqq');
insert into Hospital.Consulted(employee_number,certification_no,patient_registration_no,date_of_visit) values(288,288112233,454,'2013-10-25');
insert into Hospital.Treated_by(patient_registration_no,date_of_visit,employee_number,treatment) values(454,2013-10-25,77);
insert into Hospital.Prescribed(product_id,patient_registration_no,date_of_visit) values (312,454,'2013-10-25');
insert into Hospital.Visitation(patient_registration_no,date_of_visit,diagnosis) values (454,'2013-07-15','jogej');
insert into Hospital.Consulted(employee_number,certification_no,patient_registration_no,date_of_visit) values(335,335112233,454,'2013-07-15');
insert into Hospital.Treated_by(patient_registration_no,date_of_visit,employee_number,treatment) values(454,2013-07-15,91);
insert into Hospital.Prescribed(product_id,patient_registration_no,date_of_visit) values (298,454,'2013-07-15');
insert into Hospital.Visitation(patient_registration_no,date_of_visit,diagnosis) values (454,'2013-10-15','rgynj');
insert into Hospital.Consulted(employee_number,certification_no,patient_registration_no,date_of_visit) values(245,245112233,454,'2013-10-15');
insert into Hospital.Treated_by(patient_registration_no,date_of_visit,employee_number,treatment) values(454,2013-10-15,10);
insert into Hospital.Prescribed(product_id,patient_registration_no,date_of_visit) values (220,454,'2013-10-15');
insert into Hospital.Visitation(patient_registration_no,date_of_visit,diagnosis) values (454,'2013-01-08','xpizw');
insert into Hospital.Consulted(employee_number,certification_no,patient_registration_no,date_of_visit) values(119,119112233,454,'2013-01-08');
insert into Hospital.Treated_by(patient_registration_no,date_of_visit,employee_number,treatment) values(454,2013-01-08,134);
insert into Hospital.Prescribed(product_id,patient_registration_no,date_of_visit) values (267,454,'2013-01-08');
insert into Hospital.Visitation(patient_registration_no,date_of_visit,diagnosis) values (454,'2013-10-07','dzmwa');
insert into Hospital.Consulted(employee_number,certification_no,patient_registration_no,date_of_visit) values(230,230112233,454,'2013-10-07');
insert into Hospital.Treated_by(patient_registration_no,date_of_visit,employee_number,treatment) values(454,2013-10-07,272);
insert into Hospital.Prescribed(product_id,patient_registration_no,date_of_visit) values (104,454,'2013-10-07');
insert into Hospital.Patient (patient_registration_no, name, ssn, address,contact_no,emergency_contact_no) values ( 454,'fkpvm',368780203,'gosww',47739540,24569331);
insert into Hospital.Belongs_to(employee_number,department_id) values (454,2);
insert into Hospital.Pharmaceutical_product(product_id,cost,manufacturer) values(455,10.091324535072212,'fzzrt');
insert into Hospital.Employees (employee_number, name, location, ssn, home_address,phone_number,designation) values ( 455,'kfwge','cfgquwtttaxnvae',968915551,'ewper',95516500,'Administration');
insert into Hospital.Visitation(patient_registration_no,date_of_visit,diagnosis) values (455,'2013-05-14','wwsxu');
insert into Hospital.Consulted(employee_number,certification_no,patient_registration_no,date_of_visit) values(346,346112233,455,'2013-05-14');
insert into Hospital.Treated_by(patient_registration_no,date_of_visit,employee_number,treatment) values(455,2013-05-14,67);
insert into Hospital.Prescribed(product_id,patient_registration_no,date_of_visit) values (85,455,'2013-05-14');
insert into Hospital.Visitation(patient_registration_no,date_of_visit,diagnosis) values (455,'2013-01-02','ormbc');
insert into Hospital.Consulted(employee_number,certification_no,patient_registration_no,date_of_visit) values(110,110112233,455,'2013-01-02');
insert into Hospital.Treated_by(patient_registration_no,date_of_visit,employee_number,treatment) values(455,2013-01-02,87);
insert into Hospital.Prescribed(product_id,patient_registration_no,date_of_visit) values (37,455,'2013-01-02');
insert into Hospital.Visitation(patient_registration_no,date_of_visit,diagnosis) values (455,'2013-03-08','vlgrp');
insert into Hospital.Consulted(employee_number,certification_no,patient_registration_no,date_of_visit) values(274,274112233,455,'2013-03-08');
insert into Hospital.Treated_by(patient_registration_no,date_of_visit,employee_number,treatment) values(455,2013-03-08,426);
insert into Hospital.Prescribed(product_id,patient_registration_no,date_of_visit) values (169,455,'2013-03-08');
insert into Hospital.Visitation(patient_registration_no,date_of_visit,diagnosis) values (455,'2013-02-08','lmaeh');
insert into Hospital.Consulted(employee_number,certification_no,patient_registration_no,date_of_visit) values(328,328112233,455,'2013-02-08');
insert into Hospital.Treated_by(patient_registration_no,date_of_visit,employee_number,treatment) values(455,2013-02-08,356);
insert into Hospital.Prescribed(product_id,patient_registration_no,date_of_visit) values (129,455,'2013-02-08');
insert into Hospital.Visitation(patient_registration_no,date_of_visit,diagnosis) values (455,'2013-01-14','thahh');
insert into Hospital.Consulted(employee_number,certification_no,patient_registration_no,date_of_visit) values(244,244112233,455,'2013-01-14');
insert into Hospital.Treated_by(patient_registration_no,date_of_visit,employee_number,treatment) values(455,2013-01-14,315);
insert into Hospital.Prescribed(product_id,patient_registration_no,date_of_visit) values (168,455,'2013-01-14');
insert into Hospital.Patient (patient_registration_no, name, ssn, address,contact_no,emergency_contact_no) values ( 455,'eoezl',208496153,'ntzbv',63707198,79694562);
insert into Hospital.Belongs_to(employee_number,department_id) values (455,2);
insert into Hospital.Pharmaceutical_product(product_id,cost,manufacturer) values(456,579.6682132074196,'jlitn');
insert into Hospital.Medicine(product_id,medicine_name,dosage) values (456,'ftmod','twdqw');
insert into Hospital.Employees (employee_number, name, location, ssn, home_address,phone_number,designation) values ( 456,'ggbtt','xtzgzracpyebrxk',880393070,'vfbtg',96463320,'Radiology');
insert into Hospital.Visitation(patient_registration_no,date_of_visit,diagnosis) values (456,'2013-07-21','ebxjo');
insert into Hospital.Consulted(employee_number,certification_no,patient_registration_no,date_of_visit) values(41,41112233,456,'2013-07-21');
insert into Hospital.Treated_by(patient_registration_no,date_of_visit,employee_number,treatment) values(456,2013-07-21,49);
insert into Hospital.Prescribed(product_id,patient_registration_no,date_of_visit) values (79,456,'2013-07-21');
insert into Hospital.Visitation(patient_registration_no,date_of_visit,diagnosis) values (456,'2013-03-14','onkbn');
insert into Hospital.Consulted(employee_number,certification_no,patient_registration_no,date_of_visit) values(355,355112233,456,'2013-03-14');
insert into Hospital.Treated_by(patient_registration_no,date_of_visit,employee_number,treatment) values(456,2013-03-14,390);
insert into Hospital.Prescribed(product_id,patient_registration_no,date_of_visit) values (2,456,'2013-03-14');
insert into Hospital.Visitation(patient_registration_no,date_of_visit,diagnosis) values (456,'2013-01-19','aooiq');
insert into Hospital.Consulted(employee_number,certification_no,patient_registration_no,date_of_visit) values(313,313112233,456,'2013-01-19');
insert into Hospital.Treated_by(patient_registration_no,date_of_visit,employee_number,treatment) values(456,2013-01-19,325);
insert into Hospital.Prescribed(product_id,patient_registration_no,date_of_visit) values (48,456,'2013-01-19');
insert into Hospital.Visitation(patient_registration_no,date_of_visit,diagnosis) values (456,'2013-04-05','wlrmg');
insert into Hospital.Consulted(employee_number,certification_no,patient_registration_no,date_of_visit) values(130,130112233,456,'2013-04-05');
insert into Hospital.Treated_by(patient_registration_no,date_of_visit,employee_number,treatment) values(456,2013-04-05,336);
insert into Hospital.Prescribed(product_id,patient_registration_no,date_of_visit) values (18,456,'2013-04-05');
insert into Hospital.Visitation(patient_registration_no,date_of_visit,diagnosis) values (456,'2013-05-20','uvapv');
insert into Hospital.Consulted(employee_number,certification_no,patient_registration_no,date_of_visit) values(194,194112233,456,'2013-05-20');
insert into Hospital.Treated_by(patient_registration_no,date_of_visit,employee_number,treatment) values(456,2013-05-20,375);
insert into Hospital.Prescribed(product_id,patient_registration_no,date_of_visit) values (366,456,'2013-05-20');
insert into Hospital.Patient (patient_registration_no, name, ssn, address,contact_no,emergency_contact_no) values ( 456,'rfujj',65328567,'ctcse',42758496,42840131);
insert into Hospital.Takes (employee_number,shift_name ) values ( 456,'morning');
insert into Hospital.Belongs_to(employee_number,department_id) values (456,3);
insert into Hospital.Pharmaceutical_product(product_id,cost,manufacturer) values(457,119.56423301009646,'wgfwd');
insert into Hospital.Batch(batch_id,manufacture_date,expiry_date) values (457,'2013-04-27','2013-05-13');
insert into Hospital.Production(product_id,batch_id) values (457,457);
insert into Hospital.Batch(batch_id,manufacture_date,expiry_date) values (458,'2013-04-27','2013-05-13');
insert into Hospital.Production(product_id,batch_id) values (457,458);
insert into Hospital.Batch(batch_id,manufacture_date,expiry_date) values (459,'2013-04-27','2013-05-13');
insert into Hospital.Production(product_id,batch_id) values (457,459);
insert into Hospital.Batch(batch_id,manufacture_date,expiry_date) values (460,'2013-04-27','2013-05-13');
insert into Hospital.Production(product_id,batch_id) values (457,460);
insert into Hospital.Batch(batch_id,manufacture_date,expiry_date) values (461,'2013-04-27','2013-05-13');
insert into Hospital.Production(product_id,batch_id) values (457,461);
insert into Hospital.Employees (employee_number, name, location, ssn, home_address,phone_number,designation) values ( 457,'uiyzc','dqhkawmqvmcbbnc',535948945,'nzeju',92977068,'Administration');
insert into Hospital.Visitation(patient_registration_no,date_of_visit,diagnosis) values (457,'2013-02-10','yjszt');
insert into Hospital.Consulted(employee_number,certification_no,patient_registration_no,date_of_visit) values(1,1112233,457,'2013-02-10');
insert into Hospital.Treated_by(patient_registration_no,date_of_visit,employee_number,treatment) values(457,2013-02-10,125);
insert into Hospital.Prescribed(product_id,patient_registration_no,date_of_visit) values (115,457,'2013-02-10');
insert into Hospital.Visitation(patient_registration_no,date_of_visit,diagnosis) values (457,'2013-07-24','zojmp');
insert into Hospital.Consulted(employee_number,certification_no,patient_registration_no,date_of_visit) values(265,265112233,457,'2013-07-24');
insert into Hospital.Treated_by(patient_registration_no,date_of_visit,employee_number,treatment) values(457,2013-07-24,165);
insert into Hospital.Prescribed(product_id,patient_registration_no,date_of_visit) values (204,457,'2013-07-24');
insert into Hospital.Visitation(patient_registration_no,date_of_visit,diagnosis) values (457,'2013-05-05','jtncp');
insert into Hospital.Consulted(employee_number,certification_no,patient_registration_no,date_of_visit) values(12,12112233,457,'2013-05-05');
insert into Hospital.Treated_by(patient_registration_no,date_of_visit,employee_number,treatment) values(457,2013-05-05,248);
insert into Hospital.Prescribed(product_id,patient_registration_no,date_of_visit) values (141,457,'2013-05-05');
insert into Hospital.Visitation(patient_registration_no,date_of_visit,diagnosis) values (457,'2013-08-07','gnyda');
insert into Hospital.Consulted(employee_number,certification_no,patient_registration_no,date_of_visit) values(66,66112233,457,'2013-08-07');
insert into Hospital.Treated_by(patient_registration_no,date_of_visit,employee_number,treatment) values(457,2013-08-07,301);
insert into Hospital.Prescribed(product_id,patient_registration_no,date_of_visit) values (169,457,'2013-08-07');
insert into Hospital.Visitation(patient_registration_no,date_of_visit,diagnosis) values (457,'2013-07-23','rvjey');
insert into Hospital.Consulted(employee_number,certification_no,patient_registration_no,date_of_visit) values(107,107112233,457,'2013-07-23');
insert into Hospital.Treated_by(patient_registration_no,date_of_visit,employee_number,treatment) values(457,2013-07-23,336);
insert into Hospital.Prescribed(product_id,patient_registration_no,date_of_visit) values (376,457,'2013-07-23');
insert into Hospital.Patient (patient_registration_no, name, ssn, address,contact_no,emergency_contact_no) values ( 457,'qjvfd',309874012,'mechu',43716212,57628580);
insert into Hospital.Belongs_to(employee_number,department_id) values (457,2);
insert into Hospital.Pharmaceutical_product(product_id,cost,manufacturer) values(458,65.2840716402277,'tkuus');
insert into Hospital.Batch(batch_id,manufacture_date,expiry_date) values (458,'2013-01-22','2013-09-13');
insert into Hospital.Production(product_id,batch_id) values (458,458);
insert into Hospital.Batch(batch_id,manufacture_date,expiry_date) values (459,'2013-01-22','2013-09-13');
insert into Hospital.Production(product_id,batch_id) values (458,459);
insert into Hospital.Batch(batch_id,manufacture_date,expiry_date) values (460,'2013-01-22','2013-09-13');
insert into Hospital.Production(product_id,batch_id) values (458,460);
insert into Hospital.Batch(batch_id,manufacture_date,expiry_date) values (461,'2013-01-22','2013-09-13');
insert into Hospital.Production(product_id,batch_id) values (458,461);
insert into Hospital.Batch(batch_id,manufacture_date,expiry_date) values (462,'2013-01-22','2013-09-13');
insert into Hospital.Production(product_id,batch_id) values (458,462);
insert into Hospital.Employees (employee_number, name, location, ssn, home_address,phone_number,designation) values ( 458,'djkok','nmvjersebqsdaly',464596067,'wglbx',24251554,'Administration');
insert into Hospital.Visitation(patient_registration_no,date_of_visit,diagnosis) values (458,'2013-05-03','ktszg');
insert into Hospital.Consulted(employee_number,certification_no,patient_registration_no,date_of_visit) values(378,378112233,458,'2013-05-03');
insert into Hospital.Treated_by(patient_registration_no,date_of_visit,employee_number,treatment) values(458,2013-05-03,375);
insert into Hospital.Prescribed(product_id,patient_registration_no,date_of_visit) values (148,458,'2013-05-03');
insert into Hospital.Visitation(patient_registration_no,date_of_visit,diagnosis) values (458,'2013-07-25','iqzvk');
insert into Hospital.Consulted(employee_number,certification_no,patient_registration_no,date_of_visit) values(150,150112233,458,'2013-07-25');
insert into Hospital.Treated_by(patient_registration_no,date_of_visit,employee_number,treatment) values(458,2013-07-25,77);
insert into Hospital.Prescribed(product_id,patient_registration_no,date_of_visit) values (430,458,'2013-07-25');
insert into Hospital.Visitation(patient_registration_no,date_of_visit,diagnosis) values (458,'2013-07-08','lfqsd');
insert into Hospital.Consulted(employee_number,certification_no,patient_registration_no,date_of_visit) values(34,34112233,458,'2013-07-08');
insert into Hospital.Treated_by(patient_registration_no,date_of_visit,employee_number,treatment) values(458,2013-07-08,169);
insert into Hospital.Prescribed(product_id,patient_registration_no,date_of_visit) values (196,458,'2013-07-08');
insert into Hospital.Visitation(patient_registration_no,date_of_visit,diagnosis) values (458,'2013-05-21','jmqab');
insert into Hospital.Consulted(employee_number,certification_no,patient_registration_no,date_of_visit) values(133,133112233,458,'2013-05-21');
insert into Hospital.Treated_by(patient_registration_no,date_of_visit,employee_number,treatment) values(458,2013-05-21,281);
insert into Hospital.Prescribed(product_id,patient_registration_no,date_of_visit) values (138,458,'2013-05-21');
insert into Hospital.Visitation(patient_registration_no,date_of_visit,diagnosis) values (458,'2013-07-19','gjrsz');
insert into Hospital.Consulted(employee_number,certification_no,patient_registration_no,date_of_visit) values(34,34112233,458,'2013-07-19');
insert into Hospital.Treated_by(patient_registration_no,date_of_visit,employee_number,treatment) values(458,2013-07-19,101);
insert into Hospital.Prescribed(product_id,patient_registration_no,date_of_visit) values (220,458,'2013-07-19');
insert into Hospital.Patient (patient_registration_no, name, ssn, address,contact_no,emergency_contact_no) values ( 458,'goguh',425428139,'lfjrt',53548259,36199923);
insert into Hospital.Belongs_to(employee_number,department_id) values (458,2);
insert into Hospital.Pharmaceutical_product(product_id,cost,manufacturer) values(459,676.2864138737151,'odpta');
insert into Hospital.Batch(batch_id,manufacture_date,expiry_date) values (459,'2013-04-16','2013-10-11');
insert into Hospital.Production(product_id,batch_id) values (459,459);
insert into Hospital.Batch(batch_id,manufacture_date,expiry_date) values (460,'2013-04-16','2013-10-11');
insert into Hospital.Production(product_id,batch_id) values (459,460);
insert into Hospital.Batch(batch_id,manufacture_date,expiry_date) values (461,'2013-04-16','2013-10-11');
insert into Hospital.Production(product_id,batch_id) values (459,461);
insert into Hospital.Batch(batch_id,manufacture_date,expiry_date) values (462,'2013-04-16','2013-10-11');
insert into Hospital.Production(product_id,batch_id) values (459,462);
insert into Hospital.Batch(batch_id,manufacture_date,expiry_date) values (463,'2013-04-16','2013-10-11');
insert into Hospital.Production(product_id,batch_id) values (459,463);
insert into Hospital.Employees (employee_number, name, location, ssn, home_address,phone_number,designation) values ( 459,'zoeqp','srbszkcyspiyiid',814307506,'qdyfy',71347323,'Nurse');
insert into Hospital.Visitation(patient_registration_no,date_of_visit,diagnosis) values (459,'2013-06-14','ylzgk');
insert into Hospital.Consulted(employee_number,certification_no,patient_registration_no,date_of_visit) values(450,450112233,459,'2013-06-14');
insert into Hospital.Treated_by(patient_registration_no,date_of_visit,employee_number,treatment) values(459,2013-06-14,231);
insert into Hospital.Prescribed(product_id,patient_registration_no,date_of_visit) values (309,459,'2013-06-14');
insert into Hospital.Visitation(patient_registration_no,date_of_visit,diagnosis) values (459,'2013-10-17','nuymy');
insert into Hospital.Consulted(employee_number,certification_no,patient_registration_no,date_of_visit) values(230,230112233,459,'2013-10-17');
insert into Hospital.Treated_by(patient_registration_no,date_of_visit,employee_number,treatment) values(459,2013-10-17,77);
insert into Hospital.Prescribed(product_id,patient_registration_no,date_of_visit) values (29,459,'2013-10-17');
insert into Hospital.Visitation(patient_registration_no,date_of_visit,diagnosis) values (459,'2013-09-12','toswt');
insert into Hospital.Consulted(employee_number,certification_no,patient_registration_no,date_of_visit) values(51,51112233,459,'2013-09-12');
insert into Hospital.Treated_by(patient_registration_no,date_of_visit,employee_number,treatment) values(459,2013-09-12,345);
insert into Hospital.Prescribed(product_id,patient_registration_no,date_of_visit) values (252,459,'2013-09-12');
insert into Hospital.Visitation(patient_registration_no,date_of_visit,diagnosis) values (459,'2013-07-14','pinoz');
insert into Hospital.Consulted(employee_number,certification_no,patient_registration_no,date_of_visit) values(378,378112233,459,'2013-07-14');
insert into Hospital.Treated_by(patient_registration_no,date_of_visit,employee_number,treatment) values(459,2013-07-14,212);
insert into Hospital.Prescribed(product_id,patient_registration_no,date_of_visit) values (211,459,'2013-07-14');
insert into Hospital.Visitation(patient_registration_no,date_of_visit,diagnosis) values (459,'2013-07-25','xylfo');
insert into Hospital.Consulted(employee_number,certification_no,patient_registration_no,date_of_visit) values(262,262112233,459,'2013-07-25');
insert into Hospital.Treated_by(patient_registration_no,date_of_visit,employee_number,treatment) values(459,2013-07-25,19);
insert into Hospital.Prescribed(product_id,patient_registration_no,date_of_visit) values (21,459,'2013-07-25');
insert into Hospital.Patient (patient_registration_no, name, ssn, address,contact_no,emergency_contact_no) values ( 459,'cqees',54495273,'nwjsx',95216281,62791836);
insert into Hospital.Takes (employee_number,shift_name ) values ( 459,'night');
insert into Hospital.Belongs_to(employee_number,department_id) values (459,3);
insert into Hospital.Pharmaceutical_product(product_id,cost,manufacturer) values(460,850.6241954245841,'ljyvw');
insert into Hospital.Employees (employee_number, name, location, ssn, home_address,phone_number,designation) values ( 460,'qnqhk','xxzshiumseyugcm',72675352,'ddgyw',30168482,'Doctor');
insert into Hospital.Visitation(patient_registration_no,date_of_visit,diagnosis) values (460,'2013-07-02','mdpnk');
insert into Hospital.Consulted(employee_number,certification_no,patient_registration_no,date_of_visit) values(12,12112233,460,'2013-07-02');
insert into Hospital.Treated_by(patient_registration_no,date_of_visit,employee_number,treatment) values(460,2013-07-02,115);
insert into Hospital.Prescribed(product_id,patient_registration_no,date_of_visit) values (309,460,'2013-07-02');
insert into Hospital.Visitation(patient_registration_no,date_of_visit,diagnosis) values (460,'2013-01-26','txmde');
insert into Hospital.Consulted(employee_number,certification_no,patient_registration_no,date_of_visit) values(8,8112233,460,'2013-01-26');
insert into Hospital.Treated_by(patient_registration_no,date_of_visit,employee_number,treatment) values(460,2013-01-26,143);
insert into Hospital.Prescribed(product_id,patient_registration_no,date_of_visit) values (331,460,'2013-01-26');
insert into Hospital.Visitation(patient_registration_no,date_of_visit,diagnosis) values (460,'2013-07-20','ddvhl');
insert into Hospital.Consulted(employee_number,certification_no,patient_registration_no,date_of_visit) values(166,166112233,460,'2013-07-20');
insert into Hospital.Treated_by(patient_registration_no,date_of_visit,employee_number,treatment) values(460,2013-07-20,96);
insert into Hospital.Prescribed(product_id,patient_registration_no,date_of_visit) values (414,460,'2013-07-20');
insert into Hospital.Visitation(patient_registration_no,date_of_visit,diagnosis) values (460,'2013-09-16','eegvb');
insert into Hospital.Consulted(employee_number,certification_no,patient_registration_no,date_of_visit) values(381,381112233,460,'2013-09-16');
insert into Hospital.Treated_by(patient_registration_no,date_of_visit,employee_number,treatment) values(460,2013-09-16,424);
insert into Hospital.Prescribed(product_id,patient_registration_no,date_of_visit) values (400,460,'2013-09-16');
insert into Hospital.Visitation(patient_registration_no,date_of_visit,diagnosis) values (460,'2013-06-27','baxzq');
insert into Hospital.Consulted(employee_number,certification_no,patient_registration_no,date_of_visit) values(439,439112233,460,'2013-06-27');
insert into Hospital.Treated_by(patient_registration_no,date_of_visit,employee_number,treatment) values(460,2013-06-27,73);
insert into Hospital.Prescribed(product_id,patient_registration_no,date_of_visit) values (190,460,'2013-06-27');
insert into Hospital.Patient (patient_registration_no, name, ssn, address,contact_no,emergency_contact_no) values ( 460,'twnmz',393554838,'tcuft',85707847,83779812);
insert into Hospital.Physician (employee_number, certification_no,specialization) values ( 460,460112233,'Dermatology');
insert into Hospital.Belongs_to(employee_number,department_id) values (460,1);
insert into Hospital.Pharmaceutical_product(product_id,cost,manufacturer) values(461,696.8658181550003,'xeblr');
insert into Hospital.Medicine(product_id,medicine_name,dosage) values (461,'patif','cmucr');
insert into Hospital.Employees (employee_number, name, location, ssn, home_address,phone_number,designation) values ( 461,'gskum','hnqkyxzsvelcoyg',357876547,'jlbar',92455551,'Nurse');
insert into Hospital.Visitation(patient_registration_no,date_of_visit,diagnosis) values (461,'2013-01-12','yzori');
insert into Hospital.Consulted(employee_number,certification_no,patient_registration_no,date_of_visit) values(279,279112233,461,'2013-01-12');
insert into Hospital.Treated_by(patient_registration_no,date_of_visit,employee_number,treatment) values(461,2013-01-12,426);
insert into Hospital.Prescribed(product_id,patient_registration_no,date_of_visit) values (119,461,'2013-01-12');
insert into Hospital.Visitation(patient_registration_no,date_of_visit,diagnosis) values (461,'2013-06-06','blcsd');
insert into Hospital.Consulted(employee_number,certification_no,patient_registration_no,date_of_visit) values(139,139112233,461,'2013-06-06');
insert into Hospital.Treated_by(patient_registration_no,date_of_visit,employee_number,treatment) values(461,2013-06-06,185);
insert into Hospital.Prescribed(product_id,patient_registration_no,date_of_visit) values (19,461,'2013-06-06');
insert into Hospital.Visitation(patient_registration_no,date_of_visit,diagnosis) values (461,'2013-05-11','finvk');
insert into Hospital.Consulted(employee_number,certification_no,patient_registration_no,date_of_visit) values(258,258112233,461,'2013-05-11');
insert into Hospital.Treated_by(patient_registration_no,date_of_visit,employee_number,treatment) values(461,2013-05-11,157);
insert into Hospital.Prescribed(product_id,patient_registration_no,date_of_visit) values (451,461,'2013-05-11');
insert into Hospital.Visitation(patient_registration_no,date_of_visit,diagnosis) values (461,'2013-05-22','epbcy');
insert into Hospital.Consulted(employee_number,certification_no,patient_registration_no,date_of_visit) values(460,460112233,461,'2013-05-22');
insert into Hospital.Treated_by(patient_registration_no,date_of_visit,employee_number,treatment) values(461,2013-05-22,354);
insert into Hospital.Prescribed(product_id,patient_registration_no,date_of_visit) values (94,461,'2013-05-22');
insert into Hospital.Visitation(patient_registration_no,date_of_visit,diagnosis) values (461,'2013-05-04','vaolo');
insert into Hospital.Consulted(employee_number,certification_no,patient_registration_no,date_of_visit) values(378,378112233,461,'2013-05-04');
insert into Hospital.Treated_by(patient_registration_no,date_of_visit,employee_number,treatment) values(461,2013-05-04,153);
insert into Hospital.Prescribed(product_id,patient_registration_no,date_of_visit) values (365,461,'2013-05-04');
insert into Hospital.Patient (patient_registration_no, name, ssn, address,contact_no,emergency_contact_no) values ( 461,'aixfr',61001688,'qaqzr',54490051,70078298);
insert into Hospital.Takes (employee_number,shift_name ) values ( 461,'evening');
insert into Hospital.Belongs_to(employee_number,department_id) values (461,3);
insert into Hospital.Pharmaceutical_product(product_id,cost,manufacturer) values(462,200.8184074614879,'zwsqg');
insert into Hospital.Batch(batch_id,manufacture_date,expiry_date) values (462,'2013-03-16','2013-08-22');
insert into Hospital.Production(product_id,batch_id) values (462,462);
insert into Hospital.Batch(batch_id,manufacture_date,expiry_date) values (463,'2013-03-16','2013-08-22');
insert into Hospital.Production(product_id,batch_id) values (462,463);
insert into Hospital.Batch(batch_id,manufacture_date,expiry_date) values (464,'2013-03-16','2013-08-22');
insert into Hospital.Production(product_id,batch_id) values (462,464);
insert into Hospital.Batch(batch_id,manufacture_date,expiry_date) values (465,'2013-03-16','2013-08-22');
insert into Hospital.Production(product_id,batch_id) values (462,465);
insert into Hospital.Batch(batch_id,manufacture_date,expiry_date) values (466,'2013-03-16','2013-08-22');
insert into Hospital.Production(product_id,batch_id) values (462,466);
insert into Hospital.Medicine(product_id,medicine_name,dosage) values (462,'vzemo','lrwut');
insert into Hospital.Employees (employee_number, name, location, ssn, home_address,phone_number,designation) values ( 462,'zmfdi','pohmczowokqrnhg',665277037,'sfgxc',12069412,'Doctor');
insert into Hospital.Visitation(patient_registration_no,date_of_visit,diagnosis) values (462,'2013-06-01','rxnif');
insert into Hospital.Consulted(employee_number,certification_no,patient_registration_no,date_of_visit) values(120,120112233,462,'2013-06-01');
insert into Hospital.Treated_by(patient_registration_no,date_of_visit,employee_number,treatment) values(462,2013-06-01,301);
insert into Hospital.Prescribed(product_id,patient_registration_no,date_of_visit) values (225,462,'2013-06-01');
insert into Hospital.Visitation(patient_registration_no,date_of_visit,diagnosis) values (462,'2013-09-02','hkevi');
insert into Hospital.Consulted(employee_number,certification_no,patient_registration_no,date_of_visit) values(69,69112233,462,'2013-09-02');
insert into Hospital.Treated_by(patient_registration_no,date_of_visit,employee_number,treatment) values(462,2013-09-02,169);
insert into Hospital.Prescribed(product_id,patient_registration_no,date_of_visit) values (366,462,'2013-09-02');
insert into Hospital.Visitation(patient_registration_no,date_of_visit,diagnosis) values (462,'2013-06-16','eqldv');
insert into Hospital.Consulted(employee_number,certification_no,patient_registration_no,date_of_visit) values(321,321112233,462,'2013-06-16');
insert into Hospital.Treated_by(patient_registration_no,date_of_visit,employee_number,treatment) values(462,2013-06-16,125);
insert into Hospital.Prescribed(product_id,patient_registration_no,date_of_visit) values (105,462,'2013-06-16');
insert into Hospital.Visitation(patient_registration_no,date_of_visit,diagnosis) values (462,'2013-10-11','zncve');
insert into Hospital.Consulted(employee_number,certification_no,patient_registration_no,date_of_visit) values(113,113112233,462,'2013-10-11');
insert into Hospital.Treated_by(patient_registration_no,date_of_visit,employee_number,treatment) values(462,2013-10-11,126);
insert into Hospital.Prescribed(product_id,patient_registration_no,date_of_visit) values (181,462,'2013-10-11');
insert into Hospital.Visitation(patient_registration_no,date_of_visit,diagnosis) values (462,'2013-04-29','yktwa');
insert into Hospital.Consulted(employee_number,certification_no,patient_registration_no,date_of_visit) values(244,244112233,462,'2013-04-29');
insert into Hospital.Treated_by(patient_registration_no,date_of_visit,employee_number,treatment) values(462,2013-04-29,112);
insert into Hospital.Prescribed(product_id,patient_registration_no,date_of_visit) values (19,462,'2013-04-29');
insert into Hospital.Patient (patient_registration_no, name, ssn, address,contact_no,emergency_contact_no) values ( 462,'gukkm',602829657,'zquaz',31121915,57957605);
insert into Hospital.Physician (employee_number, certification_no,specialization) values ( 462,462112233,'Cardiology');
insert into Hospital.Belongs_to(employee_number,department_id) values (462,1);
insert into Hospital.Pharmaceutical_product(product_id,cost,manufacturer) values(463,462.9920218125441,'tkugc');
insert into Hospital.Employees (employee_number, name, location, ssn, home_address,phone_number,designation) values ( 463,'wodli','rvjbontbdlaoexj',509707956,'httjk',39515241,'Administration');
insert into Hospital.Visitation(patient_registration_no,date_of_visit,diagnosis) values (463,'2013-08-28','znfzp');
insert into Hospital.Consulted(employee_number,certification_no,patient_registration_no,date_of_visit) values(245,245112233,463,'2013-08-28');
insert into Hospital.Treated_by(patient_registration_no,date_of_visit,employee_number,treatment) values(463,2013-08-28,247);
insert into Hospital.Prescribed(product_id,patient_registration_no,date_of_visit) values (113,463,'2013-08-28');
insert into Hospital.Visitation(patient_registration_no,date_of_visit,diagnosis) values (463,'2013-07-26','mbgwf');
insert into Hospital.Consulted(employee_number,certification_no,patient_registration_no,date_of_visit) values(328,328112233,463,'2013-07-26');
insert into Hospital.Treated_by(patient_registration_no,date_of_visit,employee_number,treatment) values(463,2013-07-26,195);
insert into Hospital.Prescribed(product_id,patient_registration_no,date_of_visit) values (375,463,'2013-07-26');
insert into Hospital.Visitation(patient_registration_no,date_of_visit,diagnosis) values (463,'2013-02-18','tibme');
insert into Hospital.Consulted(employee_number,certification_no,patient_registration_no,date_of_visit) values(318,318112233,463,'2013-02-18');
insert into Hospital.Treated_by(patient_registration_no,date_of_visit,employee_number,treatment) values(463,2013-02-18,322);
insert into Hospital.Prescribed(product_id,patient_registration_no,date_of_visit) values (333,463,'2013-02-18');
insert into Hospital.Visitation(patient_registration_no,date_of_visit,diagnosis) values (463,'2013-07-30','rfcwd');
insert into Hospital.Consulted(employee_number,certification_no,patient_registration_no,date_of_visit) values(395,395112233,463,'2013-07-30');
insert into Hospital.Treated_by(patient_registration_no,date_of_visit,employee_number,treatment) values(463,2013-07-30,61);
insert into Hospital.Prescribed(product_id,patient_registration_no,date_of_visit) values (91,463,'2013-07-30');
insert into Hospital.Visitation(patient_registration_no,date_of_visit,diagnosis) values (463,'2013-08-17','tjtdt');
insert into Hospital.Consulted(employee_number,certification_no,patient_registration_no,date_of_visit) values(197,197112233,463,'2013-08-17');
insert into Hospital.Treated_by(patient_registration_no,date_of_visit,employee_number,treatment) values(463,2013-08-17,272);
insert into Hospital.Prescribed(product_id,patient_registration_no,date_of_visit) values (440,463,'2013-08-17');
insert into Hospital.Patient (patient_registration_no, name, ssn, address,contact_no,emergency_contact_no) values ( 463,'yybro',821650317,'oceak',39715260,89890163);
insert into Hospital.Belongs_to(employee_number,department_id) values (463,2);
insert into Hospital.Pharmaceutical_product(product_id,cost,manufacturer) values(464,133.4332097373815,'brusj');
insert into Hospital.Medicine(product_id,medicine_name,dosage) values (464,'grgyd','pgphj');
insert into Hospital.Employees (employee_number, name, location, ssn, home_address,phone_number,designation) values ( 464,'qslwv','sehxmefjeeftvka',126407597,'ttbuc',10589238,'Nurse');
insert into Hospital.Visitation(patient_registration_no,date_of_visit,diagnosis) values (464,'2013-05-26','onycu');
insert into Hospital.Consulted(employee_number,certification_no,patient_registration_no,date_of_visit) values(439,439112233,464,'2013-05-26');
insert into Hospital.Treated_by(patient_registration_no,date_of_visit,employee_number,treatment) values(464,2013-05-26,263);
insert into Hospital.Prescribed(product_id,patient_registration_no,date_of_visit) values (443,464,'2013-05-26');
insert into Hospital.Visitation(patient_registration_no,date_of_visit,diagnosis) values (464,'2013-05-16','sxjew');
insert into Hospital.Consulted(employee_number,certification_no,patient_registration_no,date_of_visit) values(441,441112233,464,'2013-05-16');
insert into Hospital.Treated_by(patient_registration_no,date_of_visit,employee_number,treatment) values(464,2013-05-16,64);
insert into Hospital.Prescribed(product_id,patient_registration_no,date_of_visit) values (129,464,'2013-05-16');
insert into Hospital.Visitation(patient_registration_no,date_of_visit,diagnosis) values (464,'2013-08-11','awkgd');
insert into Hospital.Consulted(employee_number,certification_no,patient_registration_no,date_of_visit) values(297,297112233,464,'2013-08-11');
insert into Hospital.Treated_by(patient_registration_no,date_of_visit,employee_number,treatment) values(464,2013-08-11,178);
insert into Hospital.Prescribed(product_id,patient_registration_no,date_of_visit) values (276,464,'2013-08-11');
insert into Hospital.Visitation(patient_registration_no,date_of_visit,diagnosis) values (464,'2013-05-12','tsuen');
insert into Hospital.Consulted(employee_number,certification_no,patient_registration_no,date_of_visit) values(335,335112233,464,'2013-05-12');
insert into Hospital.Treated_by(patient_registration_no,date_of_visit,employee_number,treatment) values(464,2013-05-12,28);
insert into Hospital.Prescribed(product_id,patient_registration_no,date_of_visit) values (206,464,'2013-05-12');
insert into Hospital.Visitation(patient_registration_no,date_of_visit,diagnosis) values (464,'2013-03-05','mrhfp');
insert into Hospital.Consulted(employee_number,certification_no,patient_registration_no,date_of_visit) values(128,128112233,464,'2013-03-05');
insert into Hospital.Treated_by(patient_registration_no,date_of_visit,employee_number,treatment) values(464,2013-03-05,263);
insert into Hospital.Prescribed(product_id,patient_registration_no,date_of_visit) values (8,464,'2013-03-05');
insert into Hospital.Patient (patient_registration_no, name, ssn, address,contact_no,emergency_contact_no) values ( 464,'nvbij',68612321,'zutfy',92206010,32752953);
insert into Hospital.Takes (employee_number,shift_name ) values ( 464,'evening');
insert into Hospital.Belongs_to(employee_number,department_id) values (464,3);
insert into Hospital.Pharmaceutical_product(product_id,cost,manufacturer) values(465,384.65806234534637,'wbtih');
insert into Hospital.Batch(batch_id,manufacture_date,expiry_date) values (465,'2013-04-16','2013-06-25');
insert into Hospital.Production(product_id,batch_id) values (465,465);
insert into Hospital.Batch(batch_id,manufacture_date,expiry_date) values (466,'2013-04-16','2013-06-25');
insert into Hospital.Production(product_id,batch_id) values (465,466);
insert into Hospital.Batch(batch_id,manufacture_date,expiry_date) values (467,'2013-04-16','2013-06-25');
insert into Hospital.Production(product_id,batch_id) values (465,467);
insert into Hospital.Batch(batch_id,manufacture_date,expiry_date) values (468,'2013-04-16','2013-06-25');
insert into Hospital.Production(product_id,batch_id) values (465,468);
insert into Hospital.Batch(batch_id,manufacture_date,expiry_date) values (469,'2013-04-16','2013-06-25');
insert into Hospital.Production(product_id,batch_id) values (465,469);
insert into Hospital.Employees (employee_number, name, location, ssn, home_address,phone_number,designation) values ( 465,'hpsib','otinhtmxmacaycf',984943372,'qigjh',88162185,'Administration');
insert into Hospital.Visitation(patient_registration_no,date_of_visit,diagnosis) values (465,'2013-04-06','zwjeo');
insert into Hospital.Consulted(employee_number,certification_no,patient_registration_no,date_of_visit) values(297,297112233,465,'2013-04-06');
insert into Hospital.Treated_by(patient_registration_no,date_of_visit,employee_number,treatment) values(465,2013-04-06,178);
insert into Hospital.Prescribed(product_id,patient_registration_no,date_of_visit) values (361,465,'2013-04-06');
insert into Hospital.Visitation(patient_registration_no,date_of_visit,diagnosis) values (465,'2013-05-13','fcpcr');
insert into Hospital.Consulted(employee_number,certification_no,patient_registration_no,date_of_visit) values(376,376112233,465,'2013-05-13');
insert into Hospital.Treated_by(patient_registration_no,date_of_visit,employee_number,treatment) values(465,2013-05-13,285);
insert into Hospital.Prescribed(product_id,patient_registration_no,date_of_visit) values (360,465,'2013-05-13');
insert into Hospital.Visitation(patient_registration_no,date_of_visit,diagnosis) values (465,'2013-02-28','ujumi');
insert into Hospital.Consulted(employee_number,certification_no,patient_registration_no,date_of_visit) values(137,137112233,465,'2013-02-28');
insert into Hospital.Treated_by(patient_registration_no,date_of_visit,employee_number,treatment) values(465,2013-02-28,203);
insert into Hospital.Prescribed(product_id,patient_registration_no,date_of_visit) values (147,465,'2013-02-28');
insert into Hospital.Visitation(patient_registration_no,date_of_visit,diagnosis) values (465,'2013-09-28','zllwc');
insert into Hospital.Consulted(employee_number,certification_no,patient_registration_no,date_of_visit) values(23,23112233,465,'2013-09-28');
insert into Hospital.Treated_by(patient_registration_no,date_of_visit,employee_number,treatment) values(465,2013-09-28,444);
insert into Hospital.Prescribed(product_id,patient_registration_no,date_of_visit) values (444,465,'2013-09-28');
insert into Hospital.Visitation(patient_registration_no,date_of_visit,diagnosis) values (465,'2013-07-09','gmbce');
insert into Hospital.Consulted(employee_number,certification_no,patient_registration_no,date_of_visit) values(253,253112233,465,'2013-07-09');
insert into Hospital.Treated_by(patient_registration_no,date_of_visit,employee_number,treatment) values(465,2013-07-09,10);
insert into Hospital.Prescribed(product_id,patient_registration_no,date_of_visit) values (34,465,'2013-07-09');
insert into Hospital.Patient (patient_registration_no, name, ssn, address,contact_no,emergency_contact_no) values ( 465,'erajs',69646458,'ninkd',81765146,64556001);
insert into Hospital.Belongs_to(employee_number,department_id) values (465,2);
insert into Hospital.Pharmaceutical_product(product_id,cost,manufacturer) values(466,42.3954703192147,'fxjeq');
insert into Hospital.Batch(batch_id,manufacture_date,expiry_date) values (466,'2013-03-04','2013-08-04');
insert into Hospital.Production(product_id,batch_id) values (466,466);
insert into Hospital.Batch(batch_id,manufacture_date,expiry_date) values (467,'2013-03-04','2013-08-04');
insert into Hospital.Production(product_id,batch_id) values (466,467);
insert into Hospital.Batch(batch_id,manufacture_date,expiry_date) values (468,'2013-03-04','2013-08-04');
insert into Hospital.Production(product_id,batch_id) values (466,468);
insert into Hospital.Batch(batch_id,manufacture_date,expiry_date) values (469,'2013-03-04','2013-08-04');
insert into Hospital.Production(product_id,batch_id) values (466,469);
insert into Hospital.Batch(batch_id,manufacture_date,expiry_date) values (470,'2013-03-04','2013-08-04');
insert into Hospital.Production(product_id,batch_id) values (466,470);
insert into Hospital.Medicine(product_id,medicine_name,dosage) values (466,'lxcoy','kbcop');
insert into Hospital.Employees (employee_number, name, location, ssn, home_address,phone_number,designation) values ( 466,'kapfb','vherwpcnfbdaxof',682028890,'ywopn',54129692,'Doctor');
insert into Hospital.Visitation(patient_registration_no,date_of_visit,diagnosis) values (466,'2013-01-29','bzdnt');
insert into Hospital.Consulted(employee_number,certification_no,patient_registration_no,date_of_visit) values(318,318112233,466,'2013-01-29');
insert into Hospital.Treated_by(patient_registration_no,date_of_visit,employee_number,treatment) values(466,2013-01-29,399);
insert into Hospital.Prescribed(product_id,patient_registration_no,date_of_visit) values (113,466,'2013-01-29');
insert into Hospital.Visitation(patient_registration_no,date_of_visit,diagnosis) values (466,'2013-04-17','pxwfi');
insert into Hospital.Consulted(employee_number,certification_no,patient_registration_no,date_of_visit) values(89,89112233,466,'2013-04-17');
insert into Hospital.Treated_by(patient_registration_no,date_of_visit,employee_number,treatment) values(466,2013-04-17,125);
insert into Hospital.Prescribed(product_id,patient_registration_no,date_of_visit) values (421,466,'2013-04-17');
insert into Hospital.Visitation(patient_registration_no,date_of_visit,diagnosis) values (466,'2013-10-17','gzpbf');
insert into Hospital.Consulted(employee_number,certification_no,patient_registration_no,date_of_visit) values(8,8112233,466,'2013-10-17');
insert into Hospital.Treated_by(patient_registration_no,date_of_visit,employee_number,treatment) values(466,2013-10-17,343);
insert into Hospital.Prescribed(product_id,patient_registration_no,date_of_visit) values (440,466,'2013-10-17');
insert into Hospital.Visitation(patient_registration_no,date_of_visit,diagnosis) values (466,'2013-02-13','znzhm');
insert into Hospital.Consulted(employee_number,certification_no,patient_registration_no,date_of_visit) values(122,122112233,466,'2013-02-13');
insert into Hospital.Treated_by(patient_registration_no,date_of_visit,employee_number,treatment) values(466,2013-02-13,435);
insert into Hospital.Prescribed(product_id,patient_registration_no,date_of_visit) values (144,466,'2013-02-13');
insert into Hospital.Visitation(patient_registration_no,date_of_visit,diagnosis) values (466,'2013-05-03','mndze');
insert into Hospital.Consulted(employee_number,certification_no,patient_registration_no,date_of_visit) values(113,113112233,466,'2013-05-03');
insert into Hospital.Treated_by(patient_registration_no,date_of_visit,employee_number,treatment) values(466,2013-05-03,231);
insert into Hospital.Prescribed(product_id,patient_registration_no,date_of_visit) values (222,466,'2013-05-03');
insert into Hospital.Patient (patient_registration_no, name, ssn, address,contact_no,emergency_contact_no) values ( 466,'izpgy',778592473,'rsdqa',66534182,27229059);
insert into Hospital.Physician (employee_number, certification_no,specialization) values ( 466,466112233,'Anesthesiology');
insert into Hospital.Belongs_to(employee_number,department_id) values (466,1);
insert into Hospital.Pharmaceutical_product(product_id,cost,manufacturer) values(467,216.20356933489361,'jieqn');
insert into Hospital.Medicine(product_id,medicine_name,dosage) values (467,'vkhgj','tigdm');
insert into Hospital.Employees (employee_number, name, location, ssn, home_address,phone_number,designation) values ( 467,'jzexb','ibupmrjzcdfzbrl',785230224,'jtbhs',72420273,'Nurse');
insert into Hospital.Visitation(patient_registration_no,date_of_visit,diagnosis) values (467,'2013-06-14','lzqvg');
insert into Hospital.Consulted(employee_number,certification_no,patient_registration_no,date_of_visit) values(21,21112233,467,'2013-06-14');
insert into Hospital.Treated_by(patient_registration_no,date_of_visit,employee_number,treatment) values(467,2013-06-14,426);
insert into Hospital.Prescribed(product_id,patient_registration_no,date_of_visit) values (168,467,'2013-06-14');
insert into Hospital.Visitation(patient_registration_no,date_of_visit,diagnosis) values (467,'2013-03-27','vhwbq');
insert into Hospital.Consulted(employee_number,certification_no,patient_registration_no,date_of_visit) values(60,60112233,467,'2013-03-27');
insert into Hospital.Treated_by(patient_registration_no,date_of_visit,employee_number,treatment) values(467,2013-03-27,343);
insert into Hospital.Prescribed(product_id,patient_registration_no,date_of_visit) values (246,467,'2013-03-27');
insert into Hospital.Visitation(patient_registration_no,date_of_visit,diagnosis) values (467,'2013-10-25','yyyoz');
insert into Hospital.Consulted(employee_number,certification_no,patient_registration_no,date_of_visit) values(128,128112233,467,'2013-10-25');
insert into Hospital.Treated_by(patient_registration_no,date_of_visit,employee_number,treatment) values(467,2013-10-25,201);
insert into Hospital.Prescribed(product_id,patient_registration_no,date_of_visit) values (197,467,'2013-10-25');
insert into Hospital.Visitation(patient_registration_no,date_of_visit,diagnosis) values (467,'2013-07-06','crmyl');
insert into Hospital.Consulted(employee_number,certification_no,patient_registration_no,date_of_visit) values(228,228112233,467,'2013-07-06');
insert into Hospital.Treated_by(patient_registration_no,date_of_visit,employee_number,treatment) values(467,2013-07-06,434);
insert into Hospital.Prescribed(product_id,patient_registration_no,date_of_visit) values (411,467,'2013-07-06');
insert into Hospital.Visitation(patient_registration_no,date_of_visit,diagnosis) values (467,'2013-04-11','azani');
insert into Hospital.Consulted(employee_number,certification_no,patient_registration_no,date_of_visit) values(41,41112233,467,'2013-04-11');
insert into Hospital.Treated_by(patient_registration_no,date_of_visit,employee_number,treatment) values(467,2013-04-11,425);
insert into Hospital.Prescribed(product_id,patient_registration_no,date_of_visit) values (39,467,'2013-04-11');
insert into Hospital.Patient (patient_registration_no, name, ssn, address,contact_no,emergency_contact_no) values ( 467,'vdkyh',258798807,'puuni',69751672,63195451);
insert into Hospital.Takes (employee_number,shift_name ) values ( 467,'night');
insert into Hospital.Belongs_to(employee_number,department_id) values (467,3);
insert into Hospital.Pharmaceutical_product(product_id,cost,manufacturer) values(468,835.3341077843659,'njfwd');
insert into Hospital.Medicine(product_id,medicine_name,dosage) values (468,'lwthm','mhwho');
insert into Hospital.Employees (employee_number, name, location, ssn, home_address,phone_number,designation) values ( 468,'fkdwd','dbjgihygfkxtphv',705332540,'jbprg',35679198,'Administration');
insert into Hospital.Visitation(patient_registration_no,date_of_visit,diagnosis) values (468,'2013-09-17','lbuxz');
insert into Hospital.Consulted(employee_number,certification_no,patient_registration_no,date_of_visit) values(287,287112233,468,'2013-09-17');
insert into Hospital.Treated_by(patient_registration_no,date_of_visit,employee_number,treatment) values(468,2013-09-17,84);
insert into Hospital.Prescribed(product_id,patient_registration_no,date_of_visit) values (169,468,'2013-09-17');
insert into Hospital.Visitation(patient_registration_no,date_of_visit,diagnosis) values (468,'2013-03-12','poxel');
insert into Hospital.Consulted(employee_number,certification_no,patient_registration_no,date_of_visit) values(141,141112233,468,'2013-03-12');
insert into Hospital.Treated_by(patient_registration_no,date_of_visit,employee_number,treatment) values(468,2013-03-12,277);
insert into Hospital.Prescribed(product_id,patient_registration_no,date_of_visit) values (140,468,'2013-03-12');
insert into Hospital.Visitation(patient_registration_no,date_of_visit,diagnosis) values (468,'2013-07-13','pdcxu');
insert into Hospital.Consulted(employee_number,certification_no,patient_registration_no,date_of_visit) values(268,268112233,468,'2013-07-13');
insert into Hospital.Treated_by(patient_registration_no,date_of_visit,employee_number,treatment) values(468,2013-07-13,336);
insert into Hospital.Prescribed(product_id,patient_registration_no,date_of_visit) values (144,468,'2013-07-13');
insert into Hospital.Visitation(patient_registration_no,date_of_visit,diagnosis) values (468,'2013-07-18','absoi');
insert into Hospital.Consulted(employee_number,certification_no,patient_registration_no,date_of_visit) values(450,450112233,468,'2013-07-18');
insert into Hospital.Treated_by(patient_registration_no,date_of_visit,employee_number,treatment) values(468,2013-07-18,164);
insert into Hospital.Prescribed(product_id,patient_registration_no,date_of_visit) values (217,468,'2013-07-18');
insert into Hospital.Visitation(patient_registration_no,date_of_visit,diagnosis) values (468,'2013-07-05','agkqo');
insert into Hospital.Consulted(employee_number,certification_no,patient_registration_no,date_of_visit) values(94,94112233,468,'2013-07-05');
insert into Hospital.Treated_by(patient_registration_no,date_of_visit,employee_number,treatment) values(468,2013-07-05,169);
insert into Hospital.Prescribed(product_id,patient_registration_no,date_of_visit) values (365,468,'2013-07-05');
insert into Hospital.Patient (patient_registration_no, name, ssn, address,contact_no,emergency_contact_no) values ( 468,'nwnyc',947294406,'lrtcx',77558480,48625657);
insert into Hospital.Belongs_to(employee_number,department_id) values (468,2);
insert into Hospital.Pharmaceutical_product(product_id,cost,manufacturer) values(469,994.6711347974101,'wwmgz');
insert into Hospital.Employees (employee_number, name, location, ssn, home_address,phone_number,designation) values ( 469,'afxhs','iahthxjlniuskzr',581410070,'rsmya',59449340,'Nurse');
insert into Hospital.Visitation(patient_registration_no,date_of_visit,diagnosis) values (469,'2013-10-20','axghb');
insert into Hospital.Consulted(employee_number,certification_no,patient_registration_no,date_of_visit) values(37,37112233,469,'2013-10-20');
insert into Hospital.Treated_by(patient_registration_no,date_of_visit,employee_number,treatment) values(469,2013-10-20,10);
insert into Hospital.Prescribed(product_id,patient_registration_no,date_of_visit) values (108,469,'2013-10-20');
insert into Hospital.Visitation(patient_registration_no,date_of_visit,diagnosis) values (469,'2013-10-21','mtnsx');
insert into Hospital.Consulted(employee_number,certification_no,patient_registration_no,date_of_visit) values(357,357112233,469,'2013-10-21');
insert into Hospital.Treated_by(patient_registration_no,date_of_visit,employee_number,treatment) values(469,2013-10-21,314);
insert into Hospital.Prescribed(product_id,patient_registration_no,date_of_visit) values (141,469,'2013-10-21');
insert into Hospital.Visitation(patient_registration_no,date_of_visit,diagnosis) values (469,'2013-05-06','vjxoy');
insert into Hospital.Consulted(employee_number,certification_no,patient_registration_no,date_of_visit) values(401,401112233,469,'2013-05-06');
insert into Hospital.Treated_by(patient_registration_no,date_of_visit,employee_number,treatment) values(469,2013-05-06,178);
insert into Hospital.Prescribed(product_id,patient_registration_no,date_of_visit) values (24,469,'2013-05-06');
insert into Hospital.Visitation(patient_registration_no,date_of_visit,diagnosis) values (469,'2013-09-08','ddczy');
insert into Hospital.Consulted(employee_number,certification_no,patient_registration_no,date_of_visit) values(288,288112233,469,'2013-09-08');
insert into Hospital.Treated_by(patient_registration_no,date_of_visit,employee_number,treatment) values(469,2013-09-08,410);
insert into Hospital.Prescribed(product_id,patient_registration_no,date_of_visit) values (122,469,'2013-09-08');
insert into Hospital.Visitation(patient_registration_no,date_of_visit,diagnosis) values (469,'2013-07-17','sgfnp');
insert into Hospital.Consulted(employee_number,certification_no,patient_registration_no,date_of_visit) values(8,8112233,469,'2013-07-17');
insert into Hospital.Treated_by(patient_registration_no,date_of_visit,employee_number,treatment) values(469,2013-07-17,396);
insert into Hospital.Prescribed(product_id,patient_registration_no,date_of_visit) values (182,469,'2013-07-17');
insert into Hospital.Patient (patient_registration_no, name, ssn, address,contact_no,emergency_contact_no) values ( 469,'vwcuw',73682473,'uhheb',18665541,61674771);
insert into Hospital.Takes (employee_number,shift_name ) values ( 469,'night');
insert into Hospital.Belongs_to(employee_number,department_id) values (469,3);
insert into Hospital.Pharmaceutical_product(product_id,cost,manufacturer) values(470,778.4742709245971,'ufekn');
insert into Hospital.Employees (employee_number, name, location, ssn, home_address,phone_number,designation) values ( 470,'biivc','cmvkslselgeibwe',385958626,'inmrq',83741639,'Administration');
insert into Hospital.Visitation(patient_registration_no,date_of_visit,diagnosis) values (470,'2013-06-24','xsqfj');
insert into Hospital.Consulted(employee_number,certification_no,patient_registration_no,date_of_visit) values(113,113112233,470,'2013-06-24');
insert into Hospital.Treated_by(patient_registration_no,date_of_visit,employee_number,treatment) values(470,2013-06-24,277);
insert into Hospital.Prescribed(product_id,patient_registration_no,date_of_visit) values (153,470,'2013-06-24');
insert into Hospital.Visitation(patient_registration_no,date_of_visit,diagnosis) values (470,'2013-09-09','yqhbh');
insert into Hospital.Consulted(employee_number,certification_no,patient_registration_no,date_of_visit) values(34,34112233,470,'2013-09-09');
insert into Hospital.Treated_by(patient_registration_no,date_of_visit,employee_number,treatment) values(470,2013-09-09,409);
insert into Hospital.Prescribed(product_id,patient_registration_no,date_of_visit) values (49,470,'2013-09-09');
insert into Hospital.Visitation(patient_registration_no,date_of_visit,diagnosis) values (470,'2013-01-22','yovcp');
insert into Hospital.Consulted(employee_number,certification_no,patient_registration_no,date_of_visit) values(184,184112233,470,'2013-01-22');
insert into Hospital.Treated_by(patient_registration_no,date_of_visit,employee_number,treatment) values(470,2013-01-22,0);
insert into Hospital.Prescribed(product_id,patient_registration_no,date_of_visit) values (76,470,'2013-01-22');
insert into Hospital.Visitation(patient_registration_no,date_of_visit,diagnosis) values (470,'2013-03-18','edwkv');
insert into Hospital.Consulted(employee_number,certification_no,patient_registration_no,date_of_visit) values(313,313112233,470,'2013-03-18');
insert into Hospital.Treated_by(patient_registration_no,date_of_visit,employee_number,treatment) values(470,2013-03-18,91);
insert into Hospital.Prescribed(product_id,patient_registration_no,date_of_visit) values (39,470,'2013-03-18');
insert into Hospital.Visitation(patient_registration_no,date_of_visit,diagnosis) values (470,'2013-04-02','vbwvw');
insert into Hospital.Consulted(employee_number,certification_no,patient_registration_no,date_of_visit) values(274,274112233,470,'2013-04-02');
insert into Hospital.Treated_by(patient_registration_no,date_of_visit,employee_number,treatment) values(470,2013-04-02,446);
insert into Hospital.Prescribed(product_id,patient_registration_no,date_of_visit) values (70,470,'2013-04-02');
insert into Hospital.Patient (patient_registration_no, name, ssn, address,contact_no,emergency_contact_no) values ( 470,'ewrzu',672439734,'uphhc',44289565,93901247);
insert into Hospital.Belongs_to(employee_number,department_id) values (470,2);
insert into Hospital.Pharmaceutical_product(product_id,cost,manufacturer) values(471,813.3494681965385,'khjus');
insert into Hospital.Employees (employee_number, name, location, ssn, home_address,phone_number,designation) values ( 471,'htkhy','xpivnqsiwcorisf',983979587,'tdwoj',23438252,'Doctor');
insert into Hospital.Visitation(patient_registration_no,date_of_visit,diagnosis) values (471,'2013-03-03','kfnas');
insert into Hospital.Consulted(employee_number,certification_no,patient_registration_no,date_of_visit) values(297,297112233,471,'2013-03-03');
insert into Hospital.Treated_by(patient_registration_no,date_of_visit,employee_number,treatment) values(471,2013-03-03,209);
insert into Hospital.Prescribed(product_id,patient_registration_no,date_of_visit) values (230,471,'2013-03-03');
insert into Hospital.Visitation(patient_registration_no,date_of_visit,diagnosis) values (471,'2013-10-23','zrqun');
insert into Hospital.Consulted(employee_number,certification_no,patient_registration_no,date_of_visit) values(346,346112233,471,'2013-10-23');
insert into Hospital.Treated_by(patient_registration_no,date_of_visit,employee_number,treatment) values(471,2013-10-23,435);
insert into Hospital.Prescribed(product_id,patient_registration_no,date_of_visit) values (111,471,'2013-10-23');
insert into Hospital.Visitation(patient_registration_no,date_of_visit,diagnosis) values (471,'2013-06-26','utoza');
insert into Hospital.Consulted(employee_number,certification_no,patient_registration_no,date_of_visit) values(319,319112233,471,'2013-06-26');
insert into Hospital.Treated_by(patient_registration_no,date_of_visit,employee_number,treatment) values(471,2013-06-26,315);
insert into Hospital.Prescribed(product_id,patient_registration_no,date_of_visit) values (263,471,'2013-06-26');
insert into Hospital.Visitation(patient_registration_no,date_of_visit,diagnosis) values (471,'2013-06-19','gpyeq');
insert into Hospital.Consulted(employee_number,certification_no,patient_registration_no,date_of_visit) values(46,46112233,471,'2013-06-19');
insert into Hospital.Treated_by(patient_registration_no,date_of_visit,employee_number,treatment) values(471,2013-06-19,143);
insert into Hospital.Prescribed(product_id,patient_registration_no,date_of_visit) values (129,471,'2013-06-19');
insert into Hospital.Visitation(patient_registration_no,date_of_visit,diagnosis) values (471,'2013-07-17','kqoyk');
insert into Hospital.Consulted(employee_number,certification_no,patient_registration_no,date_of_visit) values(44,44112233,471,'2013-07-17');
insert into Hospital.Treated_by(patient_registration_no,date_of_visit,employee_number,treatment) values(471,2013-07-17,285);
insert into Hospital.Prescribed(product_id,patient_registration_no,date_of_visit) values (213,471,'2013-07-17');
insert into Hospital.Patient (patient_registration_no, name, ssn, address,contact_no,emergency_contact_no) values ( 471,'ccwwk',824009239,'hlbat',76279567,64486843);
insert into Hospital.Physician (employee_number, certification_no,specialization) values ( 471,471112233,'Pediatrics');
insert into Hospital.Belongs_to(employee_number,department_id) values (471,1);
insert into Hospital.Pharmaceutical_product(product_id,cost,manufacturer) values(472,781.7519439839004,'equdo');
insert into Hospital.Batch(batch_id,manufacture_date,expiry_date) values (472,'2013-03-05','2013-07-05');
insert into Hospital.Production(product_id,batch_id) values (472,472);
insert into Hospital.Batch(batch_id,manufacture_date,expiry_date) values (473,'2013-03-05','2013-07-05');
insert into Hospital.Production(product_id,batch_id) values (472,473);
insert into Hospital.Batch(batch_id,manufacture_date,expiry_date) values (474,'2013-03-05','2013-07-05');
insert into Hospital.Production(product_id,batch_id) values (472,474);
insert into Hospital.Batch(batch_id,manufacture_date,expiry_date) values (475,'2013-03-05','2013-07-05');
insert into Hospital.Production(product_id,batch_id) values (472,475);
insert into Hospital.Batch(batch_id,manufacture_date,expiry_date) values (476,'2013-03-05','2013-07-05');
insert into Hospital.Production(product_id,batch_id) values (472,476);
insert into Hospital.Medicine(product_id,medicine_name,dosage) values (472,'mdzaz','fdbwb');
insert into Hospital.Employees (employee_number, name, location, ssn, home_address,phone_number,designation) values ( 472,'tblkx','lxjaduvrtnrrycz',977841368,'prqnf',69097319,'Nurse');
insert into Hospital.Visitation(patient_registration_no,date_of_visit,diagnosis) values (472,'2013-08-27','tlluv');
insert into Hospital.Consulted(employee_number,certification_no,patient_registration_no,date_of_visit) values(192,192112233,472,'2013-08-27');
insert into Hospital.Treated_by(patient_registration_no,date_of_visit,employee_number,treatment) values(472,2013-08-27,364);
insert into Hospital.Prescribed(product_id,patient_registration_no,date_of_visit) values (90,472,'2013-08-27');
insert into Hospital.Visitation(patient_registration_no,date_of_visit,diagnosis) values (472,'2013-03-29','yolcb');
insert into Hospital.Consulted(employee_number,certification_no,patient_registration_no,date_of_visit) values(69,69112233,472,'2013-03-29');
insert into Hospital.Treated_by(patient_registration_no,date_of_visit,employee_number,treatment) values(472,2013-03-29,63);
insert into Hospital.Prescribed(product_id,patient_registration_no,date_of_visit) values (91,472,'2013-03-29');
insert into Hospital.Visitation(patient_registration_no,date_of_visit,diagnosis) values (472,'2013-04-24','nkfeb');
insert into Hospital.Consulted(employee_number,certification_no,patient_registration_no,date_of_visit) values(253,253112233,472,'2013-04-24');
insert into Hospital.Treated_by(patient_registration_no,date_of_visit,employee_number,treatment) values(472,2013-04-24,456);
insert into Hospital.Prescribed(product_id,patient_registration_no,date_of_visit) values (84,472,'2013-04-24');
insert into Hospital.Visitation(patient_registration_no,date_of_visit,diagnosis) values (472,'2013-09-24','kssdt');
insert into Hospital.Consulted(employee_number,certification_no,patient_registration_no,date_of_visit) values(161,161112233,472,'2013-09-24');
insert into Hospital.Treated_by(patient_registration_no,date_of_visit,employee_number,treatment) values(472,2013-09-24,241);
insert into Hospital.Prescribed(product_id,patient_registration_no,date_of_visit) values (172,472,'2013-09-24');
insert into Hospital.Visitation(patient_registration_no,date_of_visit,diagnosis) values (472,'2013-01-16','jloja');
insert into Hospital.Consulted(employee_number,certification_no,patient_registration_no,date_of_visit) values(184,184112233,472,'2013-01-16');
insert into Hospital.Treated_by(patient_registration_no,date_of_visit,employee_number,treatment) values(472,2013-01-16,204);
insert into Hospital.Prescribed(product_id,patient_registration_no,date_of_visit) values (342,472,'2013-01-16');
insert into Hospital.Patient (patient_registration_no, name, ssn, address,contact_no,emergency_contact_no) values ( 472,'zcuhi',929365005,'srnov',71061696,84731371);
insert into Hospital.Takes (employee_number,shift_name ) values ( 472,'evening');
insert into Hospital.Belongs_to(employee_number,department_id) values (472,3);
insert into Hospital.Pharmaceutical_product(product_id,cost,manufacturer) values(473,130.39435467771406,'wrdfy');
insert into Hospital.Medicine(product_id,medicine_name,dosage) values (473,'bjlvw','pbmct');
insert into Hospital.Employees (employee_number, name, location, ssn, home_address,phone_number,designation) values ( 473,'yeuio','wlgvytjaklqnulw',998047336,'ljlup',95961890,'Radiology');
insert into Hospital.Visitation(patient_registration_no,date_of_visit,diagnosis) values (473,'2013-02-27','bfiog');
insert into Hospital.Consulted(employee_number,certification_no,patient_registration_no,date_of_visit) values(13,13112233,473,'2013-02-27');
insert into Hospital.Treated_by(patient_registration_no,date_of_visit,employee_number,treatment) values(473,2013-02-27,233);
insert into Hospital.Prescribed(product_id,patient_registration_no,date_of_visit) values (191,473,'2013-02-27');
insert into Hospital.Visitation(patient_registration_no,date_of_visit,diagnosis) values (473,'2013-04-26','uwgxl');
insert into Hospital.Consulted(employee_number,certification_no,patient_registration_no,date_of_visit) values(12,12112233,473,'2013-04-26');
insert into Hospital.Treated_by(patient_registration_no,date_of_visit,employee_number,treatment) values(473,2013-04-26,165);
insert into Hospital.Prescribed(product_id,patient_registration_no,date_of_visit) values (314,473,'2013-04-26');
insert into Hospital.Visitation(patient_registration_no,date_of_visit,diagnosis) values (473,'2013-08-24','qxojb');
insert into Hospital.Consulted(employee_number,certification_no,patient_registration_no,date_of_visit) values(253,253112233,473,'2013-08-24');
insert into Hospital.Treated_by(patient_registration_no,date_of_visit,employee_number,treatment) values(473,2013-08-24,77);
insert into Hospital.Prescribed(product_id,patient_registration_no,date_of_visit) values (129,473,'2013-08-24');
insert into Hospital.Visitation(patient_registration_no,date_of_visit,diagnosis) values (473,'2013-03-14','dxdto');
insert into Hospital.Consulted(employee_number,certification_no,patient_registration_no,date_of_visit) values(193,193112233,473,'2013-03-14');
insert into Hospital.Treated_by(patient_registration_no,date_of_visit,employee_number,treatment) values(473,2013-03-14,204);
insert into Hospital.Prescribed(product_id,patient_registration_no,date_of_visit) values (365,473,'2013-03-14');
insert into Hospital.Visitation(patient_registration_no,date_of_visit,diagnosis) values (473,'2013-07-21','ruend');
insert into Hospital.Consulted(employee_number,certification_no,patient_registration_no,date_of_visit) values(60,60112233,473,'2013-07-21');
insert into Hospital.Treated_by(patient_registration_no,date_of_visit,employee_number,treatment) values(473,2013-07-21,49);
insert into Hospital.Prescribed(product_id,patient_registration_no,date_of_visit) values (307,473,'2013-07-21');
insert into Hospital.Patient (patient_registration_no, name, ssn, address,contact_no,emergency_contact_no) values ( 473,'juytk',742831197,'sytka',11641510,12299324);
insert into Hospital.Takes (employee_number,shift_name ) values ( 473,'morning');
insert into Hospital.Belongs_to(employee_number,department_id) values (473,3);
insert into Hospital.Pharmaceutical_product(product_id,cost,manufacturer) values(474,806.522623447505,'bcygk');
insert into Hospital.Batch(batch_id,manufacture_date,expiry_date) values (474,'2013-02-17','2013-05-09');
insert into Hospital.Production(product_id,batch_id) values (474,474);
insert into Hospital.Batch(batch_id,manufacture_date,expiry_date) values (475,'2013-02-17','2013-05-09');
insert into Hospital.Production(product_id,batch_id) values (474,475);
insert into Hospital.Batch(batch_id,manufacture_date,expiry_date) values (476,'2013-02-17','2013-05-09');
insert into Hospital.Production(product_id,batch_id) values (474,476);
insert into Hospital.Batch(batch_id,manufacture_date,expiry_date) values (477,'2013-02-17','2013-05-09');
insert into Hospital.Production(product_id,batch_id) values (474,477);
insert into Hospital.Batch(batch_id,manufacture_date,expiry_date) values (478,'2013-02-17','2013-05-09');
insert into Hospital.Production(product_id,batch_id) values (474,478);
insert into Hospital.Medicine(product_id,medicine_name,dosage) values (474,'lqrcd','umcry');
insert into Hospital.Employees (employee_number, name, location, ssn, home_address,phone_number,designation) values ( 474,'kjzys','afrnepaykwejpzv',501527143,'iohec',92812009,'Radiology');
insert into Hospital.Visitation(patient_registration_no,date_of_visit,diagnosis) values (474,'2013-09-06','tfhlv');
insert into Hospital.Consulted(employee_number,certification_no,patient_registration_no,date_of_visit) values(23,23112233,474,'2013-09-06');
insert into Hospital.Treated_by(patient_registration_no,date_of_visit,employee_number,treatment) values(474,2013-09-06,178);
insert into Hospital.Prescribed(product_id,patient_registration_no,date_of_visit) values (26,474,'2013-09-06');
insert into Hospital.Visitation(patient_registration_no,date_of_visit,diagnosis) values (474,'2013-05-20','glahk');
insert into Hospital.Consulted(employee_number,certification_no,patient_registration_no,date_of_visit) values(302,302112233,474,'2013-05-20');
insert into Hospital.Treated_by(patient_registration_no,date_of_visit,employee_number,treatment) values(474,2013-05-20,125);
insert into Hospital.Prescribed(product_id,patient_registration_no,date_of_visit) values (246,474,'2013-05-20');
insert into Hospital.Visitation(patient_registration_no,date_of_visit,diagnosis) values (474,'2013-05-29','astyp');
insert into Hospital.Consulted(employee_number,certification_no,patient_registration_no,date_of_visit) values(246,246112233,474,'2013-05-29');
insert into Hospital.Treated_by(patient_registration_no,date_of_visit,employee_number,treatment) values(474,2013-05-29,322);
insert into Hospital.Prescribed(product_id,patient_registration_no,date_of_visit) values (293,474,'2013-05-29');
insert into Hospital.Visitation(patient_registration_no,date_of_visit,diagnosis) values (474,'2013-08-21','phyam');
insert into Hospital.Consulted(employee_number,certification_no,patient_registration_no,date_of_visit) values(128,128112233,474,'2013-08-21');
insert into Hospital.Treated_by(patient_registration_no,date_of_visit,employee_number,treatment) values(474,2013-08-21,19);
insert into Hospital.Prescribed(product_id,patient_registration_no,date_of_visit) values (170,474,'2013-08-21');
insert into Hospital.Visitation(patient_registration_no,date_of_visit,diagnosis) values (474,'2013-03-10','pmshb');
insert into Hospital.Consulted(employee_number,certification_no,patient_registration_no,date_of_visit) values(208,208112233,474,'2013-03-10');
insert into Hospital.Treated_by(patient_registration_no,date_of_visit,employee_number,treatment) values(474,2013-03-10,375);
insert into Hospital.Prescribed(product_id,patient_registration_no,date_of_visit) values (346,474,'2013-03-10');
insert into Hospital.Patient (patient_registration_no, name, ssn, address,contact_no,emergency_contact_no) values ( 474,'tsgoj',420221704,'viexo',39814702,75520412);
insert into Hospital.Takes (employee_number,shift_name ) values ( 474,'morning');
insert into Hospital.Belongs_to(employee_number,department_id) values (474,3);
insert into Hospital.Pharmaceutical_product(product_id,cost,manufacturer) values(475,221.71310909209564,'scchn');
insert into Hospital.Batch(batch_id,manufacture_date,expiry_date) values (475,'2013-07-06','2013-07-11');
insert into Hospital.Production(product_id,batch_id) values (475,475);
insert into Hospital.Batch(batch_id,manufacture_date,expiry_date) values (476,'2013-07-06','2013-07-11');
insert into Hospital.Production(product_id,batch_id) values (475,476);
insert into Hospital.Batch(batch_id,manufacture_date,expiry_date) values (477,'2013-07-06','2013-07-11');
insert into Hospital.Production(product_id,batch_id) values (475,477);
insert into Hospital.Batch(batch_id,manufacture_date,expiry_date) values (478,'2013-07-06','2013-07-11');
insert into Hospital.Production(product_id,batch_id) values (475,478);
insert into Hospital.Batch(batch_id,manufacture_date,expiry_date) values (479,'2013-07-06','2013-07-11');
insert into Hospital.Production(product_id,batch_id) values (475,479);
insert into Hospital.Medicine(product_id,medicine_name,dosage) values (475,'dixrl','fxzch');
insert into Hospital.Employees (employee_number, name, location, ssn, home_address,phone_number,designation) values ( 475,'dtfpy','nihjlprdufmlorr',631152709,'gtksn',92514395,'Doctor');
insert into Hospital.Visitation(patient_registration_no,date_of_visit,diagnosis) values (475,'2013-09-11','wkfuh');
insert into Hospital.Consulted(employee_number,certification_no,patient_registration_no,date_of_visit) values(246,246112233,475,'2013-09-11');
insert into Hospital.Treated_by(patient_registration_no,date_of_visit,employee_number,treatment) values(475,2013-09-11,76);
insert into Hospital.Prescribed(product_id,patient_registration_no,date_of_visit) values (443,475,'2013-09-11');
insert into Hospital.Visitation(patient_registration_no,date_of_visit,diagnosis) values (475,'2013-01-13','nkcqr');
insert into Hospital.Consulted(employee_number,certification_no,patient_registration_no,date_of_visit) values(85,85112233,475,'2013-01-13');
insert into Hospital.Treated_by(patient_registration_no,date_of_visit,employee_number,treatment) values(475,2013-01-13,248);
insert into Hospital.Prescribed(product_id,patient_registration_no,date_of_visit) values (203,475,'2013-01-13');
insert into Hospital.Visitation(patient_registration_no,date_of_visit,diagnosis) values (475,'2013-07-29','gtfrs');
insert into Hospital.Consulted(employee_number,certification_no,patient_registration_no,date_of_visit) values(313,313112233,475,'2013-07-29');
insert into Hospital.Treated_by(patient_registration_no,date_of_visit,employee_number,treatment) values(475,2013-07-29,385);
insert into Hospital.Prescribed(product_id,patient_registration_no,date_of_visit) values (27,475,'2013-07-29');
insert into Hospital.Visitation(patient_registration_no,date_of_visit,diagnosis) values (475,'2013-04-10','ltwxp');
insert into Hospital.Consulted(employee_number,certification_no,patient_registration_no,date_of_visit) values(460,460112233,475,'2013-04-10');
insert into Hospital.Treated_by(patient_registration_no,date_of_visit,employee_number,treatment) values(475,2013-04-10,314);
insert into Hospital.Prescribed(product_id,patient_registration_no,date_of_visit) values (187,475,'2013-04-10');
insert into Hospital.Visitation(patient_registration_no,date_of_visit,diagnosis) values (475,'2013-07-16','tzoqx');
insert into Hospital.Consulted(employee_number,certification_no,patient_registration_no,date_of_visit) values(429,429112233,475,'2013-07-16');
insert into Hospital.Treated_by(patient_registration_no,date_of_visit,employee_number,treatment) values(475,2013-07-16,424);
insert into Hospital.Prescribed(product_id,patient_registration_no,date_of_visit) values (20,475,'2013-07-16');
insert into Hospital.Patient (patient_registration_no, name, ssn, address,contact_no,emergency_contact_no) values ( 475,'fsslq',439577262,'bimab',85043856,90791405);
insert into Hospital.Physician (employee_number, certification_no,specialization) values ( 475,475112233,'Pediatrics');
insert into Hospital.Belongs_to(employee_number,department_id) values (475,1);
insert into Hospital.Pharmaceutical_product(product_id,cost,manufacturer) values(476,457.0169490213937,'rupoc');
insert into Hospital.Batch(batch_id,manufacture_date,expiry_date) values (476,'2013-05-04','2013-08-06');
insert into Hospital.Production(product_id,batch_id) values (476,476);
insert into Hospital.Batch(batch_id,manufacture_date,expiry_date) values (477,'2013-05-04','2013-08-06');
insert into Hospital.Production(product_id,batch_id) values (476,477);
insert into Hospital.Batch(batch_id,manufacture_date,expiry_date) values (478,'2013-05-04','2013-08-06');
insert into Hospital.Production(product_id,batch_id) values (476,478);
insert into Hospital.Batch(batch_id,manufacture_date,expiry_date) values (479,'2013-05-04','2013-08-06');
insert into Hospital.Production(product_id,batch_id) values (476,479);
insert into Hospital.Batch(batch_id,manufacture_date,expiry_date) values (480,'2013-05-04','2013-08-06');
insert into Hospital.Production(product_id,batch_id) values (476,480);
insert into Hospital.Medicine(product_id,medicine_name,dosage) values (476,'rweaf','fvdtc');
insert into Hospital.Employees (employee_number, name, location, ssn, home_address,phone_number,designation) values ( 476,'gsfab','gayzdetnygkpmqq',480723993,'lxzgg',85748846,'Doctor');
insert into Hospital.Visitation(patient_registration_no,date_of_visit,diagnosis) values (476,'2013-02-20','uqetg');
insert into Hospital.Consulted(employee_number,certification_no,patient_registration_no,date_of_visit) values(271,271112233,476,'2013-02-20');
insert into Hospital.Treated_by(patient_registration_no,date_of_visit,employee_number,treatment) values(476,2013-02-20,380);
insert into Hospital.Prescribed(product_id,patient_registration_no,date_of_visit) values (94,476,'2013-02-20');
insert into Hospital.Visitation(patient_registration_no,date_of_visit,diagnosis) values (476,'2013-10-15','kqsxz');
insert into Hospital.Consulted(employee_number,certification_no,patient_registration_no,date_of_visit) values(230,230112233,476,'2013-10-15');
insert into Hospital.Treated_by(patient_registration_no,date_of_visit,employee_number,treatment) values(476,2013-10-15,30);
insert into Hospital.Prescribed(product_id,patient_registration_no,date_of_visit) values (411,476,'2013-10-15');
insert into Hospital.Visitation(patient_registration_no,date_of_visit,diagnosis) values (476,'2013-03-02','sbxwc');
insert into Hospital.Consulted(employee_number,certification_no,patient_registration_no,date_of_visit) values(374,374112233,476,'2013-03-02');
insert into Hospital.Treated_by(patient_registration_no,date_of_visit,employee_number,treatment) values(476,2013-03-02,294);
insert into Hospital.Prescribed(product_id,patient_registration_no,date_of_visit) values (55,476,'2013-03-02');
insert into Hospital.Visitation(patient_registration_no,date_of_visit,diagnosis) values (476,'2013-10-04','nrdjv');
insert into Hospital.Consulted(employee_number,certification_no,patient_registration_no,date_of_visit) values(363,363112233,476,'2013-10-04');
insert into Hospital.Treated_by(patient_registration_no,date_of_visit,employee_number,treatment) values(476,2013-10-04,169);
insert into Hospital.Prescribed(product_id,patient_registration_no,date_of_visit) values (348,476,'2013-10-04');
insert into Hospital.Visitation(patient_registration_no,date_of_visit,diagnosis) values (476,'2013-03-05','imbul');
insert into Hospital.Consulted(employee_number,certification_no,patient_registration_no,date_of_visit) values(262,262112233,476,'2013-03-05');
insert into Hospital.Treated_by(patient_registration_no,date_of_visit,employee_number,treatment) values(476,2013-03-05,362);
insert into Hospital.Prescribed(product_id,patient_registration_no,date_of_visit) values (173,476,'2013-03-05');
insert into Hospital.Patient (patient_registration_no, name, ssn, address,contact_no,emergency_contact_no) values ( 476,'zgnet',621500780,'vgcec',12888776,13187934);
insert into Hospital.Physician (employee_number, certification_no,specialization) values ( 476,476112233,'Pediatrics');
insert into Hospital.Belongs_to(employee_number,department_id) values (476,1);
insert into Hospital.Pharmaceutical_product(product_id,cost,manufacturer) values(477,597.0620235131396,'cyszn');
insert into Hospital.Batch(batch_id,manufacture_date,expiry_date) values (477,'2013-04-11','2013-05-19');
insert into Hospital.Production(product_id,batch_id) values (477,477);
insert into Hospital.Batch(batch_id,manufacture_date,expiry_date) values (478,'2013-04-11','2013-05-19');
insert into Hospital.Production(product_id,batch_id) values (477,478);
insert into Hospital.Batch(batch_id,manufacture_date,expiry_date) values (479,'2013-04-11','2013-05-19');
insert into Hospital.Production(product_id,batch_id) values (477,479);
insert into Hospital.Batch(batch_id,manufacture_date,expiry_date) values (480,'2013-04-11','2013-05-19');
insert into Hospital.Production(product_id,batch_id) values (477,480);
insert into Hospital.Batch(batch_id,manufacture_date,expiry_date) values (481,'2013-04-11','2013-05-19');
insert into Hospital.Production(product_id,batch_id) values (477,481);
insert into Hospital.Medicine(product_id,medicine_name,dosage) values (477,'vfvui','wajre');
insert into Hospital.Employees (employee_number, name, location, ssn, home_address,phone_number,designation) values ( 477,'arwjn','dbdrvouwjiotgur',710143354,'nepyx',17245451,'Radiology');
insert into Hospital.Visitation(patient_registration_no,date_of_visit,diagnosis) values (477,'2013-10-10','lkilq');
insert into Hospital.Consulted(employee_number,certification_no,patient_registration_no,date_of_visit) values(94,94112233,477,'2013-10-10');
insert into Hospital.Treated_by(patient_registration_no,date_of_visit,employee_number,treatment) values(477,2013-10-10,88);
insert into Hospital.Prescribed(product_id,patient_registration_no,date_of_visit) values (438,477,'2013-10-10');
insert into Hospital.Visitation(patient_registration_no,date_of_visit,diagnosis) values (477,'2013-03-15','hxdfi');
insert into Hospital.Consulted(employee_number,certification_no,patient_registration_no,date_of_visit) values(429,429112233,477,'2013-03-15');
insert into Hospital.Treated_by(patient_registration_no,date_of_visit,employee_number,treatment) values(477,2013-03-15,347);
insert into Hospital.Prescribed(product_id,patient_registration_no,date_of_visit) values (314,477,'2013-03-15');
insert into Hospital.Visitation(patient_registration_no,date_of_visit,diagnosis) values (477,'2013-08-18','iwjib');
insert into Hospital.Consulted(employee_number,certification_no,patient_registration_no,date_of_visit) values(43,43112233,477,'2013-08-18');
insert into Hospital.Treated_by(patient_registration_no,date_of_visit,employee_number,treatment) values(477,2013-08-18,390);
insert into Hospital.Prescribed(product_id,patient_registration_no,date_of_visit) values (177,477,'2013-08-18');
insert into Hospital.Visitation(patient_registration_no,date_of_visit,diagnosis) values (477,'2013-09-22','iulon');
insert into Hospital.Consulted(employee_number,certification_no,patient_registration_no,date_of_visit) values(60,60112233,477,'2013-09-22');
insert into Hospital.Treated_by(patient_registration_no,date_of_visit,employee_number,treatment) values(477,2013-09-22,248);
insert into Hospital.Prescribed(product_id,patient_registration_no,date_of_visit) values (331,477,'2013-09-22');
insert into Hospital.Visitation(patient_registration_no,date_of_visit,diagnosis) values (477,'2013-05-11','kygwl');
insert into Hospital.Consulted(employee_number,certification_no,patient_registration_no,date_of_visit) values(166,166112233,477,'2013-05-11');
insert into Hospital.Treated_by(patient_registration_no,date_of_visit,employee_number,treatment) values(477,2013-05-11,340);
insert into Hospital.Prescribed(product_id,patient_registration_no,date_of_visit) values (65,477,'2013-05-11');
insert into Hospital.Patient (patient_registration_no, name, ssn, address,contact_no,emergency_contact_no) values ( 477,'ejufw',58934524,'vabaj',65511488,92141981);
insert into Hospital.Takes (employee_number,shift_name ) values ( 477,'night');
insert into Hospital.Belongs_to(employee_number,department_id) values (477,3);
insert into Hospital.Pharmaceutical_product(product_id,cost,manufacturer) values(478,649.3798431193898,'vzhub');
insert into Hospital.Batch(batch_id,manufacture_date,expiry_date) values (478,'2013-05-31','2013-07-17');
insert into Hospital.Production(product_id,batch_id) values (478,478);
insert into Hospital.Batch(batch_id,manufacture_date,expiry_date) values (479,'2013-05-31','2013-07-17');
insert into Hospital.Production(product_id,batch_id) values (478,479);
insert into Hospital.Batch(batch_id,manufacture_date,expiry_date) values (480,'2013-05-31','2013-07-17');
insert into Hospital.Production(product_id,batch_id) values (478,480);
insert into Hospital.Batch(batch_id,manufacture_date,expiry_date) values (481,'2013-05-31','2013-07-17');
insert into Hospital.Production(product_id,batch_id) values (478,481);
insert into Hospital.Batch(batch_id,manufacture_date,expiry_date) values (482,'2013-05-31','2013-07-17');
insert into Hospital.Production(product_id,batch_id) values (478,482);
insert into Hospital.Medicine(product_id,medicine_name,dosage) values (478,'uoyis','salvx');
insert into Hospital.Employees (employee_number, name, location, ssn, home_address,phone_number,designation) values ( 478,'prvhd','bhvsfpjpvxchhoa',466922239,'afwov',75665351,'Doctor');
insert into Hospital.Visitation(patient_registration_no,date_of_visit,diagnosis) values (478,'2013-08-13','jidwe');
insert into Hospital.Consulted(employee_number,certification_no,patient_registration_no,date_of_visit) values(348,348112233,478,'2013-08-13');
insert into Hospital.Treated_by(patient_registration_no,date_of_visit,employee_number,treatment) values(478,2013-08-13,325);
insert into Hospital.Prescribed(product_id,patient_registration_no,date_of_visit) values (280,478,'2013-08-13');
insert into Hospital.Visitation(patient_registration_no,date_of_visit,diagnosis) values (478,'2013-04-09','tkjen');
insert into Hospital.Consulted(employee_number,certification_no,patient_registration_no,date_of_visit) values(29,29112233,478,'2013-04-09');
insert into Hospital.Treated_by(patient_registration_no,date_of_visit,employee_number,treatment) values(478,2013-04-09,391);
insert into Hospital.Prescribed(product_id,patient_registration_no,date_of_visit) values (282,478,'2013-04-09');
insert into Hospital.Visitation(patient_registration_no,date_of_visit,diagnosis) values (478,'2013-06-16','xmwcw');
insert into Hospital.Consulted(employee_number,certification_no,patient_registration_no,date_of_visit) values(130,130112233,478,'2013-06-16');
insert into Hospital.Treated_by(patient_registration_no,date_of_visit,employee_number,treatment) values(478,2013-06-16,314);
insert into Hospital.Prescribed(product_id,patient_registration_no,date_of_visit) values (327,478,'2013-06-16');
insert into Hospital.Visitation(patient_registration_no,date_of_visit,diagnosis) values (478,'2013-06-16','bjpns');
insert into Hospital.Consulted(employee_number,certification_no,patient_registration_no,date_of_visit) values(222,222112233,478,'2013-06-16');
insert into Hospital.Treated_by(patient_registration_no,date_of_visit,employee_number,treatment) values(478,2013-06-16,263);
insert into Hospital.Prescribed(product_id,patient_registration_no,date_of_visit) values (477,478,'2013-06-16');
insert into Hospital.Visitation(patient_registration_no,date_of_visit,diagnosis) values (478,'2013-09-26','kdqzs');
insert into Hospital.Consulted(employee_number,certification_no,patient_registration_no,date_of_visit) values(9,9112233,478,'2013-09-26');
insert into Hospital.Treated_by(patient_registration_no,date_of_visit,employee_number,treatment) values(478,2013-09-26,103);
insert into Hospital.Prescribed(product_id,patient_registration_no,date_of_visit) values (113,478,'2013-09-26');
insert into Hospital.Patient (patient_registration_no, name, ssn, address,contact_no,emergency_contact_no) values ( 478,'emtzh',122015403,'lgamf',77858347,41868050);
insert into Hospital.Physician (employee_number, certification_no,specialization) values ( 478,478112233,'Pediatrics');
insert into Hospital.Belongs_to(employee_number,department_id) values (478,1);
insert into Hospital.Pharmaceutical_product(product_id,cost,manufacturer) values(479,35.9985537692407,'fiikx');
insert into Hospital.Batch(batch_id,manufacture_date,expiry_date) values (479,'2013-03-09','2013-09-05');
insert into Hospital.Production(product_id,batch_id) values (479,479);
insert into Hospital.Batch(batch_id,manufacture_date,expiry_date) values (480,'2013-03-09','2013-09-05');
insert into Hospital.Production(product_id,batch_id) values (479,480);
insert into Hospital.Batch(batch_id,manufacture_date,expiry_date) values (481,'2013-03-09','2013-09-05');
insert into Hospital.Production(product_id,batch_id) values (479,481);
insert into Hospital.Batch(batch_id,manufacture_date,expiry_date) values (482,'2013-03-09','2013-09-05');
insert into Hospital.Production(product_id,batch_id) values (479,482);
insert into Hospital.Batch(batch_id,manufacture_date,expiry_date) values (483,'2013-03-09','2013-09-05');
insert into Hospital.Production(product_id,batch_id) values (479,483);
insert into Hospital.Employees (employee_number, name, location, ssn, home_address,phone_number,designation) values ( 479,'zisgo','syzwappfpemyyrz',990215027,'nkbtw',32732417,'Administration');
insert into Hospital.Visitation(patient_registration_no,date_of_visit,diagnosis) values (479,'2013-05-05','orjle');
insert into Hospital.Consulted(employee_number,certification_no,patient_registration_no,date_of_visit) values(274,274112233,479,'2013-05-05');
insert into Hospital.Treated_by(patient_registration_no,date_of_visit,employee_number,treatment) values(479,2013-05-05,87);
insert into Hospital.Prescribed(product_id,patient_registration_no,date_of_visit) values (31,479,'2013-05-05');
insert into Hospital.Visitation(patient_registration_no,date_of_visit,diagnosis) values (479,'2013-05-26','pvqft');
insert into Hospital.Consulted(employee_number,certification_no,patient_registration_no,date_of_visit) values(60,60112233,479,'2013-05-26');
insert into Hospital.Treated_by(patient_registration_no,date_of_visit,employee_number,treatment) values(479,2013-05-26,260);
insert into Hospital.Prescribed(product_id,patient_registration_no,date_of_visit) values (400,479,'2013-05-26');
insert into Hospital.Visitation(patient_registration_no,date_of_visit,diagnosis) values (479,'2013-02-21','hzsir');
insert into Hospital.Consulted(employee_number,certification_no,patient_registration_no,date_of_visit) values(439,439112233,479,'2013-02-21');
insert into Hospital.Treated_by(patient_registration_no,date_of_visit,employee_number,treatment) values(479,2013-02-21,178);
insert into Hospital.Prescribed(product_id,patient_registration_no,date_of_visit) values (411,479,'2013-02-21');
insert into Hospital.Visitation(patient_registration_no,date_of_visit,diagnosis) values (479,'2013-03-23','qsimm');
insert into Hospital.Consulted(employee_number,certification_no,patient_registration_no,date_of_visit) values(120,120112233,479,'2013-03-23');
insert into Hospital.Treated_by(patient_registration_no,date_of_visit,employee_number,treatment) values(479,2013-03-23,247);
insert into Hospital.Prescribed(product_id,patient_registration_no,date_of_visit) values (464,479,'2013-03-23');
insert into Hospital.Visitation(patient_registration_no,date_of_visit,diagnosis) values (479,'2013-09-27','yhlkp');
insert into Hospital.Consulted(employee_number,certification_no,patient_registration_no,date_of_visit) values(232,232112233,479,'2013-09-27');
insert into Hospital.Treated_by(patient_registration_no,date_of_visit,employee_number,treatment) values(479,2013-09-27,28);
insert into Hospital.Prescribed(product_id,patient_registration_no,date_of_visit) values (224,479,'2013-09-27');
insert into Hospital.Patient (patient_registration_no, name, ssn, address,contact_no,emergency_contact_no) values ( 479,'ssnjc',300424793,'vnpku',41835520,21085182);
insert into Hospital.Belongs_to(employee_number,department_id) values (479,2);
insert into Hospital.Pharmaceutical_product(product_id,cost,manufacturer) values(480,516.8057037672716,'runfe');
insert into Hospital.Batch(batch_id,manufacture_date,expiry_date) values (480,'2013-03-25','2013-04-11');
insert into Hospital.Production(product_id,batch_id) values (480,480);
insert into Hospital.Batch(batch_id,manufacture_date,expiry_date) values (481,'2013-03-25','2013-04-11');
insert into Hospital.Production(product_id,batch_id) values (480,481);
insert into Hospital.Batch(batch_id,manufacture_date,expiry_date) values (482,'2013-03-25','2013-04-11');
insert into Hospital.Production(product_id,batch_id) values (480,482);
insert into Hospital.Batch(batch_id,manufacture_date,expiry_date) values (483,'2013-03-25','2013-04-11');
insert into Hospital.Production(product_id,batch_id) values (480,483);
insert into Hospital.Batch(batch_id,manufacture_date,expiry_date) values (484,'2013-03-25','2013-04-11');
insert into Hospital.Production(product_id,batch_id) values (480,484);
insert into Hospital.Employees (employee_number, name, location, ssn, home_address,phone_number,designation) values ( 480,'fuwjx','jsecgsyrwwujeab',170669204,'tovgw',41237406,'Doctor');
insert into Hospital.Visitation(patient_registration_no,date_of_visit,diagnosis) values (480,'2013-01-11','sbsba');
insert into Hospital.Consulted(employee_number,certification_no,patient_registration_no,date_of_visit) values(23,23112233,480,'2013-01-11');
insert into Hospital.Treated_by(patient_registration_no,date_of_visit,employee_number,treatment) values(480,2013-01-11,91);
insert into Hospital.Prescribed(product_id,patient_registration_no,date_of_visit) values (456,480,'2013-01-11');
insert into Hospital.Visitation(patient_registration_no,date_of_visit,diagnosis) values (480,'2013-04-08','qvnqz');
insert into Hospital.Consulted(employee_number,certification_no,patient_registration_no,date_of_visit) values(120,120112233,480,'2013-04-08');
insert into Hospital.Treated_by(patient_registration_no,date_of_visit,employee_number,treatment) values(480,2013-04-08,77);
insert into Hospital.Prescribed(product_id,patient_registration_no,date_of_visit) values (246,480,'2013-04-08');
insert into Hospital.Visitation(patient_registration_no,date_of_visit,diagnosis) values (480,'2013-09-28','qefoy');
insert into Hospital.Consulted(employee_number,certification_no,patient_registration_no,date_of_visit) values(166,166112233,480,'2013-09-28');
insert into Hospital.Treated_by(patient_registration_no,date_of_visit,employee_number,treatment) values(480,2013-09-28,414);
insert into Hospital.Prescribed(product_id,patient_registration_no,date_of_visit) values (354,480,'2013-09-28');
insert into Hospital.Visitation(patient_registration_no,date_of_visit,diagnosis) values (480,'2013-01-16','kiugx');
insert into Hospital.Consulted(employee_number,certification_no,patient_registration_no,date_of_visit) values(378,378112233,480,'2013-01-16');
insert into Hospital.Treated_by(patient_registration_no,date_of_visit,employee_number,treatment) values(480,2013-01-16,103);
insert into Hospital.Prescribed(product_id,patient_registration_no,date_of_visit) values (234,480,'2013-01-16');
insert into Hospital.Visitation(patient_registration_no,date_of_visit,diagnosis) values (480,'2013-04-03','evdgx');
insert into Hospital.Consulted(employee_number,certification_no,patient_registration_no,date_of_visit) values(41,41112233,480,'2013-04-03');
insert into Hospital.Treated_by(patient_registration_no,date_of_visit,employee_number,treatment) values(480,2013-04-03,409);
insert into Hospital.Prescribed(product_id,patient_registration_no,date_of_visit) values (451,480,'2013-04-03');
insert into Hospital.Patient (patient_registration_no, name, ssn, address,contact_no,emergency_contact_no) values ( 480,'brfgl',709245143,'sxhkr',23820815,14381450);
insert into Hospital.Physician (employee_number, certification_no,specialization) values ( 480,480112233,'Pediatrics');
insert into Hospital.Belongs_to(employee_number,department_id) values (480,1);
insert into Hospital.Pharmaceutical_product(product_id,cost,manufacturer) values(481,84.75189894971577,'fnich');
insert into Hospital.Batch(batch_id,manufacture_date,expiry_date) values (481,'2013-03-03','2013-03-06');
insert into Hospital.Production(product_id,batch_id) values (481,481);
insert into Hospital.Batch(batch_id,manufacture_date,expiry_date) values (482,'2013-03-03','2013-03-06');
insert into Hospital.Production(product_id,batch_id) values (481,482);
insert into Hospital.Batch(batch_id,manufacture_date,expiry_date) values (483,'2013-03-03','2013-03-06');
insert into Hospital.Production(product_id,batch_id) values (481,483);
insert into Hospital.Batch(batch_id,manufacture_date,expiry_date) values (484,'2013-03-03','2013-03-06');
insert into Hospital.Production(product_id,batch_id) values (481,484);
insert into Hospital.Batch(batch_id,manufacture_date,expiry_date) values (485,'2013-03-03','2013-03-06');
insert into Hospital.Production(product_id,batch_id) values (481,485);
insert into Hospital.Employees (employee_number, name, location, ssn, home_address,phone_number,designation) values ( 481,'mikjq','qlaftyxibposelx',639789079,'tagtm',28968768,'Doctor');
insert into Hospital.Visitation(patient_registration_no,date_of_visit,diagnosis) values (481,'2013-10-19','kysed');
insert into Hospital.Consulted(employee_number,certification_no,patient_registration_no,date_of_visit) values(208,208112233,481,'2013-10-19');
insert into Hospital.Treated_by(patient_registration_no,date_of_visit,employee_number,treatment) values(481,2013-10-19,18);
insert into Hospital.Prescribed(product_id,patient_registration_no,date_of_visit) values (206,481,'2013-10-19');
insert into Hospital.Visitation(patient_registration_no,date_of_visit,diagnosis) values (481,'2013-01-20','nndvu');
insert into Hospital.Consulted(employee_number,certification_no,patient_registration_no,date_of_visit) values(23,23112233,481,'2013-01-20');
insert into Hospital.Treated_by(patient_registration_no,date_of_visit,employee_number,treatment) values(481,2013-01-20,409);
insert into Hospital.Prescribed(product_id,patient_registration_no,date_of_visit) values (110,481,'2013-01-20');
insert into Hospital.Visitation(patient_registration_no,date_of_visit,diagnosis) values (481,'2013-02-15','ihoai');
insert into Hospital.Consulted(employee_number,certification_no,patient_registration_no,date_of_visit) values(89,89112233,481,'2013-02-15');
insert into Hospital.Treated_by(patient_registration_no,date_of_visit,employee_number,treatment) values(481,2013-02-15,52);
insert into Hospital.Prescribed(product_id,patient_registration_no,date_of_visit) values (241,481,'2013-02-15');
insert into Hospital.Visitation(patient_registration_no,date_of_visit,diagnosis) values (481,'2013-02-16','yovip');
insert into Hospital.Consulted(employee_number,certification_no,patient_registration_no,date_of_visit) values(395,395112233,481,'2013-02-16');
insert into Hospital.Treated_by(patient_registration_no,date_of_visit,employee_number,treatment) values(481,2013-02-16,434);
insert into Hospital.Prescribed(product_id,patient_registration_no,date_of_visit) values (430,481,'2013-02-16');
insert into Hospital.Visitation(patient_registration_no,date_of_visit,diagnosis) values (481,'2013-02-01','nhfww');
insert into Hospital.Consulted(employee_number,certification_no,patient_registration_no,date_of_visit) values(214,214112233,481,'2013-02-01');
insert into Hospital.Treated_by(patient_registration_no,date_of_visit,employee_number,treatment) values(481,2013-02-01,169);
insert into Hospital.Prescribed(product_id,patient_registration_no,date_of_visit) values (15,481,'2013-02-01');
insert into Hospital.Patient (patient_registration_no, name, ssn, address,contact_no,emergency_contact_no) values ( 481,'aoyyt',550965012,'zxyei',98218274,50281135);
insert into Hospital.Physician (employee_number, certification_no,specialization) values ( 481,481112233,'Dermatology');
insert into Hospital.Belongs_to(employee_number,department_id) values (481,1);
insert into Hospital.Pharmaceutical_product(product_id,cost,manufacturer) values(482,795.795205480437,'fbksc');
insert into Hospital.Batch(batch_id,manufacture_date,expiry_date) values (482,'2013-05-20','2013-08-24');
insert into Hospital.Production(product_id,batch_id) values (482,482);
insert into Hospital.Batch(batch_id,manufacture_date,expiry_date) values (483,'2013-05-20','2013-08-24');
insert into Hospital.Production(product_id,batch_id) values (482,483);
insert into Hospital.Batch(batch_id,manufacture_date,expiry_date) values (484,'2013-05-20','2013-08-24');
insert into Hospital.Production(product_id,batch_id) values (482,484);
insert into Hospital.Batch(batch_id,manufacture_date,expiry_date) values (485,'2013-05-20','2013-08-24');
insert into Hospital.Production(product_id,batch_id) values (482,485);
insert into Hospital.Batch(batch_id,manufacture_date,expiry_date) values (486,'2013-05-20','2013-08-24');
insert into Hospital.Production(product_id,batch_id) values (482,486);
insert into Hospital.Medicine(product_id,medicine_name,dosage) values (482,'qaoim','yljhb');
insert into Hospital.Employees (employee_number, name, location, ssn, home_address,phone_number,designation) values ( 482,'tmjez','yrctlqtqpgfbfja',234735403,'oczpe',14653765,'Radiology');
insert into Hospital.Visitation(patient_registration_no,date_of_visit,diagnosis) values (482,'2013-01-04','hnewc');
insert into Hospital.Consulted(employee_number,certification_no,patient_registration_no,date_of_visit) values(478,478112233,482,'2013-01-04');
insert into Hospital.Treated_by(patient_registration_no,date_of_visit,employee_number,treatment) values(482,2013-01-04,185);
insert into Hospital.Prescribed(product_id,patient_registration_no,date_of_visit) values (467,482,'2013-01-04');
insert into Hospital.Visitation(patient_registration_no,date_of_visit,diagnosis) values (482,'2013-05-08','xxfyr');
insert into Hospital.Consulted(employee_number,certification_no,patient_registration_no,date_of_visit) values(193,193112233,482,'2013-05-08');
insert into Hospital.Treated_by(patient_registration_no,date_of_visit,employee_number,treatment) values(482,2013-05-08,456);
insert into Hospital.Prescribed(product_id,patient_registration_no,date_of_visit) values (293,482,'2013-05-08');
insert into Hospital.Visitation(patient_registration_no,date_of_visit,diagnosis) values (482,'2013-05-13','joeoc');
insert into Hospital.Consulted(employee_number,certification_no,patient_registration_no,date_of_visit) values(395,395112233,482,'2013-05-13');
insert into Hospital.Treated_by(patient_registration_no,date_of_visit,employee_number,treatment) values(482,2013-05-13,382);
insert into Hospital.Prescribed(product_id,patient_registration_no,date_of_visit) values (289,482,'2013-05-13');
insert into Hospital.Visitation(patient_registration_no,date_of_visit,diagnosis) values (482,'2013-05-05','fwcox');
insert into Hospital.Consulted(employee_number,certification_no,patient_registration_no,date_of_visit) values(208,208112233,482,'2013-05-05');
insert into Hospital.Treated_by(patient_registration_no,date_of_visit,employee_number,treatment) values(482,2013-05-05,178);
insert into Hospital.Prescribed(product_id,patient_registration_no,date_of_visit) values (20,482,'2013-05-05');
insert into Hospital.Visitation(patient_registration_no,date_of_visit,diagnosis) values (482,'2013-07-04','tzrkq');
insert into Hospital.Consulted(employee_number,certification_no,patient_registration_no,date_of_visit) values(130,130112233,482,'2013-07-04');
insert into Hospital.Treated_by(patient_registration_no,date_of_visit,employee_number,treatment) values(482,2013-07-04,204);
insert into Hospital.Prescribed(product_id,patient_registration_no,date_of_visit) values (69,482,'2013-07-04');
insert into Hospital.Patient (patient_registration_no, name, ssn, address,contact_no,emergency_contact_no) values ( 482,'ibbhj',80895666,'iqeee',59666604,18080573);
insert into Hospital.Takes (employee_number,shift_name ) values ( 482,'night');
insert into Hospital.Belongs_to(employee_number,department_id) values (482,3);
insert into Hospital.Pharmaceutical_product(product_id,cost,manufacturer) values(483,577.244981163102,'yjgdf');
insert into Hospital.Medicine(product_id,medicine_name,dosage) values (483,'pnoww','mlypr');
insert into Hospital.Employees (employee_number, name, location, ssn, home_address,phone_number,designation) values ( 483,'vqpbq','gulqkwfnkzumpbx',692592343,'euuqk',89002433,'Radiology');
insert into Hospital.Visitation(patient_registration_no,date_of_visit,diagnosis) values (483,'2013-05-25','zjxct');
insert into Hospital.Consulted(employee_number,certification_no,patient_registration_no,date_of_visit) values(6,6112233,483,'2013-05-25');
insert into Hospital.Treated_by(patient_registration_no,date_of_visit,employee_number,treatment) values(483,2013-05-25,50);
insert into Hospital.Prescribed(product_id,patient_registration_no,date_of_visit) values (235,483,'2013-05-25');
insert into Hospital.Visitation(patient_registration_no,date_of_visit,diagnosis) values (483,'2013-09-11','fsiwf');
insert into Hospital.Consulted(employee_number,certification_no,patient_registration_no,date_of_visit) values(44,44112233,483,'2013-09-11');
insert into Hospital.Treated_by(patient_registration_no,date_of_visit,employee_number,treatment) values(483,2013-09-11,241);
insert into Hospital.Prescribed(product_id,patient_registration_no,date_of_visit) values (249,483,'2013-09-11');
insert into Hospital.Visitation(patient_registration_no,date_of_visit,diagnosis) values (483,'2013-06-21','jeogn');
insert into Hospital.Consulted(employee_number,certification_no,patient_registration_no,date_of_visit) values(214,214112233,483,'2013-06-21');
insert into Hospital.Treated_by(patient_registration_no,date_of_visit,employee_number,treatment) values(483,2013-06-21,426);
insert into Hospital.Prescribed(product_id,patient_registration_no,date_of_visit) values (339,483,'2013-06-21');
insert into Hospital.Visitation(patient_registration_no,date_of_visit,diagnosis) values (483,'2013-05-08','qskdz');
insert into Hospital.Consulted(employee_number,certification_no,patient_registration_no,date_of_visit) values(216,216112233,483,'2013-05-08');
insert into Hospital.Treated_by(patient_registration_no,date_of_visit,employee_number,treatment) values(483,2013-05-08,129);
insert into Hospital.Prescribed(product_id,patient_registration_no,date_of_visit) values (468,483,'2013-05-08');
insert into Hospital.Visitation(patient_registration_no,date_of_visit,diagnosis) values (483,'2013-04-11','eayqm');
insert into Hospital.Consulted(employee_number,certification_no,patient_registration_no,date_of_visit) values(21,21112233,483,'2013-04-11');
insert into Hospital.Treated_by(patient_registration_no,date_of_visit,employee_number,treatment) values(483,2013-04-11,345);
insert into Hospital.Prescribed(product_id,patient_registration_no,date_of_visit) values (24,483,'2013-04-11');
insert into Hospital.Patient (patient_registration_no, name, ssn, address,contact_no,emergency_contact_no) values ( 483,'lssuz',603440864,'bxhrl',34307250,30848679);
insert into Hospital.Takes (employee_number,shift_name ) values ( 483,'morning');
insert into Hospital.Belongs_to(employee_number,department_id) values (483,3);
insert into Hospital.Pharmaceutical_product(product_id,cost,manufacturer) values(484,595.8112368149082,'cwntp');
insert into Hospital.Medicine(product_id,medicine_name,dosage) values (484,'tpmqs','ncxin');
insert into Hospital.Employees (employee_number, name, location, ssn, home_address,phone_number,designation) values ( 484,'cctap','owarrpetrnvfvxk',785533151,'wxwtz',81931058,'Doctor');
insert into Hospital.Visitation(patient_registration_no,date_of_visit,diagnosis) values (484,'2013-09-18','hbkfq');
insert into Hospital.Consulted(employee_number,certification_no,patient_registration_no,date_of_visit) values(141,141112233,484,'2013-09-18');
insert into Hospital.Treated_by(patient_registration_no,date_of_visit,employee_number,treatment) values(484,2013-09-18,380);
insert into Hospital.Prescribed(product_id,patient_registration_no,date_of_visit) values (111,484,'2013-09-18');
insert into Hospital.Visitation(patient_registration_no,date_of_visit,diagnosis) values (484,'2013-08-18','koqur');
insert into Hospital.Consulted(employee_number,certification_no,patient_registration_no,date_of_visit) values(44,44112233,484,'2013-08-18');
insert into Hospital.Treated_by(patient_registration_no,date_of_visit,employee_number,treatment) values(484,2013-08-18,96);
insert into Hospital.Prescribed(product_id,patient_registration_no,date_of_visit) values (334,484,'2013-08-18');
insert into Hospital.Visitation(patient_registration_no,date_of_visit,diagnosis) values (484,'2013-07-30','zsysa');
insert into Hospital.Consulted(employee_number,certification_no,patient_registration_no,date_of_visit) values(192,192112233,484,'2013-07-30');
insert into Hospital.Treated_by(patient_registration_no,date_of_visit,employee_number,treatment) values(484,2013-07-30,10);
insert into Hospital.Prescribed(product_id,patient_registration_no,date_of_visit) values (3,484,'2013-07-30');
insert into Hospital.Visitation(patient_registration_no,date_of_visit,diagnosis) values (484,'2013-09-09','wqkan');
insert into Hospital.Consulted(employee_number,certification_no,patient_registration_no,date_of_visit) values(246,246112233,484,'2013-09-09');
insert into Hospital.Treated_by(patient_registration_no,date_of_visit,employee_number,treatment) values(484,2013-09-09,0);
insert into Hospital.Prescribed(product_id,patient_registration_no,date_of_visit) values (123,484,'2013-09-09');
insert into Hospital.Visitation(patient_registration_no,date_of_visit,diagnosis) values (484,'2013-06-10','kqobz');
insert into Hospital.Consulted(employee_number,certification_no,patient_registration_no,date_of_visit) values(274,274112233,484,'2013-06-10');
insert into Hospital.Treated_by(patient_registration_no,date_of_visit,employee_number,treatment) values(484,2013-06-10,377);
insert into Hospital.Prescribed(product_id,patient_registration_no,date_of_visit) values (295,484,'2013-06-10');
insert into Hospital.Patient (patient_registration_no, name, ssn, address,contact_no,emergency_contact_no) values ( 484,'xfxdu',586693093,'phdwo',36282866,13810896);
insert into Hospital.Physician (employee_number, certification_no,specialization) values ( 484,484112233,'Dermatology');
insert into Hospital.Belongs_to(employee_number,department_id) values (484,1);
insert into Hospital.Pharmaceutical_product(product_id,cost,manufacturer) values(485,175.80110646602452,'bnaor');
insert into Hospital.Batch(batch_id,manufacture_date,expiry_date) values (485,'2013-03-31','2013-06-18');
insert into Hospital.Production(product_id,batch_id) values (485,485);
insert into Hospital.Batch(batch_id,manufacture_date,expiry_date) values (486,'2013-03-31','2013-06-18');
insert into Hospital.Production(product_id,batch_id) values (485,486);
insert into Hospital.Batch(batch_id,manufacture_date,expiry_date) values (487,'2013-03-31','2013-06-18');
insert into Hospital.Production(product_id,batch_id) values (485,487);
insert into Hospital.Batch(batch_id,manufacture_date,expiry_date) values (488,'2013-03-31','2013-06-18');
insert into Hospital.Production(product_id,batch_id) values (485,488);
insert into Hospital.Batch(batch_id,manufacture_date,expiry_date) values (489,'2013-03-31','2013-06-18');
insert into Hospital.Production(product_id,batch_id) values (485,489);
insert into Hospital.Employees (employee_number, name, location, ssn, home_address,phone_number,designation) values ( 485,'gmrnm','aaufdwinothdpmm',698005938,'yovow',73460798,'Radiology');
insert into Hospital.Visitation(patient_registration_no,date_of_visit,diagnosis) values (485,'2013-02-18','qpytu');
insert into Hospital.Consulted(employee_number,certification_no,patient_registration_no,date_of_visit) values(275,275112233,485,'2013-02-18');
insert into Hospital.Treated_by(patient_registration_no,date_of_visit,employee_number,treatment) values(485,2013-02-18,134);
insert into Hospital.Prescribed(product_id,patient_registration_no,date_of_visit) values (5,485,'2013-02-18');
insert into Hospital.Visitation(patient_registration_no,date_of_visit,diagnosis) values (485,'2013-01-30','ibeed');
insert into Hospital.Consulted(employee_number,certification_no,patient_registration_no,date_of_visit) values(326,326112233,485,'2013-01-30');
insert into Hospital.Treated_by(patient_registration_no,date_of_visit,employee_number,treatment) values(485,2013-01-30,201);
insert into Hospital.Prescribed(product_id,patient_registration_no,date_of_visit) values (462,485,'2013-01-30');
insert into Hospital.Visitation(patient_registration_no,date_of_visit,diagnosis) values (485,'2013-02-09','bymke');
insert into Hospital.Consulted(employee_number,certification_no,patient_registration_no,date_of_visit) values(69,69112233,485,'2013-02-09');
insert into Hospital.Treated_by(patient_registration_no,date_of_visit,employee_number,treatment) values(485,2013-02-09,143);
insert into Hospital.Prescribed(product_id,patient_registration_no,date_of_visit) values (225,485,'2013-02-09');
insert into Hospital.Visitation(patient_registration_no,date_of_visit,diagnosis) values (485,'2013-03-01','opntm');
insert into Hospital.Consulted(employee_number,certification_no,patient_registration_no,date_of_visit) values(194,194112233,485,'2013-03-01');
insert into Hospital.Treated_by(patient_registration_no,date_of_visit,employee_number,treatment) values(485,2013-03-01,435);
insert into Hospital.Prescribed(product_id,patient_registration_no,date_of_visit) values (431,485,'2013-03-01');
insert into Hospital.Visitation(patient_registration_no,date_of_visit,diagnosis) values (485,'2013-03-16','ixwxe');
insert into Hospital.Consulted(employee_number,certification_no,patient_registration_no,date_of_visit) values(279,279112233,485,'2013-03-16');
insert into Hospital.Treated_by(patient_registration_no,date_of_visit,employee_number,treatment) values(485,2013-03-16,77);
insert into Hospital.Prescribed(product_id,patient_registration_no,date_of_visit) values (24,485,'2013-03-16');
insert into Hospital.Patient (patient_registration_no, name, ssn, address,contact_no,emergency_contact_no) values ( 485,'ltqgy',834910300,'lllyx',80604287,38984363);
insert into Hospital.Takes (employee_number,shift_name ) values ( 485,'night');
insert into Hospital.Belongs_to(employee_number,department_id) values (485,3);
insert into Hospital.Pharmaceutical_product(product_id,cost,manufacturer) values(486,653.7587718372581,'qwasl');
insert into Hospital.Batch(batch_id,manufacture_date,expiry_date) values (486,'2013-05-17','2013-09-14');
insert into Hospital.Production(product_id,batch_id) values (486,486);
insert into Hospital.Batch(batch_id,manufacture_date,expiry_date) values (487,'2013-05-17','2013-09-14');
insert into Hospital.Production(product_id,batch_id) values (486,487);
insert into Hospital.Batch(batch_id,manufacture_date,expiry_date) values (488,'2013-05-17','2013-09-14');
insert into Hospital.Production(product_id,batch_id) values (486,488);
insert into Hospital.Batch(batch_id,manufacture_date,expiry_date) values (489,'2013-05-17','2013-09-14');
insert into Hospital.Production(product_id,batch_id) values (486,489);
insert into Hospital.Batch(batch_id,manufacture_date,expiry_date) values (490,'2013-05-17','2013-09-14');
insert into Hospital.Production(product_id,batch_id) values (486,490);
insert into Hospital.Employees (employee_number, name, location, ssn, home_address,phone_number,designation) values ( 486,'mzvir','uvtoxddkckgyhom',144907043,'smekc',56365845,'Doctor');
insert into Hospital.Visitation(patient_registration_no,date_of_visit,diagnosis) values (486,'2013-10-16','qqghe');
insert into Hospital.Consulted(employee_number,certification_no,patient_registration_no,date_of_visit) values(139,139112233,486,'2013-10-16');
insert into Hospital.Treated_by(patient_registration_no,date_of_visit,employee_number,treatment) values(486,2013-10-16,153);
insert into Hospital.Prescribed(product_id,patient_registration_no,date_of_visit) values (134,486,'2013-10-16');
insert into Hospital.Visitation(patient_registration_no,date_of_visit,diagnosis) values (486,'2013-07-05','hbsal');
insert into Hospital.Consulted(employee_number,certification_no,patient_registration_no,date_of_visit) values(128,128112233,486,'2013-07-05');
insert into Hospital.Treated_by(patient_registration_no,date_of_visit,employee_number,treatment) values(486,2013-07-05,91);
insert into Hospital.Prescribed(product_id,patient_registration_no,date_of_visit) values (7,486,'2013-07-05');
insert into Hospital.Visitation(patient_registration_no,date_of_visit,diagnosis) values (486,'2013-03-27','axtjk');
insert into Hospital.Consulted(employee_number,certification_no,patient_registration_no,date_of_visit) values(242,242112233,486,'2013-03-27');
insert into Hospital.Treated_by(patient_registration_no,date_of_visit,employee_number,treatment) values(486,2013-03-27,364);
insert into Hospital.Prescribed(product_id,patient_registration_no,date_of_visit) values (284,486,'2013-03-27');
insert into Hospital.Visitation(patient_registration_no,date_of_visit,diagnosis) values (486,'2013-08-22','azdnl');
insert into Hospital.Consulted(employee_number,certification_no,patient_registration_no,date_of_visit) values(460,460112233,486,'2013-08-22');
insert into Hospital.Treated_by(patient_registration_no,date_of_visit,employee_number,treatment) values(486,2013-08-22,371);
insert into Hospital.Prescribed(product_id,patient_registration_no,date_of_visit) values (9,486,'2013-08-22');
insert into Hospital.Visitation(patient_registration_no,date_of_visit,diagnosis) values (486,'2013-06-30','qzykz');
insert into Hospital.Consulted(employee_number,certification_no,patient_registration_no,date_of_visit) values(141,141112233,486,'2013-06-30');
insert into Hospital.Treated_by(patient_registration_no,date_of_visit,employee_number,treatment) values(486,2013-06-30,143);
insert into Hospital.Prescribed(product_id,patient_registration_no,date_of_visit) values (474,486,'2013-06-30');
insert into Hospital.Patient (patient_registration_no, name, ssn, address,contact_no,emergency_contact_no) values ( 486,'yggaf',223784140,'difsd',97332771,72201817);
insert into Hospital.Physician (employee_number, certification_no,specialization) values ( 486,486112233,'Anesthesiology');
insert into Hospital.Belongs_to(employee_number,department_id) values (486,1);
insert into Hospital.Pharmaceutical_product(product_id,cost,manufacturer) values(487,51.60107075364893,'xsgzh');
insert into Hospital.Batch(batch_id,manufacture_date,expiry_date) values (487,'2013-05-15','2013-08-02');
insert into Hospital.Production(product_id,batch_id) values (487,487);
insert into Hospital.Batch(batch_id,manufacture_date,expiry_date) values (488,'2013-05-15','2013-08-02');
insert into Hospital.Production(product_id,batch_id) values (487,488);
insert into Hospital.Batch(batch_id,manufacture_date,expiry_date) values (489,'2013-05-15','2013-08-02');
insert into Hospital.Production(product_id,batch_id) values (487,489);
insert into Hospital.Batch(batch_id,manufacture_date,expiry_date) values (490,'2013-05-15','2013-08-02');
insert into Hospital.Production(product_id,batch_id) values (487,490);
insert into Hospital.Batch(batch_id,manufacture_date,expiry_date) values (491,'2013-05-15','2013-08-02');
insert into Hospital.Production(product_id,batch_id) values (487,491);
insert into Hospital.Employees (employee_number, name, location, ssn, home_address,phone_number,designation) values ( 487,'orvzo','uojhkqftxqzktxx',662958720,'ivqlb',55984353,'Doctor');
insert into Hospital.Visitation(patient_registration_no,date_of_visit,diagnosis) values (487,'2013-05-09','ykxeq');
insert into Hospital.Consulted(employee_number,certification_no,patient_registration_no,date_of_visit) values(46,46112233,487,'2013-05-09');
insert into Hospital.Treated_by(patient_registration_no,date_of_visit,employee_number,treatment) values(487,2013-05-09,84);
insert into Hospital.Prescribed(product_id,patient_registration_no,date_of_visit) values (204,487,'2013-05-09');
insert into Hospital.Visitation(patient_registration_no,date_of_visit,diagnosis) values (487,'2013-06-05','lnmfs');
insert into Hospital.Consulted(employee_number,certification_no,patient_registration_no,date_of_visit) values(422,422112233,487,'2013-06-05');
insert into Hospital.Treated_by(patient_registration_no,date_of_visit,employee_number,treatment) values(487,2013-06-05,336);
insert into Hospital.Prescribed(product_id,patient_registration_no,date_of_visit) values (180,487,'2013-06-05');
insert into Hospital.Visitation(patient_registration_no,date_of_visit,diagnosis) values (487,'2013-08-17','qyept');
insert into Hospital.Consulted(employee_number,certification_no,patient_registration_no,date_of_visit) values(8,8112233,487,'2013-08-17');
insert into Hospital.Treated_by(patient_registration_no,date_of_visit,employee_number,treatment) values(487,2013-08-17,414);
insert into Hospital.Prescribed(product_id,patient_registration_no,date_of_visit) values (356,487,'2013-08-17');
insert into Hospital.Visitation(patient_registration_no,date_of_visit,diagnosis) values (487,'2013-01-09','azeov');
insert into Hospital.Consulted(employee_number,certification_no,patient_registration_no,date_of_visit) values(6,6112233,487,'2013-01-09');
insert into Hospital.Treated_by(patient_registration_no,date_of_visit,employee_number,treatment) values(487,2013-01-09,483);
insert into Hospital.Prescribed(product_id,patient_registration_no,date_of_visit) values (386,487,'2013-01-09');
insert into Hospital.Visitation(patient_registration_no,date_of_visit,diagnosis) values (487,'2013-03-20','fbjke');
insert into Hospital.Consulted(employee_number,certification_no,patient_registration_no,date_of_visit) values(166,166112233,487,'2013-03-20');
insert into Hospital.Treated_by(patient_registration_no,date_of_visit,employee_number,treatment) values(487,2013-03-20,277);
insert into Hospital.Prescribed(product_id,patient_registration_no,date_of_visit) values (474,487,'2013-03-20');
insert into Hospital.Patient (patient_registration_no, name, ssn, address,contact_no,emergency_contact_no) values ( 487,'ykuta',385170847,'zwaof',13231718,18348987);
insert into Hospital.Physician (employee_number, certification_no,specialization) values ( 487,487112233,'Cardiology');
insert into Hospital.Belongs_to(employee_number,department_id) values (487,1);
insert into Hospital.Pharmaceutical_product(product_id,cost,manufacturer) values(488,832.6895912689313,'bxvnd');
insert into Hospital.Employees (employee_number, name, location, ssn, home_address,phone_number,designation) values ( 488,'lusom','xuapaaxrstpljxu',659892166,'qiyyo',47783808,'Administration');
insert into Hospital.Visitation(patient_registration_no,date_of_visit,diagnosis) values (488,'2013-05-02','tqhzv');
insert into Hospital.Consulted(employee_number,certification_no,patient_registration_no,date_of_visit) values(35,35112233,488,'2013-05-02');
insert into Hospital.Treated_by(patient_registration_no,date_of_visit,employee_number,treatment) values(488,2013-05-02,477);
insert into Hospital.Prescribed(product_id,patient_registration_no,date_of_visit) values (375,488,'2013-05-02');
insert into Hospital.Visitation(patient_registration_no,date_of_visit,diagnosis) values (488,'2013-01-28','eghan');
insert into Hospital.Consulted(employee_number,certification_no,patient_registration_no,date_of_visit) values(350,350112233,488,'2013-01-28');
insert into Hospital.Treated_by(patient_registration_no,date_of_visit,employee_number,treatment) values(488,2013-01-28,364);
insert into Hospital.Prescribed(product_id,patient_registration_no,date_of_visit) values (78,488,'2013-01-28');
insert into Hospital.Visitation(patient_registration_no,date_of_visit,diagnosis) values (488,'2013-10-10','stfdv');
insert into Hospital.Consulted(employee_number,certification_no,patient_registration_no,date_of_visit) values(365,365112233,488,'2013-10-10');
insert into Hospital.Treated_by(patient_registration_no,date_of_visit,employee_number,treatment) values(488,2013-10-10,63);
insert into Hospital.Prescribed(product_id,patient_registration_no,date_of_visit) values (144,488,'2013-10-10');
insert into Hospital.Visitation(patient_registration_no,date_of_visit,diagnosis) values (488,'2013-09-21','ljfot');
insert into Hospital.Consulted(employee_number,certification_no,patient_registration_no,date_of_visit) values(150,150112233,488,'2013-09-21');
insert into Hospital.Treated_by(patient_registration_no,date_of_visit,employee_number,treatment) values(488,2013-09-21,178);
insert into Hospital.Prescribed(product_id,patient_registration_no,date_of_visit) values (302,488,'2013-09-21');
insert into Hospital.Visitation(patient_registration_no,date_of_visit,diagnosis) values (488,'2013-04-01','dqymd');
insert into Hospital.Consulted(employee_number,certification_no,patient_registration_no,date_of_visit) values(328,328112233,488,'2013-04-01');
insert into Hospital.Treated_by(patient_registration_no,date_of_visit,employee_number,treatment) values(488,2013-04-01,377);
insert into Hospital.Prescribed(product_id,patient_registration_no,date_of_visit) values (318,488,'2013-04-01');
insert into Hospital.Patient (patient_registration_no, name, ssn, address,contact_no,emergency_contact_no) values ( 488,'bnfvk',313825885,'efnws',78165308,80878949);
insert into Hospital.Belongs_to(employee_number,department_id) values (488,2);
insert into Hospital.Pharmaceutical_product(product_id,cost,manufacturer) values(489,159.08441531113752,'yhova');
insert into Hospital.Medicine(product_id,medicine_name,dosage) values (489,'nxaal','yufcp');
insert into Hospital.Employees (employee_number, name, location, ssn, home_address,phone_number,designation) values ( 489,'khels','obwptvumnowacva',603950487,'edthe',55661002,'Doctor');
insert into Hospital.Visitation(patient_registration_no,date_of_visit,diagnosis) values (489,'2013-03-22','omswy');
insert into Hospital.Consulted(employee_number,certification_no,patient_registration_no,date_of_visit) values(128,128112233,489,'2013-03-22');
insert into Hospital.Treated_by(patient_registration_no,date_of_visit,employee_number,treatment) values(489,2013-03-22,314);
insert into Hospital.Prescribed(product_id,patient_registration_no,date_of_visit) values (350,489,'2013-03-22');
insert into Hospital.Visitation(patient_registration_no,date_of_visit,diagnosis) values (489,'2013-07-13','nwcwr');
insert into Hospital.Consulted(employee_number,certification_no,patient_registration_no,date_of_visit) values(37,37112233,489,'2013-07-13');
insert into Hospital.Treated_by(patient_registration_no,date_of_visit,employee_number,treatment) values(489,2013-07-13,231);
insert into Hospital.Prescribed(product_id,patient_registration_no,date_of_visit) values (151,489,'2013-07-13');
insert into Hospital.Visitation(patient_registration_no,date_of_visit,diagnosis) values (489,'2013-01-21','unfyj');
insert into Hospital.Consulted(employee_number,certification_no,patient_registration_no,date_of_visit) values(358,358112233,489,'2013-01-21');
insert into Hospital.Treated_by(patient_registration_no,date_of_visit,employee_number,treatment) values(489,2013-01-21,336);
insert into Hospital.Prescribed(product_id,patient_registration_no,date_of_visit) values (18,489,'2013-01-21');
insert into Hospital.Visitation(patient_registration_no,date_of_visit,diagnosis) values (489,'2013-05-04','ypunl');
insert into Hospital.Consulted(employee_number,certification_no,patient_registration_no,date_of_visit) values(280,280112233,489,'2013-05-04');
insert into Hospital.Treated_by(patient_registration_no,date_of_visit,employee_number,treatment) values(489,2013-05-04,390);
insert into Hospital.Prescribed(product_id,patient_registration_no,date_of_visit) values (215,489,'2013-05-04');
insert into Hospital.Visitation(patient_registration_no,date_of_visit,diagnosis) values (489,'2013-06-16','glfao');
insert into Hospital.Consulted(employee_number,certification_no,patient_registration_no,date_of_visit) values(381,381112233,489,'2013-06-16');
insert into Hospital.Treated_by(patient_registration_no,date_of_visit,employee_number,treatment) values(489,2013-06-16,294);
insert into Hospital.Prescribed(product_id,patient_registration_no,date_of_visit) values (412,489,'2013-06-16');
insert into Hospital.Patient (patient_registration_no, name, ssn, address,contact_no,emergency_contact_no) values ( 489,'gtjaq',307653639,'eqgjf',87038877,53258803);
insert into Hospital.Physician (employee_number, certification_no,specialization) values ( 489,489112233,'Pediatrics');
insert into Hospital.Belongs_to(employee_number,department_id) values (489,1);
insert into Hospital.Pharmaceutical_product(product_id,cost,manufacturer) values(490,879.4911510055142,'arpdu');
insert into Hospital.Employees (employee_number, name, location, ssn, home_address,phone_number,designation) values ( 490,'effif','vcpmedxgouaopeo',713215489,'ycfpq',86201176,'Nurse');
insert into Hospital.Visitation(patient_registration_no,date_of_visit,diagnosis) values (490,'2013-01-24','iqxha');
insert into Hospital.Consulted(employee_number,certification_no,patient_registration_no,date_of_visit) values(346,346112233,490,'2013-01-24');
insert into Hospital.Treated_by(patient_registration_no,date_of_visit,employee_number,treatment) values(490,2013-01-24,195);
insert into Hospital.Prescribed(product_id,patient_registration_no,date_of_visit) values (174,490,'2013-01-24');
insert into Hospital.Visitation(patient_registration_no,date_of_visit,diagnosis) values (490,'2013-04-23','akvnz');
insert into Hospital.Consulted(employee_number,certification_no,patient_registration_no,date_of_visit) values(161,161112233,490,'2013-04-23');
insert into Hospital.Treated_by(patient_registration_no,date_of_visit,employee_number,treatment) values(490,2013-04-23,331);
insert into Hospital.Prescribed(product_id,patient_registration_no,date_of_visit) values (7,490,'2013-04-23');
insert into Hospital.Visitation(patient_registration_no,date_of_visit,diagnosis) values (490,'2013-01-20','ebxlc');
insert into Hospital.Consulted(employee_number,certification_no,patient_registration_no,date_of_visit) values(139,139112233,490,'2013-01-20');
insert into Hospital.Treated_by(patient_registration_no,date_of_visit,employee_number,treatment) values(490,2013-01-20,103);
insert into Hospital.Prescribed(product_id,patient_registration_no,date_of_visit) values (232,490,'2013-01-20');
insert into Hospital.Visitation(patient_registration_no,date_of_visit,diagnosis) values (490,'2013-05-25','yfheo');
insert into Hospital.Consulted(employee_number,certification_no,patient_registration_no,date_of_visit) values(58,58112233,490,'2013-05-25');
insert into Hospital.Treated_by(patient_registration_no,date_of_visit,employee_number,treatment) values(490,2013-05-25,424);
insert into Hospital.Prescribed(product_id,patient_registration_no,date_of_visit) values (309,490,'2013-05-25');
insert into Hospital.Visitation(patient_registration_no,date_of_visit,diagnosis) values (490,'2013-01-22','ufdse');
insert into Hospital.Consulted(employee_number,certification_no,patient_registration_no,date_of_visit) values(242,242112233,490,'2013-01-22');
insert into Hospital.Treated_by(patient_registration_no,date_of_visit,employee_number,treatment) values(490,2013-01-22,314);
insert into Hospital.Prescribed(product_id,patient_registration_no,date_of_visit) values (11,490,'2013-01-22');
insert into Hospital.Patient (patient_registration_no, name, ssn, address,contact_no,emergency_contact_no) values ( 490,'lyfpg',623818494,'zgwhf',13455972,87773219);
insert into Hospital.Takes (employee_number,shift_name ) values ( 490,'night');
insert into Hospital.Belongs_to(employee_number,department_id) values (490,3);
insert into Hospital.Pharmaceutical_product(product_id,cost,manufacturer) values(491,212.06216768921266,'hzvkf');
insert into Hospital.Batch(batch_id,manufacture_date,expiry_date) values (491,'2013-01-02','2013-07-20');
insert into Hospital.Production(product_id,batch_id) values (491,491);
insert into Hospital.Batch(batch_id,manufacture_date,expiry_date) values (492,'2013-01-02','2013-07-20');
insert into Hospital.Production(product_id,batch_id) values (491,492);
insert into Hospital.Batch(batch_id,manufacture_date,expiry_date) values (493,'2013-01-02','2013-07-20');
insert into Hospital.Production(product_id,batch_id) values (491,493);
insert into Hospital.Batch(batch_id,manufacture_date,expiry_date) values (494,'2013-01-02','2013-07-20');
insert into Hospital.Production(product_id,batch_id) values (491,494);
insert into Hospital.Batch(batch_id,manufacture_date,expiry_date) values (495,'2013-01-02','2013-07-20');
insert into Hospital.Production(product_id,batch_id) values (491,495);
insert into Hospital.Medicine(product_id,medicine_name,dosage) values (491,'fthxw','zbjmx');
insert into Hospital.Employees (employee_number, name, location, ssn, home_address,phone_number,designation) values ( 491,'pkkgz','fupwupixbafsydm',183879173,'svsqr',67922458,'Administration');
insert into Hospital.Visitation(patient_registration_no,date_of_visit,diagnosis) values (491,'2013-08-24','bszna');
insert into Hospital.Consulted(employee_number,certification_no,patient_registration_no,date_of_visit) values(43,43112233,491,'2013-08-24');
insert into Hospital.Treated_by(patient_registration_no,date_of_visit,employee_number,treatment) values(491,2013-08-24,474);
insert into Hospital.Prescribed(product_id,patient_registration_no,date_of_visit) values (137,491,'2013-08-24');
insert into Hospital.Visitation(patient_registration_no,date_of_visit,diagnosis) values (491,'2013-01-07','uiwik');
insert into Hospital.Consulted(employee_number,certification_no,patient_registration_no,date_of_visit) values(168,168112233,491,'2013-01-07');
insert into Hospital.Treated_by(patient_registration_no,date_of_visit,employee_number,treatment) values(491,2013-01-07,301);
insert into Hospital.Prescribed(product_id,patient_registration_no,date_of_visit) values (249,491,'2013-01-07');
insert into Hospital.Visitation(patient_registration_no,date_of_visit,diagnosis) values (491,'2013-06-09','chtuz');
insert into Hospital.Consulted(employee_number,certification_no,patient_registration_no,date_of_visit) values(358,358112233,491,'2013-06-09');
insert into Hospital.Treated_by(patient_registration_no,date_of_visit,employee_number,treatment) values(491,2013-06-09,273);
insert into Hospital.Prescribed(product_id,patient_registration_no,date_of_visit) values (461,491,'2013-06-09');
insert into Hospital.Visitation(patient_registration_no,date_of_visit,diagnosis) values (491,'2013-10-27','sjzai');
insert into Hospital.Consulted(employee_number,certification_no,patient_registration_no,date_of_visit) values(166,166112233,491,'2013-10-27');
insert into Hospital.Treated_by(patient_registration_no,date_of_visit,employee_number,treatment) values(491,2013-10-27,331);
insert into Hospital.Prescribed(product_id,patient_registration_no,date_of_visit) values (49,491,'2013-10-27');
insert into Hospital.Visitation(patient_registration_no,date_of_visit,diagnosis) values (491,'2013-01-07','raope');
insert into Hospital.Consulted(employee_number,certification_no,patient_registration_no,date_of_visit) values(181,181112233,491,'2013-01-07');
insert into Hospital.Treated_by(patient_registration_no,date_of_visit,employee_number,treatment) values(491,2013-01-07,52);
insert into Hospital.Prescribed(product_id,patient_registration_no,date_of_visit) values (56,491,'2013-01-07');
insert into Hospital.Patient (patient_registration_no, name, ssn, address,contact_no,emergency_contact_no) values ( 491,'uwyrk',512646005,'hqbtw',83563709,76187055);
insert into Hospital.Belongs_to(employee_number,department_id) values (491,2);
insert into Hospital.Pharmaceutical_product(product_id,cost,manufacturer) values(492,992.6286972525828,'jbwlq');
insert into Hospital.Batch(batch_id,manufacture_date,expiry_date) values (492,'2013-01-31','2013-03-13');
insert into Hospital.Production(product_id,batch_id) values (492,492);
insert into Hospital.Batch(batch_id,manufacture_date,expiry_date) values (493,'2013-01-31','2013-03-13');
insert into Hospital.Production(product_id,batch_id) values (492,493);
insert into Hospital.Batch(batch_id,manufacture_date,expiry_date) values (494,'2013-01-31','2013-03-13');
insert into Hospital.Production(product_id,batch_id) values (492,494);
insert into Hospital.Batch(batch_id,manufacture_date,expiry_date) values (495,'2013-01-31','2013-03-13');
insert into Hospital.Production(product_id,batch_id) values (492,495);
insert into Hospital.Batch(batch_id,manufacture_date,expiry_date) values (496,'2013-01-31','2013-03-13');
insert into Hospital.Production(product_id,batch_id) values (492,496);
insert into Hospital.Employees (employee_number, name, location, ssn, home_address,phone_number,designation) values ( 492,'hdtty','qronksergzwycyu',594653526,'tsxpm',89761430,'Nurse');
insert into Hospital.Visitation(patient_registration_no,date_of_visit,diagnosis) values (492,'2013-08-19','rtizj');
insert into Hospital.Consulted(employee_number,certification_no,patient_registration_no,date_of_visit) values(276,276112233,492,'2013-08-19');
insert into Hospital.Treated_by(patient_registration_no,date_of_visit,employee_number,treatment) values(492,2013-08-19,331);
insert into Hospital.Prescribed(product_id,patient_registration_no,date_of_visit) values (427,492,'2013-08-19');
insert into Hospital.Visitation(patient_registration_no,date_of_visit,diagnosis) values (492,'2013-10-26','bpvxc');
insert into Hospital.Consulted(employee_number,certification_no,patient_registration_no,date_of_visit) values(12,12112233,492,'2013-10-26');
insert into Hospital.Treated_by(patient_registration_no,date_of_visit,employee_number,treatment) values(492,2013-10-26,88);
insert into Hospital.Prescribed(product_id,patient_registration_no,date_of_visit) values (339,492,'2013-10-26');
insert into Hospital.Visitation(patient_registration_no,date_of_visit,diagnosis) values (492,'2013-07-01','ewkmp');
insert into Hospital.Consulted(employee_number,certification_no,patient_registration_no,date_of_visit) values(286,286112233,492,'2013-07-01');
insert into Hospital.Treated_by(patient_registration_no,date_of_visit,employee_number,treatment) values(492,2013-07-01,444);
insert into Hospital.Prescribed(product_id,patient_registration_no,date_of_visit) values (477,492,'2013-07-01');
insert into Hospital.Visitation(patient_registration_no,date_of_visit,diagnosis) values (492,'2013-09-27','zqgdh');
insert into Hospital.Consulted(employee_number,certification_no,patient_registration_no,date_of_visit) values(193,193112233,492,'2013-09-27');
insert into Hospital.Treated_by(patient_registration_no,date_of_visit,employee_number,treatment) values(492,2013-09-27,47);
insert into Hospital.Prescribed(product_id,patient_registration_no,date_of_visit) values (270,492,'2013-09-27');
insert into Hospital.Visitation(patient_registration_no,date_of_visit,diagnosis) values (492,'2013-02-14','csoei');
insert into Hospital.Consulted(employee_number,certification_no,patient_registration_no,date_of_visit) values(238,238112233,492,'2013-02-14');
insert into Hospital.Treated_by(patient_registration_no,date_of_visit,employee_number,treatment) values(492,2013-02-14,434);
insert into Hospital.Prescribed(product_id,patient_registration_no,date_of_visit) values (334,492,'2013-02-14');
insert into Hospital.Patient (patient_registration_no, name, ssn, address,contact_no,emergency_contact_no) values ( 492,'iczhv',355154476,'wfeyh',67305666,45396733);
insert into Hospital.Takes (employee_number,shift_name ) values ( 492,'evening');
insert into Hospital.Belongs_to(employee_number,department_id) values (492,3);
insert into Hospital.Pharmaceutical_product(product_id,cost,manufacturer) values(493,918.7407286452578,'xsdov');
insert into Hospital.Medicine(product_id,medicine_name,dosage) values (493,'qniol','vwcuu');
insert into Hospital.Employees (employee_number, name, location, ssn, home_address,phone_number,designation) values ( 493,'cqyox','aetquzqmqrmyaut',111287143,'ymnip',92401079,'Nurse');
insert into Hospital.Visitation(patient_registration_no,date_of_visit,diagnosis) values (493,'2013-06-23','limjc');
insert into Hospital.Consulted(employee_number,certification_no,patient_registration_no,date_of_visit) values(355,355112233,493,'2013-06-23');
insert into Hospital.Treated_by(patient_registration_no,date_of_visit,employee_number,treatment) values(493,2013-06-23,424);
insert into Hospital.Prescribed(product_id,patient_registration_no,date_of_visit) values (214,493,'2013-06-23');
insert into Hospital.Visitation(patient_registration_no,date_of_visit,diagnosis) values (493,'2013-05-04','pdcxx');
insert into Hospital.Consulted(employee_number,certification_no,patient_registration_no,date_of_visit) values(181,181112233,493,'2013-05-04');
insert into Hospital.Treated_by(patient_registration_no,date_of_visit,employee_number,treatment) values(493,2013-05-04,352);
insert into Hospital.Prescribed(product_id,patient_registration_no,date_of_visit) values (351,493,'2013-05-04');
insert into Hospital.Visitation(patient_registration_no,date_of_visit,diagnosis) values (493,'2013-04-16','gnjzl');
insert into Hospital.Consulted(employee_number,certification_no,patient_registration_no,date_of_visit) values(276,276112233,493,'2013-04-16');
insert into Hospital.Treated_by(patient_registration_no,date_of_visit,employee_number,treatment) values(493,2013-04-16,434);
insert into Hospital.Prescribed(product_id,patient_registration_no,date_of_visit) values (356,493,'2013-04-16');
insert into Hospital.Visitation(patient_registration_no,date_of_visit,diagnosis) values (493,'2013-04-01','aqkjm');
insert into Hospital.Consulted(employee_number,certification_no,patient_registration_no,date_of_visit) values(258,258112233,493,'2013-04-01');
insert into Hospital.Treated_by(patient_registration_no,date_of_visit,employee_number,treatment) values(493,2013-04-01,237);
insert into Hospital.Prescribed(product_id,patient_registration_no,date_of_visit) values (9,493,'2013-04-01');
insert into Hospital.Visitation(patient_registration_no,date_of_visit,diagnosis) values (493,'2013-09-11','ezhdg');
insert into Hospital.Consulted(employee_number,certification_no,patient_registration_no,date_of_visit) values(110,110112233,493,'2013-09-11');
insert into Hospital.Treated_by(patient_registration_no,date_of_visit,employee_number,treatment) values(493,2013-09-11,231);
insert into Hospital.Prescribed(product_id,patient_registration_no,date_of_visit) values (444,493,'2013-09-11');
insert into Hospital.Patient (patient_registration_no, name, ssn, address,contact_no,emergency_contact_no) values ( 493,'sprti',218373879,'eyhdk',27941511,33416690);
insert into Hospital.Takes (employee_number,shift_name ) values ( 493,'morning');
insert into Hospital.Belongs_to(employee_number,department_id) values (493,3);
insert into Hospital.Pharmaceutical_product(product_id,cost,manufacturer) values(494,350.7671472218048,'upytb');
insert into Hospital.Batch(batch_id,manufacture_date,expiry_date) values (494,'2013-08-04','2013-08-06');
insert into Hospital.Production(product_id,batch_id) values (494,494);
insert into Hospital.Batch(batch_id,manufacture_date,expiry_date) values (495,'2013-08-04','2013-08-06');
insert into Hospital.Production(product_id,batch_id) values (494,495);
insert into Hospital.Batch(batch_id,manufacture_date,expiry_date) values (496,'2013-08-04','2013-08-06');
insert into Hospital.Production(product_id,batch_id) values (494,496);
insert into Hospital.Batch(batch_id,manufacture_date,expiry_date) values (497,'2013-08-04','2013-08-06');
insert into Hospital.Production(product_id,batch_id) values (494,497);
insert into Hospital.Batch(batch_id,manufacture_date,expiry_date) values (498,'2013-08-04','2013-08-06');
insert into Hospital.Production(product_id,batch_id) values (494,498);
insert into Hospital.Medicine(product_id,medicine_name,dosage) values (494,'fnycf','jbfui');
insert into Hospital.Employees (employee_number, name, location, ssn, home_address,phone_number,designation) values ( 494,'wmkcm','dobjbhljutcijmx',118175871,'xbtxn',75536663,'Doctor');
insert into Hospital.Visitation(patient_registration_no,date_of_visit,diagnosis) values (494,'2013-01-04','ghqlj');
insert into Hospital.Consulted(employee_number,certification_no,patient_registration_no,date_of_visit) values(381,381112233,494,'2013-01-04');
insert into Hospital.Treated_by(patient_registration_no,date_of_visit,employee_number,treatment) values(494,2013-01-04,104);
insert into Hospital.Prescribed(product_id,patient_registration_no,date_of_visit) values (122,494,'2013-01-04');
insert into Hospital.Visitation(patient_registration_no,date_of_visit,diagnosis) values (494,'2013-05-18','errxb');
insert into Hospital.Consulted(employee_number,certification_no,patient_registration_no,date_of_visit) values(466,466112233,494,'2013-05-18');
insert into Hospital.Treated_by(patient_registration_no,date_of_visit,employee_number,treatment) values(494,2013-05-18,354);
insert into Hospital.Prescribed(product_id,patient_registration_no,date_of_visit) values (144,494,'2013-05-18');
insert into Hospital.Visitation(patient_registration_no,date_of_visit,diagnosis) values (494,'2013-03-18','ehbkz');
insert into Hospital.Consulted(employee_number,certification_no,patient_registration_no,date_of_visit) values(128,128112233,494,'2013-03-18');
insert into Hospital.Treated_by(patient_registration_no,date_of_visit,employee_number,treatment) values(494,2013-03-18,354);
insert into Hospital.Prescribed(product_id,patient_registration_no,date_of_visit) values (422,494,'2013-03-18');
insert into Hospital.Visitation(patient_registration_no,date_of_visit,diagnosis) values (494,'2013-08-02','tncax');
insert into Hospital.Consulted(employee_number,certification_no,patient_registration_no,date_of_visit) values(478,478112233,494,'2013-08-02');
insert into Hospital.Treated_by(patient_registration_no,date_of_visit,employee_number,treatment) values(494,2013-08-02,294);
insert into Hospital.Prescribed(product_id,patient_registration_no,date_of_visit) values (77,494,'2013-08-02');
insert into Hospital.Visitation(patient_registration_no,date_of_visit,diagnosis) values (494,'2013-06-09','bfpoz');
insert into Hospital.Consulted(employee_number,certification_no,patient_registration_no,date_of_visit) values(245,245112233,494,'2013-06-09');
insert into Hospital.Treated_by(patient_registration_no,date_of_visit,employee_number,treatment) values(494,2013-06-09,340);
insert into Hospital.Prescribed(product_id,patient_registration_no,date_of_visit) values (27,494,'2013-06-09');
insert into Hospital.Patient (patient_registration_no, name, ssn, address,contact_no,emergency_contact_no) values ( 494,'gxhmg',994683779,'mdqxs',70501098,42315967);
insert into Hospital.Physician (employee_number, certification_no,specialization) values ( 494,494112233,'Pediatrics');
insert into Hospital.Belongs_to(employee_number,department_id) values (494,1);
insert into Hospital.Pharmaceutical_product(product_id,cost,manufacturer) values(495,134.28757591055796,'jvftv');
insert into Hospital.Medicine(product_id,medicine_name,dosage) values (495,'sramm','avwcs');
insert into Hospital.Employees (employee_number, name, location, ssn, home_address,phone_number,designation) values ( 495,'mjxsx','fzdiewudfpodnym',337879527,'wlyyq',80534974,'Radiology');
insert into Hospital.Visitation(patient_registration_no,date_of_visit,diagnosis) values (495,'2013-06-28','xhupx');
insert into Hospital.Consulted(employee_number,certification_no,patient_registration_no,date_of_visit) values(41,41112233,495,'2013-06-28');
insert into Hospital.Treated_by(patient_registration_no,date_of_visit,employee_number,treatment) values(495,2013-06-28,101);
insert into Hospital.Prescribed(product_id,patient_registration_no,date_of_visit) values (477,495,'2013-06-28');
insert into Hospital.Visitation(patient_registration_no,date_of_visit,diagnosis) values (495,'2013-06-04','ccqtn');
insert into Hospital.Consulted(employee_number,certification_no,patient_registration_no,date_of_visit) values(45,45112233,495,'2013-06-04');
insert into Hospital.Treated_by(patient_registration_no,date_of_visit,employee_number,treatment) values(495,2013-06-04,164);
insert into Hospital.Prescribed(product_id,patient_registration_no,date_of_visit) values (363,495,'2013-06-04');
insert into Hospital.Visitation(patient_registration_no,date_of_visit,diagnosis) values (495,'2013-01-17','uiebo');
insert into Hospital.Consulted(employee_number,certification_no,patient_registration_no,date_of_visit) values(128,128112233,495,'2013-01-17');
insert into Hospital.Treated_by(patient_registration_no,date_of_visit,employee_number,treatment) values(495,2013-01-17,273);
insert into Hospital.Prescribed(product_id,patient_registration_no,date_of_visit) values (137,495,'2013-01-17');
insert into Hospital.Visitation(patient_registration_no,date_of_visit,diagnosis) values (495,'2013-10-20','bojzp');
insert into Hospital.Consulted(employee_number,certification_no,patient_registration_no,date_of_visit) values(6,6112233,495,'2013-10-20');
insert into Hospital.Treated_by(patient_registration_no,date_of_visit,employee_number,treatment) values(495,2013-10-20,39);
insert into Hospital.Prescribed(product_id,patient_registration_no,date_of_visit) values (476,495,'2013-10-20');
insert into Hospital.Visitation(patient_registration_no,date_of_visit,diagnosis) values (495,'2013-06-15','yzrfy');
insert into Hospital.Consulted(employee_number,certification_no,patient_registration_no,date_of_visit) values(358,358112233,495,'2013-06-15');
insert into Hospital.Treated_by(patient_registration_no,date_of_visit,employee_number,treatment) values(495,2013-06-15,112);
insert into Hospital.Prescribed(product_id,patient_registration_no,date_of_visit) values (333,495,'2013-06-15');
insert into Hospital.Patient (patient_registration_no, name, ssn, address,contact_no,emergency_contact_no) values ( 495,'kkuvz',824355479,'itskm',49765552,35459369);
insert into Hospital.Takes (employee_number,shift_name ) values ( 495,'evening');
insert into Hospital.Belongs_to(employee_number,department_id) values (495,3);
insert into Hospital.Pharmaceutical_product(product_id,cost,manufacturer) values(496,403.5624335091591,'cdfbt');
insert into Hospital.Employees (employee_number, name, location, ssn, home_address,phone_number,designation) values ( 496,'igxnm','rcjogtyetxadbxa',813948095,'hmkod',15561737,'Administration');
insert into Hospital.Visitation(patient_registration_no,date_of_visit,diagnosis) values (496,'2013-03-14','oimcl');
insert into Hospital.Consulted(employee_number,certification_no,patient_registration_no,date_of_visit) values(397,397112233,496,'2013-03-14');
insert into Hospital.Treated_by(patient_registration_no,date_of_visit,employee_number,treatment) values(496,2013-03-14,391);
insert into Hospital.Prescribed(product_id,patient_registration_no,date_of_visit) values (378,496,'2013-03-14');
insert into Hospital.Visitation(patient_registration_no,date_of_visit,diagnosis) values (496,'2013-08-23','ixlpq');
insert into Hospital.Consulted(employee_number,certification_no,patient_registration_no,date_of_visit) values(439,439112233,496,'2013-08-23');
insert into Hospital.Treated_by(patient_registration_no,date_of_visit,employee_number,treatment) values(496,2013-08-23,87);
insert into Hospital.Prescribed(product_id,patient_registration_no,date_of_visit) values (403,496,'2013-08-23');
insert into Hospital.Visitation(patient_registration_no,date_of_visit,diagnosis) values (496,'2013-03-28','jziwr');
insert into Hospital.Consulted(employee_number,certification_no,patient_registration_no,date_of_visit) values(471,471112233,496,'2013-03-28');
insert into Hospital.Treated_by(patient_registration_no,date_of_visit,employee_number,treatment) values(496,2013-03-28,195);
insert into Hospital.Prescribed(product_id,patient_registration_no,date_of_visit) values (28,496,'2013-03-28');
insert into Hospital.Visitation(patient_registration_no,date_of_visit,diagnosis) values (496,'2013-01-11','kqqkp');
insert into Hospital.Consulted(employee_number,certification_no,patient_registration_no,date_of_visit) values(486,486112233,496,'2013-01-11');
insert into Hospital.Treated_by(patient_registration_no,date_of_visit,employee_number,treatment) values(496,2013-01-11,28);
insert into Hospital.Prescribed(product_id,patient_registration_no,date_of_visit) values (292,496,'2013-01-11');
insert into Hospital.Visitation(patient_registration_no,date_of_visit,diagnosis) values (496,'2013-08-02','uctit');
insert into Hospital.Consulted(employee_number,certification_no,patient_registration_no,date_of_visit) values(21,21112233,496,'2013-08-02');
insert into Hospital.Treated_by(patient_registration_no,date_of_visit,employee_number,treatment) values(496,2013-08-02,352);
insert into Hospital.Prescribed(product_id,patient_registration_no,date_of_visit) values (29,496,'2013-08-02');
insert into Hospital.Patient (patient_registration_no, name, ssn, address,contact_no,emergency_contact_no) values ( 496,'iysmu',788892239,'xfahb',77193614,41285707);
insert into Hospital.Belongs_to(employee_number,department_id) values (496,2);
insert into Hospital.Pharmaceutical_product(product_id,cost,manufacturer) values(497,366.996549260584,'wbjjn');
insert into Hospital.Medicine(product_id,medicine_name,dosage) values (497,'jwtth','ufujf');
insert into Hospital.Employees (employee_number, name, location, ssn, home_address,phone_number,designation) values ( 497,'xehio','bloygrzcwylkomh',163280204,'mzyji',55440595,'Doctor');
insert into Hospital.Visitation(patient_registration_no,date_of_visit,diagnosis) values (497,'2013-06-17','gqnwy');
insert into Hospital.Consulted(employee_number,certification_no,patient_registration_no,date_of_visit) values(222,222112233,497,'2013-06-17');
insert into Hospital.Treated_by(patient_registration_no,date_of_visit,employee_number,treatment) values(497,2013-06-17,241);
insert into Hospital.Prescribed(product_id,patient_registration_no,date_of_visit) values (66,497,'2013-06-17');
insert into Hospital.Visitation(patient_registration_no,date_of_visit,diagnosis) values (497,'2013-07-14','fhuyr');
insert into Hospital.Consulted(employee_number,certification_no,patient_registration_no,date_of_visit) values(471,471112233,497,'2013-07-14');
insert into Hospital.Treated_by(patient_registration_no,date_of_visit,employee_number,treatment) values(497,2013-07-14,432);
insert into Hospital.Prescribed(product_id,patient_registration_no,date_of_visit) values (265,497,'2013-07-14');
insert into Hospital.Visitation(patient_registration_no,date_of_visit,diagnosis) values (497,'2013-10-01','uhlfp');
insert into Hospital.Consulted(employee_number,certification_no,patient_registration_no,date_of_visit) values(302,302112233,497,'2013-10-01');
insert into Hospital.Treated_by(patient_registration_no,date_of_visit,employee_number,treatment) values(497,2013-10-01,273);
insert into Hospital.Prescribed(product_id,patient_registration_no,date_of_visit) values (414,497,'2013-10-01');
insert into Hospital.Visitation(patient_registration_no,date_of_visit,diagnosis) values (497,'2013-03-31','couky');
insert into Hospital.Consulted(employee_number,certification_no,patient_registration_no,date_of_visit) values(151,151112233,497,'2013-03-31');
insert into Hospital.Treated_by(patient_registration_no,date_of_visit,employee_number,treatment) values(497,2013-03-31,247);
insert into Hospital.Prescribed(product_id,patient_registration_no,date_of_visit) values (204,497,'2013-03-31');
insert into Hospital.Visitation(patient_registration_no,date_of_visit,diagnosis) values (497,'2013-06-16','yxjka');
insert into Hospital.Consulted(employee_number,certification_no,patient_registration_no,date_of_visit) values(484,484112233,497,'2013-06-16');
insert into Hospital.Treated_by(patient_registration_no,date_of_visit,employee_number,treatment) values(497,2013-06-16,377);
insert into Hospital.Prescribed(product_id,patient_registration_no,date_of_visit) values (230,497,'2013-06-16');
insert into Hospital.Patient (patient_registration_no, name, ssn, address,contact_no,emergency_contact_no) values ( 497,'dokic',853365624,'meinq',30678666,27054021);
insert into Hospital.Physician (employee_number, certification_no,specialization) values ( 497,497112233,'Dermatology');
insert into Hospital.Belongs_to(employee_number,department_id) values (497,1);
insert into Hospital.Pharmaceutical_product(product_id,cost,manufacturer) values(498,525.1413229999469,'zwrhv');
insert into Hospital.Batch(batch_id,manufacture_date,expiry_date) values (498,'2013-02-20','2013-06-28');
insert into Hospital.Production(product_id,batch_id) values (498,498);
insert into Hospital.Batch(batch_id,manufacture_date,expiry_date) values (499,'2013-02-20','2013-06-28');
insert into Hospital.Production(product_id,batch_id) values (498,499);
insert into Hospital.Batch(batch_id,manufacture_date,expiry_date) values (500,'2013-02-20','2013-06-28');
insert into Hospital.Production(product_id,batch_id) values (498,500);
insert into Hospital.Batch(batch_id,manufacture_date,expiry_date) values (501,'2013-02-20','2013-06-28');
insert into Hospital.Production(product_id,batch_id) values (498,501);
insert into Hospital.Batch(batch_id,manufacture_date,expiry_date) values (502,'2013-02-20','2013-06-28');
insert into Hospital.Production(product_id,batch_id) values (498,502);
insert into Hospital.Medicine(product_id,medicine_name,dosage) values (498,'gowlf','nqhzu');
insert into Hospital.Employees (employee_number, name, location, ssn, home_address,phone_number,designation) values ( 498,'kjzjy','asybmlqvojlgtdm',41470138,'ytpon',81657224,'Doctor');
insert into Hospital.Visitation(patient_registration_no,date_of_visit,diagnosis) values (498,'2013-01-27','kdkvw');
insert into Hospital.Consulted(employee_number,certification_no,patient_registration_no,date_of_visit) values(75,75112233,498,'2013-01-27');
insert into Hospital.Treated_by(patient_registration_no,date_of_visit,employee_number,treatment) values(498,2013-01-27,409);
insert into Hospital.Prescribed(product_id,patient_registration_no,date_of_visit) values (98,498,'2013-01-27');
insert into Hospital.Visitation(patient_registration_no,date_of_visit,diagnosis) values (498,'2013-09-28','rndkd');
insert into Hospital.Consulted(employee_number,certification_no,patient_registration_no,date_of_visit) values(441,441112233,498,'2013-09-28');
insert into Hospital.Treated_by(patient_registration_no,date_of_visit,employee_number,treatment) values(498,2013-09-28,52);
insert into Hospital.Prescribed(product_id,patient_registration_no,date_of_visit) values (79,498,'2013-09-28');
insert into Hospital.Visitation(patient_registration_no,date_of_visit,diagnosis) values (498,'2013-07-26','zhizx');
insert into Hospital.Consulted(employee_number,certification_no,patient_registration_no,date_of_visit) values(107,107112233,498,'2013-07-26');
insert into Hospital.Treated_by(patient_registration_no,date_of_visit,employee_number,treatment) values(498,2013-07-26,115);
insert into Hospital.Prescribed(product_id,patient_registration_no,date_of_visit) values (234,498,'2013-07-26');
insert into Hospital.Visitation(patient_registration_no,date_of_visit,diagnosis) values (498,'2013-07-05','etdgh');
insert into Hospital.Consulted(employee_number,certification_no,patient_registration_no,date_of_visit) values(141,141112233,498,'2013-07-05');
insert into Hospital.Treated_by(patient_registration_no,date_of_visit,employee_number,treatment) values(498,2013-07-05,153);
insert into Hospital.Prescribed(product_id,patient_registration_no,date_of_visit) values (124,498,'2013-07-05');
insert into Hospital.Visitation(patient_registration_no,date_of_visit,diagnosis) values (498,'2013-01-19','xmwxg');
insert into Hospital.Consulted(employee_number,certification_no,patient_registration_no,date_of_visit) values(107,107112233,498,'2013-01-19');
insert into Hospital.Treated_by(patient_registration_no,date_of_visit,employee_number,treatment) values(498,2013-01-19,30);
insert into Hospital.Prescribed(product_id,patient_registration_no,date_of_visit) values (61,498,'2013-01-19');
insert into Hospital.Patient (patient_registration_no, name, ssn, address,contact_no,emergency_contact_no) values ( 498,'iggbp',725217213,'wnsbt',39235721,34513659);
insert into Hospital.Physician (employee_number, certification_no,specialization) values ( 498,498112233,'Cardiology');
insert into Hospital.Belongs_to(employee_number,department_id) values (498,1);
insert into Hospital.Pharmaceutical_product(product_id,cost,manufacturer) values(499,17.463461276599176,'iknzx');
insert into Hospital.Batch(batch_id,manufacture_date,expiry_date) values (499,'2013-06-01','2013-09-16');
insert into Hospital.Production(product_id,batch_id) values (499,499);
insert into Hospital.Batch(batch_id,manufacture_date,expiry_date) values (500,'2013-06-01','2013-09-16');
insert into Hospital.Production(product_id,batch_id) values (499,500);
insert into Hospital.Batch(batch_id,manufacture_date,expiry_date) values (501,'2013-06-01','2013-09-16');
insert into Hospital.Production(product_id,batch_id) values (499,501);
insert into Hospital.Batch(batch_id,manufacture_date,expiry_date) values (502,'2013-06-01','2013-09-16');
insert into Hospital.Production(product_id,batch_id) values (499,502);
insert into Hospital.Batch(batch_id,manufacture_date,expiry_date) values (503,'2013-06-01','2013-09-16');
insert into Hospital.Production(product_id,batch_id) values (499,503);
insert into Hospital.Employees (employee_number, name, location, ssn, home_address,phone_number,designation) values ( 499,'qtewo','mizchitqtsnvdsl',727689109,'wzjaq',88313766,'Nurse');
insert into Hospital.Visitation(patient_registration_no,date_of_visit,diagnosis) values (499,'2013-09-04','accbj');
insert into Hospital.Consulted(employee_number,certification_no,patient_registration_no,date_of_visit) values(29,29112233,499,'2013-09-04');
insert into Hospital.Treated_by(patient_registration_no,date_of_visit,employee_number,treatment) values(499,2013-09-04,399);
insert into Hospital.Prescribed(product_id,patient_registration_no,date_of_visit) values (461,499,'2013-09-04');
insert into Hospital.Visitation(patient_registration_no,date_of_visit,diagnosis) values (499,'2013-02-01','kbsds');
insert into Hospital.Consulted(employee_number,certification_no,patient_registration_no,date_of_visit) values(222,222112233,499,'2013-02-01');
insert into Hospital.Treated_by(patient_registration_no,date_of_visit,employee_number,treatment) values(499,2013-02-01,260);
insert into Hospital.Prescribed(product_id,patient_registration_no,date_of_visit) values (211,499,'2013-02-01');
insert into Hospital.Visitation(patient_registration_no,date_of_visit,diagnosis) values (499,'2013-04-05','scuew');
insert into Hospital.Consulted(employee_number,certification_no,patient_registration_no,date_of_visit) values(262,262112233,499,'2013-04-05');
insert into Hospital.Treated_by(patient_registration_no,date_of_visit,employee_number,treatment) values(499,2013-04-05,88);
insert into Hospital.Prescribed(product_id,patient_registration_no,date_of_visit) values (197,499,'2013-04-05');
insert into Hospital.Visitation(patient_registration_no,date_of_visit,diagnosis) values (499,'2013-07-25','sdorr');
insert into Hospital.Consulted(employee_number,certification_no,patient_registration_no,date_of_visit) values(120,120112233,499,'2013-07-25');
insert into Hospital.Treated_by(patient_registration_no,date_of_visit,employee_number,treatment) values(499,2013-07-25,435);
insert into Hospital.Prescribed(product_id,patient_registration_no,date_of_visit) values (348,499,'2013-07-25');
insert into Hospital.Visitation(patient_registration_no,date_of_visit,diagnosis) values (499,'2013-03-15','amuhj');
insert into Hospital.Consulted(employee_number,certification_no,patient_registration_no,date_of_visit) values(297,297112233,499,'2013-03-15');
insert into Hospital.Treated_by(patient_registration_no,date_of_visit,employee_number,treatment) values(499,2013-03-15,261);
insert into Hospital.Prescribed(product_id,patient_registration_no,date_of_visit) values (153,499,'2013-03-15');
insert into Hospital.Patient (patient_registration_no, name, ssn, address,contact_no,emergency_contact_no) values ( 499,'dyrgk',892470778,'yqafw',58019264,59091374);
insert into Hospital.Takes (employee_number,shift_name ) values ( 499,'morning');
insert into Hospital.Belongs_to(employee_number,department_id) values (499,3);
